제목,장소명,장소타입,주소,위도,경도,source_url,데이터출처,위치정보출처
#좋맛탱: 좋은 맛에 취하다,율곡로3길,playground,서울특별시 종로구 율곡로3길,37.577811,126.98239,,KCISA,KCISA
(아는 건 별로 없지만) 가족입니다,미리내 성지,playground,경기도 안성시 양성면 미리내성지로 420,37.146102,127.25865,,KCISA,KCISA
(아는 건 별로 없지만) 가족입니다,초은당,playground,경기도 양평군 서종면 북한강로814번길 46-6,37.611484,127.35397,,KCISA,KCISA
(아는 건 별로 없지만) 가족입니다,임진각평화누리,playground,경기도 파주시 문산읍 마정리 1355,37.892963,126.74435,,KCISA,KCISA
(아는 건 별로 없지만) 가족입니다,지혜의 숲,playground,경기도 파주시 회동길 145,37.7082492,126.686674,,KCISA,KCISA
(아는 건 별로 없지만) 가족입니다,구룡근린공원,playground,서울특별시 마포구 월드컵북로 456,37.582996,126.88385,,KCISA,KCISA
(아는 건 별로 없지만) 가족입니다,월드컵공원,playground,서울특별시 마포구 하늘공원로 86,37.5708905,126.878429,,KCISA,KCISA
(아는 건 별로 없지만) 가족입니다,소월로 계단 3번,playground,서울특별시 용산구 소월로 168,37.547514,126.98424,,KCISA,KCISA
(아는 건 별로 없지만) 가족입니다,대학로11길,playground,서울특별시 종로구 대학로11길 13,37.582193,127.00092,,KCISA,KCISA
(아는 건 별로 없지만) 가족입니다,푸른기린주차장,playground,서울특별시 종로구 화동 58-1,37.581775,126.981418,,KCISA,KCISA
(아는 건 별로 없지만) 가족입니다,덕수궁 돌담길,playground,서울특별시 중구 세종대로 99,37.565924,126.97501,,KCISA,KCISA
(아는 건 별로 없지만) 가족입니다,고흥우주발사전망대,playground,전라남도 고흥군 영남면 해맞이로 840,34.585051,127.49236,,KCISA,KCISA
(아는 건 별로 없지만) 가족입니다,파도리해수욕장,playground,충청남도 태안군 소원면 파도길 63-12,36.738979,126.13356,,KCISA,KCISA
1%의 어떤것,사천진해수욕장,playground,강원도 강릉시 사천면 사천진리 266-2,37.842094,128.874568,,KCISA,KCISA
1%의 어떤것,라꼼마빌딩,playground,서울특별시 마포구 어울마당로 44-1,37.548951,126.92088,,KCISA,KCISA
18 어게인,서울대공원,playground,경기도 과천시 대공원광장로 102,37.427542,127.01701,,KCISA,KCISA
18 어게인,화이트블럭,playground,경기도 파주시 탄현면 헤이리마을길 72,37.7889189,126.699592,,KCISA,KCISA
18 어게인,퍼스트가든,playground,경기도 파주시 탑삭골길 260,37.7321551,126.793933,,KCISA,KCISA
18 어게인,성미산로29길,playground,서울특별시 마포구 성미산로29길 3,37.564235,126.92285,,KCISA,KCISA
18 어게인,누리꿈스퀘어빌딩,playground,서울특별시 마포구 연남동 396,37.579272,126.89028,,KCISA,KCISA
18 어게인,클럽메카,playground,서울특별시 용산구 녹사평대로 140 크라운호텔 지하1층,37.531482,126.99078,,KCISA,KCISA
18 어게인,더리버,playground,서울특별시 용산구 용산동6가 451,37.507108,126.98472,,KCISA,KCISA
18 어게인,이촌로29길,playground,서울특별시 용산구 이촌로29길,37.525257,126.96103,,KCISA,KCISA
18 어게인,창신동 채석장 전망대,playground,서울특별시 종로구 낙산5길 51,37.578223,127.01164,,KCISA,KCISA
18 어게인,낙산공원,playground,서울특별시 종로구 낙산길 41,37.580667,127.00746,,KCISA,KCISA
18 어게인,경희궁3길,playground,서울특별시 종로구 사직동 경희궁 3길,37.57329,126.96731,,KCISA,KCISA
18 어게인,청계천,playground,서울특별시 종로구 서린동 148,37.569205,126.97791,,KCISA,KCISA
20세기 소년소녀,인천국제공항,playground,인천광역시 중구 공항로 272,37.44919,126.4514,,KCISA,KCISA
24시 헬스클럽,여의도한강공원,playground,서울 영등포구 여의도동 85,37.5263886,126.9351293,https://ys-dl.tistory.com/entry/24%EC%8B%9C%ED%97%AC%EC%8A%A4%ED%81%B4%EB%9F%BD-%EC%B4%AC%EC%98%81%EC%A7%80-3%EA%B3%B3%EC%9D%84-%EC%95%8C%EB%A0%A4%EB%93%9C%EB%A6%BD%EB%8B%88%EB%8B%A4%EC%97%85%EB%8D%B0%EC%9D%B4%ED%8A%B8%EC%A4%91,YSDL,KAKAO
24시 헬스클럽,오동근린공원,playground,서울 성북구 화랑로13가길 100,37.60997441,127.0419681,https://ys-dl.tistory.com/entry/24%EC%8B%9C%ED%97%AC%EC%8A%A4%ED%81%B4%EB%9F%BD-%EC%B4%AC%EC%98%81%EC%A7%80-3%EA%B3%B3%EC%9D%84-%EC%95%8C%EB%A0%A4%EB%93%9C%EB%A6%BD%EB%8B%88%EB%8B%A4%EC%97%85%EB%8D%B0%EC%9D%B4%ED%8A%B8%EC%A4%91,YSDL,KAKAO
24시 헬스클럽,삼성해맞이공원,playground,서울 강남구 삼성동 82,37.5196741,127.0619385,https://ys-dl.tistory.com/entry/24%EC%8B%9C%ED%97%AC%EC%8A%A4%ED%81%B4%EB%9F%BD-%EC%B4%AC%EC%98%81%EC%A7%80-3%EA%B3%B3%EC%9D%84-%EC%95%8C%EB%A0%A4%EB%93%9C%EB%A6%BD%EB%8B%88%EB%8B%A4%EC%97%85%EB%8D%B0%EC%9D%B4%ED%8A%B8%EC%A4%91,YSDL,KAKAO
24시 헬스클럽,소리공원,playground,서울 송파구 문정동 399-1,37.4816297,127.1197778,https://ys-dl.tistory.com/entry/24%EC%8B%9C%ED%97%AC%EC%8A%A4%ED%81%B4%EB%9F%BD-%EC%B4%AC%EC%98%81%EC%A7%80-3%EA%B3%B3%EC%9D%84-%EC%95%8C%EB%A0%A4%EB%93%9C%EB%A6%BD%EB%8B%88%EB%8B%A4%EC%97%85%EB%8D%B0%EC%9D%B4%ED%8A%B8%EC%A4%91,YSDL,KAKAO
24시 헬스클럽,강화광성보,playground,인천 강화군 불은면 해안동로466번길 27,37.66514005,126.5298093,https://ys-dl.tistory.com/entry/24%EC%8B%9C%ED%97%AC%EC%8A%A4%ED%81%B4%EB%9F%BD-%EC%B4%AC%EC%98%81%EC%A7%80-3%EA%B3%B3%EC%9D%84-%EC%95%8C%EB%A0%A4%EB%93%9C%EB%A6%BD%EB%8B%88%EB%8B%A4%EC%97%85%EB%8D%B0%EC%9D%B4%ED%8A%B8%EC%A4%91,YSDL,KAKAO
24시 헬스클럽,송현근린공원 향적사,playground,인천 제물포구 송현공원로 71-10,37.47902311,126.6412857,https://ys-dl.tistory.com/entry/24%EC%8B%9C%ED%97%AC%EC%8A%A4%ED%81%B4%EB%9F%BD-%EC%B4%AC%EC%98%81%EC%A7%80-3%EA%B3%B3%EC%9D%84-%EC%95%8C%EB%A0%A4%EB%93%9C%EB%A6%BD%EB%8B%88%EB%8B%A4%EC%97%85%EB%8D%B0%EC%9D%B4%ED%8A%B8%EC%A4%91,YSDL,KAKAO
24시 헬스클럽,남동소래아트홀,playground,인천 남동구 아암대로1437번길 32,37.38750104,126.7247454,https://ys-dl.tistory.com/entry/24%EC%8B%9C%ED%97%AC%EC%8A%A4%ED%81%B4%EB%9F%BD-%EC%B4%AC%EC%98%81%EC%A7%80-3%EA%B3%B3%EC%9D%84-%EC%95%8C%EB%A0%A4%EB%93%9C%EB%A6%BD%EB%8B%88%EB%8B%A4%EC%97%85%EB%8D%B0%EC%9D%B4%ED%8A%B8%EC%A4%91,YSDL,KAKAO
24시 헬스클럽,대교미디어센터,playground,경기 파주시 회동길 342,37.71571629,126.692437,https://ys-dl.tistory.com/entry/24%EC%8B%9C%ED%97%AC%EC%8A%A4%ED%81%B4%EB%9F%BD-%EC%B4%AC%EC%98%81%EC%A7%80-3%EA%B3%B3%EC%9D%84-%EC%95%8C%EB%A0%A4%EB%93%9C%EB%A6%BD%EB%8B%88%EB%8B%A4%EC%97%85%EB%8D%B0%EC%9D%B4%ED%8A%B8%EC%A4%91,YSDL,KAKAO
24시 헬스클럽,문수산산림욕장,playground,경기 김포시 월곶면 성동리 산 38,37.73734426,126.5333771,https://ys-dl.tistory.com/entry/24%EC%8B%9C%ED%97%AC%EC%8A%A4%ED%81%B4%EB%9F%BD-%EC%B4%AC%EC%98%81%EC%A7%80-3%EA%B3%B3%EC%9D%84-%EC%95%8C%EB%A0%A4%EB%93%9C%EB%A6%BD%EB%8B%88%EB%8B%A4%EC%97%85%EB%8D%B0%EC%9D%B4%ED%8A%B8%EC%A4%91,YSDL,KAKAO
24시 헬스클럽,연포해수욕장,playground,충남 태안군 근흥면 도황리,36.69389685,126.2101023,https://ys-dl.tistory.com/entry/24%EC%8B%9C%ED%97%AC%EC%8A%A4%ED%81%B4%EB%9F%BD-%EC%B4%AC%EC%98%81%EC%A7%80-3%EA%B3%B3%EC%9D%84-%EC%95%8C%EB%A0%A4%EB%93%9C%EB%A6%BD%EB%8B%88%EB%8B%A4%EC%97%85%EB%8D%B0%EC%9D%B4%ED%8A%B8%EC%A4%91,YSDL,KAKAO
365: 운명을 거스르는 1년,서강대교,playground,서울특별시 영등포구 여의도동 서강대교,37.536911,126.92495,,KCISA,KCISA
365: 운명을 거스르는 1년,낙산공원,playground,서울특별시 종로구 낙산길 41,37.580667,127.00746,,KCISA,KCISA
365: 운명을 거스르는 1년,모나무르 복합문화공간 아산,playground,충청남도 아산시 순천향로 624,36.750552,126.99246,,KCISA,KCISA
38사기동대,송현근린공원,playground,인천 제물포구 송현동 23-62,37.4788533,126.6399614,https://ys-dl.tistory.com/entry/38%EC%82%AC%EA%B8%B0%EB%8F%99%EB%8C%80-%EC%B4%AC%EC%98%81%EC%A7%80-%EC%9D%B8%EC%B2%9C-3%EA%B3%B3-%EB%B6%80%EC%B2%9C-2%EA%B3%B3-%EC%84%9C%EC%9A%B8-18%EA%B3%B3%EC%9D%84-%EC%95%8C%EB%A0%A4%EB%93%9C%EB%A6%BD%EB%8B%88%EB%8B%A4,YSDL,KAKAO
38사기동대,서대문형무소역사관,playground,서울 서대문구 통일로 251,37.57460869,126.9556122,https://ys-dl.tistory.com/entry/38%EC%82%AC%EA%B8%B0%EB%8F%99%EB%8C%80-%EC%B4%AC%EC%98%81%EC%A7%80-%EC%9D%B8%EC%B2%9C-3%EA%B3%B3-%EB%B6%80%EC%B2%9C-2%EA%B3%B3-%EC%84%9C%EC%9A%B8-18%EA%B3%B3%EC%9D%84-%EC%95%8C%EB%A0%A4%EB%93%9C%EB%A6%BD%EB%8B%88%EB%8B%A4,YSDL,KAKAO
38사기동대,마장동벽화마을,playground,서울 성동구 마장동,37.56357582,127.0448668,https://ys-dl.tistory.com/entry/38%EC%82%AC%EA%B8%B0%EB%8F%99%EB%8C%80-%EC%B4%AC%EC%98%81%EC%A7%80-%EC%9D%B8%EC%B2%9C-3%EA%B3%B3-%EB%B6%80%EC%B2%9C-2%EA%B3%B3-%EC%84%9C%EC%9A%B8-18%EA%B3%B3%EC%9D%84-%EC%95%8C%EB%A0%A4%EB%93%9C%EB%A6%BD%EB%8B%88%EB%8B%A4,YSDL,KAKAO
49일,DMC첨단산업센터,playground,서울특별시 마포구 성암로 330,37.584874,126.88568,,KCISA,KCISA
49일,청계천,playground,서울특별시 종로구 서린동 148,37.569205,126.97791,,KCISA,KCISA
49일,중앙고등학교,playground,서울특별시 종로구 창덕궁길 164,37.584081,126.986846,,KCISA,KCISA
49일,필운대로5가,playground,서울특별시 종로구 필운대로5가길,37.579512,126.96846,,KCISA,KCISA
49일,대룡시장,playground,인천광역시 강화군 교동면 대룡리 1103-11,37.782373,126.28007,,KCISA,KCISA
49일,마이산탑사,playground,전라북도 진안군 마령면 마이산남로 367,35.758494,127.411297,,KCISA,KCISA
49일,부귀 메타세쿼이아길,playground,전라북도 진안군 북귀면 세동리 모래재로 69-15,35.807913,127.32207,,KCISA,KCISA
"60일, 지정생존자",합천 영상 테마파크,playground,경상남도 합천군 용주면 합천호수로 757,35.5489346,128.072475,,KCISA,KCISA
"60일, 지정생존자",국립대전현충원,playground,대전광역시 유성구 현충원로 251,36.369464,127.294854,,KCISA,KCISA
"60일, 지정생존자",서강대교,playground,서울특별시 영등포구 여의도동 서강대교,37.536911,126.92495,,KCISA,KCISA
"60일, 지정생존자",한강 공원 여의도 지구,playground,서울특별시 영등포구 여의동로 290,37.5290674,126.936218,,KCISA,KCISA
"60일, 지정생존자",국회의사당,playground,서울특별시 영등포구 의사당대로 1,37.531847,126.91411,,KCISA,KCISA
"60일, 지정생존자",탑골공원,playground,서울특별시 종로구 종로 99,37.57139,126.98877,,KCISA,KCISA
7급 공무원,아브뉴프랑 판교,playground,경기도 성남시 분당구 동판교로177번길 25,37.397269,127.113515,,KCISA,KCISA
7인의 탈출,넘은들공원,playground,서울 양천구 신정동 1286,37.51304588,126.8405024,https://ys-dl.tistory.com/entry/7%EC%9D%B8%EC%9D%98-%ED%83%88%EC%B6%9C-%EC%B4%AC%EC%98%81%EC%A7%80-7%EA%B3%B3%EC%9D%84-%EC%95%8C%EB%A0%A4%EB%93%9C%EB%A6%BD%EB%8B%88%EB%8B%A4%EC%97%85%EB%8D%B0%EC%9D%B4%ED%8A%B8%EC%A4%91,YSDL,KAKAO
7인의 탈출,문화비축기지,playground,서울 마포구 증산로 87,37.57107561,126.8942367,https://ys-dl.tistory.com/entry/7%EC%9D%B8%EC%9D%98-%ED%83%88%EC%B6%9C-%EC%B4%AC%EC%98%81%EC%A7%80-7%EA%B3%B3%EC%9D%84-%EC%95%8C%EB%A0%A4%EB%93%9C%EB%A6%BD%EB%8B%88%EB%8B%A4%EC%97%85%EB%8D%B0%EC%9D%B4%ED%8A%B8%EC%A4%91,YSDL,KAKAO
7인의 탈출,노들섬,playground,서울 용산구 양녕로 445,37.51766014,126.9580339,https://ys-dl.tistory.com/entry/7%EC%9D%B8%EC%9D%98-%ED%83%88%EC%B6%9C-%EC%B4%AC%EC%98%81%EC%A7%80-7%EA%B3%B3%EC%9D%84-%EC%95%8C%EB%A0%A4%EB%93%9C%EB%A6%BD%EB%8B%88%EB%8B%A4%EC%97%85%EB%8D%B0%EC%9D%B4%ED%8A%B8%EC%A4%91,YSDL,KAKAO
7인의 탈출,가나아트센터,playground,서울 종로구 평창30길 28,37.61230741,126.9751192,https://ys-dl.tistory.com/entry/7%EC%9D%B8%EC%9D%98-%ED%83%88%EC%B6%9C-%EC%B4%AC%EC%98%81%EC%A7%80-7%EA%B3%B3%EC%9D%84-%EC%95%8C%EB%A0%A4%EB%93%9C%EB%A6%BD%EB%8B%88%EB%8B%A4%EC%97%85%EB%8D%B0%EC%9D%B4%ED%8A%B8%EC%A4%91,YSDL,KAKAO
7인의 탈출,봉은사,playground,충북 충주시 소태면 주치길 135-45,37.12329264,127.8419079,https://ys-dl.tistory.com/entry/7%EC%9D%B8%EC%9D%98-%ED%83%88%EC%B6%9C-%EC%B4%AC%EC%98%81%EC%A7%80-7%EA%B3%B3%EC%9D%84-%EC%95%8C%EB%A0%A4%EB%93%9C%EB%A6%BD%EB%8B%88%EB%8B%A4%EC%97%85%EB%8D%B0%EC%9D%B4%ED%8A%B8%EC%A4%91,YSDL,KAKAO
7인의 탈출,가천박물관,playground,인천 연수구 청량로102번길 40-9,37.41848053,126.6576385,https://ys-dl.tistory.com/entry/7%EC%9D%B8%EC%9D%98-%ED%83%88%EC%B6%9C-%EC%B4%AC%EC%98%81%EC%A7%80-7%EA%B3%B3%EC%9D%84-%EC%95%8C%EB%A0%A4%EB%93%9C%EB%A6%BD%EB%8B%88%EB%8B%A4%EC%97%85%EB%8D%B0%EC%9D%B4%ED%8A%B8%EC%A4%91,YSDL,KAKAO
7인의 탈출,만석화수해안산책로,playground,인천 제물포구 만석동 2-368,37.48897421,126.6150777,https://ys-dl.tistory.com/entry/7%EC%9D%B8%EC%9D%98-%ED%83%88%EC%B6%9C-%EC%B4%AC%EC%98%81%EC%A7%80-7%EA%B3%B3%EC%9D%84-%EC%95%8C%EB%A0%A4%EB%93%9C%EB%A6%BD%EB%8B%88%EB%8B%A4%EC%97%85%EB%8D%B0%EC%9D%B4%ED%8A%B8%EC%A4%91,YSDL,KAKAO
7인의 탈출,노가리 해변,playground,인천 옹진군 영흥면 외리,37.23959475,126.471577,https://ys-dl.tistory.com/entry/7%EC%9D%B8%EC%9D%98-%ED%83%88%EC%B6%9C-%EC%B4%AC%EC%98%81%EC%A7%80-7%EA%B3%B3%EC%9D%84-%EC%95%8C%EB%A0%A4%EB%93%9C%EB%A6%BD%EB%8B%88%EB%8B%A4%EC%97%85%EB%8D%B0%EC%9D%B4%ED%8A%B8%EC%A4%91,YSDL,KAKAO
7인의 탈출,재인폭포 출렁다리,playground,경기 연천군 연천읍 부곡리 산 235,38.07610081,127.14276,https://ys-dl.tistory.com/entry/7%EC%9D%B8%EC%9D%98-%ED%83%88%EC%B6%9C-%EC%B4%AC%EC%98%81%EC%A7%80-7%EA%B3%B3%EC%9D%84-%EC%95%8C%EB%A0%A4%EB%93%9C%EB%A6%BD%EB%8B%88%EB%8B%A4%EC%97%85%EB%8D%B0%EC%9D%B4%ED%8A%B8%EC%A4%91,YSDL,KAKAO
7인의 탈출,마장호수,playground,경기 파주시 광탄면 기산리 451-2,37.77494176,126.9302204,https://ys-dl.tistory.com/entry/7%EC%9D%B8%EC%9D%98-%ED%83%88%EC%B6%9C-%EC%B4%AC%EC%98%81%EC%A7%80-7%EA%B3%B3%EC%9D%84-%EC%95%8C%EB%A0%A4%EB%93%9C%EB%A6%BD%EB%8B%88%EB%8B%A4%EC%97%85%EB%8D%B0%EC%9D%B4%ED%8A%B8%EC%A4%91,YSDL,KAKAO
7인의 탈출,교하중앙공원 프랑스정원,playground,경기 파주시 숲속노을로 256,37.72263172,126.7167226,https://ys-dl.tistory.com/entry/7%EC%9D%B8%EC%9D%98-%ED%83%88%EC%B6%9C-%EC%B4%AC%EC%98%81%EC%A7%80-7%EA%B3%B3%EC%9D%84-%EC%95%8C%EB%A0%A4%EB%93%9C%EB%A6%BD%EB%8B%88%EB%8B%A4%EC%97%85%EB%8D%B0%EC%9D%B4%ED%8A%B8%EC%A4%91,YSDL,KAKAO
7인의 탈출,대전오월드,playground,대전 중구 사정공원로 70,36.2893534,127.3977541,https://ys-dl.tistory.com/entry/7%EC%9D%B8%EC%9D%98-%ED%83%88%EC%B6%9C-%EC%B4%AC%EC%98%81%EC%A7%80-7%EA%B3%B3%EC%9D%84-%EC%95%8C%EB%A0%A4%EB%93%9C%EB%A6%BD%EB%8B%88%EB%8B%A4%EC%97%85%EB%8D%B0%EC%9D%B4%ED%8A%B8%EC%A4%91,YSDL,KAKAO
7인의 탈출,물의도시 베니스랜드,playground,제주특별자치도 서귀포시 성산읍 서성일로 474,33.41527182,126.8407062,https://ys-dl.tistory.com/entry/7%EC%9D%B8%EC%9D%98-%ED%83%88%EC%B6%9C-%EC%B4%AC%EC%98%81%EC%A7%80-7%EA%B3%B3%EC%9D%84-%EC%95%8C%EB%A0%A4%EB%93%9C%EB%A6%BD%EB%8B%88%EB%8B%A4%EC%97%85%EB%8D%B0%EC%9D%B4%ED%8A%B8%EC%A4%91,YSDL,KAKAO
7일의 왕비,닭실마을,playground,경상북도 봉화군 봉화읍 충재길 60,36.904904,128.74198,,KCISA,KCISA
7일의 왕비,보리나라 학원농장,playground,전라북도 고창군 공음면 학원농장길 154,35.37545,126.542953,,KCISA,KCISA
7일의 왕비,궁남지,playground,충청남도 부여군 부여읍 궁남로 52,36.269619,126.91224,,KCISA,KCISA
99억의 여자,안성팜랜드,playground,경기도 안성시 공도읍 대신두길 28,36.9904684,127.194467,,KCISA,KCISA
9회말 2아웃,일산호수공원,playground,경기도 고양시 일산동구 호수로 731,37.658769,126.76252,,KCISA,KCISA
9회말 2아웃,N서울타워,playground,서울특별시 용산구 남산공원길 105,37.551168,126.98824,,KCISA,KCISA
9회말 2아웃,인천국제공항,playground,인천광역시 중구 공항로 272,37.44919,126.4514,,KCISA,KCISA
9회말 2아웃,마이랜드,playground,인천광역시 중구 월미로234번길 7,37.474812,126.59889,,KCISA,KCISA
D.P.,광안대교,playground,부산광역시 수영구 민락동 광안대교,35.147603,129.130119,,KCISA,KCISA
D.P.,백사마을,playground,서울특별시 노원구 중계본동 104-3,37.642741,127.08542,,KCISA,KCISA
D.P.,울산대학교,playground,울산광역시 남구 대학로 93,35.543776,129.25628,,KCISA,KCISA
D.P.,이태원거리,playground,서울 용산구 이태원동 119-23,37.53456131,126.9958092,https://ys-dl.tistory.com/entry/%EB%94%94%ED%94%BC2DP%EC%8B%9C%EC%A6%8C2%EC%B4%AC%EC%98%81%EC%A7%80-25%EA%B3%B3%EC%9D%84-%EC%95%8C%EB%A0%A4%EB%93%9C%EB%A6%BD%EB%8B%88%EB%8B%A4,YSDL,KAKAO
DNA러버,서울식물원 호수공원,playground,서울 강서구 마곡동로 161,37.57093324,126.8326839,https://ys-dl.tistory.com/entry/DNA%EB%9F%AC%EB%B2%84-%EC%B4%AC%EC%98%81%EC%A7%80-7%EA%B3%B3%EC%9D%84-%EC%95%8C%EB%A0%A4%EB%93%9C%EB%A6%BD%EB%8B%88%EB%8B%A4%EC%97%85%EB%8D%B0%EC%9D%B4%ED%8A%B8%EC%A4%91,YSDL,KAKAO
DNA러버,가온문화공원,playground,서울 마포구 상암동 1594,37.58191481,126.8876787,https://ys-dl.tistory.com/entry/DNA%EB%9F%AC%EB%B2%84-%EC%B4%AC%EC%98%81%EC%A7%80-7%EA%B3%B3%EC%9D%84-%EC%95%8C%EB%A0%A4%EB%93%9C%EB%A6%BD%EB%8B%88%EB%8B%A4%EC%97%85%EB%8D%B0%EC%9D%B4%ED%8A%B8%EC%A4%91,YSDL,KAKAO
DNA러버,난지한강공원,playground,서울 마포구 상암동 495-72,37.56703991,126.8756078,https://ys-dl.tistory.com/entry/DNA%EB%9F%AC%EB%B2%84-%EC%B4%AC%EC%98%81%EC%A7%80-7%EA%B3%B3%EC%9D%84-%EC%95%8C%EB%A0%A4%EB%93%9C%EB%A6%BD%EB%8B%88%EB%8B%A4%EC%97%85%EB%8D%B0%EC%9D%B4%ED%8A%B8%EC%A4%91,YSDL,KAKAO
DNA러버,청운공원,playground,서울 종로구 청운동 7-4,37.59100222,126.9663579,https://ys-dl.tistory.com/entry/DNA%EB%9F%AC%EB%B2%84-%EC%B4%AC%EC%98%81%EC%A7%80-7%EA%B3%B3%EC%9D%84-%EC%95%8C%EB%A0%A4%EB%93%9C%EB%A6%BD%EB%8B%88%EB%8B%A4%EC%97%85%EB%8D%B0%EC%9D%B4%ED%8A%B8%EC%A4%91,YSDL,KAKAO
DNA러버,인사아트프라자 갤러리,playground,서울 종로구 인사동길 34-1,37.57387285,126.9857095,https://ys-dl.tistory.com/entry/DNA%EB%9F%AC%EB%B2%84-%EC%B4%AC%EC%98%81%EC%A7%80-7%EA%B3%B3%EC%9D%84-%EC%95%8C%EB%A0%A4%EB%93%9C%EB%A6%BD%EB%8B%88%EB%8B%A4%EC%97%85%EB%8D%B0%EC%9D%B4%ED%8A%B8%EC%A4%91,YSDL,KAKAO
DNA러버,반포한강공원,playground,서울 서초구 반포동 115-5,37.51081993,126.997161,https://ys-dl.tistory.com/entry/DNA%EB%9F%AC%EB%B2%84-%EC%B4%AC%EC%98%81%EC%A7%80-7%EA%B3%B3%EC%9D%84-%EC%95%8C%EB%A0%A4%EB%93%9C%EB%A6%BD%EB%8B%88%EB%8B%A4%EC%97%85%EB%8D%B0%EC%9D%B4%ED%8A%B8%EC%A4%91,YSDL,KAKAO
DNA러버,송도센트럴파크,playground,인천 연수구 송도동 24-5,37.39306396,126.6386297,https://ys-dl.tistory.com/entry/DNA%EB%9F%AC%EB%B2%84-%EC%B4%AC%EC%98%81%EC%A7%80-7%EA%B3%B3%EC%9D%84-%EC%95%8C%EB%A0%A4%EB%93%9C%EB%A6%BD%EB%8B%88%EB%8B%A4%EC%97%85%EB%8D%B0%EC%9D%B4%ED%8A%B8%EC%A4%91,YSDL,KAKAO
DNA러버,장경리해수욕장,playground,인천 옹진군 영흥면 영흥로757번길 6,37.27204767,126.4489408,https://ys-dl.tistory.com/entry/DNA%EB%9F%AC%EB%B2%84-%EC%B4%AC%EC%98%81%EC%A7%80-7%EA%B3%B3%EC%9D%84-%EC%95%8C%EB%A0%A4%EB%93%9C%EB%A6%BD%EB%8B%88%EB%8B%A4%EC%97%85%EB%8D%B0%EC%9D%B4%ED%8A%B8%EC%A4%91,YSDL,KAKAO
DNA러버,연천호로고루,playground,경기 연천군 장남면 원당리 1257-1,37.98619198,126.8585572,https://ys-dl.tistory.com/entry/DNA%EB%9F%AC%EB%B2%84-%EC%B4%AC%EC%98%81%EC%A7%80-7%EA%B3%B3%EC%9D%84-%EC%95%8C%EB%A0%A4%EB%93%9C%EB%A6%BD%EB%8B%88%EB%8B%A4%EC%97%85%EB%8D%B0%EC%9D%B4%ED%8A%B8%EC%A4%91,YSDL,KAKAO
DNA러버,아쿠아플라넷 일산,playground,경기 고양시 일산서구 한류월드로 282,37.66378755,126.7554856,https://ys-dl.tistory.com/entry/DNA%EB%9F%AC%EB%B2%84-%EC%B4%AC%EC%98%81%EC%A7%80-7%EA%B3%B3%EC%9D%84-%EC%95%8C%EB%A0%A4%EB%93%9C%EB%A6%BD%EB%8B%88%EB%8B%A4%EC%97%85%EB%8D%B0%EC%9D%B4%ED%8A%B8%EC%A4%91,YSDL,KAKAO
DNA러버,남한산성 행궁,playground,경기 광주시 남한산성면 산성리 935-1,37.47904027,127.1812613,https://ys-dl.tistory.com/entry/DNA%EB%9F%AC%EB%B2%84-%EC%B4%AC%EC%98%81%EC%A7%80-7%EA%B3%B3%EC%9D%84-%EC%95%8C%EB%A0%A4%EB%93%9C%EB%A6%BD%EB%8B%88%EB%8B%A4%EC%97%85%EB%8D%B0%EC%9D%B4%ED%8A%B8%EC%A4%91,YSDL,KAKAO
DNA러버,루덴시아,playground,경기 여주시 산북면 금품1로 177,37.401598,127.4614396,https://ys-dl.tistory.com/entry/DNA%EB%9F%AC%EB%B2%84-%EC%B4%AC%EC%98%81%EC%A7%80-7%EA%B3%B3%EC%9D%84-%EC%95%8C%EB%A0%A4%EB%93%9C%EB%A6%BD%EB%8B%88%EB%8B%A4%EC%97%85%EB%8D%B0%EC%9D%B4%ED%8A%B8%EC%A4%91,YSDL,KAKAO
LTNS,안산올림픽기념관,playground,경기 안산시 단원구 적금로 202,37.32617078,126.8273317,https://ys-dl.tistory.com/entry/LTNS-%EC%B4%AC%EC%98%81%EC%A7%80-21%EA%B3%B3%EC%9D%84-%EC%95%8C%EB%A0%A4%EB%93%9C%EB%A6%BD%EB%8B%88%EB%8B%A4%EC%97%85%EB%8D%B0%EC%9D%B4%ED%8A%B8%EC%A4%91,YSDL,KAKAO
SF8,모나무르 복합문화공간 아산,playground,충청남도 아산시 순천향로 624,36.750552,126.99246,,KCISA,KCISA
SF8,동두천 문화극장,playground,경기도 동두천시 동광로 66,37.908291,127.055827,,KCISA,KCISA
SF8,MBC문화방송 본사,playground,서울특별시 마포구 성암로 267,37.58105,126.89056,,KCISA,KCISA
SKY 캐슬,쉴낙원 김포장례식장,playground,경기도 김포시 승가로58번길 7,37.607202,126.71541,,KCISA,KCISA
SKY 캐슬,분당메모리얼파크,playground,경기도 서남시 분당구새나리로 79,37.403669,127.16401,,KCISA,KCISA
SKY 캐슬,용인공원,playground,경기도 용인시 처인구 모현읍 새래로 158-33,37.298496,127.2542,,KCISA,KCISA
SKY 캐슬,동탄국제고등학교,playground,경기도 화성시 동탄나루로 27,37.1891856,127.078496,,KCISA,KCISA
SKY 캐슬,한림대학교 동탄성심병원,playground,경기도 화성시 큰재봉길 7,37.2166485,127.079989,,KCISA,KCISA
SKY 캐슬,KT&G서울사옥,playground,서울특별시 강남구 영동대로 416,37.506558,127.06523,,KCISA,KCISA
SKY 캐슬,강남경찰서,playground,서울특별시 강남구 테헤란로114길 11,37.50918,127.06717,,KCISA,KCISA
SKY 캐슬,한옥카페 선운각,playground,서울특별시 강북구 우이동 265-16,37.6549982,126.999365,,KCISA,KCISA
SKY 캐슬,오산고등학교,playground,서울특별시 용산구 보광로7길 17,37.523475,126.99958,,KCISA,KCISA
SKY 캐슬,부암동 7번지,playground,서울특별시 종로구 북악산로 147,37.598022,126.97348,,KCISA,KCISA
SKY 캐슬,정동빌딩,playground,서울특별시 중구 정동길 21-15,37.567481,126.97114,,KCISA,KCISA
SKY 캐슬,스테이트 타워 남산,playground,서울특별시 중구 퇴계로 100,37.560342,126.98297,,KCISA,KCISA
SKY 캐슬,인천국제공항,playground,인천광역시 중구 공항로 272,37.44919,126.4514,,KCISA,KCISA
SKY 캐슬,담양레이나CC,playground,전라남도 담양군 담양읍 깊은실길 169,35.310369,127.01734,,KCISA,KCISA
SKY 캐슬,소노펠리체 빌리지 비발디파크,playground,강원도 홍천군 서면 한치골길 541-123,37.665888,127.68403,,KCISA,KCISA
THE K2,북서울꿈의숲,playground,서울 강북구 월계로 173,37.62360651,127.0415725,https://ys-dl.tistory.com/entry/%EB%8D%94K2-%EC%B4%AC%EC%98%81%EC%A7%80-%EC%84%9C%EC%9A%B8-12%EA%B3%B3%EC%9D%84-%EC%95%8C%EB%A0%A4%EB%93%9C%EB%A6%BD%EB%8B%88%EB%8B%A4,YSDL,KAKAO
THE K2,서울숲,playground,서울 성동구 성수동1가 678-1,37.54432223,127.0376178,https://ys-dl.tistory.com/entry/%EB%8D%94K2-%EC%B4%AC%EC%98%81%EC%A7%80-%EC%84%9C%EC%9A%B8-12%EA%B3%B3%EC%9D%84-%EC%95%8C%EB%A0%A4%EB%93%9C%EB%A6%BD%EB%8B%88%EB%8B%A4,YSDL,KAKAO
VIP,청아공원기독교전용관,playground,경기도 고양시 일산동구 은마길 129,37.719031,126.80572,,KCISA,KCISA
VIP,재인폭포,playground,경기도 연천군 연천읍 부곡리 193,38.076823,127.14318,,KCISA,KCISA
VIP,화이트블럭,playground,경기도 파주시 탄현면 헤이리마을길 72,37.7889189,126.699592,,KCISA,KCISA
VIP,사우스케이프오너스클럽,playground,경상남도 남해군 창선면 흥선로 1545,34.836501,128.07449,,KCISA,KCISA
VIP,씨네시티빌딩,playground,서울특별시 강남구 도산대로 323,37.522851,127.037,,KCISA,KCISA
VIP,에이스프라자,playground,서울특별시 강서구 마곡동로 61,37.560551,126.83313,,KCISA,KCISA
VIP,김포국제공항,playground,서울특별시 강서구 하늘길 112,37.558655,126.79228,,KCISA,KCISA
VIP,반포대교,playground,서울특별시 서초구 반포동 반포대교,37.512187,126.9976,,KCISA,KCISA
VIP,동호대교,playground,서울특별시 성동구 옥수동,37.535804,127.02145,,KCISA,KCISA
VIP,한양대학교 서울캠퍼스,playground,서울특별시 성동구 왕십리로 222,37.557309,127.04528,,KCISA,KCISA
VIP,서강대교,playground,서울특별시 영등포구 여의도동 서강대교,37.536911,126.92495,,KCISA,KCISA
VIP,등대사진관,playground,서울특별시 용산구 이촌로29길 29 1층,37.524863,126.96035,,KCISA,KCISA
VIP,청계천,playground,서울특별시 종로구 서린동 148,37.569205,126.97791,,KCISA,KCISA
VIP,인천국제공항,playground,인천광역시 중구 공항로 272,37.44919,126.4514,,KCISA,KCISA
W(더블유),MBC 경남홀,playground,경남 창원시 마산회원구 양덕서9길 11-11,35.22375291,128.5783775,https://ys-dl.tistory.com/entry/W-%EC%B4%AC%EC%98%81%EC%A7%80-%EC%84%9C%EC%9A%B8-21%EA%B3%B3%EC%9D%84-%EC%95%8C%EB%A0%A4%EB%93%9C%EB%A6%BD%EB%8B%88%EB%8B%A4,YSDL,KAKAO
W(더블유),옹달샘공원,playground,경기 화성시 동탄구 반송동 119,37.19749766,127.0766764,https://ys-dl.tistory.com/entry/W-%EC%B4%AC%EC%98%81%EC%A7%80-%EC%84%9C%EC%9A%B8-21%EA%B3%B3%EC%9D%84-%EC%95%8C%EB%A0%A4%EB%93%9C%EB%A6%BD%EB%8B%88%EB%8B%A4,YSDL,KAKAO
W(더블유),일산호수공원,playground,경기도 고양시 일산동구 호수로 731,37.658769,126.76252,,KCISA,KCISA
W(더블유),고양종합운동장,playground,경기도 고양시 일산서구 중앙로 1601,37.67639,126.7431,,KCISA,KCISA
W(더블유),센터필드WEST,playground,서울특별시 강남구 테헤란로 231,37.502965,127.04145,,KCISA,KCISA
W(더블유),강동경희대학교병원,playground,서울특별시 강동구 동남로 892,37.55283,127.1572,,KCISA,KCISA
W(더블유),강동아트센터.강동경희대병원,playground,서울특별시 강동구 명일2동 강동아트센터.강동경희대병원 정류장,37.552293,127.1561,,KCISA,KCISA
W(더블유),오피시아빌딩,playground,서울특별시 종로구 새문안로 92,37.569825,126.97489,,KCISA,KCISA
W(더블유),익산 교도소 세트장,playground,전라북도 익산시 성당면 함낭로 207,36.069334,126.93158,,KCISA,KCISA
W(더블유),씨네Q 전주영화의거리점,playground,전라북도 전주시 완산구 전주객사4길 74-12,35.821047,127.14368,,KCISA,KCISA
가면,일산호수공원,playground,경기도 고양시 일산동구 호수로 731,37.658769,126.76252,,KCISA,KCISA
가면,체인지업캠퍼스 양평캠프,playground,경기도 양평군 용문면 연수로 209,37.4999032,127.575543,,KCISA,KCISA
가면,벽초지수목원,playground,경기도 파주시 광탄면 부흥로 242,37.800977,126.873712,,KCISA,KCISA
가면,서울대학교,playground,서울특별시 관악구 관악로 1,37.462256,126.95428,,KCISA,KCISA
가면,서울특별시 보라매병원,playground,서울특별시 동작구 보라매로5길 20,37.493287,126.92424,,KCISA,KCISA
가면,코스콤빌딩,playground,서울특별시 영등포구 여의나루로4길 21,37.521626,126.92837,,KCISA,KCISA
가면,담양 관방제림,playground,전라남도 담양군 담양읍 객사7길 37,35.3234778,126.991321,,KCISA,KCISA
가면,죽녹원,playground,전라남도 담양군 담양읍 죽녹원로 119,35.326613,126.985409,,KCISA,KCISA
가면,메타세쿼이아 가로수길,playground,전라남도 담양군 담양읍 학동리 633,35.3251724,127.009247,,KCISA,KCISA
가슴이 뛴다,궁뜰어린이공원,playground,서울 서대문구 연희동 123-5,37.56900586,126.9304129,https://ys-dl.tistory.com/entry/%EA%B0%80%EC%8A%B4%EC%9D%B4-%EB%9B%B4%EB%8B%A4-%EC%B4%AC%EC%98%81%EC%A7%80-6%EA%B3%B3%EC%9D%84-%EC%95%8C%EB%A0%A4%EB%93%9C%EB%A6%BD%EB%8B%88%EB%8B%A4%EC%97%85%EB%8D%B0%EC%9D%B4%ED%8A%B8%EC%A4%91,YSDL,KAKAO
가슴이 뛴다,한강,playground,서울 영등포구 여의도동,37.52508922,126.9475451,https://ys-dl.tistory.com/entry/%EA%B0%80%EC%8A%B4%EC%9D%B4-%EB%9B%B4%EB%8B%A4-%EC%B4%AC%EC%98%81%EC%A7%80-6%EA%B3%B3%EC%9D%84-%EC%95%8C%EB%A0%A4%EB%93%9C%EB%A6%BD%EB%8B%88%EB%8B%A4%EC%97%85%EB%8D%B0%EC%9D%B4%ED%8A%B8%EC%A4%91,YSDL,KAKAO
가슴이 뛴다,광화문광장,playground,서울 종로구 세종로 1-68,37.57260286,126.9769164,https://ys-dl.tistory.com/entry/%EA%B0%80%EC%8A%B4%EC%9D%B4-%EB%9B%B4%EB%8B%A4-%EC%B4%AC%EC%98%81%EC%A7%80-6%EA%B3%B3%EC%9D%84-%EC%95%8C%EB%A0%A4%EB%93%9C%EB%A6%BD%EB%8B%88%EB%8B%A4%EC%97%85%EB%8D%B0%EC%9D%B4%ED%8A%B8%EC%A4%91,YSDL,KAKAO
가슴이 뛴다,연지공원,playground,경남 김해시 금관대로1368번길 7,35.24638179,128.8688204,https://ys-dl.tistory.com/entry/%EA%B0%80%EC%8A%B4%EC%9D%B4-%EB%9B%B4%EB%8B%A4-%EC%B4%AC%EC%98%81%EC%A7%80-6%EA%B3%B3%EC%9D%84-%EC%95%8C%EB%A0%A4%EB%93%9C%EB%A6%BD%EB%8B%88%EB%8B%A4%EC%97%85%EB%8D%B0%EC%9D%B4%ED%8A%B8%EC%A4%91,YSDL,KAKAO
가슴이 뛴다,낙산공원,playground,서울 종로구 낙산길 41,37.58056967,127.0075218,https://ys-dl.tistory.com/entry/%EA%B0%80%EC%8A%B4%EC%9D%B4-%EB%9B%B4%EB%8B%A4-%EC%B4%AC%EC%98%81%EC%A7%80-6%EA%B3%B3%EC%9D%84-%EC%95%8C%EB%A0%A4%EB%93%9C%EB%A6%BD%EB%8B%88%EB%8B%A4%EC%97%85%EB%8D%B0%EC%9D%B4%ED%8A%B8%EC%A4%91,YSDL,KAKAO
가슴이 뛴다,오동근린공원,playground,서울 성북구 화랑로13가길 100,37.60997441,127.0419681,https://ys-dl.tistory.com/entry/%EA%B0%80%EC%8A%B4%EC%9D%B4-%EB%9B%B4%EB%8B%A4-%EC%B4%AC%EC%98%81%EC%A7%80-6%EA%B3%B3%EC%9D%84-%EC%95%8C%EB%A0%A4%EB%93%9C%EB%A6%BD%EB%8B%88%EB%8B%A4%EC%97%85%EB%8D%B0%EC%9D%B4%ED%8A%B8%EC%A4%91,YSDL,KAKAO
가슴이 뛴다,미메시스 아트 뮤지엄,playground,경기 파주시 문발로 253,37.71679273,126.6889188,https://ys-dl.tistory.com/entry/%EA%B0%80%EC%8A%B4%EC%9D%B4-%EB%9B%B4%EB%8B%A4-%EC%B4%AC%EC%98%81%EC%A7%80-6%EA%B3%B3%EC%9D%84-%EC%95%8C%EB%A0%A4%EB%93%9C%EB%A6%BD%EB%8B%88%EB%8B%A4%EC%97%85%EB%8D%B0%EC%9D%B4%ED%8A%B8%EC%A4%91,YSDL,KAKAO
가슴이 뛴다,병목안시민공원,playground,경기 안양시 만안구 안양동 산 82-2,37.38471141,126.9089477,https://ys-dl.tistory.com/entry/%EA%B0%80%EC%8A%B4%EC%9D%B4-%EB%9B%B4%EB%8B%A4-%EC%B4%AC%EC%98%81%EC%A7%80-6%EA%B3%B3%EC%9D%84-%EC%95%8C%EB%A0%A4%EB%93%9C%EB%A6%BD%EB%8B%88%EB%8B%A4%EC%97%85%EB%8D%B0%EC%9D%B4%ED%8A%B8%EC%A4%91,YSDL,KAKAO
가슴이 뛴다,에버랜드,playground,경기 용인시 처인구 포곡읍 에버랜드로 199,37.29310112,127.2021983,https://ys-dl.tistory.com/entry/%EA%B0%80%EC%8A%B4%EC%9D%B4-%EB%9B%B4%EB%8B%A4-%EC%B4%AC%EC%98%81%EC%A7%80-6%EA%B3%B3%EC%9D%84-%EC%95%8C%EB%A0%A4%EB%93%9C%EB%A6%BD%EB%8B%88%EB%8B%A4%EC%97%85%EB%8D%B0%EC%9D%B4%ED%8A%B8%EC%A4%91,YSDL,KAKAO
가슴이 뛴다,유기방가옥,playground,충남 서산시 운산면 이문안길 72-10,36.8246838,126.5733718,https://ys-dl.tistory.com/entry/%EA%B0%80%EC%8A%B4%EC%9D%B4-%EB%9B%B4%EB%8B%A4-%EC%B4%AC%EC%98%81%EC%A7%80-6%EA%B3%B3%EC%9D%84-%EC%95%8C%EB%A0%A4%EB%93%9C%EB%A6%BD%EB%8B%88%EB%8B%A4%EC%97%85%EB%8D%B0%EC%9D%B4%ED%8A%B8%EC%A4%91,YSDL,KAKAO
가슴이 뛴다,삼봉해수욕장,playground,충남 태안군 안면읍 삼봉길 209-3,36.57042887,126.3154324,https://ys-dl.tistory.com/entry/%EA%B0%80%EC%8A%B4%EC%9D%B4-%EB%9B%B4%EB%8B%A4-%EC%B4%AC%EC%98%81%EC%A7%80-6%EA%B3%B3%EC%9D%84-%EC%95%8C%EB%A0%A4%EB%93%9C%EB%A6%BD%EB%8B%88%EB%8B%A4%EC%97%85%EB%8D%B0%EC%9D%B4%ED%8A%B8%EC%A4%91,YSDL,KAKAO
가슴이 뛴다,용문사,playground,경북 예천군 용문면 용문사길 285-30,36.73110707,128.3696574,https://ys-dl.tistory.com/entry/%EA%B0%80%EC%8A%B4%EC%9D%B4-%EB%9B%B4%EB%8B%A4-%EC%B4%AC%EC%98%81%EC%A7%80-6%EA%B3%B3%EC%9D%84-%EC%95%8C%EB%A0%A4%EB%93%9C%EB%A6%BD%EB%8B%88%EB%8B%A4%EC%97%85%EB%8D%B0%EC%9D%B4%ED%8A%B8%EC%A4%91,YSDL,KAKAO
가슴이 뛴다,합천영상테마파크,playground,경남 합천군 용주면 합천호수로 757,35.54875124,128.0718461,https://ys-dl.tistory.com/entry/%EA%B0%80%EC%8A%B4%EC%9D%B4-%EB%9B%B4%EB%8B%A4-%EC%B4%AC%EC%98%81%EC%A7%80-6%EA%B3%B3%EC%9D%84-%EC%95%8C%EB%A0%A4%EB%93%9C%EB%A6%BD%EB%8B%88%EB%8B%A4%EC%97%85%EB%8D%B0%EC%9D%B4%ED%8A%B8%EC%A4%91,YSDL,KAKAO
가시리잇고,한국의 집,playground,서울특별시 중구 퇴계로36길 10,37.560304,126.99471,,KCISA,KCISA
가족x멜로,난지한강공원,playground,서울 마포구 상암동 495-72,37.56703991,126.8756078,https://ys-dl.tistory.com/entry/%EA%B0%80%EC%A1%B1x%EB%A9%9C%EB%A1%9C-%EC%B4%AC%EC%98%81%EC%A7%80-8%EA%B3%B3%EC%9D%84-%EC%95%8C%EB%A0%A4%EB%93%9C%EB%A6%BD%EB%8B%88%EB%8B%A4%EC%97%85%EB%8D%B0%EC%9D%B4%ED%8A%B8%EC%A4%91,YSDL,KAKAO
가족x멜로,경의선숲길,playground,서울 마포구 동교동 190-1,37.55880348,126.9253385,https://ys-dl.tistory.com/entry/%EA%B0%80%EC%A1%B1x%EB%A9%9C%EB%A1%9C-%EC%B4%AC%EC%98%81%EC%A7%80-8%EA%B3%B3%EC%9D%84-%EC%95%8C%EB%A0%A4%EB%93%9C%EB%A6%BD%EB%8B%88%EB%8B%A4%EC%97%85%EB%8D%B0%EC%9D%B4%ED%8A%B8%EC%A4%91,YSDL,KAKAO
가족x멜로,백범광장,playground,서울 중구 회현동1가 100-115,37.55482844,126.9792487,https://ys-dl.tistory.com/entry/%EA%B0%80%EC%A1%B1x%EB%A9%9C%EB%A1%9C-%EC%B4%AC%EC%98%81%EC%A7%80-8%EA%B3%B3%EC%9D%84-%EC%95%8C%EB%A0%A4%EB%93%9C%EB%A6%BD%EB%8B%88%EB%8B%A4%EC%97%85%EB%8D%B0%EC%9D%B4%ED%8A%B8%EC%A4%91,YSDL,KAKAO
가족x멜로,남산예장공원,playground,서울 중구 주자동 5-22,37.56048259,126.9888302,https://ys-dl.tistory.com/entry/%EA%B0%80%EC%A1%B1x%EB%A9%9C%EB%A1%9C-%EC%B4%AC%EC%98%81%EC%A7%80-8%EA%B3%B3%EC%9D%84-%EC%95%8C%EB%A0%A4%EB%93%9C%EB%A6%BD%EB%8B%88%EB%8B%A4%EC%97%85%EB%8D%B0%EC%9D%B4%ED%8A%B8%EC%A4%91,YSDL,KAKAO
가족x멜로,서울광장,playground,서울 중구 태평로1가 54-3,37.5656726,126.9779689,https://ys-dl.tistory.com/entry/%EA%B0%80%EC%A1%B1x%EB%A9%9C%EB%A1%9C-%EC%B4%AC%EC%98%81%EC%A7%80-8%EA%B3%B3%EC%9D%84-%EC%95%8C%EB%A0%A4%EB%93%9C%EB%A6%BD%EB%8B%88%EB%8B%A4%EC%97%85%EB%8D%B0%EC%9D%B4%ED%8A%B8%EC%A4%91,YSDL,KAKAO
가족x멜로,봉은사,playground,충북 충주시 소태면 주치길 135-45,37.12329264,127.8419079,https://ys-dl.tistory.com/entry/%EA%B0%80%EC%A1%B1x%EB%A9%9C%EB%A1%9C-%EC%B4%AC%EC%98%81%EC%A7%80-8%EA%B3%B3%EC%9D%84-%EC%95%8C%EB%A0%A4%EB%93%9C%EB%A6%BD%EB%8B%88%EB%8B%A4%EC%97%85%EB%8D%B0%EC%9D%B4%ED%8A%B8%EC%A4%91,YSDL,KAKAO
가족x멜로,일산문화광장,playground,경기 고양시 일산동구 장항동 845,37.65859623,126.7708021,https://ys-dl.tistory.com/entry/%EA%B0%80%EC%A1%B1x%EB%A9%9C%EB%A1%9C-%EC%B4%AC%EC%98%81%EC%A7%80-8%EA%B3%B3%EC%9D%84-%EC%95%8C%EB%A0%A4%EB%93%9C%EB%A6%BD%EB%8B%88%EB%8B%A4%EC%97%85%EB%8D%B0%EC%9D%B4%ED%8A%B8%EC%A4%91,YSDL,KAKAO
가족x멜로,금진해변,playground,강원특별자치도 강릉시 옥계면 금진리,37.63894835,129.0442585,https://ys-dl.tistory.com/entry/%EA%B0%80%EC%A1%B1x%EB%A9%9C%EB%A1%9C-%EC%B4%AC%EC%98%81%EC%A7%80-8%EA%B3%B3%EC%9D%84-%EC%95%8C%EB%A0%A4%EB%93%9C%EB%A6%BD%EB%8B%88%EB%8B%A4%EC%97%85%EB%8D%B0%EC%9D%B4%ED%8A%B8%EC%A4%91,YSDL,KAKAO
가족계획,당산생각의벙커,playground,충북 청주시 상당구 문화동 6-12,36.63496937,127.4937436,https://ys-dl.tistory.com/entry/%EA%B0%80%EC%A1%B1%EA%B3%84%ED%9A%8D-%EC%B4%AC%EC%98%81%EC%A7%80-17%EA%B3%B3%EC%9D%84-%EC%95%8C%EB%A0%A4%EB%93%9C%EB%A6%BD%EB%8B%88%EB%8B%A4%EC%97%85%EB%8D%B0%EC%9D%B4%ED%8A%B8%EC%A4%91,YSDL,KAKAO
가족끼리 왜 이래,삼순이 계단,playground,서울특별시 중구 남산공원길 649,37.554717,126.98177,,KCISA,KCISA
가화만사성,낙산사,playground,강원도 양양군 강현면 낙산사로 100,38.124649,128.62804,,KCISA,KCISA
가화만사성,일산호수공원,playground,경기도 고양시 일산동구 호수로 731,37.658769,126.76252,,KCISA,KCISA
가화만사성,가톨릭관동대학교 국제성모병원,playground,인천광역시 서구 심곡로100번길 25,37.542425,126.68384,,KCISA,KCISA
각시탈,운현궁 양관,playground,서울특별시 종로구 삼일대로 460,37.576111,126.987749,,KCISA,KCISA
간 떨어지는 동거,웨스턴돔,playground,경기도 고양시 일산동구 정발산로42번길 24,37.654629,126.77282,,KCISA,KCISA
간 떨어지는 동거,광명동굴,playground,경기도 광명시 가학로85번길 142,37.4246505,126.863428,,KCISA,KCISA
간 떨어지는 동거,수원화성박물관,playground,경기도 수원시 팔달구 창룡대로 21,37.282658,127.01881,,KCISA,KCISA
간 떨어지는 동거,메이크샵,playground,경기도 파주시 광인사길 209,37.716759,126.68768,,KCISA,KCISA
간 떨어지는 동거,헤이리 예술마을,playground,경기도 파주시 탄현면 헤이리마을길 70-21,37.788146,126.698883,,KCISA,KCISA
간 떨어지는 동거,아지동 테마파크,playground,경기도 파주시 탄현면 헤이리마을길 70-21 헤이리예술마을,37.791748,126.69639,,KCISA,KCISA
간 떨어지는 동거,퍼스트가든,playground,경기도 파주시 탑삭골길 260,37.7321551,126.793933,,KCISA,KCISA
간 떨어지는 동거,문경새재촬영장 (오픈세트장),playground,경상북도 문경시 문경읍 새재로 1037,36.771097,128.073937,,KCISA,KCISA
간 떨어지는 동거,영동대로,playground,서울특별시 강남구 삼성동,37.51369,127.0605,,KCISA,KCISA
간 떨어지는 동거,북스리브로 구로점,playground,서울특별시 구로구 구로중앙로 152,37.500872,126.88298,,KCISA,KCISA
간 떨어지는 동거,서울과학기술대학교,playground,서울특별시 노원구 공릉로 232,37.629632,127.07845,,KCISA,KCISA
간 떨어지는 동거,가온문화공원,playground,서울특별시 마포구 상암동 1594,37.58181,126.88765,,KCISA,KCISA
간 떨어지는 동거,성미산로23길,playground,서울특별시 마포구 성미산로23길,37.565007,126.92083,,KCISA,KCISA
간 떨어지는 동거,어울마당로,playground,서울특별시 마포구 어울마당로,37.55003,126.92113,,KCISA,KCISA
간 떨어지는 동거,구룡근린공원,playground,서울특별시 마포구 월드컵북로 456,37.582996,126.88385,,KCISA,KCISA
간 떨어지는 동거,월드컵북로54길,playground,서울특별시 마포구 월드컵북로54길 25 상암DMC 푸르지오시티,37.581631,126.88829,,KCISA,KCISA
간 떨어지는 동거,무대륙,playground,서울특별시 마포구 토정로5길 12,37.545927,126.91843,,KCISA,KCISA
간 떨어지는 동거,서강대교,playground,서울특별시 영등포구 여의도동 서강대교,37.536911,126.92495,,KCISA,KCISA
간 떨어지는 동거,원효대교,playground,서울특별시 영등포구 여의도동 원효대교,37.527046,126.94571,,KCISA,KCISA
간 떨어지는 동거,인천국제공항,playground,인천광역시 중구 공항로 272,37.44919,126.4514,,KCISA,KCISA
간 떨어지는 동거,메타세쿼이아 가로수길,playground,전라남도 담양군 담양읍 학동리 633,35.3251724,127.009247,,KCISA,KCISA
간 떨어지는 동거,광한루원,playground,전라북도 남원시 요천로 1447,35.403918,127.379758,,KCISA,KCISA
간 떨어지는 동거,은행로,playground,전라북도 전주시 완산구 은행로 75-2,35.81319,127.1529,,KCISA,KCISA
간 떨어지는 동거,태조로,playground,전라북도 전주시 완산구 태조로 37,35.814171,127.15061,,KCISA,KCISA
간 떨어지는 동거,향교길,playground,전라북도 전주시 완산구 향교길 105,35.812052,127.15541,,KCISA,KCISA
간 떨어지는 동거,선샤인스튜디오,playground,충청남도 논산시 연무읍 봉황로 90,36.102539,127.10657,,KCISA,KCISA
간택 - 여인들의 전쟁,광한루원,playground,전라북도 남원시 요천로 1447,35.403918,127.379758,,KCISA,KCISA
감사합니다,스카이아트홀,playground,서울 강서구 화곡로63길 65,37.55797393,126.8491892,https://ys-dl.tistory.com/entry/%EA%B0%90%EC%82%AC%ED%95%A9%EB%8B%88%EB%8B%A4-%EC%B4%AC%EC%98%81%EC%A7%80-7%EA%B3%B3%EC%9D%84-%EC%95%8C%EB%A0%A4%EB%93%9C%EB%A6%BD%EB%8B%88%EB%8B%A4%EC%97%85%EB%8D%B0%EC%9D%B4%ED%8A%B8%EC%A4%91,YSDL,KAKAO
감사합니다,여의도공원,playground,서울 영등포구 여의공원로 68,37.52613492,126.9223482,https://ys-dl.tistory.com/entry/%EA%B0%90%EC%82%AC%ED%95%A9%EB%8B%88%EB%8B%A4-%EC%B4%AC%EC%98%81%EC%A7%80-7%EA%B3%B3%EC%9D%84-%EC%95%8C%EB%A0%A4%EB%93%9C%EB%A6%BD%EB%8B%88%EB%8B%A4%EC%97%85%EB%8D%B0%EC%9D%B4%ED%8A%B8%EC%A4%91,YSDL,KAKAO
감사합니다,여의도한강공원,playground,서울 영등포구 여의도동 85,37.5263886,126.9351293,https://ys-dl.tistory.com/entry/%EA%B0%90%EC%82%AC%ED%95%A9%EB%8B%88%EB%8B%A4-%EC%B4%AC%EC%98%81%EC%A7%80-7%EA%B3%B3%EC%9D%84-%EC%95%8C%EB%A0%A4%EB%93%9C%EB%A6%BD%EB%8B%88%EB%8B%A4%EC%97%85%EB%8D%B0%EC%9D%B4%ED%8A%B8%EC%A4%91,YSDL,KAKAO
감사합니다,노들섬,playground,서울 용산구 양녕로 445,37.51766014,126.9580339,https://ys-dl.tistory.com/entry/%EA%B0%90%EC%82%AC%ED%95%A9%EB%8B%88%EB%8B%A4-%EC%B4%AC%EC%98%81%EC%A7%80-7%EA%B3%B3%EC%9D%84-%EC%95%8C%EB%A0%A4%EB%93%9C%EB%A6%BD%EB%8B%88%EB%8B%A4%EC%97%85%EB%8D%B0%EC%9D%B4%ED%8A%B8%EC%A4%91,YSDL,KAKAO
감사합니다,MBC 문화동산,playground,경기 양주시 만송로 394-104,37.79144207,127.1007849,https://ys-dl.tistory.com/entry/%EA%B0%90%EC%82%AC%ED%95%A9%EB%8B%88%EB%8B%A4-%EC%B4%AC%EC%98%81%EC%A7%80-7%EA%B3%B3%EC%9D%84-%EC%95%8C%EB%A0%A4%EB%93%9C%EB%A6%BD%EB%8B%88%EB%8B%A4%EC%97%85%EB%8D%B0%EC%9D%B4%ED%8A%B8%EC%A4%91,YSDL,KAKAO
감사합니다,도성사,playground,경기 포천시 화현면 화동로596번길 90,37.9141207,127.3164841,https://ys-dl.tistory.com/entry/%EA%B0%90%EC%82%AC%ED%95%A9%EB%8B%88%EB%8B%A4-%EC%B4%AC%EC%98%81%EC%A7%80-7%EA%B3%B3%EC%9D%84-%EC%95%8C%EB%A0%A4%EB%93%9C%EB%A6%BD%EB%8B%88%EB%8B%A4%EC%97%85%EB%8D%B0%EC%9D%B4%ED%8A%B8%EC%A4%91,YSDL,KAKAO
감자연구소,선녀바위해변,playground,인천 영종구 을왕동 678-188,37.43947594,126.3787082,https://ys-dl.tistory.com/entry/%EA%B0%90%EC%9E%90%EC%97%B0%EA%B5%AC%EC%86%8C-%EC%B4%AC%EC%98%81%EC%A7%80-4%EA%B3%B3%EC%9D%84-%EC%95%8C%EB%A0%A4%EB%93%9C%EB%A6%BD%EB%8B%88%EB%8B%A4%EC%97%85%EB%8D%B0%EC%9D%B4%ED%8A%B8%EC%A4%91,YSDL,KAKAO
감자연구소,장경사,playground,경기 광주시 남한산성면 남한산성로 676,37.47513847,127.1978185,https://ys-dl.tistory.com/entry/%EA%B0%90%EC%9E%90%EC%97%B0%EA%B5%AC%EC%86%8C-%EC%B4%AC%EC%98%81%EC%A7%80-4%EA%B3%B3%EC%9D%84-%EC%95%8C%EB%A0%A4%EB%93%9C%EB%A6%BD%EB%8B%88%EB%8B%A4%EC%97%85%EB%8D%B0%EC%9D%B4%ED%8A%B8%EC%A4%91,YSDL,KAKAO
감자연구소,삼포해수욕장,playground,강원특별자치도 고성군 죽왕면 삼포리,38.31537437,128.5350966,https://ys-dl.tistory.com/entry/%EA%B0%90%EC%9E%90%EC%97%B0%EA%B5%AC%EC%86%8C-%EC%B4%AC%EC%98%81%EC%A7%80-4%EA%B3%B3%EC%9D%84-%EC%95%8C%EB%A0%A4%EB%93%9C%EB%A6%BD%EB%8B%88%EB%8B%A4%EC%97%85%EB%8D%B0%EC%9D%B4%ED%8A%B8%EC%A4%91,YSDL,KAKAO
갑동이,에버랜드,playground,경기도 용인시 처인구 포곡읍 에버랜드로 199,37.2896511,127.217242,,KCISA,KCISA
강남 비-사이드,코엑스,playground,서울 강남구 영동대로 513,37.51182418,127.0591586,https://ys-dl.tistory.com/entry/%EA%B0%95%EB%82%A8%EB%B9%84-%EC%82%AC%EC%9D%B4%EB%93%9C-%EC%B4%AC%EC%98%81%EC%A7%80-1%EA%B3%B3%EC%9D%84-%EC%95%8C%EB%A0%A4%EB%93%9C%EB%A6%BD%EB%8B%88%EB%8B%A4%EC%97%85%EB%8D%B0%EC%9D%B4%ED%8A%B8%EC%A4%91,YSDL,KAKAO
강매강,서대문형무소역사관,playground,서울 서대문구 통일로 251,37.57460869,126.9556122,https://ys-dl.tistory.com/entry/%EA%B0%95%EB%A7%A4%EA%B0%95-%EC%B4%AC%EC%98%81%EC%A7%80-15%EA%B3%B3%EC%9D%84-%EC%95%8C%EB%A0%A4%EB%93%9C%EB%A6%BD%EB%8B%88%EB%8B%A4%EC%97%85%EB%8D%B0%EC%9D%B4%ED%8A%B8%EC%A4%91,YSDL,KAKAO
강매강,여의도한강공원,playground,서울 영등포구 여의도동 85,37.5263886,126.9351293,https://ys-dl.tistory.com/entry/%EA%B0%95%EB%A7%A4%EA%B0%95-%EC%B4%AC%EC%98%81%EC%A7%80-15%EA%B3%B3%EC%9D%84-%EC%95%8C%EB%A0%A4%EB%93%9C%EB%A6%BD%EB%8B%88%EB%8B%A4%EC%97%85%EB%8D%B0%EC%9D%B4%ED%8A%B8%EC%A4%91,YSDL,KAKAO
강매강,도림천,playground,서울 관악구 신림동 808-1,37.47177609,126.9338222,https://ys-dl.tistory.com/entry/%EA%B0%95%EB%A7%A4%EA%B0%95-%EC%B4%AC%EC%98%81%EC%A7%80-15%EA%B3%B3%EC%9D%84-%EC%95%8C%EB%A0%A4%EB%93%9C%EB%A6%BD%EB%8B%88%EB%8B%A4%EC%97%85%EB%8D%B0%EC%9D%B4%ED%8A%B8%EC%A4%91,YSDL,KAKAO
강매강,미메시스 아트 뮤지엄,playground,경기 파주시 문발로 253,37.71679273,126.6889188,https://ys-dl.tistory.com/entry/%EA%B0%95%EB%A7%A4%EA%B0%95-%EC%B4%AC%EC%98%81%EC%A7%80-15%EA%B3%B3%EC%9D%84-%EC%95%8C%EB%A0%A4%EB%93%9C%EB%A6%BD%EB%8B%88%EB%8B%A4%EC%97%85%EB%8D%B0%EC%9D%B4%ED%8A%B8%EC%A4%91,YSDL,KAKAO
강매강,달맞이공원 해내림광장,playground,경기 고양시 일산동구 풍동 1228,37.67426069,126.7995139,https://ys-dl.tistory.com/entry/%EA%B0%95%EB%A7%A4%EA%B0%95-%EC%B4%AC%EC%98%81%EC%A7%80-15%EA%B3%B3%EC%9D%84-%EC%95%8C%EB%A0%A4%EB%93%9C%EB%A6%BD%EB%8B%88%EB%8B%A4%EC%97%85%EB%8D%B0%EC%9D%B4%ED%8A%B8%EC%A4%91,YSDL,KAKAO
개소리,난지한강공원,playground,서울 마포구 상암동 495-72,37.56703991,126.8756078,https://ys-dl.tistory.com/entry/%EA%B0%9C%EC%86%8C%EB%A6%AC-%EC%B4%AC%EC%98%81%EC%A7%80-12%EA%B3%B3%EC%9D%84-%EC%95%8C%EB%A0%A4%EB%93%9C%EB%A6%BD%EB%8B%88%EB%8B%A4%EC%97%85%EB%8D%B0%EC%9D%B4%ED%8A%B8%EC%A4%91,YSDL,KAKAO
개소리,삼순이계단,playground,서울 중구 소파로 46,37.55452971,126.9816933,https://ys-dl.tistory.com/entry/%EA%B0%9C%EC%86%8C%EB%A6%AC-%EC%B4%AC%EC%98%81%EC%A7%80-12%EA%B3%B3%EC%9D%84-%EC%95%8C%EB%A0%A4%EB%93%9C%EB%A6%BD%EB%8B%88%EB%8B%A4%EC%97%85%EB%8D%B0%EC%9D%B4%ED%8A%B8%EC%A4%91,YSDL,KAKAO
개소리,백범광장,playground,서울 중구 회현동1가 100-115,37.55482844,126.9792487,https://ys-dl.tistory.com/entry/%EA%B0%9C%EC%86%8C%EB%A6%AC-%EC%B4%AC%EC%98%81%EC%A7%80-12%EA%B3%B3%EC%9D%84-%EC%95%8C%EB%A0%A4%EB%93%9C%EB%A6%BD%EB%8B%88%EB%8B%A4%EC%97%85%EB%8D%B0%EC%9D%B4%ED%8A%B8%EC%A4%91,YSDL,KAKAO
개소리,제물포구락부,playground,인천 제물포구 자유공원남로 25,37.47463623,126.6225221,https://ys-dl.tistory.com/entry/%EA%B0%9C%EC%86%8C%EB%A6%AC-%EC%B4%AC%EC%98%81%EC%A7%80-12%EA%B3%B3%EC%9D%84-%EC%95%8C%EB%A0%A4%EB%93%9C%EB%A6%BD%EB%8B%88%EB%8B%A4%EC%97%85%EB%8D%B0%EC%9D%B4%ED%8A%B8%EC%A4%91,YSDL,KAKAO
개소리,파주영상테마파크,playground,경기 파주시 장터고개길 40-40,37.77403243,126.7348055,https://ys-dl.tistory.com/entry/%EA%B0%9C%EC%86%8C%EB%A6%AC-%EC%B4%AC%EC%98%81%EC%A7%80-12%EA%B3%B3%EC%9D%84-%EC%95%8C%EB%A0%A4%EB%93%9C%EB%A6%BD%EB%8B%88%EB%8B%A4%EC%97%85%EB%8D%B0%EC%9D%B4%ED%8A%B8%EC%A4%91,YSDL,KAKAO
개소리,약천사,playground,제주특별자치도 서귀포시 이어도로 293-28,33.24623622,126.4494585,https://ys-dl.tistory.com/entry/%EA%B0%9C%EC%86%8C%EB%A6%AC-%EC%B4%AC%EC%98%81%EC%A7%80-12%EA%B3%B3%EC%9D%84-%EC%95%8C%EB%A0%A4%EB%93%9C%EB%A6%BD%EB%8B%88%EB%8B%A4%EC%97%85%EB%8D%B0%EC%9D%B4%ED%8A%B8%EC%A4%91,YSDL,KAKAO
개소리,구곡폭포,playground,강원특별자치도 춘천시 남산면 강촌구곡길 254,37.79703276,127.615852,https://ys-dl.tistory.com/entry/%EA%B0%9C%EC%86%8C%EB%A6%AC-%EC%B4%AC%EC%98%81%EC%A7%80-12%EA%B3%B3%EC%9D%84-%EC%95%8C%EB%A0%A4%EB%93%9C%EB%A6%BD%EB%8B%88%EB%8B%A4%EC%97%85%EB%8D%B0%EC%9D%B4%ED%8A%B8%EC%A4%91,YSDL,KAKAO
개소리,만리포해수욕장,playground,충남 태안군 소원면 만리포2길 138,36.78478863,126.1404264,https://ys-dl.tistory.com/entry/%EA%B0%9C%EC%86%8C%EB%A6%AC-%EC%B4%AC%EC%98%81%EC%A7%80-12%EA%B3%B3%EC%9D%84-%EC%95%8C%EB%A0%A4%EB%93%9C%EB%A6%BD%EB%8B%88%EB%8B%A4%EC%97%85%EB%8D%B0%EC%9D%B4%ED%8A%B8%EC%A4%91,YSDL,KAKAO
개소리,청포대해수욕장,playground,충남 태안군 남면 청포대길 57-4,36.6389484,126.3019041,https://ys-dl.tistory.com/entry/%EA%B0%9C%EC%86%8C%EB%A6%AC-%EC%B4%AC%EC%98%81%EC%A7%80-12%EA%B3%B3%EC%9D%84-%EC%95%8C%EB%A0%A4%EB%93%9C%EB%A6%BD%EB%8B%88%EB%8B%A4%EC%97%85%EB%8D%B0%EC%9D%B4%ED%8A%B8%EC%A4%91,YSDL,KAKAO
개소리,선샤인스튜디오,playground,충남 논산시 연무읍 봉황로 90,36.10274483,127.1048191,https://ys-dl.tistory.com/entry/%EA%B0%9C%EC%86%8C%EB%A6%AC-%EC%B4%AC%EC%98%81%EC%A7%80-12%EA%B3%B3%EC%9D%84-%EC%95%8C%EB%A0%A4%EB%93%9C%EB%A6%BD%EB%8B%88%EB%8B%A4%EC%97%85%EB%8D%B0%EC%9D%B4%ED%8A%B8%EC%A4%91,YSDL,KAKAO
개소리,부안영상테마파크,playground,전북특별자치도 부안군 변산면 격포로 309-64,35.62180698,126.485383,https://ys-dl.tistory.com/entry/%EA%B0%9C%EC%86%8C%EB%A6%AC-%EC%B4%AC%EC%98%81%EC%A7%80-12%EA%B3%B3%EC%9D%84-%EC%95%8C%EB%A0%A4%EB%93%9C%EB%A6%BD%EB%8B%88%EB%8B%A4%EC%97%85%EB%8D%B0%EC%9D%B4%ED%8A%B8%EC%A4%91,YSDL,KAKAO
개소리,거창 별바람언덕,playground,경남 거창군 신원면 연수사길 452,35.58961682,127.9175131,https://ys-dl.tistory.com/entry/%EA%B0%9C%EC%86%8C%EB%A6%AC-%EC%B4%AC%EC%98%81%EC%A7%80-12%EA%B3%B3%EC%9D%84-%EC%95%8C%EB%A0%A4%EB%93%9C%EB%A6%BD%EB%8B%88%EB%8B%A4%EC%97%85%EB%8D%B0%EC%9D%B4%ED%8A%B8%EC%A4%91,YSDL,KAKAO
개소리,구미동해수욕장,playground,경남 남해군 남면 덕월리 1140-1,34.78540654,127.8466089,https://ys-dl.tistory.com/entry/%EA%B0%9C%EC%86%8C%EB%A6%AC-%EC%B4%AC%EC%98%81%EC%A7%80-12%EA%B3%B3%EC%9D%84-%EC%95%8C%EB%A0%A4%EB%93%9C%EB%A6%BD%EB%8B%88%EB%8B%A4%EC%97%85%EB%8D%B0%EC%9D%B4%ED%8A%B8%EC%A4%91,YSDL,KAKAO
개소리,물건리 방조어부림,playground,경남 남해군 삼동면 물건리 산 12-1,34.79687701,128.0504465,https://ys-dl.tistory.com/entry/%EA%B0%9C%EC%86%8C%EB%A6%AC-%EC%B4%AC%EC%98%81%EC%A7%80-12%EA%B3%B3%EC%9D%84-%EC%95%8C%EB%A0%A4%EB%93%9C%EB%A6%BD%EB%8B%88%EB%8B%A4%EC%97%85%EB%8D%B0%EC%9D%B4%ED%8A%B8%EC%A4%91,YSDL,KAKAO
개소리,물미해안전망대,playground,경남 남해군 삼동면 동부대로 720,34.76982929,128.0533249,https://ys-dl.tistory.com/entry/%EA%B0%9C%EC%86%8C%EB%A6%AC-%EC%B4%AC%EC%98%81%EC%A7%80-12%EA%B3%B3%EC%9D%84-%EC%95%8C%EB%A0%A4%EB%93%9C%EB%A6%BD%EB%8B%88%EB%8B%A4%EC%97%85%EB%8D%B0%EC%9D%B4%ED%8A%B8%EC%A4%91,YSDL,KAKAO
개소리,송정솔바람해수욕장,playground,경남 남해군 미조면 미송로483번길 4-69,34.72163321,128.023931,https://ys-dl.tistory.com/entry/%EA%B0%9C%EC%86%8C%EB%A6%AC-%EC%B4%AC%EC%98%81%EC%A7%80-12%EA%B3%B3%EC%9D%84-%EC%95%8C%EB%A0%A4%EB%93%9C%EB%A6%BD%EB%8B%88%EB%8B%A4%EC%97%85%EB%8D%B0%EC%9D%B4%ED%8A%B8%EC%A4%91,YSDL,KAKAO
개소리,옥포중앙공원,playground,경남 거제시 옥포동 산 71-21,34.89430429,128.7020048,https://ys-dl.tistory.com/entry/%EA%B0%9C%EC%86%8C%EB%A6%AC-%EC%B4%AC%EC%98%81%EC%A7%80-12%EA%B3%B3%EC%9D%84-%EC%95%8C%EB%A0%A4%EB%93%9C%EB%A6%BD%EB%8B%88%EB%8B%A4%EC%97%85%EB%8D%B0%EC%9D%B4%ED%8A%B8%EC%A4%91,YSDL,KAKAO
개소리,매미공원,playground,경남 거제시 일운면 와현리 360,34.81341129,128.707333,https://ys-dl.tistory.com/entry/%EA%B0%9C%EC%86%8C%EB%A6%AC-%EC%B4%AC%EC%98%81%EC%A7%80-12%EA%B3%B3%EC%9D%84-%EC%95%8C%EB%A0%A4%EB%93%9C%EB%A6%BD%EB%8B%88%EB%8B%A4%EC%97%85%EB%8D%B0%EC%9D%B4%ED%8A%B8%EC%A4%91,YSDL,KAKAO
개소리,구조라 수변공원,playground,경남 거제시 일운면 구조라로 15-3,34.80810372,128.6983813,https://ys-dl.tistory.com/entry/%EA%B0%9C%EC%86%8C%EB%A6%AC-%EC%B4%AC%EC%98%81%EC%A7%80-12%EA%B3%B3%EC%9D%84-%EC%95%8C%EB%A0%A4%EB%93%9C%EB%A6%BD%EB%8B%88%EB%8B%A4%EC%97%85%EB%8D%B0%EC%9D%B4%ED%8A%B8%EC%A4%91,YSDL,KAKAO
개소리,구조라진성,playground,경남 거제시 일운면 구조라리 산 55,34.80221256,128.6950524,https://ys-dl.tistory.com/entry/%EA%B0%9C%EC%86%8C%EB%A6%AC-%EC%B4%AC%EC%98%81%EC%A7%80-12%EA%B3%B3%EC%9D%84-%EC%95%8C%EB%A0%A4%EB%93%9C%EB%A6%BD%EB%8B%88%EB%8B%A4%EC%97%85%EB%8D%B0%EC%9D%B4%ED%8A%B8%EC%A4%91,YSDL,KAKAO
개소리,명사해수욕장,playground,경남 거제시 남부면 저구리 265-8,34.72642651,128.6036912,https://ys-dl.tistory.com/entry/%EA%B0%9C%EC%86%8C%EB%A6%AC-%EC%B4%AC%EC%98%81%EC%A7%80-12%EA%B3%B3%EC%9D%84-%EC%95%8C%EB%A0%A4%EB%93%9C%EB%A6%BD%EB%8B%88%EB%8B%A4%EC%97%85%EB%8D%B0%EC%9D%B4%ED%8A%B8%EC%A4%91,YSDL,KAKAO
개소리,여차몽돌해수욕장,playground,경남 거제시 남부면 여차길 22,34.71389518,128.6259645,https://ys-dl.tistory.com/entry/%EA%B0%9C%EC%86%8C%EB%A6%AC-%EC%B4%AC%EC%98%81%EC%A7%80-12%EA%B3%B3%EC%9D%84-%EC%95%8C%EB%A0%A4%EB%93%9C%EB%A6%BD%EB%8B%88%EB%8B%A4%EC%97%85%EB%8D%B0%EC%9D%B4%ED%8A%B8%EC%A4%91,YSDL,KAKAO
개와 늑대의 시간,기흥주택단지,playground,경기도 용인시 기흥구 고매동 261-7,37.225372,127.11075,,KCISA,KCISA
개와 늑대의 시간,국립중앙박물관,playground,서울특별시 용산구 서빙고로 137,37.52394,126.980356,,KCISA,KCISA
개와 늑대의 시간,CGV 용산아이파크몰,playground,서울특별시 용산구 한강대로23길 55 현대아이파크몰 6층,37.530117,126.965174,,KCISA,KCISA
개와 늑대의 시간,국립현대미술관 서울,playground,서울특별시 종로구 삼청로 30,37.5794091,126.9803691,,KCISA,KCISA
개와 늑대의 시간,아트선재센터,playground,서울특별시 종로구 율곡로3길 87,37.579547,126.98197,,KCISA,KCISA
개와 늑대의 시간,토탈미술관,playground,서울특별시 종로구 평창32길 8,37.612154,126.97566,,KCISA,KCISA
개와 늑대의 시간,인천항만공사,playground,인천광역시 연수구 센트럴로 263,37.398418,126.633665,,KCISA,KCISA
개와 늑대의 시간,스플라스 리솜,playground,충청남도 예산군 덕산면 온천단지3로 45-7,36.693924,126.65602,,KCISA,KCISA
개인의 취향,일산문화광장,playground,경기도 고양시 일산동구 중앙로 1271-4,37.65839,126.7704,,KCISA,KCISA
개인의 취향,일산호수공원,playground,경기도 고양시 일산동구 호수로 731,37.658769,126.76252,,KCISA,KCISA
개인의 취향,코엑스,playground,서울특별시 강남구 영동대로 513,37.510177,127.05866,,KCISA,KCISA
개인의 취향,토정로,playground,서울특별시 마포구 토정로 20,37.545541,126.91284,,KCISA,KCISA
개인의 취향,응봉산 팔각정,playground,서울특별시 성동구 독서당로60길 13-1,37.547805,127.029886,,KCISA,KCISA
개인의 취향,주한앙골라대사관저,playground,서울특별시 성북구 선잠로2길 211,37.59926,127.0012,,KCISA,KCISA
개인의 취향,마포대교,playground,서울특별시 영등포구 여의도동 84-5,37.533709,126.9367,,KCISA,KCISA
개인의 취향,여랑재,playground,서울특별시 종로구 북촌로11가길 43,37.583382,126.98362,,KCISA,KCISA
개인의 취향,덕수궁 돌담길,playground,서울특별시 중구 세종대로 99,37.565924,126.97501,,KCISA,KCISA
개인주의자 지영씨,성미산로26길,playground,서울특별시 마포구 성미산로26길 35,37.562369,126.92334,,KCISA,KCISA
개인주의자 지영씨,도림로,playground,서울특별시 영등포구 도림로 436-11,37.514911,126.89485,,KCISA,KCISA
갯마을 차차차,양주시립장욱진미술관,playground,경기도 양주시 장흥면 권율로 193,37.732452,126.948429,,KCISA,KCISA
갯마을 차차차,서원밸리CC,playground,경기도 파주시 광탄면 서원길 333,37.821049,126.888979,,KCISA,KCISA
갯마을 차차차,석병1리방파제,playground,경상북도 포항시 남구 구룡포읍 석병리 745-2,36.0123413,129.5789926,,KCISA,KCISA
갯마을 차차차,청하5일장,playground,경상북도 포항시 북구 청하면 청하로200번길 6,36.1969393,129.3398209,,KCISA,KCISA
갯마을 차차차,사방기념공원,playground,경상북도 포항시 북구 흥해읍 해안로 1801,36.1646885,129.3956102,,KCISA,KCISA
갯마을 차차차,동호대교,playground,서울특별시 성동구 옥수동,37.535804,127.02145,,KCISA,KCISA
갯마을 차차차,더리버,playground,서울특별시 용산구 용산동6가 451,37.507108,126.98472,,KCISA,KCISA
거래,화정로데오거리,playground,경기 고양시 덕양구 화정동 1105,37.63263236,126.8322352,https://ys-dl.tistory.com/entry/%EA%B1%B0%EB%9E%98-%EC%B4%AC%EC%98%81%EC%A7%80-5%EA%B3%B3%EC%9D%84-%EC%95%8C%EB%A0%A4%EB%93%9C%EB%A6%BD%EB%8B%88%EB%8B%A4%EC%97%85%EB%8D%B0%EC%9D%B4%ED%8A%B8%EC%A4%91,YSDL,KAKAO
거래,익산 교도소 세트장,playground,전북특별자치도 익산시 성당면 함낭로 207,36.06945155,126.930603,https://ys-dl.tistory.com/entry/%EA%B1%B0%EB%9E%98-%EC%B4%AC%EC%98%81%EC%A7%80-5%EA%B3%B3%EC%9D%84-%EC%95%8C%EB%A0%A4%EB%93%9C%EB%A6%BD%EB%8B%88%EB%8B%A4%EC%97%85%EB%8D%B0%EC%9D%B4%ED%8A%B8%EC%A4%91,YSDL,KAKAO
건빵선생과 별사탕,압구정로,playground,서울특별시 강남구 압구정로 436,37.526557,127.04465,,KCISA,KCISA
검법남녀,도래울초등학교,playground,경기도 고양시 덕양구 도래울3로 5,37.631535,126.87074,,KCISA,KCISA
검법남녀,대웅경영개발원,playground,경기도 용인시 처인구 포곡읍 두계로 72,37.281636,127.24102,,KCISA,KCISA
검법남녀,화이트블럭,playground,경기도 파주시 탄현면 헤이리마을길 72,37.7889189,126.699592,,KCISA,KCISA
검법남녀,김포국제공항,playground,서울특별시 강서구 하늘길 112,37.558655,126.79228,,KCISA,KCISA
검법남녀,서강대교,playground,서울특별시 영등포구 여의도동 서강대교,37.536911,126.92495,,KCISA,KCISA
검법남녀,이태원시장,playground,서울특별시 용산구 이태원로14길 6,37.533798,126.99004,,KCISA,KCISA
검법남녀,남대문실탄사격장,playground,"서울특별시 중구 남대문시장길 25-8, 4층",37.5605491,126.9775087,,KCISA,KCISA
검법남녀,성심미용실,playground,인천광역시 강화군 내가면 강화서로 226-2,37.717052,126.39092,,KCISA,KCISA
검법남녀,경인종합상가,playground,인천광역시 남구 경인로 392,37.457639,126.6835,,KCISA,KCISA
검법남녀,흑백사진관 우리,playground,인천광역시 중구 신포로27번길 101,37.473816,126.62016,,KCISA,KCISA
검법남녀,일해냉동,playground,인천광역시 중구 연안부두로 24-1,37.456237,126.60291,,KCISA,KCISA
검법남녀,인천수협가공물류센터,playground,인천광역시 중구 축항대로22번길 39,37.459355,126.5982,,KCISA,KCISA
검법남녀,가톨릭관동대학교,playground,강원도 강릉시 범일로579번길 24,37.736131,128.87401,,KCISA,KCISA
검법남녀,금호아시아나 인재개발원,playground,경기도 용인시 처인구 양지면 양대로 387,37.25659,127.2799,,KCISA,KCISA
검법남녀,용인휴게소,playground,경기도 용인시 처인구 주북로 66-14,37.248328,127.23834,,KCISA,KCISA
검법남녀,대웅경영개발원,playground,경기도 용인시 처인구 포곡읍 두계로 72,37.281636,127.24102,,KCISA,KCISA
검법남녀,부용대,playground,경상북도 안동시 풍천면 광덕솔밭길 72,36.542914,128.51663,,KCISA,KCISA
검법남녀,YTN 뉴스퀘어,playground,서울특별시 마포구 상암산로 76,37.579146,126.89229,,KCISA,KCISA
검법남녀,MBC문화방송 본사,playground,서울특별시 마포구 성암로 267,37.58105,126.89056,,KCISA,KCISA
검법남녀,DMC문화공원,playground,서울특별시 마포구 월드컵북로 366,37.577736,126.89216,,KCISA,KCISA
검법남녀,서울중앙지방법원,playground,서울특별시 서초구 서초중앙로 157,37.496068,127.01148,,KCISA,KCISA
검법남녀,마포대교,playground,서울특별시 영등포구 여의도동 84-5,37.533709,126.9367,,KCISA,KCISA
검법남녀,동작대교,playground,서울특별시 용산구 이촌동 동작대교,37.51041,126.981893,,KCISA,KCISA
검법남녀,용현1.4동,playground,인천광역시 미추홀구 수봉남로18번길 81-22,37.457023,126.6609,,KCISA,KCISA
검사 프린세스,팍스타워,playground,서울특별시 강남구 언주로 609,37.509924,127.03674,,KCISA,KCISA
검사 프린세스,여의서로,playground,서울특별시 영등포구 여의도동,37.533522,126.91482,,KCISA,KCISA
검사 프린세스,이태원랜드,playground,서울특별시 용산구 우사단로14길 34,37.534093,126.99727,,KCISA,KCISA
검사 프린세스,운현궁 양관,playground,서울특별시 종로구 삼일대로 460,37.576111,126.987749,,KCISA,KCISA
검색어를 입력하세요 WWW,등명해변,playground,강원도 강릉시 강동면 정동진리 440-7,37.704451,129.01646,,KCISA,KCISA
검색어를 입력하세요 WWW,농협대학교,playground,경기도 고양시 덕양구 서삼릉길 281,37.657084,126.87348,,KCISA,KCISA
검색어를 입력하세요 WWW,동국대학교 일산 바이오메디융합캠퍼스,playground,경기도 고양시 일산동구 경기도 동국로 32,37.678449,126.80735,,KCISA,KCISA
검색어를 입력하세요 WWW,일산로,playground,경기도 고양시 일산서구 일산로725번길 5-7,37.67888,126.75196,,KCISA,KCISA
검색어를 입력하세요 WWW,킨텍스,playground,경기도 고양시 일산서구 킨텍스로 217-60,37.668805,126.74593,,KCISA,KCISA
검색어를 입력하세요 WWW,원마운트,playground,경기도 고양시 일산서구 한류월드로 300,37.664347,126.754379,,KCISA,KCISA
검색어를 입력하세요 WWW,금토천교,playground,경기도 성남시 분당구 대왕판교로645번길,37.399818,127.10588,,KCISA,KCISA
검색어를 입력하세요 WWW,광교호수공원,playground,경기도 수원시 영통구 광교호수로 57,37.275851,127.06379,,KCISA,KCISA
검색어를 입력하세요 WWW,영복여자고등학교,playground,경기도 수원시 팔달구 장안로7번길 49-1,37.285572,127.00165,,KCISA,KCISA
검색어를 입력하세요 WWW,에버랜드 스피드웨이,playground,경기도 용인시 처인구 포곡읍 에버랜드로 199,37.2896511,127.217242,,KCISA,KCISA
검색어를 입력하세요 WWW,와우정사,playground,경기도 용인시 처인구 해곡로 25-15,37.194157,127.276751,,KCISA,KCISA
검색어를 입력하세요 WWW,플럼라인,playground,경기도 파주시 문발로 165,37.709541,126.6854,,KCISA,KCISA
검색어를 입력하세요 WWW,삼호뮤직,playground,경기도 파주시 문발로 175,37.71026,126.68565,,KCISA,KCISA
검색어를 입력하세요 WWW,경기영어마을 파주캠퍼스,playground,경기도 파주시 탄현면 얼음실로 40,37.7852355,126.703739,,KCISA,KCISA
검색어를 입력하세요 WWW,파주동화경모공원,playground,경기도 파주시 탄현면 헤이리로 98,37.794331,126.69739,,KCISA,KCISA
검색어를 입력하세요 WWW,뜨인돌출판사,playground,경기도 파주시 회동길 337-9,37.716021,126.69167,,KCISA,KCISA
검색어를 입력하세요 WWW,동탄국제고등학교,playground,경기도 화성시 동탄나루로 27,37.1891856,127.078496,,KCISA,KCISA
검색어를 입력하세요 WWW,골프존 조이마루,playground,대전광역시 유성구 엑스포로97번길 40,36.376321,127.39045,,KCISA,KCISA
검색어를 입력하세요 WWW,청와대,playground,서울 종로구 청와대로 1,37.586469,126.97491,,KCISA,KCISA
검색어를 입력하세요 WWW,그랜드힐컨벤션,playground,서울특별시 강남구 대치2동 역삼로 607,37.506062,127.0668,,KCISA,KCISA
검색어를 입력하세요 WWW,강변북로,playground,서울특별시 성동구 옥수동 86,37.540528,127.03633,,KCISA,KCISA
검색어를 입력하세요 WWW,롯데월드타워 아쿠아리움,playground,서울특별시 송파구 올림픽로 300 롯데월드몰 B1,37.512599,127.102714,,KCISA,KCISA
검색어를 입력하세요 WWW,영산아트홀,playground,서울특별시 영등포구 여의공원로 101 지하2층,37.529282,126.92486,,KCISA,KCISA
검색어를 입력하세요 WWW,마포대교,playground,서울특별시 영등포구 여의도동 84-5,37.533709,126.9367,,KCISA,KCISA
검색어를 입력하세요 WWW,동작대교,playground,서울특별시 용산구 이촌동 동작대교,37.51041,126.981893,,KCISA,KCISA
검색어를 입력하세요 WWW,아이즈빌아울렛,playground,인천광역시 부평구 마장로 489,37.521801,126.70363,,KCISA,KCISA
검색어를 입력하세요 WWW,인천국제공항,playground,인천광역시 중구 공항로 272,37.44919,126.4514,,KCISA,KCISA
검색어를 입력하세요 WWW,맹꽁이 오락실,playground,전라북도 전주시 완산구 동문길 6,35.819553,127.153436,,KCISA,KCISA
검색어를 입력하세요 WWW,호서대학교 아산캠퍼스,playground,충청남도 아산시 배방읍 호서로79번길 20,36.7354844,127.074099,,KCISA,KCISA
검은 태양,행주산성공원,playground,경기도 고양시 덕양구 행주외동 140-8,37.598424,126.81911,,KCISA,KCISA
검은 태양,서울마리나 클럽&요트,playground,서울특별시 영등포구 여의서로 160,37.534829,126.91157,,KCISA,KCISA
검은 태양,서울디자인재단,playground,서울특별시 중구 을지로 281,37.566752,127.0101,,KCISA,KCISA
겨울연가,추암해수욕장,playground,강원도 동해시 촛대바위길 2,37.47755,129.1595,,KCISA,KCISA
겨울연가,남이섬,playground,강원도 춘천시 남산면 남이섬길 1,37.789935,127.52581,,KCISA,KCISA
겨울연가,외도 보타니아,playground,경상남도 거제시 일운면 외도길 17,34.769699,128.70886,,KCISA,KCISA
겨울연가,서강대교,playground,서울특별시 영등포구 여의도동 서강대교,37.536911,126.92495,,KCISA,KCISA
겨울연가,후암동성당,playground,서울특별시 용산구 후암로34길 21-8,37.552069,126.97821,,KCISA,KCISA
겨울연가,마로니에 공원,playground,서울특별시 종로구 대학로 104,37.580499,127.00244,,KCISA,KCISA
겨울연가,중앙고등학교,playground,서울특별시 종로구 창덕궁길 164,37.584081,126.986846,,KCISA,KCISA
견우와 선녀,송현근린공원 향적사,playground,인천 제물포구 송현공원로 71-10,37.47902311,126.6412857,https://ys-dl.tistory.com/entry/%EA%B2%AC%EC%9A%B0%EC%99%80-%EC%84%A0%EB%85%80-%EC%B4%AC%EC%98%81%EC%A7%80-8%EA%B3%B3%EC%9D%84-%EC%95%8C%EB%A0%A4%EB%93%9C%EB%A6%BD%EB%8B%88%EB%8B%A4%EC%97%85%EB%8D%B0%EC%9D%B4%ED%8A%B8%EC%A4%91,YSDL,KAKAO
견우와 선녀,초은당,playground,경기 양평군 서종면 북한강로814번길 46-6,37.61142956,127.3539809,https://ys-dl.tistory.com/entry/%EA%B2%AC%EC%9A%B0%EC%99%80-%EC%84%A0%EB%85%80-%EC%B4%AC%EC%98%81%EC%A7%80-8%EA%B3%B3%EC%9D%84-%EC%95%8C%EB%A0%A4%EB%93%9C%EB%A6%BD%EB%8B%88%EB%8B%A4%EC%97%85%EB%8D%B0%EC%9D%B4%ED%8A%B8%EC%A4%91,YSDL,KAKAO
견우와 선녀,아침고요수목원,playground,경기 가평군 상면 수목원로 427,37.74300402,127.3516612,https://ys-dl.tistory.com/entry/%EA%B2%AC%EC%9A%B0%EC%99%80-%EC%84%A0%EB%85%80-%EC%B4%AC%EC%98%81%EC%A7%80-8%EA%B3%B3%EC%9D%84-%EC%95%8C%EB%A0%A4%EB%93%9C%EB%A6%BD%EB%8B%88%EB%8B%A4%EC%97%85%EB%8D%B0%EC%9D%B4%ED%8A%B8%EC%A4%91,YSDL,KAKAO
견우와 선녀,낙산해수욕장,playground,강원특별자치도 양양군 강현면 전진리,38.11587144,128.6357559,https://ys-dl.tistory.com/entry/%EA%B2%AC%EC%9A%B0%EC%99%80-%EC%84%A0%EB%85%80-%EC%B4%AC%EC%98%81%EC%A7%80-8%EA%B3%B3%EC%9D%84-%EC%95%8C%EB%A0%A4%EB%93%9C%EB%A6%BD%EB%8B%88%EB%8B%A4%EC%97%85%EB%8D%B0%EC%9D%B4%ED%8A%B8%EC%A4%91,YSDL,KAKAO
견우와 선녀,죽도암,playground,강원특별자치도 양양군 현남면 새나루길 26,37.9721414,128.7638491,https://ys-dl.tistory.com/entry/%EA%B2%AC%EC%9A%B0%EC%99%80-%EC%84%A0%EB%85%80-%EC%B4%AC%EC%98%81%EC%A7%80-8%EA%B3%B3%EC%9D%84-%EC%95%8C%EB%A0%A4%EB%93%9C%EB%A6%BD%EB%8B%88%EB%8B%A4%EC%97%85%EB%8D%B0%EC%9D%B4%ED%8A%B8%EC%A4%91,YSDL,KAKAO
결혼계약,서울중앙지방법원,playground,서울특별시 서초구 서초중앙로 157,37.496068,127.01148,,KCISA,KCISA
결혼백서,더리버,playground,서울특별시 용산구 용산동6가 451,37.507108,126.98472,,KCISA,KCISA
결혼의 여신,양평 두물머리,playground,경기도 양평군 양서면 양수리,37.532869,127.31599,,KCISA,KCISA
결혼의 여신,제주국제공항,playground,제주특별자치도 제주시 공항로 2,33.506548,126.49304,,KCISA,KCISA
결혼의 완성,송현근린공원 향적사,playground,인천 제물포구 송현공원로 71-10,37.47902311,126.6412857,https://ys-dl.tistory.com/entry/%EA%B2%B0%ED%98%BC%EC%9D%98-%EC%99%84%EC%84%B1-%EC%B4%AC%EC%98%81%EC%A7%80-15%EA%B3%B3%EC%9D%84-%EC%95%8C%EB%A0%A4%EB%93%9C%EB%A6%BD%EB%8B%88%EB%8B%A4%EC%97%85%EB%8D%B0%EC%9D%B4%ED%8A%B8%EC%A4%91,YSDL,KAKAO
결혼의 완성,남양천,playground,경기 화성시 만세구 남양읍 남양리 2365,37.20889799,126.8220838,https://ys-dl.tistory.com/entry/%EA%B2%B0%ED%98%BC%EC%9D%98-%EC%99%84%EC%84%B1-%EC%B4%AC%EC%98%81%EC%A7%80-15%EA%B3%B3%EC%9D%84-%EC%95%8C%EB%A0%A4%EB%93%9C%EB%A6%BD%EB%8B%88%EB%8B%A4%EC%97%85%EB%8D%B0%EC%9D%B4%ED%8A%B8%EC%A4%91,YSDL,KAKAO
결혼작사 이혼작곡,경기영어마을 파주캠퍼스,playground,경기도 파주시 탄현면 얼음실로 40,37.7852355,126.703739,,KCISA,KCISA
결혼해YOU,청일조계지경계계단,playground,인천 제물포구 관동1가 24,37.47408049,126.6200491,https://ys-dl.tistory.com/entry/%EA%B2%B0%ED%98%BC%ED%95%B4YOU-%EC%B4%AC%EC%98%81%EC%A7%80-3%EA%B3%B3%EC%9D%84-%EC%95%8C%EB%A0%A4%EB%93%9C%EB%A6%BD%EB%8B%88%EB%8B%A4%EC%97%85%EB%8D%B0%EC%9D%B4%ED%8A%B8%EC%A4%91,YSDL,KAKAO
결혼해YOU,인천시민애집,playground,인천 제물포구 신포로39번길 74,37.47428483,126.6227997,https://ys-dl.tistory.com/entry/%EA%B2%B0%ED%98%BC%ED%95%B4YOU-%EC%B4%AC%EC%98%81%EC%A7%80-3%EA%B3%B3%EC%9D%84-%EC%95%8C%EB%A0%A4%EB%93%9C%EB%A6%BD%EB%8B%88%EB%8B%A4%EC%97%85%EB%8D%B0%EC%9D%B4%ED%8A%B8%EC%A4%91,YSDL,KAKAO
결혼해YOU,송도센트럴파크,playground,인천 연수구 송도동 24-5,37.39306396,126.6386297,https://ys-dl.tistory.com/entry/%EA%B2%B0%ED%98%BC%ED%95%B4YOU-%EC%B4%AC%EC%98%81%EC%A7%80-3%EA%B3%B3%EC%9D%84-%EC%95%8C%EB%A0%A4%EB%93%9C%EB%A6%BD%EB%8B%88%EB%8B%A4%EC%97%85%EB%8D%B0%EC%9D%B4%ED%8A%B8%EC%A4%91,YSDL,KAKAO
경도를 기다리며,난지한강공원,playground,서울 마포구 상암동 495-72,37.56703991,126.8756078,https://ys-dl.tistory.com/entry/%EA%B2%BD%EB%8F%84%EB%A5%BC-%EA%B8%B0%EB%8B%A4%EB%A6%AC%EB%A9%B0-%EC%B4%AC%EC%98%81%EC%A7%80-6%EA%B3%B3%EC%9D%84-%EC%95%8C%EB%A0%A4%EB%93%9C%EB%A6%BD%EB%8B%88%EB%8B%A4%EC%97%85%EB%8D%B0%EC%9D%B4%ED%8A%B8%EC%A4%91,YSDL,KAKAO
경도를 기다리며,한강,playground,서울 영등포구 여의도동,37.52508922,126.9475451,https://ys-dl.tistory.com/entry/%EA%B2%BD%EB%8F%84%EB%A5%BC-%EA%B8%B0%EB%8B%A4%EB%A6%AC%EB%A9%B0-%EC%B4%AC%EC%98%81%EC%A7%80-6%EA%B3%B3%EC%9D%84-%EC%95%8C%EB%A0%A4%EB%93%9C%EB%A6%BD%EB%8B%88%EB%8B%A4%EC%97%85%EB%8D%B0%EC%9D%B4%ED%8A%B8%EC%A4%91,YSDL,KAKAO
경도를 기다리며,여의도한강공원,playground,서울 영등포구 여의도동 85,37.5263886,126.9351293,https://ys-dl.tistory.com/entry/%EA%B2%BD%EB%8F%84%EB%A5%BC-%EA%B8%B0%EB%8B%A4%EB%A6%AC%EB%A9%B0-%EC%B4%AC%EC%98%81%EC%A7%80-6%EA%B3%B3%EC%9D%84-%EC%95%8C%EB%A0%A4%EB%93%9C%EB%A6%BD%EB%8B%88%EB%8B%A4%EC%97%85%EB%8D%B0%EC%9D%B4%ED%8A%B8%EC%A4%91,YSDL,KAKAO
경도를 기다리며,용산가족공원,playground,서울 용산구 서빙고로 137,37.52186592,126.9828336,https://ys-dl.tistory.com/entry/%EA%B2%BD%EB%8F%84%EB%A5%BC-%EA%B8%B0%EB%8B%A4%EB%A6%AC%EB%A9%B0-%EC%B4%AC%EC%98%81%EC%A7%80-6%EA%B3%B3%EC%9D%84-%EC%95%8C%EB%A0%A4%EB%93%9C%EB%A6%BD%EB%8B%88%EB%8B%A4%EC%97%85%EB%8D%B0%EC%9D%B4%ED%8A%B8%EC%A4%91,YSDL,KAKAO
경도를 기다리며,국립극장 달오름극장,playground,서울 중구 장충단로 59,37.55313999,127.0000272,https://ys-dl.tistory.com/entry/%EA%B2%BD%EB%8F%84%EB%A5%BC-%EA%B8%B0%EB%8B%A4%EB%A6%AC%EB%A9%B0-%EC%B4%AC%EC%98%81%EC%A7%80-6%EA%B3%B3%EC%9D%84-%EC%95%8C%EB%A0%A4%EB%93%9C%EB%A6%BD%EB%8B%88%EB%8B%A4%EC%97%85%EB%8D%B0%EC%9D%B4%ED%8A%B8%EC%A4%91,YSDL,KAKAO
경도를 기다리며,마로니에공원,playground,서울 종로구 대학로 104,37.58028876,127.0028257,https://ys-dl.tistory.com/entry/%EA%B2%BD%EB%8F%84%EB%A5%BC-%EA%B8%B0%EB%8B%A4%EB%A6%AC%EB%A9%B0-%EC%B4%AC%EC%98%81%EC%A7%80-6%EA%B3%B3%EC%9D%84-%EC%95%8C%EB%A0%A4%EB%93%9C%EB%A6%BD%EB%8B%88%EB%8B%A4%EC%97%85%EB%8D%B0%EC%9D%B4%ED%8A%B8%EC%A4%91,YSDL,KAKAO
경도를 기다리며,서래섬,playground,서울 서초구 반포동 137-41,37.50802101,126.9899294,https://ys-dl.tistory.com/entry/%EA%B2%BD%EB%8F%84%EB%A5%BC-%EA%B8%B0%EB%8B%A4%EB%A6%AC%EB%A9%B0-%EC%B4%AC%EC%98%81%EC%A7%80-6%EA%B3%B3%EC%9D%84-%EC%95%8C%EB%A0%A4%EB%93%9C%EB%A6%BD%EB%8B%88%EB%8B%A4%EC%97%85%EB%8D%B0%EC%9D%B4%ED%8A%B8%EC%A4%91,YSDL,KAKAO
경도를 기다리며,킨텍스,playground,경기 고양시 일산서구 킨텍스로 217-60,37.6689333,126.7458026,https://ys-dl.tistory.com/entry/%EA%B2%BD%EB%8F%84%EB%A5%BC-%EA%B8%B0%EB%8B%A4%EB%A6%AC%EB%A9%B0-%EC%B4%AC%EC%98%81%EC%A7%80-6%EA%B3%B3%EC%9D%84-%EC%95%8C%EB%A0%A4%EB%93%9C%EB%A6%BD%EB%8B%88%EB%8B%A4%EC%97%85%EB%8D%B0%EC%9D%B4%ED%8A%B8%EC%A4%91,YSDL,KAKAO
경도를 기다리며,육림랜드,playground,강원특별자치도 춘천시 영서로 2965,37.91866487,127.7202756,https://ys-dl.tistory.com/entry/%EA%B2%BD%EB%8F%84%EB%A5%BC-%EA%B8%B0%EB%8B%A4%EB%A6%AC%EB%A9%B0-%EC%B4%AC%EC%98%81%EC%A7%80-6%EA%B3%B3%EC%9D%84-%EC%95%8C%EB%A0%A4%EB%93%9C%EB%A6%BD%EB%8B%88%EB%8B%A4%EC%97%85%EB%8D%B0%EC%9D%B4%ED%8A%B8%EC%A4%91,YSDL,KAKAO
경도를 기다리며,기성망양해수욕장,playground,경북 울진군 기성면 망양리,36.84231677,129.4350056,https://ys-dl.tistory.com/entry/%EA%B2%BD%EB%8F%84%EB%A5%BC-%EA%B8%B0%EB%8B%A4%EB%A6%AC%EB%A9%B0-%EC%B4%AC%EC%98%81%EC%A7%80-6%EA%B3%B3%EC%9D%84-%EC%95%8C%EB%A0%A4%EB%93%9C%EB%A6%BD%EB%8B%88%EB%8B%A4%EC%97%85%EB%8D%B0%EC%9D%B4%ED%8A%B8%EC%A4%91,YSDL,KAKAO
경우의 수,헌화로드라이브코스,playground,강원도 강릉시 강동면 심곡리 헌화로,37.664267,129.05459,,KCISA,KCISA
경우의 수,경기영어마을 파주캠퍼스,playground,경기도 파주시 탄현면 얼음실로 40,37.7852355,126.703739,,KCISA,KCISA
경우의 수,화이트블럭,playground,경기도 파주시 탄현면 헤이리마을길 72,37.7889189,126.699592,,KCISA,KCISA
경우의 수,청려수련원,playground,경기도 화성시 풀무골로110번길 69,37.20499,127.145909,,KCISA,KCISA
경우의 수,방화대교,playground,서울특별시 강서구 방화동 방화대교,37.588281,126.82685,,KCISA,KCISA
경우의 수,동교로46길,playground,서울특별시 마포구 동교로46길,37.562063,126.92624,,KCISA,KCISA
경우의 수,가온문화공원,playground,서울특별시 마포구 상암동 1594,37.58181,126.88765,,KCISA,KCISA
경우의 수,성미산로26길,playground,서울특별시 마포구 성미산로26길 35,37.562369,126.92334,,KCISA,KCISA
경우의 수,성미산로29길,playground,서울특별시 마포구 성미산로29길 3,37.564235,126.92285,,KCISA,KCISA
경우의 수,엘리카메라,playground,서울특별시 마포구 성미산로29길 30-3 102호,37.565476,126.92217,,KCISA,KCISA
경우의 수,어울마당로,playground,서울특별시 마포구 어울마당로,37.55003,126.92113,,KCISA,KCISA
경우의 수,성수역,playground,서울특별시 성동구 아차산로 100,37.544575,127.05598,,KCISA,KCISA
경우의 수,성수동카페거리,playground,서울특별시 성동구 아차산로 92-1,37.542965,127.05659,,KCISA,KCISA
경우의 수,도림로,playground,서울특별시 영등포구 도림로 436-11,37.514911,126.89485,,KCISA,KCISA
경우의 수,여의도공원,playground,서울특별시 영등포구 여의공원로 68,37.5281241,126.925754,,KCISA,KCISA
경우의 수,서강대교,playground,서울특별시 영등포구 여의도동 서강대교,37.536911,126.92495,,KCISA,KCISA
경우의 수,한강 공원 여의도 지구,playground,서울특별시 영등포구 여의동로 290,37.5290674,126.936218,,KCISA,KCISA
경우의 수,해방촌 신흥시장,playground,서울특별시 용산구 신흥로 95-9,37.545443,126.98494,,KCISA,KCISA
경우의 수,연서로50길,playground,서울특별시 은평구 연서로50길 7-12,37.641383,126.93903,,KCISA,KCISA
경우의 수,북촌로11길,playground,서울특별시 종로구 북촌로11길 52,37.582967,126.98348,,KCISA,KCISA
경우의 수,옥인오락실,playground,서울특별시 종로구 옥인길 28,37.58094,126.9672,,KCISA,KCISA
경우의 수,안국동 윤보선가,playground,서울특별시 종로구 윤보선길 62,37.57853,126.9834,,KCISA,KCISA
경우의 수,이상의 집,playground,서울특별시 종로구 자하문로7길 18,37.578602,126.970851,,KCISA,KCISA
경우의 수,서울파이낸스센터,playground,서울특별시 중구 세종대로 136,37.5684113,126.977714,,KCISA,KCISA
경우의 수,남산 케이블카,playground,서울특별시 중구 소파로 83,37.556593,126.98404,,KCISA,KCISA
경우의 수,용마랜드,playground,서울특별시 중랑구 망우로70길 118,37.594468,127.105556,,KCISA,KCISA
경우의 수,해든뮤지움,playground,인천광역시 강화군 길상면 장흥로101번길 44,37.61204,126.5089,,KCISA,KCISA
경우의 수,인천국제공항,playground,인천광역시 중구 공항로 272,37.44919,126.4514,,KCISA,KCISA
경우의 수,소심한책방,playground,제주특별자치도 제주시 구좌읍 종달동길 29-6,33.491445,126.90309,,KCISA,KCISA
경우의 수,용눈이오름,playground,제주특별자치도 제주시 구좌읍 종달리 산 38,33.458681,126.83005,,KCISA,KCISA
경우의 수,책방소리소문,playground,제주특별자치도 제주시 한경면 저지동길 8-31,33.358009,126.27169,,KCISA,KCISA
경우의 수 ,덕수궁 돌담길,playground,서울특별시 중구 세종대로 99,37.565924,126.97501,,KCISA,KCISA
경이로운 소문,쉴낙원 김포장례식장,playground,경기도 김포시 승가로58번길 7,37.607202,126.71541,,KCISA,KCISA
경이로운 소문,동화컬처빌리지,playground,경기도 남양주시 화도읍 북한강로 1708-38,37.659675,127.37391,,KCISA,KCISA
경이로운 소문,로케이션 이음 (구 로얄퀘스트),playground,경기도 파주시 탄현면 새오리로286번길 48-70,37.713531,126.74641,,KCISA,KCISA
경이로운 소문,용현1.4동,playground,인천광역시 미추홀구 수봉남로18번길 81-22,37.457023,126.6609,,KCISA,KCISA
경이로운 소문,랜드마크시티 1호 체육공원,playground,인천 연수구 송도동 330-1,37.40844708,126.6302008,https://ys-dl.tistory.com/entry/%EA%B2%BD%EC%9D%B4%EB%A1%9C%EC%9A%B4-%EC%86%8C%EB%AC%B82-%EC%B4%AC%EC%98%81%EC%A7%80-2%EA%B3%B3%EC%9D%84-%EC%95%8C%EB%A0%A4%EB%93%9C%EB%A6%BD%EB%8B%88%EB%8B%A4%EC%97%85%EB%8D%B0%EC%9D%B4%ED%8A%B8%EC%A4%91,YSDL,KAKAO
경이로운 소문,고양시선인장전시관,playground,경기 고양시 일산동구 호수로 595,37.6575036,126.7613879,https://ys-dl.tistory.com/entry/%EA%B2%BD%EC%9D%B4%EB%A1%9C%EC%9A%B4-%EC%86%8C%EB%AC%B82-%EC%B4%AC%EC%98%81%EC%A7%80-2%EA%B3%B3%EC%9D%84-%EC%95%8C%EB%A0%A4%EB%93%9C%EB%A6%BD%EB%8B%88%EB%8B%A4%EC%97%85%EB%8D%B0%EC%9D%B4%ED%8A%B8%EC%A4%91,YSDL,KAKAO
경이로운 소문,익산 교도소 세트장,playground,전북특별자치도 익산시 성당면 함낭로 207,36.06945155,126.930603,https://ys-dl.tistory.com/entry/%EA%B2%BD%EC%9D%B4%EB%A1%9C%EC%9A%B4-%EC%86%8C%EB%AC%B82-%EC%B4%AC%EC%98%81%EC%A7%80-2%EA%B3%B3%EC%9D%84-%EC%95%8C%EB%A0%A4%EB%93%9C%EB%A6%BD%EB%8B%88%EB%8B%A4%EC%97%85%EB%8D%B0%EC%9D%B4%ED%8A%B8%EC%A4%91,YSDL,KAKAO
경찰수업,이촌로29길,playground,서울특별시 용산구 이촌로29길,37.525257,126.96103,,KCISA,KCISA
경찰수업,서울로7017,playground,서울특별시 중구 청파로 432,37.556524,126.97375,,KCISA,KCISA
경찰수업,스테이트 타워 남산,playground,서울특별시 중구 퇴계로 100,37.560342,126.98297,,KCISA,KCISA
경찰수업,한국기술교육대학교 제1캠퍼스,playground,충청남도 천안시 동남구 병천면 충절로 1600,36.763684,127.28196,,KCISA,KCISA
계룡선녀전,용추폭포,playground,경기도 가평군 가평읍 승안리 산225,37.855003,127.48129,,KCISA,KCISA
계룡선녀전,동춘상회,playground,경기도 용인시 기흥구 동백죽전대로175번길 6,37.257691,127.16008,,KCISA,KCISA
계룡선녀전,미메시스 아트 뮤지엄,playground,경기도 파주시 문발동 253,37.716786,126.68877,,KCISA,KCISA
계룡선녀전,함양 함화루,playground,경상남도 함양군 함양읍 운림리,35.524592,127.71884,,KCISA,KCISA
계룡선녀전,문경새재촬영장 (오픈세트장),playground,경상북도 문경시 문경읍 새재로 1037,36.771097,128.073937,,KCISA,KCISA
계룡선녀전,부석사,playground,경상북도 영주시 부석면 부석사로 345,36.998776,128.68753,,KCISA,KCISA
계룡선녀전,선릉로157길,playground,서울특별시 강남구 선릉로157길 25,37.526147,127.03769,,KCISA,KCISA
계룡선녀전,강북 메가스터디학원,playground,서울특별시 노원구 노해로 459,37.654197,127.05905,,KCISA,KCISA
계룡선녀전,서울시립대학교,playground,서울특별시 동대문구 서울시립대로 163,37.583383,127.059971,,KCISA,KCISA
계룡선녀전,은행어린이공원,playground,서울특별시 마포구 성미산로29길 17-3,35.564575,124.92228,,KCISA,KCISA
계룡선녀전,성미산로29길,playground,서울특별시 마포구 성미산로29길 3,37.564235,126.92285,,KCISA,KCISA
계룡선녀전,도화소어린이공원,playground,서울특별시 마포구 토정로37길 22,37.540997,126.94534,,KCISA,KCISA
계룡선녀전,이화여대길,playground,서울특별시 서대문구 이화여대길,37.561923,126.94703,,KCISA,KCISA
계룡선녀전,세빛섬,playground,서울특별시 서초구 올림픽대로 683,37.512019,126.9953,,KCISA,KCISA
계룡선녀전,문화역서울284,playground,서울특별시 중구 통일로 1,37.555944,126.971594,,KCISA,KCISA
계룡선녀전,합동직업소개소,playground,전라남도 목포시 해안로249번길 3,34.786778,126.38836,,KCISA,KCISA
계룡선녀전,신원사,playground,충청남도 공주시 계룡면 신원사동길 1,36.335189,127.18399,,KCISA,KCISA
계룡선녀전,부소산성,playground,충청남도 부여군 부여읍 부소로 15,36.287052,126.91527,,KCISA,KCISA
계백,백제문화단지,playground,충청남도 부여군 규암면 백제문로 455,36.3069,126.9066,,KCISA,KCISA
고교처세왕,남이섬,playground,강원도 춘천시 남산면 남이섬길 1,37.789935,127.52581,,KCISA,KCISA
고교처세왕,인천보건고등학교,playground,인천광역시 서구 서달로 58-16,37.50473,126.681,,KCISA,KCISA
고백부부,신동카페거리,playground,경기도 수원시 영통구 신동 신동카페거리,37.247646,127.04307,,KCISA,KCISA
고백부부,퍼스트가든,playground,경기도 파주시 탑삭골길 260,37.7321551,126.793933,,KCISA,KCISA
고백부부,로데오프라자,playground,서울특별시 광진구 동일로20길 106,37.539512,127.06924,,KCISA,KCISA
고백부부,덕성여자대학교,playground,서울특별시 도봉구 삼양로144길 39,37.65247,127.0158,,KCISA,KCISA
고백부부,하늘공원,playground,서울특별시 마포구 하늘공원로 95,37.567465,126.88546,,KCISA,KCISA
고백부부,서울중앙지방법원,playground,서울특별시 서초구 서초중앙로 157,37.496068,127.01148,,KCISA,KCISA
고백부부,경복궁,playground,서울특별시 종로구 사직로 161,37.5806736,126.976952,,KCISA,KCISA
고스트 닥터,청아공원기독교전용관,playground,경기도 고양시 일산동구 은마길 129,37.719031,126.80572,,KCISA,KCISA
고스트 닥터,의정부을지대학교병원,playground,경기도 의정부시 동일로 712,37.751679,127.05026,,KCISA,KCISA
고스트 닥터,마포대교,playground,서울특별시 영등포구 여의도동 84-5,37.533709,126.9367,,KCISA,KCISA
고스트 닥터,원효대교,playground,서울특별시 영등포구 여의도동 원효대교,37.527046,126.94571,,KCISA,KCISA
고스트 닥터,북촌로5길,playground,서울특별시 종로구 북촌로5길,37.579567,126.98216,,KCISA,KCISA
고스트 닥터,송도컨벤시아,playground,인천광역시 연수구 센트럴로 123,37.389109,126.64613,,KCISA,KCISA
고스트 닥터,엔씨큐브,playground,인천광역시 연수구 아트센터대로 87,37.402243,126.64027,,KCISA,KCISA
고품격 짝사랑,일산호수공원,playground,경기도 고양시 일산동구 호수로 731,37.658769,126.76252,,KCISA,KCISA
고품격 짝사랑,누리꿈스퀘어빌딩,playground,서울특별시 마포구 월드컵북로 396,37.579272,126.89028,,KCISA,KCISA
고품격 짝사랑,서강대교,playground,서울특별시 영등포구 여의도동 서강대교,37.536911,126.92495,,KCISA,KCISA
고품격 짝사랑,대학로,playground,서울특별시 종로구 동숭동 대학로,37.60615,126.96815,,KCISA,KCISA
고호의 별이 빛나는 밤에,쁘띠프랑스,playground,경기도 가평군 청평면 호반로 1063,37.714908,127.490287,,KCISA,KCISA
고호의 별이 빛나는 밤에,일산 비버리 힐스,playground,경기도 고양시 일산동구 강송로218번길 40,37.658382,126.78377,,KCISA,KCISA
고호의 별이 빛나는 밤에,일산호수공원,playground,경기도 고양시 일산동구 호수로 731,37.658769,126.76252,,KCISA,KCISA
고호의 별이 빛나는 밤에,디에이치케이솔루션빌딩,playground,경기도 성남시 분당구 판교로255번길 28,37.405351,127.10059,,KCISA,KCISA
고호의 별이 빛나는 밤에,유스페이스,playground,경기도 성남시 분당구 판교역로 233-1,37.4015815,127.107411,,KCISA,KCISA
고호의 별이 빛나는 밤에,스파지오스튜디오,playground,서울특별시 강남구 논현로136길 15,37.51627,127.03129,,KCISA,KCISA
골드랜드,남부민방파제,playground,부산 서구 남부민동,35.0856242,129.0286258,https://ys-dl.tistory.com/entry/%EA%B3%A8%EB%93%9C%EB%9E%9C%EB%93%9C-%EC%B4%AC%EC%98%81%EC%A7%80-19%EA%B3%B3%EC%9D%84-%EC%95%8C%EB%A0%A4%EB%93%9C%EB%A6%BD%EB%8B%88%EB%8B%A4%EC%97%85%EB%8D%B0%EC%9D%B4%ED%8A%B8%EC%A4%91,YSDL,KAKAO
공작도시,뮤지엄 산,playground,강원도 원주시 지정면 오크밸리2길 260,37.418903,127.82302,,KCISA,KCISA
공주의 남자,경복궁,playground,서울특별시 종로구 사직로 161,37.5806736,126.976952,,KCISA,KCISA
공항 가는 길,안성팜랜드,playground,경기도 안성시 공도읍 대신두길 28,36.9904684,127.194467,,KCISA,KCISA
공항 가는 길,장욱진미술문화재단,playground,경기도 용인시 기흥구 마북로 119-8,37.301062,127.120499,,KCISA,KCISA
공항 가는 길,용인공원,playground,경기도 용인시 처인구 모현읍 새래로 158-33,37.298496,127.2542,,KCISA,KCISA
공항 가는 길,종달초등학교,playground,경기도 파주시 탄현면 약산골길 91-21,37.7713832,126.89705,,KCISA,KCISA
공항 가는 길,화이트블럭,playground,경기도 파주시 탄현면 헤이리마을길 72,37.7889189,126.699592,,KCISA,KCISA
공항 가는 길,낙천정 나들목,playground,서울특별시 광진구 자양2동 576-1,37.527348,127.08442,,KCISA,KCISA
공항 가는 길,반포대교,playground,서울특별시 서초구 반포동 반포대교,37.512187,126.9976,,KCISA,KCISA
공항 가는 길,우리옛돌박물관,playground,서울특별시 성북구 대사관로13길 66,37.600825,126.990155,,KCISA,KCISA
공항 가는 길,롯데월드,playground,서울특별시 송파구 올림픽로 240,37.5112601,127.097998,,KCISA,KCISA
공항 가는 길,이태원동 고가도로,playground,서울특별시 용산구 이태원동 488,37.543444,126.98894,,KCISA,KCISA
공항 가는 길,인천국제공항,playground,인천광역시 중구 공항로 272,37.44919,126.4514,,KCISA,KCISA
공항 가는 길,한울랜드,playground,제주특별자치도 제주시 서해안로 671,33.497264,126.74988,,KCISA,KCISA
공항 가는 길,신창풍차해안 등대,playground,제주특별자치도 제주시 한경면 신창리 1481-14,33.34543,126.1693,,KCISA,KCISA
광장,사비나미술관,playground,서울 은평구 진관1로 93,37.63011757,126.9292696,https://ys-dl.tistory.com/entry/%EA%B4%91%EC%9E%A5-%EC%B4%AC%EC%98%81%EC%A7%80-3%EA%B3%B3%EC%9D%84-%EC%95%8C%EB%A0%A4%EB%93%9C%EB%A6%BD%EB%8B%88%EB%8B%A4%EC%97%85%EB%8D%B0%EC%9D%B4%ED%8A%B8%EC%A4%91,YSDL,KAKAO
광장,대원정사,playground,서울 용산구 두텁바위로60길 49,37.54894377,126.9833876,https://ys-dl.tistory.com/entry/%EA%B4%91%EC%9E%A5-%EC%B4%AC%EC%98%81%EC%A7%80-3%EA%B3%B3%EC%9D%84-%EC%95%8C%EB%A0%A4%EB%93%9C%EB%A6%BD%EB%8B%88%EB%8B%A4%EC%97%85%EB%8D%B0%EC%9D%B4%ED%8A%B8%EC%A4%91,YSDL,KAKAO
광장,북서울꿈의숲,playground,서울 강북구 월계로 173,37.62360651,127.0415725,https://ys-dl.tistory.com/entry/%EA%B4%91%EC%9E%A5-%EC%B4%AC%EC%98%81%EC%A7%80-3%EA%B3%B3%EC%9D%84-%EC%95%8C%EB%A0%A4%EB%93%9C%EB%A6%BD%EB%8B%88%EB%8B%A4%EC%97%85%EB%8D%B0%EC%9D%B4%ED%8A%B8%EC%A4%91,YSDL,KAKAO
"괜찮아, 사랑이야",명지병원,playground,경기도 고양시 덕양구 화수로14번길 55,37.642163,126.83022,,KCISA,KCISA
"괜찮아, 사랑이야",뜨인돌출판사,playground,경기도 파주시 회동길 337-9,37.716021,126.69167,,KCISA,KCISA
"괜찮아, 사랑이야",비둘기낭폭포,playground,경기도 포천시 영북면 대회산리 415-2,38.079827,127.217505,,KCISA,KCISA
"괜찮아, 사랑이야",와우산로22길,playground,서울특별시 마포구 와우산로22길 34,37.55098,126.9241,,KCISA,KCISA
"괜찮아, 사랑이야",응봉산 팔각정,playground,서울특별시 성동구 독서당로60길 13-1,37.547805,127.029886,,KCISA,KCISA
괴리와 냉소,송정해수욕장,playground,부산 해운대구 송정동,35.17859143,129.1997055,https://ys-dl.tistory.com/entry/%EA%B4%B4%EB%A6%AC%EC%99%80-%EB%83%89%EC%86%8C-%EC%B4%AC%EC%98%81%EC%A7%80-4%EA%B3%B3%EC%9D%84-%EC%95%8C%EB%A0%A4%EB%93%9C%EB%A6%BD%EB%8B%88%EB%8B%A4%EC%97%85%EB%8D%B0%EC%9D%B4%ED%8A%B8%EC%A4%91,YSDL,KAKAO
괴물,청풍정,playground,충청북도 옥천군 군북면 석호길 300-1,36.3697916,127.5904654,,KCISA,KCISA
괴물,부소담악,playground,충청북도 옥천군 군북면 추소리 759,36.352066,127.560907,,KCISA,KCISA
괴물,장계관광지,playground,충청북도 옥천군 안내면 장계리 산5-4,36.3770755,127.6367274,,KCISA,KCISA
괴물,만양정육점,playground,충청북도 옥천군 옥천읍 마암1길 5,36.292839,127.56651,,KCISA,KCISA
괴물,옥천성당,playground,충청북도 옥천군 옥천읍 중앙로 91,36.305017,127.571182,,KCISA,KCISA
구경이,소금산 출렁다리,playground,강원도 원주시 지정면 소금산길 12,37.368213,127.824977,,KCISA,KCISA
구경이,수원컨벤션센터,playground,경기도 수원시 영통구 광교중앙로 140,37.285809,127.05932,,KCISA,KCISA
구경이,동피랑 벽화마을,playground,경상남도 통영시 동피랑1길 6-18,34.845641,128.427523,,KCISA,KCISA
구경이,엑스코(EXCO),playground,대구광역시 북구 엑스코로 10,35.908243,128.61474,,KCISA,KCISA
구경이,대전대학교,playground,대전광역시 동구 대학로 62,36.336274,127.46021,,KCISA,KCISA
구경이,파르나스타워,playground,서울특별시 강남구 테헤란로 521,37.50947,127.0614,,KCISA,KCISA
구경이,김포국제공항,playground,서울특별시 강서구 하늘길 112,37.558655,126.79228,,KCISA,KCISA
구경이,한강 공원 여의도 지구,playground,서울특별시 영등포구 여의동로 290,37.5290674,126.936218,,KCISA,KCISA
구경이,서울마리나 클럽&요트,playground,서울특별시 영등포구 여의서로 160,37.534829,126.91157,,KCISA,KCISA
구경이,한국장애인문화예술원,playground,서울특별시 종로구 대학로 112,37.580631,127.00237,,KCISA,KCISA
구경이,세운상가,playground,서울특별시 종로구 청계천로 159,37.569982,126.99516,,KCISA,KCISA
구경이,서울로7017,playground,서울특별시 중구 청파로 432,37.556524,126.97375,,KCISA,KCISA
구경이,문화역서울284,playground,서울특별시 중구 통일로 1,37.555944,126.971594,,KCISA,KCISA
구경이,월미문화의거리,playground,인천광역시 중구 북성동1가 98-57,37.475057,126.59747,,KCISA,KCISA
구경이,월미테마파크,playground,인천광역시 중구 월미문화로 81,37.471305,126.59629,,KCISA,KCISA
구르미 그린 달빛,아침고요수목원,playground,경기도 가평군 상면 수목원로 432,37.742485,127.35173,,KCISA,KCISA
구르미 그린 달빛,화성행궁,playground,경기도 수원시 팔달구 정조로 825 ,37.2818191,127.013426,,KCISA,KCISA
구르미 그린 달빛,고성장산숲,playground,경상남도 고성군 마암면 장산리 230-2,35.058982,128.32671,,KCISA,KCISA
구르미 그린 달빛,반곡지,playground,경상북도 경산시 남산면 반곡리 246,35.780498,128.806454,,KCISA,KCISA
구르미 그린 달빛,영주소수서원,playground,경상북도 영주시 순흥면 소백로 2740,36.925493,128.58029,,KCISA,KCISA
구르미 그린 달빛,광화문 광장,playground,서울특별시 종로구 세종대로 175,37.5706546,126.976661,,KCISA,KCISA
구르미 그린 달빛,창덕궁,playground,서울특별시 종로구 율곡로 99,37.582757,126.991295,,KCISA,KCISA
구르미 그린 달빛,광한루원,playground,전라북도 남원시 요천로 1447,35.403918,127.379758,,KCISA,KCISA
구르미 그린 달빛,부안영상테마파크,playground,전라북도 부안군 반석면 격포로 309-64,35.620633,126.48247,,KCISA,KCISA
구르미 그린 달빛,경기전,playground,전라북도 전주시 완산구 태조로 44,35.815488,127.149771,,KCISA,KCISA
구르미 그린 달빛,전주향교,playground,전라북도 전주시 완산구 향교길 139,35.81291,127.1572,,KCISA,KCISA
구르미 그린 달빛,칠지공원,playground,충청남도 부여군 규암면 신리 480,36.290688,126.90089,,KCISA,KCISA
구르미 그린 달빛,문헌서원,playground,충청남도 서천군 기산면 서원로172번길 66,36.091799,126.78549,,KCISA,KCISA
구미호뎐,일산호수공원,playground,경기도 고양시 일산동구 호수로 731,37.658769,126.76252,,KCISA,KCISA
구미호뎐,김포 라베니체,playground,경기도 김포시 김포한강2로23번길 74,37.6433291,126.6772804,,KCISA,KCISA
구미호뎐,라베니체 마치에비뉴,playground,경기도 김포시 김포한강4로 12,40.6406462,129.678802,,KCISA,KCISA
구미호뎐,재인폭포,playground,경기도 연천군 연천읍 부곡리 193,38.076823,127.14318,,KCISA,KCISA
구미호뎐,한국민속촌,playground,경기도 용인시 기흥구 민속촌로 90,37.260092,127.12036,,KCISA,KCISA
구미호뎐,용인 대장금 파크,playground,경기도 용인시 처인구 백암면 용천드라마길 25,37.1209396,127.337296,,KCISA,KCISA
구미호뎐,퍼스트가든,playground,경기도 파주시 탑삭골길 260,37.7321551,126.793933,,KCISA,KCISA
구미호뎐,운정장례식장,playground,경기도 파주시 하늘채길 35,37.756052,126.75281,,KCISA,KCISA
구미호뎐,"해금강마을, 거제도",playground,경상남도 거제시 남부면 갈곶리 해금강마을,37.558888,126.93903,,KCISA,KCISA
구미호뎐,상족암군립공원,playground,경상남도 고성군 하이면 덕명리 50-1,34.904154,128.15034,,KCISA,KCISA
구미호뎐,더라빌 아트센터,playground,서울특별시 강남구 봉은사로 531,37.5151248,127.056921,,KCISA,KCISA
구미호뎐,성신여자대학교 운정그린캠퍼스,playground,서울특별시 강북구 도봉로76가길 55,37.632219,127.0273,,KCISA,KCISA
구미호뎐,건국대학교,playground,서울특별시 광진구 능동로 120,37.5425241,127.073699,,KCISA,KCISA
구미호뎐,CJ ENM,playground,서울특별시 마포구 상암산로 66,37.578581,126.89189,,KCISA,KCISA
구미호뎐,은행어린이공원,playground,서울특별시 마포구 성미산로29길 17-3,37.564575,126.92228,,KCISA,KCISA
구미호뎐,아리수 스트로 공연장,playground,서울특별시 서대문구 창천동 31-119,37.558898,126.93903,,KCISA,KCISA
구미호뎐,마포대교,playground,서울특별시 영등포구 여의도동 84-5,37.533709,126.9367,,KCISA,KCISA
구미호뎐,서울기상관측소,playground,서울특별시 종로구 송월길 52,37.57143,126.96623,,KCISA,KCISA
구미호뎐1938,국립기상박물관,playground,서울 종로구 송월길 52,37.57141639,126.9662649,https://ys-dl.tistory.com/entry/%EA%B5%AC%EB%AF%B8%ED%98%B8%EB%8E%901938-%EC%B4%AC%EC%98%81%EC%A7%80-2%EA%B3%B3%EC%9D%84-%EC%95%8C%EB%A0%A4%EB%93%9C%EB%A6%BD%EB%8B%88%EB%8B%A4%EC%97%85%EB%8D%B0%EC%9D%B4%ED%8A%B8%EC%A4%91,YSDL,KAKAO
구미호뎐1938,광화문광장,playground,서울 종로구 세종로 1-68,37.57260286,126.9769164,https://ys-dl.tistory.com/entry/%EA%B5%AC%EB%AF%B8%ED%98%B8%EB%8E%901938-%EC%B4%AC%EC%98%81%EC%A7%80-2%EA%B3%B3%EC%9D%84-%EC%95%8C%EB%A0%A4%EB%93%9C%EB%A6%BD%EB%8B%88%EB%8B%A4%EC%97%85%EB%8D%B0%EC%9D%B4%ED%8A%B8%EC%A4%91,YSDL,KAKAO
구미호뎐1938,화적연,playground,경기 포천시 영북면 자일리 산 115-2,38.11505297,127.2627056,https://ys-dl.tistory.com/entry/%EA%B5%AC%EB%AF%B8%ED%98%B8%EB%8E%901938-%EC%B4%AC%EC%98%81%EC%A7%80-2%EA%B3%B3%EC%9D%84-%EC%95%8C%EB%A0%A4%EB%93%9C%EB%A6%BD%EB%8B%88%EB%8B%A4%EC%97%85%EB%8D%B0%EC%9D%B4%ED%8A%B8%EC%A4%91,YSDL,KAKAO
구미호뎐1938,용인대장금파크 관가,playground,경기 용인시 처인구 백암면 용천드라마길 25,37.12160248,127.3376128,https://ys-dl.tistory.com/entry/%EA%B5%AC%EB%AF%B8%ED%98%B8%EB%8E%901938-%EC%B4%AC%EC%98%81%EC%A7%80-2%EA%B3%B3%EC%9D%84-%EC%95%8C%EB%A0%A4%EB%93%9C%EB%A6%BD%EB%8B%88%EB%8B%A4%EC%97%85%EB%8D%B0%EC%9D%B4%ED%8A%B8%EC%A4%91,YSDL,KAKAO
구미호뎐1938,바람의화원 세트장,playground,충북 괴산군 청천면 송문로덕평1길 44-18,36.72666312,127.8057002,https://ys-dl.tistory.com/entry/%EA%B5%AC%EB%AF%B8%ED%98%B8%EB%8E%901938-%EC%B4%AC%EC%98%81%EC%A7%80-2%EA%B3%B3%EC%9D%84-%EC%95%8C%EB%A0%A4%EB%93%9C%EB%A6%BD%EB%8B%88%EB%8B%A4%EC%97%85%EB%8D%B0%EC%9D%B4%ED%8A%B8%EC%A4%91,YSDL,KAKAO
구미호뎐1938,학암포해수욕장,playground,충남 태안군 원북면 옥파로 1163-27,36.8984381,126.2038122,https://ys-dl.tistory.com/entry/%EA%B5%AC%EB%AF%B8%ED%98%B8%EB%8E%901938-%EC%B4%AC%EC%98%81%EC%A7%80-2%EA%B3%B3%EC%9D%84-%EC%95%8C%EB%A0%A4%EB%93%9C%EB%A6%BD%EB%8B%88%EB%8B%A4%EC%97%85%EB%8D%B0%EC%9D%B4%ED%8A%B8%EC%A4%91,YSDL,KAKAO
구미호뎐1938,대전근현대사전시관,playground,대전 중구 중앙로 101,36.32679753,127.420891,https://ys-dl.tistory.com/entry/%EA%B5%AC%EB%AF%B8%ED%98%B8%EB%8E%901938-%EC%B4%AC%EC%98%81%EC%A7%80-2%EA%B3%B3%EC%9D%84-%EC%95%8C%EB%A0%A4%EB%93%9C%EB%A6%BD%EB%8B%88%EB%8B%A4%EC%97%85%EB%8D%B0%EC%9D%B4%ED%8A%B8%EC%A4%91,YSDL,KAKAO
구미호뎐1938,안동군자마을,playground,경북 안동시 와룡면 군자리길 29,36.67374521,128.8022828,https://ys-dl.tistory.com/entry/%EA%B5%AC%EB%AF%B8%ED%98%B8%EB%8E%901938-%EC%B4%AC%EC%98%81%EC%A7%80-2%EA%B3%B3%EC%9D%84-%EC%95%8C%EB%A0%A4%EB%93%9C%EB%A6%BD%EB%8B%88%EB%8B%A4%EC%97%85%EB%8D%B0%EC%9D%B4%ED%8A%B8%EC%A4%91,YSDL,KAKAO
구미호뎐1938,합천영상테마파크,playground,경남 합천군 용주면 합천호수로 757,35.54875124,128.0718461,https://ys-dl.tistory.com/entry/%EA%B5%AC%EB%AF%B8%ED%98%B8%EB%8E%901938-%EC%B4%AC%EC%98%81%EC%A7%80-2%EA%B3%B3%EC%9D%84-%EC%95%8C%EB%A0%A4%EB%93%9C%EB%A6%BD%EB%8B%88%EB%8B%A4%EC%97%85%EB%8D%B0%EC%9D%B4%ED%8A%B8%EC%A4%91,YSDL,KAKAO
구미호뎐1938,삼성궁,playground,경남 하동군 청암면 삼성궁길 13,35.23819671,127.7042557,https://ys-dl.tistory.com/entry/%EA%B5%AC%EB%AF%B8%ED%98%B8%EB%8E%901938-%EC%B4%AC%EC%98%81%EC%A7%80-2%EA%B3%B3%EC%9D%84-%EC%95%8C%EB%A0%A4%EB%93%9C%EB%A6%BD%EB%8B%88%EB%8B%A4%EC%97%85%EB%8D%B0%EC%9D%B4%ED%8A%B8%EC%A4%91,YSDL,KAKAO
구미호뎐1938,고모산성,playground,경북 문경시 마성면 신현리 산 30-3,36.66200981,128.1275558,https://ys-dl.tistory.com/entry/%EA%B5%AC%EB%AF%B8%ED%98%B8%EB%8E%901938-%EC%B4%AC%EC%98%81%EC%A7%80-2%EA%B3%B3%EC%9D%84-%EC%95%8C%EB%A0%A4%EB%93%9C%EB%A6%BD%EB%8B%88%EB%8B%A4%EC%97%85%EB%8D%B0%EC%9D%B4%ED%8A%B8%EC%A4%91,YSDL,KAKAO
구미호뎐1938,문경새재오픈세트장,playground,경북 문경시 문경읍 새재로 1037,36.77139968,128.074072,https://ys-dl.tistory.com/entry/%EA%B5%AC%EB%AF%B8%ED%98%B8%EB%8E%901938-%EC%B4%AC%EC%98%81%EC%A7%80-2%EA%B3%B3%EC%9D%84-%EC%95%8C%EB%A0%A4%EB%93%9C%EB%A6%BD%EB%8B%88%EB%8B%A4%EC%97%85%EB%8D%B0%EC%9D%B4%ED%8A%B8%EC%A4%91,YSDL,KAKAO
구여친클럽,안성팜랜드,playground,경기도 안성시 공도읍 대신두길 28,36.9904684,127.194467,,KCISA,KCISA
구여친클럽,서울특별시 보라매병원,playground,서울특별시 동작구 보라매로5길 20,37.493287,126.92424,,KCISA,KCISA
구여친클럽,망원한강공원,playground,서울특별시 마포구 마포나루길 467,37.55347,126.89816,,KCISA,KCISA
구여친클럽,CJ ENM,playground,서울특별시 마포구 상암산로 66,37.578581,126.89189,,KCISA,KCISA
구여친클럽,어텐션,playground,서울특별시 마포구 와우산로17길 11,37.550068,126.9224,,KCISA,KCISA
구여친클럽,홍대놀이터공원,playground,서울특별시 마포구 와우산로21길 19-3,37.552212,126.92334,,KCISA,KCISA
구여친클럽,서강대교,playground,서울특별시 영등포구 여의도동 서강대교,37.536911,126.92495,,KCISA,KCISA
구여친클럽,이화동 마을박물관,playground,서울특별시 종로구 낙산성곽서1길 14,37.577519,127.00815,,KCISA,KCISA
구여친클럽,율곡로19길,playground,서울특별시 종로구 율곡로19길 68-64,37.5774144,127.007971,,KCISA,KCISA
구여친클럽,충신4나길,playground,서울특별시 종로구 충신4나길,37.576428,127.00771,,KCISA,KCISA
구여친클럽,미추홀타워,playground,인천광역시 연수구 갯벌로 12,37.381795,126.65339,,KCISA,KCISA
구해줘,청도소싸움경기장,playground,경상북도 청도군 화양읍 남성현로 348,35.687482,128.72443,,KCISA,KCISA
국민 여러분!,태하프라자,playground,경기도 고양시 일산동구 위시티2로 19,37.676399,126.81275,,KCISA,KCISA
국민 여러분!,라베니체 마치에비뉴,playground,경기도 김포시 김포한강4로 12,43.6406462,132.678802,,KCISA,KCISA
국민 여러분!,클럽 옥타곤,playground,서울특별시 강남구 논현로 645 뉴힐탑호텔 2,37.511209,127.03167,,KCISA,KCISA
국민 여러분!,청담덕영빌딩,playground,서울특별시 강남구 도산대로 540,37.524555,127.05273,,KCISA,KCISA
국민 여러분!,남금사우나,playground,서울특별시 구로구 개봉로15길 15,37.489842,126.85498,,KCISA,KCISA
국민 여러분!,대륭테크노타운,playground,서울특별시 금천구 가산디지털1로 25,37.46829,126.88644,,KCISA,KCISA
국민 여러분!,서울국립현충원,playground,서울특별시 동작구 현충로 210,37.500612,126.97277,,KCISA,KCISA
국민 여러분!,상장회사회관,playground,서울특별시 마포구 독막로 279,37.545453,126.94464,,KCISA,KCISA
국민 여러분!,명물길,playground,서울특별시 서대문구 명물길 17,37.557856,126.93749,,KCISA,KCISA
국민 여러분!,제일빌딩,playground,서울특별시 영등포구 버드나루로 84,37.525731,126.90937,,KCISA,KCISA
국민 여러분!,동작대교,playground,서울특별시 용산구 이촌동 동작대교,37.51041,126.981893,,KCISA,KCISA
국민 여러분!,청계천,playground,서울특별시 종로구 서린동 148,37.569205,126.97791,,KCISA,KCISA
국민 여러분!,무교로,playground,서울특별시 중구 무교동 무교로,37.567385,126.97923,,KCISA,KCISA
국민 여러분!,인천국제공항,playground,인천광역시 중구 공항로 272,37.44919,126.4514,,KCISA,KCISA
국민사형투표,가온문화공원,playground,서울 마포구 상암동 1594,37.58191481,126.8876787,https://ys-dl.tistory.com/entry/%EA%B5%AD%EB%AF%BC%EC%82%AC%ED%98%95%ED%88%AC%ED%91%9C-%EC%B4%AC%EC%98%81%EC%A7%80-9%EA%B3%B3%EC%9D%84-%EC%95%8C%EB%A0%A4%EB%93%9C%EB%A6%BD%EB%8B%88%EB%8B%A4%EC%97%85%EB%8D%B0%EC%9D%B4%ED%8A%B8%EC%A4%91,YSDL,KAKAO
국민사형투표,일산호수공원,playground,경기 고양시 일산동구 호수로 595,37.65613604,126.7641415,https://ys-dl.tistory.com/entry/%EA%B5%AD%EB%AF%BC%EC%82%AC%ED%98%95%ED%88%AC%ED%91%9C-%EC%B4%AC%EC%98%81%EC%A7%80-9%EA%B3%B3%EC%9D%84-%EC%95%8C%EB%A0%A4%EB%93%9C%EB%A6%BD%EB%8B%88%EB%8B%A4%EC%97%85%EB%8D%B0%EC%9D%B4%ED%8A%B8%EC%A4%91,YSDL,KAKAO
국민사형투표,석문방조제,playground,충남 당진시 송산면 가곡리,36.99904192,126.6472468,https://ys-dl.tistory.com/entry/%EA%B5%AD%EB%AF%BC%EC%82%AC%ED%98%95%ED%88%AC%ED%91%9C-%EC%B4%AC%EC%98%81%EC%A7%80-9%EA%B3%B3%EC%9D%84-%EC%95%8C%EB%A0%A4%EB%93%9C%EB%A6%BD%EB%8B%88%EB%8B%A4%EC%97%85%EB%8D%B0%EC%9D%B4%ED%8A%B8%EC%A4%91,YSDL,KAKAO
군검사 도베르만,헌화로드라이브코스,playground,강원도 강릉시 강동면 심곡리 헌화로,37.664267,129.05459,,KCISA,KCISA
군검사 도베르만,킨텍스,playground,경기도 고양시 일산서구 킨텍스로 217-60,37.668805,126.74593,,KCISA,KCISA
군검사 도베르만,네오위즈,playground,경기도 성남시 분당구 대왕판교로645번길 14,37.400557,127.104395,,KCISA,KCISA
군검사 도베르만,의정부을지대학교병원,playground,경기도 의정부시 동일로 712,37.751679,127.05026,,KCISA,KCISA
군검사 도베르만,구읍2리마을회관,playground,경기도 파주시 적성면 칠중5길 6,37.95516,126.92108,,KCISA,KCISA
군검사 도베르만,화이트블럭,playground,경기도 파주시 탄현면 헤이리마을길 72,37.7889189,126.699592,,KCISA,KCISA
군검사 도베르만,조이마당스튜디오,playground,경기도 파주시 파주읍 봉서산로 243,37.83256,126.8035,,KCISA,KCISA
군검사 도베르만,파르나스타워,playground,서울특별시 강남구 테헤란로 521,37.50947,127.0614,,KCISA,KCISA
군검사 도베르만,CJ ENM,playground,서울특별시 마포구 상암산로 66,37.578581,126.89189,,KCISA,KCISA
군검사 도베르만,동호대교,playground,서울특별시 성동구 옥수동,37.535804,127.02145,,KCISA,KCISA
군검사 도베르만,스테이트 타워 남산,playground,서울특별시 중구 퇴계로 100,37.560342,126.98297,,KCISA,KCISA
군검사 도베르만,익산 교도소 세트장,playground,전라북도 익산시 성당면 함낭로 207,36.069334,126.93158,,KCISA,KCISA
군주-가면의 주인,용인 대장금 파크,playground,경기도 용인시 처인구 백암면 용천드라마길 25,37.1209396,127.337296,,KCISA,KCISA
굿 닥터,가톨릭대학교 서울성모병원,playground,서울특별시 서초구 반포대로 222,37.501777,127.00477,,KCISA,KCISA
굿바이 마눌,월드컵공원,playground,서울특별시 마포구 하늘공원로 86,37.5708905,126.878429,,KCISA,KCISA
굿보이,익산 교도소 세트장,playground,전북특별자치도 익산시 성당면 함낭로 207,36.06945155,126.930603,https://ys-dl.tistory.com/entry/%EA%B5%BF%EB%B3%B4%EC%9D%B4-%EC%B4%AC%EC%98%81%EC%A7%80-9%EA%B3%B3%EC%9D%84-%EC%95%8C%EB%A0%A4%EB%93%9C%EB%A6%BD%EB%8B%88%EB%8B%A4%EC%97%85%EB%8D%B0%EC%9D%B4%ED%8A%B8%EC%A4%91,YSDL,KAKAO
굿보이,남원랜드,playground,전북특별자치도 남원시 양림길 58-13,35.40296065,127.3919258,https://ys-dl.tistory.com/entry/%EA%B5%BF%EB%B3%B4%EC%9D%B4-%EC%B4%AC%EC%98%81%EC%A7%80-9%EA%B3%B3%EC%9D%84-%EC%95%8C%EB%A0%A4%EB%93%9C%EB%A6%BD%EB%8B%88%EB%8B%A4%EC%97%85%EB%8D%B0%EC%9D%B4%ED%8A%B8%EC%A4%91,YSDL,KAKAO
굿보이,초량차이나타운,playground,부산 동구 초량동 1109,35.11369082,129.0379346,https://ys-dl.tistory.com/entry/%EA%B5%BF%EB%B3%B4%EC%9D%B4-%EC%B4%AC%EC%98%81%EC%A7%80-9%EA%B3%B3%EC%9D%84-%EC%95%8C%EB%A0%A4%EB%93%9C%EB%A6%BD%EB%8B%88%EB%8B%A4%EC%97%85%EB%8D%B0%EC%9D%B4%ED%8A%B8%EC%A4%91,YSDL,KAKAO
굿보이,해운대해수욕장,playground,부산 해운대구 우동,35.15852322,129.1598547,https://ys-dl.tistory.com/entry/%EA%B5%BF%EB%B3%B4%EC%9D%B4-%EC%B4%AC%EC%98%81%EC%A7%80-9%EA%B3%B3%EC%9D%84-%EC%95%8C%EB%A0%A4%EB%93%9C%EB%A6%BD%EB%8B%88%EB%8B%A4%EC%97%85%EB%8D%B0%EC%9D%B4%ED%8A%B8%EC%A4%91,YSDL,KAKAO
굿보이,청학수변공원,playground,부산 영도구 청학동 217-43,35.09771321,129.0611576,https://ys-dl.tistory.com/entry/%EA%B5%BF%EB%B3%B4%EC%9D%B4-%EC%B4%AC%EC%98%81%EC%A7%80-9%EA%B3%B3%EC%9D%84-%EC%95%8C%EB%A0%A4%EB%93%9C%EB%A6%BD%EB%8B%88%EB%8B%A4%EC%97%85%EB%8D%B0%EC%9D%B4%ED%8A%B8%EC%A4%91,YSDL,KAKAO
굿보이,구름이쉬어가는전망대,playground,부산 서구 아미동2가 213-156,35.09881197,129.0129429,https://ys-dl.tistory.com/entry/%EA%B5%BF%EB%B3%B4%EC%9D%B4-%EC%B4%AC%EC%98%81%EC%A7%80-9%EA%B3%B3%EC%9D%84-%EC%95%8C%EB%A0%A4%EB%93%9C%EB%A6%BD%EB%8B%88%EB%8B%A4%EC%97%85%EB%8D%B0%EC%9D%B4%ED%8A%B8%EC%A4%91,YSDL,KAKAO
굿잡,IFC서울,playground,서울특별시 영등포구 국제금융로 10,37.525023,126.92565,,KCISA,KCISA
굿캐스팅,쉴낙원 김포장례식장,playground,경기도 김포시 승가로58번길 7,37.607202,126.71541,,KCISA,KCISA
굿캐스팅,로케이션 이음 (구 로얄퀘스트),playground,경기도 파주시 탄현면 새오리로286번길 48-70,37.713531,126.74641,,KCISA,KCISA
굿캐스팅,이월드,playground,대구광역시 달서구 두류공원로 200,35.853468,128.563918,,KCISA,KCISA
굿캐스팅,압구정나들목,playground,서울특별시 강남구 압구정동 압구정나들목,37.373988,126.43924,,KCISA,KCISA
굿캐스팅,서강대교,playground,서울특별시 영등포구 여의도동 서강대교,37.536911,126.92495,,KCISA,KCISA
굿캐스팅,역사책방,playground,서울특별시 종로구 자하문로10길 24,37.579291,126.97281,,KCISA,KCISA
굿캐스팅,스테이트 타워 남산,playground,서울특별시 중구 퇴계로 100,37.560342,126.98297,,KCISA,KCISA
굿캐스팅,신명여자고등학교,playground,인천광역시 남동구 용천로205번길 42,37.46947,126.71324,,KCISA,KCISA
굿캐스팅,인천대학교 송도캠퍼스,playground,인천광역시 연수구 송도동 아카데미로 119,37.375106,126.63314,,KCISA,KCISA
굿파트너,여의도공원,playground,서울 영등포구 여의공원로 68,37.52613492,126.9223482,https://ys-dl.tistory.com/entry/%EA%B5%BF%ED%8C%8C%ED%8A%B8%EB%84%88-%EC%B4%AC%EC%98%81%EC%A7%80-6%EA%B3%B3%EC%9D%84-%EC%95%8C%EB%A0%A4%EB%93%9C%EB%A6%BD%EB%8B%88%EB%8B%A4%EC%97%85%EB%8D%B0%EC%9D%B4%ED%8A%B8%EC%A4%91,YSDL,KAKAO
굿파트너,노들섬,playground,서울 용산구 양녕로 445,37.51766014,126.9580339,https://ys-dl.tistory.com/entry/%EA%B5%BF%ED%8C%8C%ED%8A%B8%EB%84%88-%EC%B4%AC%EC%98%81%EC%A7%80-6%EA%B3%B3%EC%9D%84-%EC%95%8C%EB%A0%A4%EB%93%9C%EB%A6%BD%EB%8B%88%EB%8B%A4%EC%97%85%EB%8D%B0%EC%9D%B4%ED%8A%B8%EC%A4%91,YSDL,KAKAO
굿파트너,소리공원,playground,서울 송파구 문정동 399-1,37.4816297,127.1197778,https://ys-dl.tistory.com/entry/%EA%B5%BF%ED%8C%8C%ED%8A%B8%EB%84%88-%EC%B4%AC%EC%98%81%EC%A7%80-6%EA%B3%B3%EC%9D%84-%EC%95%8C%EB%A0%A4%EB%93%9C%EB%A6%BD%EB%8B%88%EB%8B%A4%EC%97%85%EB%8D%B0%EC%9D%B4%ED%8A%B8%EC%A4%91,YSDL,KAKAO
굿파트너,MBC 문화동산,playground,경기 양주시 만송로 394-104,37.79144207,127.1007849,https://ys-dl.tistory.com/entry/%EA%B5%BF%ED%8C%8C%ED%8A%B8%EB%84%88-%EC%B4%AC%EC%98%81%EC%A7%80-6%EA%B3%B3%EC%9D%84-%EC%95%8C%EB%A0%A4%EB%93%9C%EB%A6%BD%EB%8B%88%EB%8B%A4%EC%97%85%EB%8D%B0%EC%9D%B4%ED%8A%B8%EC%A4%91,YSDL,KAKAO
굿파트너,퍼스트가든,playground,경기 파주시 탑삭골길 260,37.73208579,126.794631,https://ys-dl.tistory.com/entry/%EA%B5%BF%ED%8C%8C%ED%8A%B8%EB%84%88-%EC%B4%AC%EC%98%81%EC%A7%80-6%EA%B3%B3%EC%9D%84-%EC%95%8C%EB%A0%A4%EB%93%9C%EB%A6%BD%EB%8B%88%EB%8B%A4%EC%97%85%EB%8D%B0%EC%9D%B4%ED%8A%B8%EC%A4%91,YSDL,KAKAO
궁,원당종마목장,playground,경기도 고양시 덕양구 서삼릉길 233-112,37.664249,126.87342,,KCISA,KCISA
궁,서울랜드,playground,경기도 과천시 광명로 181,37.433807,127.01894,,KCISA,KCISA
궁,계원예술고등학교,playground,경기도 성남시 분당구 불정로 100,37.358633,127.11594,,KCISA,KCISA
궁,베르아델승마클럽,playground,경기도 안산시 단원구 부흥로 376,37.212744,126.608469,,KCISA,KCISA
궁,동궁과 월지,playground,경상북도 경주시 원화로 102,35.83429,129.226584,,KCISA,KCISA
궁,삼청각,playground,서울특별시 성북구 대사관로 3,37.597208,126.98403,,KCISA,KCISA
궁,선유도공원,playground,서울특별시 영등포구 선유로 343,37.543688,126.899705,,KCISA,KCISA
궁,이촌 한강공원,playground,서울특별시 용산구 서빙고동 287-4,37.5176063,126.992288,,KCISA,KCISA
궁,국립중앙박물관,playground,서울특별시 용산구 서빙고로 137,37.52394,126.980356,,KCISA,KCISA
궁,경복궁,playground,서울특별시 종로구 사직로 161,37.5806736,126.976952,,KCISA,KCISA
궁,운현궁 양관,playground,서울특별시 종로구 삼일대로 460,37.576111,126.987749,,KCISA,KCISA
궁,운현궁,playground,서울특별시 종로구 삼일대로 464,37.575958,126.986991,,KCISA,KCISA
궁,서울시립미술관,playground,서울특별시 중구 덕수궁길 61,37.564042,126.97376,,KCISA,KCISA
궁,남산공원분수대,playground,서울특별시 중구 회현동1가 100-267,37.554107,126.98194,,KCISA,KCISA
궁,인천국제공항,playground,인천광역시 중구 공항로 272,37.44919,126.4514,,KCISA,KCISA
궁,경기전,playground,전라북도 전주시 완산구 태조로 44,35.815488,127.149771,,KCISA,KCISA
궁,중문관광단지,playground,제주특별자치도 서귀포시 중문동 중문관광단지,33.251098,126.43448,,KCISA,KCISA
궁궐의 연인,덕수궁,playground,서울특별시 중구 세종대로 99,37.565924,126.97501,,KCISA,KCISA
귀궁,용인대장금파크 관가,playground,경기 용인시 처인구 백암면 용천드라마길 25,37.12160248,127.3376128,https://ys-dl.tistory.com/entry/%EA%B7%80%EA%B6%81-%EC%B4%AC%EC%98%81%EC%A7%80-5%EA%B3%B3%EC%9D%84-%EC%95%8C%EB%A0%A4%EB%93%9C%EB%A6%BD%EB%8B%88%EB%8B%A4%EC%97%85%EB%8D%B0%EC%9D%B4%ED%8A%B8%EC%A4%91,YSDL,KAKAO
귀궁,바람의화원 세트장,playground,충북 괴산군 청천면 송문로덕평1길 44-18,36.72666312,127.8057002,https://ys-dl.tistory.com/entry/%EA%B7%80%EA%B6%81-%EC%B4%AC%EC%98%81%EC%A7%80-5%EA%B3%B3%EC%9D%84-%EC%95%8C%EB%A0%A4%EB%93%9C%EB%A6%BD%EB%8B%88%EB%8B%A4%EC%97%85%EB%8D%B0%EC%9D%B4%ED%8A%B8%EC%A4%91,YSDL,KAKAO
귀궁,서동요테마파크,playground,충남 부여군 충화면 충신로 616,36.14429091,126.8238118,https://ys-dl.tistory.com/entry/%EA%B7%80%EA%B6%81-%EC%B4%AC%EC%98%81%EC%A7%80-5%EA%B3%B3%EC%9D%84-%EC%95%8C%EB%A0%A4%EB%93%9C%EB%A6%BD%EB%8B%88%EB%8B%A4%EC%97%85%EB%8D%B0%EC%9D%B4%ED%8A%B8%EC%A4%91,YSDL,KAKAO
귀궁,개암사,playground,전북특별자치도 부안군 상서면 개암로 248,35.66245651,126.6495371,https://ys-dl.tistory.com/entry/%EA%B7%80%EA%B6%81-%EC%B4%AC%EC%98%81%EC%A7%80-5%EA%B3%B3%EC%9D%84-%EC%95%8C%EB%A0%A4%EB%93%9C%EB%A6%BD%EB%8B%88%EB%8B%A4%EC%97%85%EB%8D%B0%EC%9D%B4%ED%8A%B8%EC%A4%91,YSDL,KAKAO
귀궁,고창무장객사,playground,전북특별자치도 고창군 무장면 무장읍성길 45,35.41839256,126.5573509,https://ys-dl.tistory.com/entry/%EA%B7%80%EA%B6%81-%EC%B4%AC%EC%98%81%EC%A7%80-5%EA%B3%B3%EC%9D%84-%EC%95%8C%EB%A0%A4%EB%93%9C%EB%A6%BD%EB%8B%88%EB%8B%A4%EC%97%85%EB%8D%B0%EC%9D%B4%ED%8A%B8%EC%A4%91,YSDL,KAKAO
귀궁,광한루원,playground,전북특별자치도 남원시 요천로 1447,35.40391878,127.3797814,https://ys-dl.tistory.com/entry/%EA%B7%80%EA%B6%81-%EC%B4%AC%EC%98%81%EC%A7%80-5%EA%B3%B3%EC%9D%84-%EC%95%8C%EB%A0%A4%EB%93%9C%EB%A6%BD%EB%8B%88%EB%8B%A4%EC%97%85%EB%8D%B0%EC%9D%B4%ED%8A%B8%EC%A4%91,YSDL,KAKAO
귀궁,순천 낙안읍성,playground,전남광주통합특별시 순천시 낙안면 충민길 30,34.90631043,127.3417772,https://ys-dl.tistory.com/entry/%EA%B7%80%EA%B6%81-%EC%B4%AC%EC%98%81%EC%A7%80-5%EA%B3%B3%EC%9D%84-%EC%95%8C%EB%A0%A4%EB%93%9C%EB%A6%BD%EB%8B%88%EB%8B%A4%EC%97%85%EB%8D%B0%EC%9D%B4%ED%8A%B8%EC%A4%91,YSDL,KAKAO
귀궁,도솔암,playground,전남광주통합특별시 해남군 송지면 마봉송종길 355-300,34.35312034,126.5650779,https://ys-dl.tistory.com/entry/%EA%B7%80%EA%B6%81-%EC%B4%AC%EC%98%81%EC%A7%80-5%EA%B3%B3%EC%9D%84-%EC%95%8C%EB%A0%A4%EB%93%9C%EB%A6%BD%EB%8B%88%EB%8B%A4%EC%97%85%EB%8D%B0%EC%9D%B4%ED%8A%B8%EC%A4%91,YSDL,KAKAO
귀궁,문경새재오픈세트장,playground,경북 문경시 문경읍 새재로 1037,36.77139968,128.074072,https://ys-dl.tistory.com/entry/%EA%B7%80%EA%B6%81-%EC%B4%AC%EC%98%81%EC%A7%80-5%EA%B3%B3%EC%9D%84-%EC%95%8C%EB%A0%A4%EB%93%9C%EB%A6%BD%EB%8B%88%EB%8B%A4%EC%97%85%EB%8D%B0%EC%9D%B4%ED%8A%B8%EC%A4%91,YSDL,KAKAO
귀궁,마성오픈세트장,playground,경북 문경시 마성면 가은로 311-18,36.65082248,128.0794536,https://ys-dl.tistory.com/entry/%EA%B7%80%EA%B6%81-%EC%B4%AC%EC%98%81%EC%A7%80-5%EA%B3%B3%EC%9D%84-%EC%95%8C%EB%A0%A4%EB%93%9C%EB%A6%BD%EB%8B%88%EB%8B%A4%EC%97%85%EB%8D%B0%EC%9D%B4%ED%8A%B8%EC%A4%91,YSDL,KAKAO
귀궁,선유동계곡,playground,경북 문경시 가은읍 완장리,36.66958162,127.9760551,https://ys-dl.tistory.com/entry/%EA%B7%80%EA%B6%81-%EC%B4%AC%EC%98%81%EC%A7%80-5%EA%B3%B3%EC%9D%84-%EC%95%8C%EB%A0%A4%EB%93%9C%EB%A6%BD%EB%8B%88%EB%8B%A4%EC%97%85%EB%8D%B0%EC%9D%B4%ED%8A%B8%EC%A4%91,YSDL,KAKAO
귀궁,소수서원,playground,경북 영주시 순흥면 소백로 2740,36.92562067,128.5802029,https://ys-dl.tistory.com/entry/%EA%B7%80%EA%B6%81-%EC%B4%AC%EC%98%81%EC%A7%80-5%EA%B3%B3%EC%9D%84-%EC%95%8C%EB%A0%A4%EB%93%9C%EB%A6%BD%EB%8B%88%EB%8B%A4%EC%97%85%EB%8D%B0%EC%9D%B4%ED%8A%B8%EC%A4%91,YSDL,KAKAO
귀궁,병산서원,playground,경북 안동시 풍천면 병산길 386,36.54057514,128.5526253,https://ys-dl.tistory.com/entry/%EA%B7%80%EA%B6%81-%EC%B4%AC%EC%98%81%EC%A7%80-5%EA%B3%B3%EC%9D%84-%EC%95%8C%EB%A0%A4%EB%93%9C%EB%A6%BD%EB%8B%88%EB%8B%A4%EC%97%85%EB%8D%B0%EC%9D%B4%ED%8A%B8%EC%A4%91,YSDL,KAKAO
귀궁,용추폭포,playground,경남 함양군 안의면 상원리,35.68704811,127.7638404,https://ys-dl.tistory.com/entry/%EA%B7%80%EA%B6%81-%EC%B4%AC%EC%98%81%EC%A7%80-5%EA%B3%B3%EC%9D%84-%EC%95%8C%EB%A0%A4%EB%93%9C%EB%A6%BD%EB%8B%88%EB%8B%A4%EC%97%85%EB%8D%B0%EC%9D%B4%ED%8A%B8%EC%A4%91,YSDL,KAKAO
귓속말,서울중앙지방법원,playground,서울특별시 서초구 서초중앙로 157,37.496068,127.01148,,KCISA,KCISA
귓속말,서강대교,playground,서울특별시 영등포구 여의도동 서강대교,37.536911,126.92495,,KCISA,KCISA
"그 겨울, 바람이 분다",설악한옥민박,playground,강원도 속초시 상도문길 58,38.16512,128.55112,,KCISA,KCISA
"그 겨울, 바람이 분다",고석정,playground,강원도 철원군 동송읍 태봉로 1825,38.186301,127.287536,,KCISA,KCISA
"그 겨울, 바람이 분다",제이드가든,playground,강원도 춘천시 남산면 햇골길 80,37.834632,127.53786,,KCISA,KCISA
"그 겨울, 바람이 분다",원당종마목장,playground,경기도 고양시 덕양구 서삼릉길 233-112,37.664249,126.87342,,KCISA,KCISA
"그 겨울, 바람이 분다",한택 식물원,playground,경기도 용인시 처인구 백암면 한택로 2,37.094536,127.40664,,KCISA,KCISA
"그 겨울, 바람이 분다",디큐브시티 현대백화점,playground,서울특별시 구로구 경인로 662,37.508892,126.88942,,KCISA,KCISA
"그 겨울, 바람이 분다",송도센트럴파크,playground,인천광역시 연수구 컨벤시아대로 160,37.3924167,126.639565,,KCISA,KCISA
그 남자의 기억법,일산호수공원가로수길,playground,경기도 고양시 일산서구 주엽로 80,37.666173,126.75655,,KCISA,KCISA
그 남자의 기억법,쉴낙원 김포장례식장,playground,경기도 김포시 승가로58번길 7,37.607202,126.71541,,KCISA,KCISA
그 남자의 기억법,지혜의 숲,playground,경기도 파주시 회동길 145,37.7082492,126.686674,,KCISA,KCISA
그 남자의 기억법,압구정로,playground,서울특별시 강남구 압구정로 436,37.526557,127.04465,,KCISA,KCISA
그 남자의 기억법,성신여자대학교 운정그린캠퍼스,playground,서울특별시 강북구 도봉로76가길 55,37.632219,127.0273,,KCISA,KCISA
그 남자의 기억법,가온문화공원,playground,서울특별시 마포구 상암동 1594,37.58181,126.88765,,KCISA,KCISA
그 남자의 기억법,상암문화광장,playground,서울특별시 마포구 성암로 255,37.580159,126.89138,,KCISA,KCISA
그 남자의 기억법,MBC 가든 스튜디오,playground,서울특별시 마포구 성암로 267,37.580762,126.89099,,KCISA,KCISA
그 남자의 기억법,MBC문화방송 본사,playground,서울특별시 마포구 성암로 267,37.58105,126.89056,,KCISA,KCISA
그 남자의 기억법,메가박스 상암,playground,서울특별시 마포구 월드컵로 240,37.568242,126.89721,,KCISA,KCISA
그 남자의 기억법,상암월드컵경기장,playground,서울특별시 마포구 월드컵로 240,37.568242,126.89721,,KCISA,KCISA
그 남자의 기억법,난지한강공원,playground,서울특별시 마포구 한강난지로 162,37.564486,126.87945,,KCISA,KCISA
그 남자의 기억법,응봉산 팔각정,playground,서울특별시 성동구 독서당로60길 13-1,37.547805,127.029886,,KCISA,KCISA
그 남자의 기억법,두텁바위로40길,playground,서울특별시 용산구 두텁바위로40길,37.547437,126.98291,,KCISA,KCISA
그 남자의 기억법,뉴일무이,playground,서울특별시 용산구 두텁바위로40길 28-16 3층,37.547488,126.98385,,KCISA,KCISA
그 남자의 기억법,소월로 계단 3번,playground,서울특별시 용산구 소월로 168,37.547514,126.98424,,KCISA,KCISA
그 남자의 기억법,동작대교,playground,서울특별시 용산구 이촌동 동작대교,37.51041,126.981893,,KCISA,KCISA
그 남자의 기억법,청계천,playground,서울특별시 종로구 서린동 148,37.569205,126.97791,,KCISA,KCISA
그 남자의 기억법,율곡로3길,playground,서울특별시 종로구 율곡로3길,37.577811,126.98239,,KCISA,KCISA
그 남자의 기억법,광화문교보빌딩,playground,서울특별시 종로구 종로 1 교보생명빌딩 지하1층,37.570831,126.97783,,KCISA,KCISA
그 남자의 기억법,영풍문고 종로본점,playground,서울특별시 종로구 청계천로 41,37.569735,126.98225,,KCISA,KCISA
그 남자의 기억법,서울한양도성 서울성곽길 남산(목멱산)구간,playground,서울특별시 중구 남창동 205-179,37.564486,127.01016,,KCISA,KCISA
그 남자의 기억법,덕수궁 돌담길,playground,서울특별시 중구 세종대로 99,37.565924,126.97501,,KCISA,KCISA
그 남자의 기억법,다산로33길,playground,서울특별시 중구 청구로22길 36,37.563689,127.01142,,KCISA,KCISA
그 남자의 기억법,스테이트 타워 남산,playground,서울특별시 중구 퇴계로 100,37.560342,126.98297,,KCISA,KCISA
그 남자의 기억법,CGV 명동역 씨네라이브러리,playground,서울특별시 중구 퇴계로 123,37.561238,126.98536,,KCISA,KCISA
그 해 우리는,주천강 섶다리,playground,강원도 영월군 주천면 판운리 479,37.29314,128.3256,,KCISA,KCISA
그 해 우리는,라비브북스,playground,경기도 고양시 일산동구 무궁화로141번길 16-7,37.670444,126.77701,,KCISA,KCISA
그 해 우리는,SBS일산제작센터,playground,경기도 고양시 일산서구 일현로 111,37.696799,126.76338,,KCISA,KCISA
그 해 우리는,화성행궁,playground,경기도 수원시 팔달구 정조로 825 ,37.2818191,127.013426,,KCISA,KCISA
그 해 우리는,지동시장 순대타운,playground,경기도 수원시 팔달구 창룡문로 3,37.2778704,127.020048,,KCISA,KCISA
그 해 우리는,지동벽화마을,playground,경기도 수원시 팔달구 창룡문로 75-5,37.283931,127.02399,,KCISA,KCISA
그 해 우리는,고인돌공원,playground,경기도 오산시 수목원로 449,37.1728896,127.0473349,,KCISA,KCISA
그 해 우리는,의정부미술도서관,playground,경기도 의정부시 민락로 248,37.7442371,127.106934,,KCISA,KCISA
그 해 우리는,의정부음악도서관,playground,경기도 의정부시 장곡로 280,37.728508,127.053616,,KCISA,KCISA
그 해 우리는,궁평항,playground,경기도 화성시 서신면 궁평항로 1049-24,37.116423,126.68193,,KCISA,KCISA
그 해 우리는,조암터미널,playground,경기도 화성시 우정읍 조암남로 3-3,37.082214,126.8162,,KCISA,KCISA
그 해 우리는,소다미술관,playground,경기도 화성시 효행로707번길 30,37.201643,127.006107,,KCISA,KCISA
그 해 우리는,가온문화공원,playground,서울특별시 마포구 상암동 1594,37.58181,126.88765,,KCISA,KCISA
그 해 우리는,롯데월드,playground,서울특별시 송파구 올림픽로 240,37.5112601,127.097998,,KCISA,KCISA
그 해 우리는,신한금융투자빌딩,playground,서울특별시 영등포구 여의대로 70,37.524832,126.92418,,KCISA,KCISA
그 해 우리는,서강대교,playground,서울특별시 영등포구 여의도동 서강대교,37.536911,126.92495,,KCISA,KCISA
그 해 우리는,오산고등학교,playground,서울특별시 용산구 보광로7길 17,37.523475,126.99958,,KCISA,KCISA
그 해 우리는,윤보선길,playground,서울특별시 종로구 윤보선길,37.577559,126.98376,,KCISA,KCISA
그 해 우리는,JCC크리에이티브센터,playground,서울특별시 종로구 창경궁로35길 45,37.5877669,127.002266,,KCISA,KCISA
그 해 우리는,창덕궁5길,playground,서울특별시 종로구 창덕궁5길,37.583469,126.98915,,KCISA,KCISA
그 해 우리는,중앙고등학교,playground,서울특별시 종로구 창덕궁길 164,37.584081,126.986846,,KCISA,KCISA
그 해 우리는,은행로,playground,전라북도 전주시 완산구 은행로 75-2,35.81319,127.1529,,KCISA,KCISA
그 해 우리는,전주대학교,playground,전라북도 전주시 완산구 천잠로 303,35.81393,127.0901,,KCISA,KCISA
그 해 우리는,온빛자연휴양림,playground,충청남도 논산시 벌곡면 황룡재로 480-113,36.2029503,127.2520346,,KCISA,KCISA
그 해 우리는,보령 청보리밭,playground,충청남도 보령시 천북면 하만리 176-6,36.479963,126.53107,,KCISA,KCISA
그 해 우리는,천북 보리밭,playground,충청남도 보령시 천북면 하만리 176-6,36.479696,126.531392,,KCISA,KCISA
그 해 우리는,보령 청라 은행마을,playground,충청남도 보령시 청라면 장밭길 62,36.42095,126.66814,,KCISA,KCISA
그남자 오수,한국연협회,playground,서울특별시 은평구 통일로92길 39-1 NNH빌딩,37.583013,126.98929,,KCISA,KCISA
그냥 사랑하는 사이,임권택영화박물관,playground,부산광역시 해운대구 우동 센텀중앙로 55,35.173219,129.12853,,KCISA,KCISA
그녀는 거짓말을 너무 사랑해,앤드트리메타,playground,서울특별시 강남구 도산대로51길 19,37.5244126,127.037639,,KCISA,KCISA
그녀는 거짓말을 너무 사랑해,압구정나들목,playground,서울특별시 강남구 압구정동 압구정나들목,37.373988,126.43924,,KCISA,KCISA
그녀는 거짓말을 너무 사랑해,뚝섬한강공원,playground,서울특별시 광진구 강변북로 139,37.5293514,127.073958,,KCISA,KCISA
그녀는 거짓말을 너무 사랑해,DMC문화공원,playground,서울특별시 마포구 월드컵북로 366,37.577736,126.89216,,KCISA,KCISA
그녀는 거짓말을 너무 사랑해,CJ아지트 광흥창,playground,서울특별시 마포구 창전로 14,37.544231,126.93045,,KCISA,KCISA
그녀는 거짓말을 너무 사랑해,오산고등학교,playground,서울특별시 용산구 보광로7길 17,37.523475,126.99958,,KCISA,KCISA
그녀는 거짓말을 너무 사랑해,한강대교,playground,서울특별시 용산구 이촌동 한강대교,37.517492,126.95897,,KCISA,KCISA
그녀는 거짓말을 너무 사랑해,마로니에 공원,playground,서울특별시 종로구 대학로 104,37.580499,127.00244,,KCISA,KCISA
그녀는 거짓말을 너무 사랑해,JCC크리에이티브센터,playground,서울특별시 종로구 창경궁로35길 45,37.5877669,127.002266,,KCISA,KCISA
그녀는 예뻤다,강문해변,playground,강원도 강릉시 창해로350번길 5,37.79663,128.917612,,KCISA,KCISA
그녀는 예뻤다,아침고요수목원,playground,경기도 가평군 상면 수목원로 432,37.742485,127.35173,,KCISA,KCISA
그녀는 예뻤다,두물머리,playground,경기도 양평군 양서면 두물머리길,37.532916,127.315783,,KCISA,KCISA
그녀는 예뻤다,양평 두물머리,playground,경기도 양평군 양서면 양수리,37.532869,127.31599,,KCISA,KCISA
그녀는 예뻤다,벽초지수목원,playground,경기도 파주시 광탄면 부흥로 242,37.800977,126.873712,,KCISA,KCISA
그녀는 예뻤다,지혜의 숲,playground,경기도 파주시 회동길 145,37.7082492,126.686674,,KCISA,KCISA
그녀는 예뻤다,대전예술의전당,playground,대전광역시 서구 둔산대로 135,36.366507,127.383873,,KCISA,KCISA
그녀는 예뻤다,김포국제공항,playground,서울특별시 강서구 하늘길 112,37.558655,126.79228,,KCISA,KCISA
그녀는 예뻤다,서울특별시 보라매병원,playground,서울특별시 동작구 보라매로5길 20,37.493287,126.92424,,KCISA,KCISA
그녀는 예뻤다,궁뜰어린이공원,playground,서울특별시 서대문구 연희동 123-5,37.568985,126.93039,,KCISA,KCISA
그녀는 예뻤다,여의도공원,playground,서울특별시 영등포구 여의공원로 68,37.5281241,126.925754,,KCISA,KCISA
그녀는 예뻤다,원효대교,playground,서울특별시 영등포구 여의도동 원효대교,37.527046,126.94571,,KCISA,KCISA
그녀는 예뻤다,이랜드크루즈,playground,서울특별시 영등포구 여의동로 280,37.5290674,126.936218,,KCISA,KCISA
그녀는 예뻤다,소월로 계단 3번,playground,서울특별시 용산구 소월로 168,37.547514,126.98424,,KCISA,KCISA
그녀는 예뻤다,북촌 한옥마을,playground,서울특별시 종로구 계동길 37,37.5790534,126.986405,,KCISA,KCISA
그녀는 예뻤다,북촌로11길,playground,서울특별시 종로구 북촌로11길 52,37.582967,126.98348,,KCISA,KCISA
그녀는 예뻤다,청운공원,playground,서울특별시 종로구 창의문로 119 청운 공원,37.5919695,126.966814,,KCISA,KCISA
그녀는 예뻤다,G타워,playground,인천광역시 연수구 아트센터대로 175,37.396166,126.63419,,KCISA,KCISA
그녀를 찾아줘,대현문화공원,playground,서울특별시 서대문구 대현동 146,37.557639,126.94551,,KCISA,KCISA
그녀를 찾아줘,63스퀘어,playground,서울특별시 영등포구 63로 50,37.519811,126.94017,,KCISA,KCISA
그녀를 찾아줘,한강 공원 여의도 지구,playground,서울특별시 영등포구 여의동로 290,37.5290674,126.936218,,KCISA,KCISA
그녀를 찾아줘,한강철교,playground,서울특별시 용산구 이촌동 한강철교,37.51938,126.9512,,KCISA,KCISA
그녀의 버킷리스트,춘천대교,playground,강원도 춘천시 근화동 609,37.88869,127.7085,,KCISA,KCISA
그녀의 버킷리스트,큐브엔터테인먼트,playground,서울특별시 성동구 아차산로 83,37.54557,127.05341,,KCISA,KCISA
그녀의 사생활,네오위즈,playground,경기도 성남시 분당구 대왕판교로645번길 14,37.400557,127.104395,,KCISA,KCISA
그녀의 사생활,양수마을,playground,경기도 양평군 양서면 양수리 402-1,37.552391,127.32126,,KCISA,KCISA
그녀의 사생활,약천사,playground,경기도 파주시 교하로681번길 118,37.7057376,126.701279,,KCISA,KCISA
그녀의 사생활,양재천,playground,서울특별시 강남구 대치동 양재천,37.470194,127.03079,,KCISA,KCISA
그녀의 사생활,코티레이킷 가구공방,playground,서울특별시 강서구 월정로20길 96,37.529841,126.84407,,KCISA,KCISA
그녀의 사생활,서울어린이대공원,playground,서울특별시 광진구 능동 18,37.548162,127.08086,,KCISA,KCISA
그녀의 사생활,도봉탑유도관,playground,서울특별시 도봉구 방학로 204 화성빌딩 3층,37.662194,127.02943,,KCISA,KCISA
그녀의 사생활,발바닥공원,playground,서울특별시 도봉구 시루봉로6길 33,37.65917,127.02873,,KCISA,KCISA
그녀의 사생활,702 레코딩스튜디오,playground,서울특별시 마포구 동교로18길 40 B1F,37.55355,126.91797,,KCISA,KCISA
그녀의 사생활,어울마당로,playground,서울특별시 마포구 어울마당로,37.55003,126.92113,,KCISA,KCISA
그녀의 사생활,경의선숲길공원,playground,서울특별시 마포구 연남동 연남로 80,37.5661595,126.919015,,KCISA,KCISA
그녀의 사생활,웨스트브릿지 라이브홀,playground,서울특별시 마포구 와우산로25길 6 웨스트브릿지 지하3층,37.553666,126.92612,,KCISA,KCISA
그녀의 사생활,DMC문화공원,playground,서울특별시 마포구 월드컵북로 366,37.577736,126.89216,,KCISA,KCISA
그녀의 사생활,명지대학교 인문캠퍼스,playground,서울특별시 서대문구 거북골로 34,37.580184,126.92226,,KCISA,KCISA
그녀의 사생활,숙성의명가,playground,서울특별시 성동구 왕십리로 38 홍성빌딩 6층,37.5409437,127.044255,,KCISA,KCISA
그녀의 사생활,소마미술관,playground,서울특별시 송파구 위례성대로 51,37.516845,127.11813,,KCISA,KCISA
그녀의 사생활,서강대교,playground,서울특별시 영등포구 여의도동 서강대교,37.536911,126.92495,,KCISA,KCISA
그녀의 사생활,동작대교,playground,서울특별시 용산구 이촌동 동작대교,37.51041,126.981893,,KCISA,KCISA
그녀의 사생활,비토가사진관,playground,서울특별시 종로구 창덕궁5길 8,37.58318,126.98929,,KCISA,KCISA
그녀의 사생활,중림동약현성당,playground,서울특별시 중구 청파로 447-1,37.559115,126.96744,,KCISA,KCISA
그녀의 사생활,가톨릭관동대학교 국제성모병원,playground,인천광역시 서구 심곡로100번길 25,37.542425,126.68384,,KCISA,KCISA
그녀의 사생활,송도고등학교,playground,인천광역시 연수구 독배로 91,37.428967,126.64464,,KCISA,KCISA
그녀의 사생활,스퀘어원,playground,인천광역시 연수구 청능대로 210,37.406073,126.68374,,KCISA,KCISA
그녀의 사생활,인천국제공항,playground,인천광역시 중구 공항로 272,37.44919,126.4514,,KCISA,KCISA
그놈은 흑염룡,신촌 토끼굴,playground,서울 서대문구 대신동 143-28,37.56005856,126.9412798,https://ys-dl.tistory.com/entry/%EA%B7%B8%EB%86%88%EC%9D%80-%ED%9D%91%EC%97%BC%EB%A3%A1-%EC%B4%AC%EC%98%81%EC%A7%80-14%EA%B3%B3%EC%9D%84-%EC%95%8C%EB%A0%A4%EB%93%9C%EB%A6%BD%EB%8B%88%EB%8B%A4%EC%97%85%EB%8D%B0%EC%9D%B4%ED%8A%B8%EC%A4%91,YSDL,KAKAO
그놈은 흑염룡,창천문화공원,playground,서울 서대문구 창천동,37.55676246,126.9356078,https://ys-dl.tistory.com/entry/%EA%B7%B8%EB%86%88%EC%9D%80-%ED%9D%91%EC%97%BC%EB%A3%A1-%EC%B4%AC%EC%98%81%EC%A7%80-14%EA%B3%B3%EC%9D%84-%EC%95%8C%EB%A0%A4%EB%93%9C%EB%A6%BD%EB%8B%88%EB%8B%A4%EC%97%85%EB%8D%B0%EC%9D%B4%ED%8A%B8%EC%A4%91,YSDL,KAKAO
그놈은 흑염룡,여의도한강공원,playground,서울 영등포구 여의도동 85,37.5263886,126.9351293,https://ys-dl.tistory.com/entry/%EA%B7%B8%EB%86%88%EC%9D%80-%ED%9D%91%EC%97%BC%EB%A3%A1-%EC%B4%AC%EC%98%81%EC%A7%80-14%EA%B3%B3%EC%9D%84-%EC%95%8C%EB%A0%A4%EB%93%9C%EB%A6%BD%EB%8B%88%EB%8B%A4%EC%97%85%EB%8D%B0%EC%9D%B4%ED%8A%B8%EC%A4%91,YSDL,KAKAO
그놈은 흑염룡,일민미술관,playground,서울 종로구 세종대로 152,37.56988199,126.9776372,https://ys-dl.tistory.com/entry/%EA%B7%B8%EB%86%88%EC%9D%80-%ED%9D%91%EC%97%BC%EB%A3%A1-%EC%B4%AC%EC%98%81%EC%A7%80-14%EA%B3%B3%EC%9D%84-%EC%95%8C%EB%A0%A4%EB%93%9C%EB%A6%BD%EB%8B%88%EB%8B%A4%EC%97%85%EB%8D%B0%EC%9D%B4%ED%8A%B8%EC%A4%91,YSDL,KAKAO
그놈은 흑염룡,보신각터,playground,서울 종로구 종로 54,37.56976765,126.9836456,https://ys-dl.tistory.com/entry/%EA%B7%B8%EB%86%88%EC%9D%80-%ED%9D%91%EC%97%BC%EB%A3%A1-%EC%B4%AC%EC%98%81%EC%A7%80-14%EA%B3%B3%EC%9D%84-%EC%95%8C%EB%A0%A4%EB%93%9C%EB%A6%BD%EB%8B%88%EB%8B%A4%EC%97%85%EB%8D%B0%EC%9D%B4%ED%8A%B8%EC%A4%91,YSDL,KAKAO
그놈은 흑염룡,월미도등대길,playground,인천 제물포구 북성동1가 120,37.46889347,126.5948444,https://ys-dl.tistory.com/entry/%EA%B7%B8%EB%86%88%EC%9D%80-%ED%9D%91%EC%97%BC%EB%A3%A1-%EC%B4%AC%EC%98%81%EC%A7%80-14%EA%B3%B3%EC%9D%84-%EC%95%8C%EB%A0%A4%EB%93%9C%EB%A6%BD%EB%8B%88%EB%8B%A4%EC%97%85%EB%8D%B0%EC%9D%B4%ED%8A%B8%EC%A4%91,YSDL,KAKAO
그놈은 흑염룡,무지랭이약수터,playground,경기 의정부시 민락동,37.75368881,127.1227977,https://ys-dl.tistory.com/entry/%EA%B7%B8%EB%86%88%EC%9D%80-%ED%9D%91%EC%97%BC%EB%A3%A1-%EC%B4%AC%EC%98%81%EC%A7%80-14%EA%B3%B3%EC%9D%84-%EC%95%8C%EB%A0%A4%EB%93%9C%EB%A6%BD%EB%8B%88%EB%8B%A4%EC%97%85%EB%8D%B0%EC%9D%B4%ED%8A%B8%EC%A4%91,YSDL,KAKAO
그놈은 흑염룡,수원박물관,playground,경기 수원시 영통구 창룡대로 265,37.29773947,127.0354103,https://ys-dl.tistory.com/entry/%EA%B7%B8%EB%86%88%EC%9D%80-%ED%9D%91%EC%97%BC%EB%A3%A1-%EC%B4%AC%EC%98%81%EC%A7%80-14%EA%B3%B3%EC%9D%84-%EC%95%8C%EB%A0%A4%EB%93%9C%EB%A6%BD%EB%8B%88%EB%8B%A4%EC%97%85%EB%8D%B0%EC%9D%B4%ED%8A%B8%EC%A4%91,YSDL,KAKAO
그놈은 흑염룡,방죽골저수지,playground,충북 청주시 상당구 문의면 남계리 493,36.54150746,127.4995321,https://ys-dl.tistory.com/entry/%EA%B7%B8%EB%86%88%EC%9D%80-%ED%9D%91%EC%97%BC%EB%A3%A1-%EC%B4%AC%EC%98%81%EC%A7%80-14%EA%B3%B3%EC%9D%84-%EC%95%8C%EB%A0%A4%EB%93%9C%EB%A6%BD%EB%8B%88%EB%8B%A4%EC%97%85%EB%8D%B0%EC%9D%B4%ED%8A%B8%EC%A4%91,YSDL,KAKAO
그놈은 흑염룡,마성오픈세트장,playground,경북 문경시 마성면 가은로 311-18,36.65082248,128.0794536,https://ys-dl.tistory.com/entry/%EA%B7%B8%EB%86%88%EC%9D%80-%ED%9D%91%EC%97%BC%EB%A3%A1-%EC%B4%AC%EC%98%81%EC%A7%80-14%EA%B3%B3%EC%9D%84-%EC%95%8C%EB%A0%A4%EB%93%9C%EB%A6%BD%EB%8B%88%EB%8B%A4%EC%97%85%EB%8D%B0%EC%9D%B4%ED%8A%B8%EC%A4%91,YSDL,KAKAO
그놈은 흑염룡,영강,playground,경북 문경시 마성면 신현리,36.65611868,128.1206657,https://ys-dl.tistory.com/entry/%EA%B7%B8%EB%86%88%EC%9D%80-%ED%9D%91%EC%97%BC%EB%A3%A1-%EC%B4%AC%EC%98%81%EC%A7%80-14%EA%B3%B3%EC%9D%84-%EC%95%8C%EB%A0%A4%EB%93%9C%EB%A6%BD%EB%8B%88%EB%8B%A4%EC%97%85%EB%8D%B0%EC%9D%B4%ED%8A%B8%EC%A4%91,YSDL,KAKAO
그놈이 그놈이다,한라대학교,playground,강원도 원주시 흥업면 한라대길 28,37.302852,127.90934,,KCISA,KCISA
그놈이 그놈이다,37.5 고양삼송점,playground,경기도 고양시 덕양구 동산1로 35,37.642646,126.88357,,KCISA,KCISA
그놈이 그놈이다,수원 화성,playground,경기도 수원시 장안구 영화동 320-2,37.2871264,127.01196,,KCISA,KCISA
그놈이 그놈이다,응칠교,playground,경기도 파주시 문발동 응칠교,37.707846,126.68578,,KCISA,KCISA
그놈이 그놈이다,플럼라인,playground,경기도 파주시 문발로 165,37.709541,126.6854,,KCISA,KCISA
그놈이 그놈이다,로케이션 이음 (구 로얄퀘스트),playground,경기도 파주시 탄현면 새오리로286번길 48-70,37.713531,126.74641,,KCISA,KCISA
그놈이 그놈이다,합천 영상 테마파크,playground,경상남도 합천군 용주면 합천호수로 757,35.5489346,128.072475,,KCISA,KCISA
그놈이 그놈이다,더넥센유니버시티,playground,서울특별시 강서구 마곡중앙로 177,37.570084,126.8279,,KCISA,KCISA
그놈이 그놈이다,경희대학교 서울캠퍼스,playground,서울특별시 동대문구 경희대로 26,37.595363,127.05276,,KCISA,KCISA
그놈이 그놈이다,성미산로23길,playground,서울특별시 마포구 성미산로23길,37.565007,126.92083,,KCISA,KCISA
그놈이 그놈이다,연세대학교 신촌캠퍼스,playground,서울특별시 서대문구 연세로 50,37.5637563,126.937546,,KCISA,KCISA
그놈이 그놈이다,서강대교,playground,서울특별시 영등포구 여의도동 서강대교,37.536911,126.92495,,KCISA,KCISA
그놈이 그놈이다,동작대교,playground,서울특별시 용산구 이촌동 동작대교,37.51041,126.981893,,KCISA,KCISA
그놈이 그놈이다,스테이트 타워 남산,playground,서울특별시 중구 퇴계로 100,37.560342,126.98297,,KCISA,KCISA
그놈이 그놈이다,울기등대,playground,울산광역시 동구 등대로 155,35.492835,129.4429,,KCISA,KCISA
그놈이 그놈이다,인천국제공항,playground,인천광역시 중구 공항로 272,37.44919,126.4514,,KCISA,KCISA
그놈이 그놈이다,NH농협생명변산연수원,playground,전라북도 부안군 변산면 궁항로 72,35.605024,126.47715,,KCISA,KCISA
그대에게 드림,가온문화공원,playground,서울 마포구 상암동 1594,37.58191481,126.8876787,https://ys-dl.tistory.com/entry/%EA%B7%B8%EB%8C%80%EC%97%90%EA%B2%8C-%EB%93%9C%EB%A6%BC-%EC%B4%AC%EC%98%81%EC%A7%80-11%EA%B3%B3%EC%9D%84-%EC%95%8C%EB%A0%A4%EB%93%9C%EB%A6%BD%EB%8B%88%EB%8B%A4%EC%97%85%EB%8D%B0%EC%9D%B4%ED%8A%B8%EC%A4%91,YSDL,KAKAO
그대에게 드림,청계천,playground,서울 종로구 서린동 148,37.56914697,126.9786471,https://ys-dl.tistory.com/entry/%EA%B7%B8%EB%8C%80%EC%97%90%EA%B2%8C-%EB%93%9C%EB%A6%BC-%EC%B4%AC%EC%98%81%EC%A7%80-11%EA%B3%B3%EC%9D%84-%EC%95%8C%EB%A0%A4%EB%93%9C%EB%A6%BD%EB%8B%88%EB%8B%A4%EC%97%85%EB%8D%B0%EC%9D%B4%ED%8A%B8%EC%A4%91,YSDL,KAKAO
그대에게 드림,모노플렉스 바이 이비스스타일 앰배서더 강남,playground,서울 강남구 삼성로 431,37.50511002,127.0570666,https://ys-dl.tistory.com/entry/%EA%B7%B8%EB%8C%80%EC%97%90%EA%B2%8C-%EB%93%9C%EB%A6%BC-%EC%B4%AC%EC%98%81%EC%A7%80-11%EA%B3%B3%EC%9D%84-%EC%95%8C%EB%A0%A4%EB%93%9C%EB%A6%BD%EB%8B%88%EB%8B%A4%EC%97%85%EB%8D%B0%EC%9D%B4%ED%8A%B8%EC%A4%91,YSDL,KAKAO
그대에게 드림,미관광장,playground,경기 부천시 원미구 중동로262번길 102,37.50198264,126.7747762,https://ys-dl.tistory.com/entry/%EA%B7%B8%EB%8C%80%EC%97%90%EA%B2%8C-%EB%93%9C%EB%A6%BC-%EC%B4%AC%EC%98%81%EC%A7%80-11%EA%B3%B3%EC%9D%84-%EC%95%8C%EB%A0%A4%EB%93%9C%EB%A6%BD%EB%8B%88%EB%8B%A4%EC%97%85%EB%8D%B0%EC%9D%B4%ED%8A%B8%EC%A4%91,YSDL,KAKAO
그대에게 드림,운보의집,playground,충북 청주시 청원구 내수읍 형동2길 92-41,36.69223114,127.5651097,https://ys-dl.tistory.com/entry/%EA%B7%B8%EB%8C%80%EC%97%90%EA%B2%8C-%EB%93%9C%EB%A6%BC-%EC%B4%AC%EC%98%81%EC%A7%80-11%EA%B3%B3%EC%9D%84-%EC%95%8C%EB%A0%A4%EB%93%9C%EB%A6%BD%EB%8B%88%EB%8B%A4%EC%97%85%EB%8D%B0%EC%9D%B4%ED%8A%B8%EC%A4%91,YSDL,KAKAO
그대에게 드림,선샤인스튜디오,playground,충남 논산시 연무읍 봉황로 90,36.10274483,127.1048191,https://ys-dl.tistory.com/entry/%EA%B7%B8%EB%8C%80%EC%97%90%EA%B2%8C-%EB%93%9C%EB%A6%BC-%EC%B4%AC%EC%98%81%EC%A7%80-11%EA%B3%B3%EC%9D%84-%EC%95%8C%EB%A0%A4%EB%93%9C%EB%A6%BD%EB%8B%88%EB%8B%A4%EC%97%85%EB%8D%B0%EC%9D%B4%ED%8A%B8%EC%A4%91,YSDL,KAKAO
그대에게 드림,합천영상테마파크,playground,경남 합천군 용주면 합천호수로 757,35.54875124,128.0718461,https://ys-dl.tistory.com/entry/%EA%B7%B8%EB%8C%80%EC%97%90%EA%B2%8C-%EB%93%9C%EB%A6%BC-%EC%B4%AC%EC%98%81%EC%A7%80-11%EA%B3%B3%EC%9D%84-%EC%95%8C%EB%A0%A4%EB%93%9C%EB%A6%BD%EB%8B%88%EB%8B%A4%EC%97%85%EB%8D%B0%EC%9D%B4%ED%8A%B8%EC%A4%91,YSDL,KAKAO
그대에게 드림,몽돌해변,playground,경남 남해군 남면 남면로1103번길 33-17,34.73598884,127.8600197,https://ys-dl.tistory.com/entry/%EA%B7%B8%EB%8C%80%EC%97%90%EA%B2%8C-%EB%93%9C%EB%A6%BC-%EC%B4%AC%EC%98%81%EC%A7%80-11%EA%B3%B3%EC%9D%84-%EC%95%8C%EB%A0%A4%EB%93%9C%EB%A6%BD%EB%8B%88%EB%8B%A4%EC%97%85%EB%8D%B0%EC%9D%B4%ED%8A%B8%EC%A4%91,YSDL,KAKAO
그대에게 드림,상주은모래비치,playground,경남 남해군 상주면 상주리 1136-1,34.72063654,127.9887668,https://ys-dl.tistory.com/entry/%EA%B7%B8%EB%8C%80%EC%97%90%EA%B2%8C-%EB%93%9C%EB%A6%BC-%EC%B4%AC%EC%98%81%EC%A7%80-11%EA%B3%B3%EC%9D%84-%EC%95%8C%EB%A0%A4%EB%93%9C%EB%A6%BD%EB%8B%88%EB%8B%A4%EC%97%85%EB%8D%B0%EC%9D%B4%ED%8A%B8%EC%A4%91,YSDL,KAKAO
그대에게 드림,송정솔바람해수욕장,playground,경남 남해군 미조면 미송로483번길 4-69,34.72163321,128.023931,https://ys-dl.tistory.com/entry/%EA%B7%B8%EB%8C%80%EC%97%90%EA%B2%8C-%EB%93%9C%EB%A6%BC-%EC%B4%AC%EC%98%81%EC%A7%80-11%EA%B3%B3%EC%9D%84-%EC%95%8C%EB%A0%A4%EB%93%9C%EB%A6%BD%EB%8B%88%EB%8B%A4%EC%97%85%EB%8D%B0%EC%9D%B4%ED%8A%B8%EC%A4%91,YSDL,KAKAO
그래 이혼하자,여의도한강공원,playground,서울 영등포구 여의도동 85,37.5263886,126.9351293,https://ys-dl.tistory.com/entry/%EA%B7%B8%EB%9E%98-%EC%9D%B4%ED%98%BC%ED%95%98%EC%9E%90-%EC%B4%AC%EC%98%81%EC%A7%80-10%EA%B3%B3%EC%9D%84-%EC%95%8C%EB%A0%A4%EB%93%9C%EB%A6%BD%EB%8B%88%EB%8B%A4%EC%97%85%EB%8D%B0%EC%9D%B4%ED%8A%B8%EC%A4%91,YSDL,KAKAO
그래 이혼하자,프로방스마을,playground,경기 파주시 탄현면 새오리로 77,37.79040523,126.6852386,https://ys-dl.tistory.com/entry/%EA%B7%B8%EB%9E%98-%EC%9D%B4%ED%98%BC%ED%95%98%EC%9E%90-%EC%B4%AC%EC%98%81%EC%A7%80-10%EA%B3%B3%EC%9D%84-%EC%95%8C%EB%A0%A4%EB%93%9C%EB%A6%BD%EB%8B%88%EB%8B%A4%EC%97%85%EB%8D%B0%EC%9D%B4%ED%8A%B8%EC%A4%91,YSDL,KAKAO
그래 이혼하자,장촌공원,playground,경기 고양시 일산서구 중앙로 1525,37.67344684,126.7524115,https://ys-dl.tistory.com/entry/%EA%B7%B8%EB%9E%98-%EC%9D%B4%ED%98%BC%ED%95%98%EC%9E%90-%EC%B4%AC%EC%98%81%EC%A7%80-10%EA%B3%B3%EC%9D%84-%EC%95%8C%EB%A0%A4%EB%93%9C%EB%A6%BD%EB%8B%88%EB%8B%A4%EC%97%85%EB%8D%B0%EC%9D%B4%ED%8A%B8%EC%A4%91,YSDL,KAKAO
그래 이혼하자,수변공원,playground,충북 음성군 맹동면 두성리 1067,36.91420338,127.5484224,https://ys-dl.tistory.com/entry/%EA%B7%B8%EB%9E%98-%EC%9D%B4%ED%98%BC%ED%95%98%EC%9E%90-%EC%B4%AC%EC%98%81%EC%A7%80-10%EA%B3%B3%EC%9D%84-%EC%95%8C%EB%A0%A4%EB%93%9C%EB%A6%BD%EB%8B%88%EB%8B%A4%EC%97%85%EB%8D%B0%EC%9D%B4%ED%8A%B8%EC%A4%91,YSDL,KAKAO
그래 이혼하자,수암골,playground,충북 청주시 상당구 수암로 58,36.64733688,127.4942878,https://ys-dl.tistory.com/entry/%EA%B7%B8%EB%9E%98-%EC%9D%B4%ED%98%BC%ED%95%98%EC%9E%90-%EC%B4%AC%EC%98%81%EC%A7%80-10%EA%B3%B3%EC%9D%84-%EC%95%8C%EB%A0%A4%EB%93%9C%EB%A6%BD%EB%8B%88%EB%8B%A4%EC%97%85%EB%8D%B0%EC%9D%B4%ED%8A%B8%EC%A4%91,YSDL,KAKAO
그래 이혼하자,청남대,playground,충북 청주시 상당구 문의면 청남대길 646,36.46284608,127.4917654,https://ys-dl.tistory.com/entry/%EA%B7%B8%EB%9E%98-%EC%9D%B4%ED%98%BC%ED%95%98%EC%9E%90-%EC%B4%AC%EC%98%81%EC%A7%80-10%EA%B3%B3%EC%9D%84-%EC%95%8C%EB%A0%A4%EB%93%9C%EB%A6%BD%EB%8B%88%EB%8B%A4%EC%97%85%EB%8D%B0%EC%9D%B4%ED%8A%B8%EC%A4%91,YSDL,KAKAO
그래 이혼하자,도솔공원,playground,충남 천안시 동남구 천안대로 844,36.82413689,127.1618796,https://ys-dl.tistory.com/entry/%EA%B7%B8%EB%9E%98-%EC%9D%B4%ED%98%BC%ED%95%98%EC%9E%90-%EC%B4%AC%EC%98%81%EC%A7%80-10%EA%B3%B3%EC%9D%84-%EC%95%8C%EB%A0%A4%EB%93%9C%EB%A6%BD%EB%8B%88%EB%8B%A4%EC%97%85%EB%8D%B0%EC%9D%B4%ED%8A%B8%EC%A4%91,YSDL,KAKAO
그래서 나는 안티팬과 결혼했다,백도해변,playground,강원도 고성군 죽왕면 문암진리 19-22,38.301267,128.5463,,KCISA,KCISA
그래서 나는 안티팬과 결혼했다,망원한강공원,playground,서울특별시 마포구 마포나루길 467,37.55347,126.89816,,KCISA,KCISA
그래서 나는 안티팬과 결혼했다,가온문화공원,playground,서울특별시 마포구 상암동 1594,37.58181,126.88765,,KCISA,KCISA
그래서 나는 안티팬과 결혼했다,어울마당로,playground,서울특별시 마포구 어울마당로,37.55003,126.92113,,KCISA,KCISA
그래서 나는 안티팬과 결혼했다,드림타워,playground,서울특별시 마포구 월드컵북로56길 19,37.582217,126.8883,,KCISA,KCISA
그래서 나는 안티팬과 결혼했다,더화이트베일웨딩,playground,서울특별시 서초구 서초중앙로 14,37.483574,127.01785,,KCISA,KCISA
그래서 나는 안티팬과 결혼했다,응봉산 팔각정,playground,서울특별시 성동구 독서당로60길 13-1,37.547805,127.029886,,KCISA,KCISA
그래서 나는 안티팬과 결혼했다,마포대교,playground,서울특별시 영등포구 여의도동 84-5,37.533709,126.9367,,KCISA,KCISA
그래서 나는 안티팬과 결혼했다,서강대교,playground,서울특별시 영등포구 여의도동 서강대교,37.536911,126.92495,,KCISA,KCISA
그래서 나는 안티팬과 결혼했다,서울마리나 클럽&요트,playground,서울특별시 영등포구 여의서로 160,37.534829,126.91157,,KCISA,KCISA
그래서 나는 안티팬과 결혼했다,더리버,playground,서울특별시 용산구 용산동6가 451,37.507108,126.98472,,KCISA,KCISA
그래서 나는 안티팬과 결혼했다,인천종합문화예술회관,playground,인천광역시 남동구 예술로 149,37.447802,126.70008,,KCISA,KCISA
그래서 나는 안티팬과 결혼했다,인천국제공항,playground,인천광역시 중구 공항로 272,37.44919,126.4514,,KCISA,KCISA
그리드,보정동 카페거리,playground,경기도 용인시 기흥구 보정로15번길,37.321569,127.1091461,,KCISA,KCISA
그리드,청파로,playground,서울특별시 중구 청파로 425-2,37.557665,126.96895,,KCISA,KCISA
그린로즈,서강대교,playground,서울특별시 영등포구 여의도동 서강대교,37.536911,126.92495,,KCISA,KCISA
그저 바라보다가,올림픽공원,playground,서울특별시 송파구 올림픽로 424,37.5209657,127.116064,,KCISA,KCISA
그저 바라보다가,서울 포스트타워,playground,서울특별시 중구 소공로 70,37.561685,126.98215,,KCISA,KCISA
근초고왕,백제문화단지,playground,충청남도 부여군 규암면 백제문로 455,36.3069,126.9066,,KCISA,KCISA
"금 나와라, 뚝딱!",압구정로,playground,서울특별시 강남구 압구정로 436,37.526557,127.04465,,KCISA,KCISA
"금 나와라, 뚝딱!",낙산공원,playground,서울특별시 종로구 낙산길 41,37.580667,127.00746,,KCISA,KCISA
"금 나와라, 뚝딱!",일민미술관,playground,서울특별시 종로구 세종대로 152,37.569866,126.97765,,KCISA,KCISA
금수저,수원 화성,playground,경기도 수원시 장안구 영화동 320-2,37.2871264,127.01196,,KCISA,KCISA
금수저,경희대국제캠퍼스,playground,경기도 용인시 기흥구 덕영대로 1732,37.240921,127.07958,,KCISA,KCISA
금수저,화이트블럭,playground,경기도 파주시 탄현면 헤이리마을길 72,37.7889189,126.699592,,KCISA,KCISA
금수저,압구정로,playground,서울특별시 강남구 압구정로 436,37.526557,127.04465,,KCISA,KCISA
금수저,윤보선길,playground,서울특별시 종로구 윤보선길,37.577559,126.98376,,KCISA,KCISA
금수저,스테이트 타워 남산,playground,서울특별시 중구 퇴계로 100,37.560342,126.98297,,KCISA,KCISA
금주를 부탁해,무수천,playground,서울 도봉구 도봉동,37.6755816,127.0254551,https://ys-dl.tistory.com/entry/%EA%B8%88%EC%A3%BC%EB%A5%BC-%EB%B6%80%ED%83%81%ED%95%B4-%EC%B4%AC%EC%98%81%EC%A7%80-12%EA%B3%B3%EC%9D%84-%EC%95%8C%EB%A0%A4%EB%93%9C%EB%A6%BD%EB%8B%88%EB%8B%A4%EC%97%85%EB%8D%B0%EC%9D%B4%ED%8A%B8%EC%A4%91,YSDL,KAKAO
금주를 부탁해,응봉산,playground,서울 성동구 응봉동,37.54825281,127.0298342,https://ys-dl.tistory.com/entry/%EA%B8%88%EC%A3%BC%EB%A5%BC-%EB%B6%80%ED%83%81%ED%95%B4-%EC%B4%AC%EC%98%81%EC%A7%80-12%EA%B3%B3%EC%9D%84-%EC%95%8C%EB%A0%A4%EB%93%9C%EB%A6%BD%EB%8B%88%EB%8B%A4%EC%97%85%EB%8D%B0%EC%9D%B4%ED%8A%B8%EC%A4%91,YSDL,KAKAO
금주를 부탁해,양주관아지,playground,경기 양주시 부흥로1399번길 15,37.78565764,127.0295706,https://ys-dl.tistory.com/entry/%EA%B8%88%EC%A3%BC%EB%A5%BC-%EB%B6%80%ED%83%81%ED%95%B4-%EC%B4%AC%EC%98%81%EC%A7%80-12%EA%B3%B3%EC%9D%84-%EC%95%8C%EB%A0%A4%EB%93%9C%EB%A6%BD%EB%8B%88%EB%8B%A4%EC%97%85%EB%8D%B0%EC%9D%B4%ED%8A%B8%EC%A4%91,YSDL,KAKAO
금주를 부탁해,장경사,playground,경기 광주시 남한산성면 남한산성로 676,37.47513847,127.1978185,https://ys-dl.tistory.com/entry/%EA%B8%88%EC%A3%BC%EB%A5%BC-%EB%B6%80%ED%83%81%ED%95%B4-%EC%B4%AC%EC%98%81%EC%A7%80-12%EA%B3%B3%EC%9D%84-%EC%95%8C%EB%A0%A4%EB%93%9C%EB%A6%BD%EB%8B%88%EB%8B%A4%EC%97%85%EB%8D%B0%EC%9D%B4%ED%8A%B8%EC%A4%91,YSDL,KAKAO
금주를 부탁해,신륵사관광지,playground,경기 여주시 신륵사길 73,37.29742583,127.6599364,https://ys-dl.tistory.com/entry/%EA%B8%88%EC%A3%BC%EB%A5%BC-%EB%B6%80%ED%83%81%ED%95%B4-%EC%B4%AC%EC%98%81%EC%A7%80-12%EA%B3%B3%EC%9D%84-%EC%95%8C%EB%A0%A4%EB%93%9C%EB%A6%BD%EB%8B%88%EB%8B%A4%EC%97%85%EB%8D%B0%EC%9D%B4%ED%8A%B8%EC%A4%91,YSDL,KAKAO
금주를 부탁해,정선가리왕산케이블카 숙암역,playground,강원특별자치도 정선군 북평면 중봉길 41-35,37.47412818,128.6098193,https://ys-dl.tistory.com/entry/%EA%B8%88%EC%A3%BC%EB%A5%BC-%EB%B6%80%ED%83%81%ED%95%B4-%EC%B4%AC%EC%98%81%EC%A7%80-12%EA%B3%B3%EC%9D%84-%EC%95%8C%EB%A0%A4%EB%93%9C%EB%A6%BD%EB%8B%88%EB%8B%A4%EC%97%85%EB%8D%B0%EC%9D%B4%ED%8A%B8%EC%A4%91,YSDL,KAKAO
금주를 부탁해,의림지역사박물관,playground,충북 제천시 의림대로47길 7,37.17621035,128.2095074,https://ys-dl.tistory.com/entry/%EA%B8%88%EC%A3%BC%EB%A5%BC-%EB%B6%80%ED%83%81%ED%95%B4-%EC%B4%AC%EC%98%81%EC%A7%80-12%EA%B3%B3%EC%9D%84-%EC%95%8C%EB%A0%A4%EB%93%9C%EB%A6%BD%EB%8B%88%EB%8B%A4%EC%97%85%EB%8D%B0%EC%9D%B4%ED%8A%B8%EC%A4%91,YSDL,KAKAO
금주를 부탁해,의림지파크랜드,playground,충북 제천시 의림지로 24,37.17509314,128.2086214,https://ys-dl.tistory.com/entry/%EA%B8%88%EC%A3%BC%EB%A5%BC-%EB%B6%80%ED%83%81%ED%95%B4-%EC%B4%AC%EC%98%81%EC%A7%80-12%EA%B3%B3%EC%9D%84-%EC%95%8C%EB%A0%A4%EB%93%9C%EB%A6%BD%EB%8B%88%EB%8B%A4%EC%97%85%EB%8D%B0%EC%9D%B4%ED%8A%B8%EC%A4%91,YSDL,KAKAO
금주를 부탁해,의림지,playground,충북 제천시 모산동 241,37.17317706,128.2107054,https://ys-dl.tistory.com/entry/%EA%B8%88%EC%A3%BC%EB%A5%BC-%EB%B6%80%ED%83%81%ED%95%B4-%EC%B4%AC%EC%98%81%EC%A7%80-12%EA%B3%B3%EC%9D%84-%EC%95%8C%EB%A0%A4%EB%93%9C%EB%A6%BD%EB%8B%88%EB%8B%A4%EC%97%85%EB%8D%B0%EC%9D%B4%ED%8A%B8%EC%A4%91,YSDL,KAKAO
금주를 부탁해,대천해수욕장,playground,충남 보령시 머드로 123,36.31023173,126.5134816,https://ys-dl.tistory.com/entry/%EA%B8%88%EC%A3%BC%EB%A5%BC-%EB%B6%80%ED%83%81%ED%95%B4-%EC%B4%AC%EC%98%81%EC%A7%80-12%EA%B3%B3%EC%9D%84-%EC%95%8C%EB%A0%A4%EB%93%9C%EB%A6%BD%EB%8B%88%EB%8B%A4%EC%97%85%EB%8D%B0%EC%9D%B4%ED%8A%B8%EC%A4%91,YSDL,KAKAO
금주를 부탁해,공주메타세콰이어숲길,playground,충남 공주시 의당면 청룡리,36.49313165,127.1351666,https://ys-dl.tistory.com/entry/%EA%B8%88%EC%A3%BC%EB%A5%BC-%EB%B6%80%ED%83%81%ED%95%B4-%EC%B4%AC%EC%98%81%EC%A7%80-12%EA%B3%B3%EC%9D%84-%EC%95%8C%EB%A0%A4%EB%93%9C%EB%A6%BD%EB%8B%88%EB%8B%A4%EC%97%85%EB%8D%B0%EC%9D%B4%ED%8A%B8%EC%A4%91,YSDL,KAKAO
금주를 부탁해,정읍구절초지방정원,playground,전북특별자치도 정읍시 산내면 청정로 926-65,35.55427092,127.018893,https://ys-dl.tistory.com/entry/%EA%B8%88%EC%A3%BC%EB%A5%BC-%EB%B6%80%ED%83%81%ED%95%B4-%EC%B4%AC%EC%98%81%EC%A7%80-12%EA%B3%B3%EC%9D%84-%EC%95%8C%EB%A0%A4%EB%93%9C%EB%A6%BD%EB%8B%88%EB%8B%A4%EC%97%85%EB%8D%B0%EC%9D%B4%ED%8A%B8%EC%A4%91,YSDL,KAKAO
금주를 부탁해,안동호 선성수상길,playground,경북 안동시 도산면 서부리 172,36.69797228,128.8149692,https://ys-dl.tistory.com/entry/%EA%B8%88%EC%A3%BC%EB%A5%BC-%EB%B6%80%ED%83%81%ED%95%B4-%EC%B4%AC%EC%98%81%EC%A7%80-12%EA%B3%B3%EC%9D%84-%EC%95%8C%EB%A0%A4%EB%93%9C%EB%A6%BD%EB%8B%88%EB%8B%A4%EC%97%85%EB%8D%B0%EC%9D%B4%ED%8A%B8%EC%A4%91,YSDL,KAKAO
금주를 부탁해,월영교,playground,경북 안동시 석주로 203,36.57661204,128.760926,https://ys-dl.tistory.com/entry/%EA%B8%88%EC%A3%BC%EB%A5%BC-%EB%B6%80%ED%83%81%ED%95%B4-%EC%B4%AC%EC%98%81%EC%A7%80-12%EA%B3%B3%EC%9D%84-%EC%95%8C%EB%A0%A4%EB%93%9C%EB%A6%BD%EB%8B%88%EB%8B%A4%EC%97%85%EB%8D%B0%EC%9D%B4%ED%8A%B8%EC%A4%91,YSDL,KAKAO
금주를 부탁해,월영공원,playground,경북 안동시 상아동 486,36.57877248,128.7598423,https://ys-dl.tistory.com/entry/%EA%B8%88%EC%A3%BC%EB%A5%BC-%EB%B6%80%ED%83%81%ED%95%B4-%EC%B4%AC%EC%98%81%EC%A7%80-12%EA%B3%B3%EC%9D%84-%EC%95%8C%EB%A0%A4%EB%93%9C%EB%A6%BD%EB%8B%88%EB%8B%A4%EC%97%85%EB%8D%B0%EC%9D%B4%ED%8A%B8%EC%A4%91,YSDL,KAKAO
금주를 부탁해,낙강물길공원,playground,경북 안동시 상아동 423,36.58785968,128.7709445,https://ys-dl.tistory.com/entry/%EA%B8%88%EC%A3%BC%EB%A5%BC-%EB%B6%80%ED%83%81%ED%95%B4-%EC%B4%AC%EC%98%81%EC%A7%80-12%EA%B3%B3%EC%9D%84-%EC%95%8C%EB%A0%A4%EB%93%9C%EB%A6%BD%EB%8B%88%EB%8B%A4%EC%97%85%EB%8D%B0%EC%9D%B4%ED%8A%B8%EC%A4%91,YSDL,KAKAO
긍정이 체질,훈련원공원,playground,서울특별시 중구 을지로 227,37.567386,127.00338,,KCISA,KCISA
기름진 멜로,로얄새들승마클럽,playground,경기도 고양시 일산동구 견달산로 40,37.699723,126.82508,,KCISA,KCISA
기름진 멜로,화랑육교,playground,경기도 성남시 분당구 삼평동 화랑육교,37.40165,127.1052,,KCISA,KCISA
기름진 멜로,더발렌티청담,playground,서울특별시 강남구 영동대로 728,37.523044,127.05605,,KCISA,KCISA
기름진 멜로,가온문화공원,playground,서울특별시 마포구 상암동 1594,37.58181,126.88765,,KCISA,KCISA
기름진 멜로,밤섬공원,playground,서울특별시 마포구 신정동 76-1,37.542941,126.93188,,KCISA,KCISA
기름진 멜로,응봉산 팔각정,playground,서울특별시 성동구 독서당로60길 13-1,37.547805,127.029886,,KCISA,KCISA
기름진 멜로,성수이로7길,playground,서울특별시 성동구 연무장길 36,37.542826,127.05326,,KCISA,KCISA
기름진 멜로,화인빌딩,playground,충청북도 청주시 청원구 충청대로 113,36.666585,127.49326,,KCISA,KCISA
기리고,유종헌가옥,playground,전남광주통합특별시 담양군 창평면 얼그실길 10-10,35.24640529,126.978267,https://ys-dl.tistory.com/entry/%EA%B8%B0%EB%A6%AC%EA%B3%A0-%EC%B4%AC%EC%98%81%EC%A7%80-3%EA%B3%B3%EC%9D%84-%EC%95%8C%EB%A0%A4%EB%93%9C%EB%A6%BD%EB%8B%88%EB%8B%A4%EC%97%85%EB%8D%B0%EC%9D%B4%ED%8A%B8%EC%A4%91,YSDL,KAKAO
기상청 사람들: 사내연애 잔혹사 편,복정우물,playground,서울 종로구 삼청로4길 12-1,37.58210563,126.9819764,https://ys-dl.tistory.com/entry/%EA%B8%B0%EC%83%81%EC%B2%AD-%EC%82%AC%EB%9E%8C%EB%93%A4-%EC%B4%AC%EC%98%81%EC%A7%80-%EC%84%9C%EC%9A%B8-28%EA%B3%B3%EC%9D%84-%EC%95%8C%EB%A0%A4%EB%93%9C%EB%A6%BD%EB%8B%88%EB%8B%A4,YSDL,KAKAO
기상청 사람들: 사내연애 잔혹사 편,소양강댐,playground,강원도 춘천시 신북읍 천전리 73-18,37.9455,127.81337,,KCISA,KCISA
기상청 사람들: 사내연애 잔혹사 편,도산대로,playground,서울특별시 강남구 도산대로49길 22,37.524475,127.03727,,KCISA,KCISA
기상청 사람들: 사내연애 잔혹사 편,영동대로,playground,서울특별시 강남구 삼성동,37.51369,127.0605,,KCISA,KCISA
기상청 사람들: 사내연애 잔혹사 편,기상청,playground,서울특별시 동작구 여의대방로16길 61,37.493855,126.917,,KCISA,KCISA
기상청 사람들: 사내연애 잔혹사 편,반포대교,playground,서울특별시 서초구 반포동 반포대교,37.512187,126.9976,,KCISA,KCISA
기상청 사람들: 사내연애 잔혹사 편,서울교,playground,서울특별시 영등포구 여의도동,37.52106,126.9165,,KCISA,KCISA
기상청 사람들: 사내연애 잔혹사 편,국립기상박물관,playground,서울특별시 종로구 송월길 52,37.571417,126.96625,,KCISA,KCISA
기상청 사람들: 사내연애 잔혹사 편,서울기상관측소,playground,서울특별시 종로구 송월길 52,37.57143,126.96623,,KCISA,KCISA
기상청 사람들: 사내연애 잔혹사 편,자하문로,playground,서울특별시 종로구 자하문로 223-1,37.594169,126.96344,,KCISA,KCISA
기상청 사람들: 사내연애 잔혹사 편,숭례문,playground,서울특별시 중구 세종대로 40,37.559956,126.97529,,KCISA,KCISA
기생수: 더 그레이,용마랜드,playground,서울 중랑구 망우로70길 118,37.59477741,127.1054538,https://ys-dl.tistory.com/entry/%EA%B8%B0%EC%83%9D%EC%88%98-%EB%8D%94%EA%B7%B8%EB%A0%88%EC%9D%B4-%EC%B4%AC%EC%98%81%EC%A7%80-10%EA%B3%B3%EC%9D%84-%EC%95%8C%EB%A0%A4%EB%93%9C%EB%A6%BD%EB%8B%88%EB%8B%A4%EC%97%85%EB%8D%B0%EC%9D%B4%ED%8A%B8%EC%A4%91,YSDL,KAKAO
기생수: 더 그레이,부천호수식물원 수피아,playground,경기 부천시 원미구 조마루로 15,37.50535787,126.7463617,https://ys-dl.tistory.com/entry/%EA%B8%B0%EC%83%9D%EC%88%98-%EB%8D%94%EA%B7%B8%EB%A0%88%EC%9D%B4-%EC%B4%AC%EC%98%81%EC%A7%80-10%EA%B3%B3%EC%9D%84-%EC%95%8C%EB%A0%A4%EB%93%9C%EB%A6%BD%EB%8B%88%EB%8B%A4%EC%97%85%EB%8D%B0%EC%9D%B4%ED%8A%B8%EC%A4%91,YSDL,KAKAO
기생수: 더 그레이,백제군사박물관,playground,충남 논산시 부적면 충곡로 311-54,36.19240396,127.1814147,https://ys-dl.tistory.com/entry/%EA%B8%B0%EC%83%9D%EC%88%98-%EB%8D%94%EA%B7%B8%EB%A0%88%EC%9D%B4-%EC%B4%AC%EC%98%81%EC%A7%80-10%EA%B3%B3%EC%9D%84-%EC%95%8C%EB%A0%A4%EB%93%9C%EB%A6%BD%EB%8B%88%EB%8B%A4%EC%97%85%EB%8D%B0%EC%9D%B4%ED%8A%B8%EC%A4%91,YSDL,KAKAO
기억,제일라아트홀,playground,서울 마포구 월드컵북로 323,37.5750456,126.895491,https://ys-dl.tistory.com/entry/%EA%B8%B0%EC%96%B5-%EC%B4%AC%EC%98%81%EC%A7%80-%EC%9D%B8%EC%B2%9C-2%EA%B3%B3-%EC%84%9C%EC%9A%B8-14%EA%B3%B3%EC%9D%84-%EC%95%8C%EB%A0%A4%EB%93%9C%EB%A6%BD%EB%8B%88%EB%8B%A4,YSDL,KAKAO
기억,여의도공원,playground,서울 영등포구 여의공원로 68,37.52613492,126.9223482,https://ys-dl.tistory.com/entry/%EA%B8%B0%EC%96%B5-%EC%B4%AC%EC%98%81%EC%A7%80-%EC%9D%B8%EC%B2%9C-2%EA%B3%B3-%EC%84%9C%EC%9A%B8-14%EA%B3%B3%EC%9D%84-%EC%95%8C%EB%A0%A4%EB%93%9C%EB%A6%BD%EB%8B%88%EB%8B%A4,YSDL,KAKAO
기억,올림픽공원,playground,서울 송파구 올림픽로 424,37.52053406,127.1208128,https://ys-dl.tistory.com/entry/%EA%B8%B0%EC%96%B5-%EC%B4%AC%EC%98%81%EC%A7%80-%EC%9D%B8%EC%B2%9C-2%EA%B3%B3-%EC%84%9C%EC%9A%B8-14%EA%B3%B3%EC%9D%84-%EC%95%8C%EB%A0%A4%EB%93%9C%EB%A6%BD%EB%8B%88%EB%8B%A4,YSDL,KAKAO
기적의 형제,여의도공원,playground,서울 영등포구 여의공원로 68,37.52613492,126.9223482,https://ys-dl.tistory.com/entry/%EA%B8%B0%EC%A0%81%EC%9D%98-%ED%98%95%EC%A0%9C-%EC%B4%AC%EC%98%81%EC%A7%80-8%EA%B3%B3%EC%9D%84-%EC%95%8C%EB%A0%A4%EB%93%9C%EB%A6%BD%EB%8B%88%EB%8B%A4%EC%97%85%EB%8D%B0%EC%9D%B4%ED%8A%B8%EC%A4%91,YSDL,KAKAO
기적의 형제,운정호수공원,playground,경기 파주시 와동동,37.71988717,126.7578737,https://ys-dl.tistory.com/entry/%EA%B8%B0%EC%A0%81%EC%9D%98-%ED%98%95%EC%A0%9C-%EC%B4%AC%EC%98%81%EC%A7%80-8%EA%B3%B3%EC%9D%84-%EC%95%8C%EB%A0%A4%EB%93%9C%EB%A6%BD%EB%8B%88%EB%8B%A4%EC%97%85%EB%8D%B0%EC%9D%B4%ED%8A%B8%EC%A4%91,YSDL,KAKAO
기적의 형제,혜음원지 방문자센터,playground,경기 파주시 광탄면 혜음로 430-31,37.73425448,126.8895001,https://ys-dl.tistory.com/entry/%EA%B8%B0%EC%A0%81%EC%9D%98-%ED%98%95%EC%A0%9C-%EC%B4%AC%EC%98%81%EC%A7%80-8%EA%B3%B3%EC%9D%84-%EC%95%8C%EB%A0%A4%EB%93%9C%EB%A6%BD%EB%8B%88%EB%8B%A4%EC%97%85%EB%8D%B0%EC%9D%B4%ED%8A%B8%EC%A4%91,YSDL,KAKAO
김과장,서강대교,playground,서울특별시 영등포구 여의도동 서강대교,37.536911,126.92495,,KCISA,KCISA
김과장,한강 공원 여의도 지구,playground,서울특별시 영등포구 여의동로 290,37.5290674,126.936218,,KCISA,KCISA
김과장,한강대교,playground,서울특별시 용산구 이촌동 한강대교,37.517492,126.95897,,KCISA,KCISA
김과장,한강철교,playground,서울특별시 용산구 이촌동 한강철교,37.51938,126.9512,,KCISA,KCISA
김과장,포스코타워송도,playground,인천광역시 연수구 컨벤시아대로 165,37.389269,126.64424,,KCISA,KCISA
김부장,부림공원,playground,경기 안양시 동안구 관양동 1471,37.40350907,126.9697038,https://ys-dl.tistory.com/entry/%EA%B9%80%EB%B6%80%EC%9E%A5-%EC%B4%AC%EC%98%81%EC%A7%80-15%EA%B3%B3%EC%9D%84-%EC%95%8C%EB%A0%A4%EB%93%9C%EB%A6%BD%EB%8B%88%EB%8B%A4%EC%97%85%EB%8D%B0%EC%9D%B4%ED%8A%B8%EC%A4%91,YSDL,KAKAO
김부장,내장산문화광장,playground,전북특별자치도 정읍시 내장산로 390,35.52517837,126.8957719,https://ys-dl.tistory.com/entry/%EA%B9%80%EB%B6%80%EC%9E%A5-%EC%B4%AC%EC%98%81%EC%A7%80-15%EA%B3%B3%EC%9D%84-%EC%95%8C%EB%A0%A4%EB%93%9C%EB%A6%BD%EB%8B%88%EB%8B%A4%EC%97%85%EB%8D%B0%EC%9D%B4%ED%8A%B8%EC%A4%91,YSDL,KAKAO
김비서가 왜 그럴까,경기도잣향기푸른숲,playground,경기도 가평군 상면 축령로 289-146,37.769366,127.339123,,KCISA,KCISA
김비서가 왜 그럴까,가평휴게소,playground,경기도 가평군 설악면 미사리로540번길 51,37.701943,127.546795,,KCISA,KCISA
김비서가 왜 그럴까,마임비전빌리지,playground,경기도 여주시 능서면 용은리 443,37.2925249,127.539781,,KCISA,KCISA
김비서가 왜 그럴까,에버랜드,playground,경기도 용인시 처인구 포곡읍 에버랜드로 199,37.2896511,127.217242,,KCISA,KCISA
김비서가 왜 그럴까,평화로440번길,playground,경기도 의정부시 평화로440번길,37.730974,127.04953,,KCISA,KCISA
김비서가 왜 그럴까,평화로450번길,playground,경기도 의정부시 평화로450번길 73,37.732234,127.05228,,KCISA,KCISA
김비서가 왜 그럴까,경기영어마을 파주캠퍼스,playground,경기도 파주시 탄현면 얼음실로 40,37.7852355,126.703739,,KCISA,KCISA
김비서가 왜 그럴까,화이트블럭,playground,경기도 파주시 탄현면 헤이리마을길 72,37.7889189,126.699592,,KCISA,KCISA
김비서가 왜 그럴까,지혜의 숲,playground,경기도 파주시 회동길 145,37.7082492,126.686674,,KCISA,KCISA
김비서가 왜 그럴까,AK플라자 평택점,playground,경기도 평택시 평택로 51,36.99144,127.08356,,KCISA,KCISA
김비서가 왜 그럴까,앞산공원 전망대,playground,대구광역시 남구 대명동 산227-4,35.8272862,128.587654,,KCISA,KCISA
김비서가 왜 그럴까,3.1운동계단,playground,대구광역시 중구 동산동 881-3,35.8672435,128.584875,,KCISA,KCISA
김비서가 왜 그럴까,서문시장,playground,대구광역시 중구 큰장로26길 45 서문시장,35.868857,128.580818,,KCISA,KCISA
김비서가 왜 그럴까,앤드트리메타,playground,서울특별시 강남구 도산대로51길 19,37.5244126,127.037639,,KCISA,KCISA
김비서가 왜 그럴까,라움,playground,서울특별시 강남구 언주로 564,37.508252,127.0397,,KCISA,KCISA
김비서가 왜 그럴까,가온문화공원,playground,서울특별시 마포구 상암동 1594,37.58181,126.88765,,KCISA,KCISA
김비서가 왜 그럴까,어울마당로,playground,서울특별시 마포구 어울마당로,37.55003,126.92113,,KCISA,KCISA
김비서가 왜 그럴까,DMC문화공원,playground,서울특별시 마포구 월드컵북로 366,37.577736,126.89216,,KCISA,KCISA
김비서가 왜 그럴까,동호대교,playground,서울특별시 성동구 옥수동,37.535804,127.02145,,KCISA,KCISA
김비서가 왜 그럴까,서강대교,playground,서울특별시 영등포구 여의도동 서강대교,37.536911,126.92495,,KCISA,KCISA
김비서가 왜 그럴까,이랜드크루즈,playground,서울특별시 영등포구 여의동로 280,37.5290674,126.936218,,KCISA,KCISA
김비서가 왜 그럴까,서울 국립현대미술관,playground,서울특별시 종로구 삼청로 30,37.579449,126.980414,,KCISA,KCISA
김비서가 왜 그럴까,스테이트 타워 남산,playground,서울특별시 중구 퇴계로 100,37.560342,126.98297,,KCISA,KCISA
김비서가 왜 그럴까,가톨릭관동대학교 국제성모병원,playground,인천광역시 서구 심곡로100번길 25,37.542425,126.68384,,KCISA,KCISA
김비서가 왜 그럴까,인천국제공항,playground,인천광역시 중구 공항로 272,37.44919,126.4514,,KCISA,KCISA
꼰대인턴,네오위즈,playground,경기도 성남시 분당구 대왕판교로645번길 14,37.400557,127.104395,,KCISA,KCISA
꼰대인턴,퍼스트가든,playground,경기도 파주시 탑삭골길 260,37.7321551,126.793933,,KCISA,KCISA
꼰대인턴,코엑스,playground,서울특별시 강남구 영동대로 513,37.510177,127.05866,,KCISA,KCISA
꼰대인턴,개미마을,playground,서울특별시 서대문구 세검정로4길 100-58,37.590219,126.95332,,KCISA,KCISA
꼰대인턴,미원빌딩,playground,서울특별시 영등포구 국제금융로 70,37.521533,126.93066,,KCISA,KCISA
꼰대인턴,여의도공원,playground,서울특별시 영등포구 여의공원로 68,37.5281241,126.925754,,KCISA,KCISA
꼰대인턴,서강대교,playground,서울특별시 영등포구 여의도동 서강대교,37.536911,126.92495,,KCISA,KCISA
꼰대인턴,콘코디언 빌딩,playground,서울특별시 종로구 새문안로 76,37.569877,126.9731,,KCISA,KCISA
꽃보다 남자,설악해변,playground,강원도 양양군 강현면 뒷나루2길 5-8,38.131216,128.62292,,KCISA,KCISA
꽃보다 남자,닥밭공원,playground,경기도 고양시 일산동구 무궁화로93번길 32,37.667733,126.7724,,KCISA,KCISA
꽃보다 남자,국제전시장보도육교,playground,경기도 고양시 일산서구 대화동 2607-4,37.666929,126.74945,,KCISA,KCISA
꽃보다 남자,일산서구청사거리,playground,경기도 고양시 일산서구 중앙로 1547,37.67543,126.74932,,KCISA,KCISA
꽃보다 남자,서울대공원,playground,경기도 과천시 대공원광장로 102,37.427542,127.01701,,KCISA,KCISA
꽃보다 남자,베르아델승마클럽,playground,경기도 안산시 단원구 부흥로 376,37.212744,126.608469,,KCISA,KCISA
꽃보다 남자,체인지업캠퍼스 양평캠프,playground,경기도 양평군 용문면 연수로 209,37.4999032,127.575543,,KCISA,KCISA
꽃보다 남자,드림스튜디오,playground,경기도 파주시 광탄면 보광로 877,37.772493,126.88404,,KCISA,KCISA
꽃보다 남자,계명대학교 대명캠퍼스,playground,대구광역시 남구 명덕로 104,35.85427,128.580543,,KCISA,KCISA
꽃보다 남자,어울마당로,playground,서울특별시 마포구 어울마당로,37.55003,126.92113,,KCISA,KCISA
꽃보다 남자,선유도공원,playground,서울특별시 영등포구 선유로 343,37.543688,126.899705,,KCISA,KCISA
꽃보다 남자,동작대교,playground,서울특별시 용산구 이촌동 동작대교,37.51041,126.981893,,KCISA,KCISA
꽃보다 남자,일민미술관,playground,서울특별시 종로구 세종대로 152,37.569866,126.97765,,KCISA,KCISA
꽃보다 남자,삼순이 계단,playground,서울특별시 중구 남산공원길 649,37.554717,126.98177,,KCISA,KCISA
꽃보다 남자,서울파이낸스센터,playground,서울특별시 중구 세종대로 136,37.5684113,126.977714,,KCISA,KCISA
꽃보다 남자,남산 케이블카,playground,서울특별시 중구 소파로 83,37.556593,126.98404,,KCISA,KCISA
꽃보다 남자,송도컨벤시아,playground,인천광역시 연수구 센트럴로 123,37.389109,126.64613,,KCISA,KCISA
꽃보다 남자,인천국제공항,playground,인천광역시 중구 공항로 272,37.44919,126.4514,,KCISA,KCISA
꽃보다 남자,담양레이나CC,playground,전라남도 담양군 담양읍 깊은실길 169,35.310369,127.01734,,KCISA,KCISA
꽃보다 남자,독립기념관,playground,충청남도 천안시 동남구 목천읍 삼방로 95,36.783538,127.2232,,KCISA,KCISA
끝내주는 해결사,노을공원,playground,서울 마포구 상암동 478-1,37.57409491,126.8758066,https://ys-dl.tistory.com/entry/%EB%81%9D%EB%82%B4%EC%A3%BC%EB%8A%94-%ED%95%B4%EA%B2%B0%EC%82%AC-%EC%B4%AC%EC%98%81%EC%A7%80-9%EA%B3%B3%EC%9D%84-%EC%95%8C%EB%A0%A4%EB%93%9C%EB%A6%BD%EB%8B%88%EB%8B%A4%EC%97%85%EB%8D%B0%EC%9D%B4%ED%8A%B8%EC%A4%91,YSDL,KAKAO
끝내주는 해결사,원미공원 현충탑,playground,경기 부천시 원미구 소사로 456,37.49804234,126.8002031,https://ys-dl.tistory.com/entry/%EB%81%9D%EB%82%B4%EC%A3%BC%EB%8A%94-%ED%95%B4%EA%B2%B0%EC%82%AC-%EC%B4%AC%EC%98%81%EC%A7%80-9%EA%B3%B3%EC%9D%84-%EC%95%8C%EB%A0%A4%EB%93%9C%EB%A6%BD%EB%8B%88%EB%8B%A4%EC%97%85%EB%8D%B0%EC%9D%B4%ED%8A%B8%EC%A4%91,YSDL,KAKAO
끝내주는 해결사,익산 교도소 세트장,playground,전북특별자치도 익산시 성당면 함낭로 207,36.06945155,126.930603,https://ys-dl.tistory.com/entry/%EB%81%9D%EB%82%B4%EC%A3%BC%EB%8A%94-%ED%95%B4%EA%B2%B0%EC%82%AC-%EC%B4%AC%EC%98%81%EC%A7%80-9%EA%B3%B3%EC%9D%84-%EC%95%8C%EB%A0%A4%EB%93%9C%EB%A6%BD%EB%8B%88%EB%8B%A4%EC%97%85%EB%8D%B0%EC%9D%B4%ED%8A%B8%EC%A4%91,YSDL,KAKAO
끝에서 두번째 사랑,운정호수공원,playground,경기도 파주시 경의로 1151,37.71896,126.7552,,KCISA,KCISA
나 홀로 그대,알로하서프,playground,강원도 강릉시 옥계면 헌화로 221-4,37.635477,129.044679,,KCISA,KCISA
나 홀로 그대,광교푸르지오월드스퀘어,playground,경기도 수원시 영통구 센트럴타운로 107,37.29246,127.04789,,KCISA,KCISA
나 홀로 그대,퍼스트가든,playground,경기도 파주시 탑삭골길 260,37.7321551,126.793933,,KCISA,KCISA
나 홀로 그대,김포국제공항,playground,서울특별시 강서구 하늘길 112,37.558655,126.79228,,KCISA,KCISA
나 홀로 그대,에코넷센터,playground,서울특별시 성동구 아차산로 78,37.545065,127.05271,,KCISA,KCISA
나 홀로 그대,서강대교,playground,서울특별시 영등포구 여의도동 서강대교,37.536911,126.92495,,KCISA,KCISA
나 홀로 그대,대학로11길,playground,서울특별시 종로구 대학로11길 13,37.582193,127.00092,,KCISA,KCISA
나 홀로 그대,자하문터널,playground,서울특별시 종로구 부암동 자하문로,37.593405,126.96375,,KCISA,KCISA
나 홀로 그대,율곡로3길,playground,서울특별시 종로구 율곡로3길,37.577811,126.98239,,KCISA,KCISA
나는 길에서 연예인을 주웠다,화이트블럭,playground,경기도 파주시 탄현면 헤이리마을길 72,37.7889189,126.699592,,KCISA,KCISA
나는 길에서 연예인을 주웠다,가온문화공원,playground,서울특별시 마포구 상암동 1594,37.58181,126.88765,,KCISA,KCISA
나는 길에서 연예인을 주웠다,서강대교,playground,서울특별시 영등포구 여의도동 서강대교,37.536911,126.92495,,KCISA,KCISA
나는 길에서 연예인을 주웠다,원효대교,playground,서울특별시 영등포구 여의도동 원효대교,37.527046,126.94571,,KCISA,KCISA
나는 길에서 연예인을 주웠다,JCC 아트센터,playground,서울특별시 종로구 창경궁로35길 29,37.5871723,127.001881,,KCISA,KCISA
나는 길에서 연예인을 주웠다,서울한양도성 서울성곽길 남산(목멱산)구간,playground,서울특별시 중구 남창동 205-179,37.564486,127.01016,,KCISA,KCISA
나는 길에서 연예인을 주웠다,용현1.4동,playground,인천광역시 미추홀구 수봉남로18번길 81-22,37.457023,126.6609,,KCISA,KCISA
나는 길에서 연예인을 주웠다,인천국제공항,playground,인천광역시 중구 공항로 272,37.44919,126.4514,,KCISA,KCISA
나를 사랑한 스파이,미메시스 아트 뮤지엄,playground,경기도 파주시 문발동 253,37.716786,126.68877,,KCISA,KCISA
나를 사랑한 스파이,로케이션 이음 (구 로얄퀘스트),playground,경기도 파주시 탄현면 새오리로286번길 48-70,37.713531,126.74641,,KCISA,KCISA
나를 사랑한 스파이,경기영어마을 파주캠퍼스,playground,경기도 파주시 탄현면 얼음실로 40,37.7852355,126.703739,,KCISA,KCISA
나를 사랑한 스파이,천주교 양남 성당,playground,경상북도 경주시 양남면 양남항구길 103-4,35.697987,129.47435,,KCISA,KCISA
나를 사랑한 스파이,MJ피부과,playground,서울특별시 강남구 언주로 815,37.523081,127.03285,,KCISA,KCISA
나를 사랑한 스파이,반포대교,playground,서울특별시 서초구 반포동 반포대교,37.512187,126.9976,,KCISA,KCISA
나를 사랑한 스파이,천호대교,playground,서울특별시 송파구 풍납동 천호대교,37.542878,127.11222,,KCISA,KCISA
나를 사랑한 스파이,한강 공원 여의도 지구,playground,서울특별시 영등포구 여의동로 290,37.5290674,126.936218,,KCISA,KCISA
나를 사랑한 스파이,유엔빌리지길,playground,서울특별시 용산구 유엔빌리지길,37.533436,127.01244,,KCISA,KCISA
나를 사랑한 스파이,담양레이나CC,playground,전라남도 담양군 담양읍 깊은실길 169,35.310369,127.01734,,KCISA,KCISA
나를 사랑한 스파이,제주국제공항,playground,제주특별자치도 제주시 공항로 2,33.506548,126.49304,,KCISA,KCISA
나미브,평화의공원 난지연못,playground,서울 마포구 성산동,37.56342655,126.8956929,https://ys-dl.tistory.com/entry/%EB%82%98%EB%AF%B8%EB%B8%8C-%EC%B4%AC%EC%98%81%EC%A7%80-10%EA%B3%B3%EC%9D%84-%EC%95%8C%EB%A0%A4%EB%93%9C%EB%A6%BD%EB%8B%88%EB%8B%A4%EC%97%85%EB%8D%B0%EC%9D%B4%ED%8A%B8%EC%A4%91,YSDL,KAKAO
나미브,연가어린이공원,playground,서울 서대문구 남가좌동 388-6,37.57992605,126.919315,https://ys-dl.tistory.com/entry/%EB%82%98%EB%AF%B8%EB%B8%8C-%EC%B4%AC%EC%98%81%EC%A7%80-10%EA%B3%B3%EC%9D%84-%EC%95%8C%EB%A0%A4%EB%93%9C%EB%A6%BD%EB%8B%88%EB%8B%A4%EC%97%85%EB%8D%B0%EC%9D%B4%ED%8A%B8%EC%A4%91,YSDL,KAKAO
나미브,오동근린공원,playground,서울 성북구 화랑로13가길 100,37.60997441,127.0419681,https://ys-dl.tistory.com/entry/%EB%82%98%EB%AF%B8%EB%B8%8C-%EC%B4%AC%EC%98%81%EC%A7%80-10%EA%B3%B3%EC%9D%84-%EC%95%8C%EB%A0%A4%EB%93%9C%EB%A6%BD%EB%8B%88%EB%8B%A4%EC%97%85%EB%8D%B0%EC%9D%B4%ED%8A%B8%EC%A4%91,YSDL,KAKAO
나미브,송도센트럴파크,playground,인천 연수구 송도동 24-5,37.39306396,126.6386297,https://ys-dl.tistory.com/entry/%EB%82%98%EB%AF%B8%EB%B8%8C-%EC%B4%AC%EC%98%81%EC%A7%80-10%EA%B3%B3%EC%9D%84-%EC%95%8C%EB%A0%A4%EB%93%9C%EB%A6%BD%EB%8B%88%EB%8B%A4%EC%97%85%EB%8D%B0%EC%9D%B4%ED%8A%B8%EC%A4%91,YSDL,KAKAO
나미브,킨텍스 제1전시장,playground,경기 고양시 일산서구 킨텍스로 217-60,37.66894152,126.7462764,https://ys-dl.tistory.com/entry/%EB%82%98%EB%AF%B8%EB%B8%8C-%EC%B4%AC%EC%98%81%EC%A7%80-10%EA%B3%B3%EC%9D%84-%EC%95%8C%EB%A0%A4%EB%93%9C%EB%A6%BD%EB%8B%88%EB%8B%A4%EC%97%85%EB%8D%B0%EC%9D%B4%ED%8A%B8%EC%A4%91,YSDL,KAKAO
나미브,밤가시공원,playground,경기 고양시 일산동구 정발산동 1299,37.66901894,126.7828016,https://ys-dl.tistory.com/entry/%EB%82%98%EB%AF%B8%EB%B8%8C-%EC%B4%AC%EC%98%81%EC%A7%80-10%EA%B3%B3%EC%9D%84-%EC%95%8C%EB%A0%A4%EB%93%9C%EB%A6%BD%EB%8B%88%EB%8B%A4%EC%97%85%EB%8D%B0%EC%9D%B4%ED%8A%B8%EC%A4%91,YSDL,KAKAO
나미브,일산호수공원,playground,경기 고양시 일산동구 호수로 595,37.65613604,126.7641415,https://ys-dl.tistory.com/entry/%EB%82%98%EB%AF%B8%EB%B8%8C-%EC%B4%AC%EC%98%81%EC%A7%80-10%EA%B3%B3%EC%9D%84-%EC%95%8C%EB%A0%A4%EB%93%9C%EB%A6%BD%EB%8B%88%EB%8B%A4%EC%97%85%EB%8D%B0%EC%9D%B4%ED%8A%B8%EC%A4%91,YSDL,KAKAO
나빌레라,아침고요수목원,playground,경기도 가평군 상면 수목원로 432,37.742485,127.35173,,KCISA,KCISA
나빌레라,웅진플레이도시,playground,경기도 부천시 상동 조마루로 2,37.49991,126.74418,,KCISA,KCISA
나빌레라,합천 영상 테마파크,playground,경상남도 합천군 용주면 합천호수로 757,35.5489346,128.072475,,KCISA,KCISA
나빌레라,성신여자대학교 운정그린캠퍼스,playground,서울특별시 강북구 도봉로76가길 55,37.632219,127.0273,,KCISA,KCISA
나빌레라,중계마을,playground,서울특별시 노원구 중계본동 104-3,37.642741,127.08542,,KCISA,KCISA
나빌레라,자매근린공원,playground,서울특별시 영등포구 여의대방로 372-1,37.517512,126.93019,,KCISA,KCISA
나빌레라,서강대교,playground,서울특별시 영등포구 여의도동 서강대교,37.536911,126.92495,,KCISA,KCISA
나빌레라,한강 공원 여의도 지구,playground,서울특별시 영등포구 여의동로 290,37.5290674,126.936218,,KCISA,KCISA
나빌레라,동작대교,playground,서울특별시 용산구 이촌동 동작대교,37.51041,126.981893,,KCISA,KCISA
나빌레라,이촌로29길,playground,서울특별시 용산구 이촌로29길,37.525257,126.96103,,KCISA,KCISA
나빌레라,두손빌딩,playground,인천광역시 연수구 청능대로 93,37.414305,126.67569,,KCISA,KCISA
나빌레라,인천국제공항,playground,인천광역시 중구 공항로 272,37.44919,126.4514,,KCISA,KCISA
나빌레라,당진문예의전당,playground,충청남도 당진시 무수동2길 25-21,36.890144,126.63795,,KCISA,KCISA
나쁜엄마,아쿠아플라넷 일산,playground,경기 고양시 일산서구 한류월드로 282,37.66378755,126.7554856,https://ys-dl.tistory.com/entry/%EB%82%98%EC%81%9C%EC%97%84%EB%A7%88-%EC%B4%AC%EC%98%81%EC%A7%80-5%EA%B3%B3%EC%9D%84-%EC%95%8C%EB%A0%A4%EB%93%9C%EB%A6%BD%EB%8B%88%EB%8B%A4%EC%97%85%EB%8D%B0%EC%9D%B4%ED%8A%B8%EC%A4%91,YSDL,KAKAO
나의 나라,반곡지,playground,경상북도 경산시 남산면 반곡리 246,35.780498,128.806454,,KCISA,KCISA
나의 나라,오봉산 마당바위,playground,경상북도 경주시 서면 천촌리,35.853269,129.05014,,KCISA,KCISA
나의 나라,영주 무섬마을,playground,경상북도 영주시 문수면 무섬로 238-2,36.732678,128.62112,,KCISA,KCISA
나의 나라,나주영상테마파크,playground,전라남도 나주시 공산면 덕음로 450,34.979823,126.60098,,KCISA,KCISA
나의 나라,궁남지,playground,충청남도 부여군 부여읍 궁남로 52,36.269619,126.91224,,KCISA,KCISA
나의 나라,성흥산 사랑나무,playground,충청남도 부여군 임천면 성흥로97번길 167,36.1971825,126.898347,,KCISA,KCISA
나의 아저씨,회동 솔향 캠핑장,playground,강원도 정선군 정선읍 기리왕산로 570-5,37.412692,128.58402,,KCISA,KCISA
나의 아저씨,세종빌딩,playground,경기도 이천시 증신로 303,37.297487,127.4389,,KCISA,KCISA
나의 아저씨,우덕빌딩,playground,서울특별시 서초구 강남대로 577,37.513209,127.01979,,KCISA,KCISA
나의 아저씨,동호대교,playground,서울특별시 성동구 옥수동,37.535804,127.02145,,KCISA,KCISA
나의 아저씨,샛강다리,playground,서울특별시 영등포구 여의도동 39,37.518835,126.91898,,KCISA,KCISA
나의 아저씨,한강대교,playground,서울특별시 용산구 이촌동 한강대교,37.517492,126.95897,,KCISA,KCISA
나의 아저씨,이촌로29길,playground,서울특별시 용산구 이촌로29길,37.525257,126.96103,,KCISA,KCISA
나의 아저씨,낙산공원,playground,서울특별시 종로구 낙산길 41,37.580667,127.00746,,KCISA,KCISA
나의 아저씨,운현궁,playground,서울특별시 종로구 삼일대로 464,37.575958,126.986991,,KCISA,KCISA
나의 아저씨,청계천,playground,서울특별시 종로구 서린동 148,37.569205,126.97791,,KCISA,KCISA
나의 아저씨,세종문화회관,playground,서울특별시 종로구 세종대로 175,37.572139,126.97634,,KCISA,KCISA
나의 아저씨,남산육교,playground,서울특별시 중구 남창동,37.557166,126.97634,,KCISA,KCISA
나의 아저씨,시그니쳐타워,playground,서울특별시 중구 청계천로 100 시그니쳐타워 1층,37.567606,126.98844,,KCISA,KCISA
나의 아저씨,남산 육교,playground,서울특별시 중구 퇴계로 33,37.557538,126.976379,,KCISA,KCISA
나의 아저씨,정수사,playground,인천광역시 강화군 화도면 해안남로 1258번길 142,37.607657,126.445211,,KCISA,KCISA
나의 해리에게,각국조계지계단,playground,인천 제물포구 송학동1가 12,37.47377871,126.6234421,https://ys-dl.tistory.com/entry/%EB%82%98%EC%9D%98-%ED%95%B4%EB%A6%AC%EC%97%90%EA%B2%8C-%EC%B4%AC%EC%98%81%EC%A7%80-2%EA%B3%B3%EC%9D%84-%EC%95%8C%EB%A0%A4%EB%93%9C%EB%A6%BD%EB%8B%88%EB%8B%A4%EC%97%85%EB%8D%B0%EC%9D%B4%ED%8A%B8%EC%A4%91,YSDL,KAKAO
나의 해방일지,약천사,playground,경기도 파주시 교하로681번길 118,37.7057376,126.701279,,KCISA,KCISA
나의 해방일지,가온문화공원,playground,서울특별시 마포구 상암동 1594,37.58181,126.88765,,KCISA,KCISA
나의 해방일지,자매근린공원,playground,서울특별시 영등포구 여의대방로 372-1,37.517512,126.93019,,KCISA,KCISA
나의 해방일지,여의서로,playground,서울특별시 영등포구 여의도동,37.533522,126.91482,,KCISA,KCISA
나의 해방일지,국회둔치주차장 아치형다리,playground,서울특별시 영등포구 여의도동 81-8,37.533705,126.9147,,KCISA,KCISA
나의 해방일지,국회의사당,playground,서울특별시 영등포구 의사당대로 1,37.531847,126.91411,,KCISA,KCISA
나의 해방일지,덕수궁 돌담길,playground,서울특별시 중구 세종대로 99,37.565924,126.97501,,KCISA,KCISA
나의 해방일지,정동길,playground,서울특별시 중구 정동 30-1,37.566626,126.97089,,KCISA,KCISA
나의 해방일지,파라다이스시티,playground,인천광역시 중구 영종해안남로321번길 186,37.437623,126.45597,,KCISA,KCISA
나의 해피엔드,이촌한강공원,playground,서울 용산구 이촌로72길 62,37.51724044,126.9705266,https://ys-dl.tistory.com/entry/%EB%82%98%EC%9D%98-%ED%95%B4%ED%94%BC%EC%97%94%EB%93%9C-%EC%B4%AC%EC%98%81%EC%A7%80-5%EA%B3%B3%EC%9D%84-%EC%95%8C%EB%A0%A4%EB%93%9C%EB%A6%BD%EB%8B%88%EB%8B%A4%EC%97%85%EB%8D%B0%EC%9D%B4%ED%8A%B8%EC%A4%91,YSDL,KAKAO
나의 해피엔드,반포한강공원,playground,서울 서초구 반포동 115-5,37.51081993,126.997161,https://ys-dl.tistory.com/entry/%EB%82%98%EC%9D%98-%ED%95%B4%ED%94%BC%EC%97%94%EB%93%9C-%EC%B4%AC%EC%98%81%EC%A7%80-5%EA%B3%B3%EC%9D%84-%EC%95%8C%EB%A0%A4%EB%93%9C%EB%A6%BD%EB%8B%88%EB%8B%A4%EC%97%85%EB%8D%B0%EC%9D%B4%ED%8A%B8%EC%A4%91,YSDL,KAKAO
나의 해피엔드,서래섬,playground,서울 서초구 반포동 137-41,37.50802101,126.9899294,https://ys-dl.tistory.com/entry/%EB%82%98%EC%9D%98-%ED%95%B4%ED%94%BC%EC%97%94%EB%93%9C-%EC%B4%AC%EC%98%81%EC%A7%80-5%EA%B3%B3%EC%9D%84-%EC%95%8C%EB%A0%A4%EB%93%9C%EB%A6%BD%EB%8B%88%EB%8B%A4%EC%97%85%EB%8D%B0%EC%9D%B4%ED%8A%B8%EC%A4%91,YSDL,KAKAO
나의 해피엔드,연천호로고루,playground,경기 연천군 장남면 원당리 1257-1,37.98619198,126.8585572,https://ys-dl.tistory.com/entry/%EB%82%98%EC%9D%98-%ED%95%B4%ED%94%BC%EC%97%94%EB%93%9C-%EC%B4%AC%EC%98%81%EC%A7%80-5%EA%B3%B3%EC%9D%84-%EC%95%8C%EB%A0%A4%EB%93%9C%EB%A6%BD%EB%8B%88%EB%8B%A4%EC%97%85%EB%8D%B0%EC%9D%B4%ED%8A%B8%EC%A4%91,YSDL,KAKAO
나의 해피엔드,포천체육공원,playground,경기 포천시 중앙로61번길 18,37.89394028,127.1983553,https://ys-dl.tistory.com/entry/%EB%82%98%EC%9D%98-%ED%95%B4%ED%94%BC%EC%97%94%EB%93%9C-%EC%B4%AC%EC%98%81%EC%A7%80-5%EA%B3%B3%EC%9D%84-%EC%95%8C%EB%A0%A4%EB%93%9C%EB%A6%BD%EB%8B%88%EB%8B%A4%EC%97%85%EB%8D%B0%EC%9D%B4%ED%8A%B8%EC%A4%91,YSDL,KAKAO
나의 해피엔드,고모저수지,playground,경기 포천시 소흘읍 고모리 797-64,37.79714772,127.1628973,https://ys-dl.tistory.com/entry/%EB%82%98%EC%9D%98-%ED%95%B4%ED%94%BC%EC%97%94%EB%93%9C-%EC%B4%AC%EC%98%81%EC%A7%80-5%EA%B3%B3%EC%9D%84-%EC%95%8C%EB%A0%A4%EB%93%9C%EB%A6%BD%EB%8B%88%EB%8B%A4%EC%97%85%EB%8D%B0%EC%9D%B4%ED%8A%B8%EC%A4%91,YSDL,KAKAO
나의 해피엔드,방아머리해변,playground,경기 안산시 단원구 대부북동,37.28915268,126.5767674,https://ys-dl.tistory.com/entry/%EB%82%98%EC%9D%98-%ED%95%B4%ED%94%BC%EC%97%94%EB%93%9C-%EC%B4%AC%EC%98%81%EC%A7%80-5%EA%B3%B3%EC%9D%84-%EC%95%8C%EB%A0%A4%EB%93%9C%EB%A6%BD%EB%8B%88%EB%8B%A4%EC%97%85%EB%8D%B0%EC%9D%B4%ED%8A%B8%EC%A4%91,YSDL,KAKAO
나의 해피엔드,홍법사,playground,경기 화성시 효행구 봉담읍 쇠틀길 89-15,37.20275641,126.9778203,https://ys-dl.tistory.com/entry/%EB%82%98%EC%9D%98-%ED%95%B4%ED%94%BC%EC%97%94%EB%93%9C-%EC%B4%AC%EC%98%81%EC%A7%80-5%EA%B3%B3%EC%9D%84-%EC%95%8C%EB%A0%A4%EB%93%9C%EB%A6%BD%EB%8B%88%EB%8B%A4%EC%97%85%EB%8D%B0%EC%9D%B4%ED%8A%B8%EC%A4%91,YSDL,KAKAO
나의 해피엔드,예당호조각공원,playground,충남 예산군 응봉면 후사리,36.63654809,126.7988496,https://ys-dl.tistory.com/entry/%EB%82%98%EC%9D%98-%ED%95%B4%ED%94%BC%EC%97%94%EB%93%9C-%EC%B4%AC%EC%98%81%EC%A7%80-5%EA%B3%B3%EC%9D%84-%EC%95%8C%EB%A0%A4%EB%93%9C%EB%A6%BD%EB%8B%88%EB%8B%A4%EC%97%85%EB%8D%B0%EC%9D%B4%ED%8A%B8%EC%A4%91,YSDL,KAKAO
나의 해피엔드,온빛자연휴양림,playground,충남 논산시 벌곡면 황룡재로 480-113,36.20283719,127.2525054,https://ys-dl.tistory.com/entry/%EB%82%98%EC%9D%98-%ED%95%B4%ED%94%BC%EC%97%94%EB%93%9C-%EC%B4%AC%EC%98%81%EC%A7%80-5%EA%B3%B3%EC%9D%84-%EC%95%8C%EB%A0%A4%EB%93%9C%EB%A6%BD%EB%8B%88%EB%8B%A4%EC%97%85%EB%8D%B0%EC%9D%B4%ED%8A%B8%EC%A4%91,YSDL,KAKAO
나의 해피엔드,경정해수욕장,playground,경북 영덕군 축산면 영덕대게로 1749,36.4819702,129.4333231,https://ys-dl.tistory.com/entry/%EB%82%98%EC%9D%98-%ED%95%B4%ED%94%BC%EC%97%94%EB%93%9C-%EC%B4%AC%EC%98%81%EC%A7%80-5%EA%B3%B3%EC%9D%84-%EC%95%8C%EB%A0%A4%EB%93%9C%EB%A6%BD%EB%8B%88%EB%8B%A4%EC%97%85%EB%8D%B0%EC%9D%B4%ED%8A%B8%EC%A4%91,YSDL,KAKAO
나인 퍼즐,호반어린이공원,playground,서울 서대문구 북아현로14나길 27,37.56187984,126.9592631,https://ys-dl.tistory.com/entry/%EB%82%98%EC%9D%B8-%ED%8D%BC%EC%A6%90-%EC%B4%AC%EC%98%81%EC%A7%80-2%EA%B3%B3%EC%9D%84-%EC%95%8C%EB%A0%A4%EB%93%9C%EB%A6%BD%EB%8B%88%EB%8B%A4%EC%97%85%EB%8D%B0%EC%9D%B4%ED%8A%B8%EC%A4%91,YSDL,KAKAO
나인 퍼즐,꿈의동산놀이공원,playground,경기 가평군 청평면 에덴벚꽃길 157-69,37.78415708,127.4851598,https://ys-dl.tistory.com/entry/%EB%82%98%EC%9D%B8-%ED%8D%BC%EC%A6%90-%EC%B4%AC%EC%98%81%EC%A7%80-2%EA%B3%B3%EC%9D%84-%EC%95%8C%EB%A0%A4%EB%93%9C%EB%A6%BD%EB%8B%88%EB%8B%A4%EC%97%85%EB%8D%B0%EC%9D%B4%ED%8A%B8%EC%A4%91,YSDL,KAKAO
나인 퍼즐,금강억새단지,playground,충남 공주시 우성면 죽당리 134-1,36.42153056,127.048427,https://ys-dl.tistory.com/entry/%EB%82%98%EC%9D%B8-%ED%8D%BC%EC%A6%90-%EC%B4%AC%EC%98%81%EC%A7%80-2%EA%B3%B3%EC%9D%84-%EC%95%8C%EB%A0%A4%EB%93%9C%EB%A6%BD%EB%8B%88%EB%8B%A4%EC%97%85%EB%8D%B0%EC%9D%B4%ED%8A%B8%EC%A4%91,YSDL,KAKAO
나인룸,국립교통재활병원,playground,경기도 양평군 양평읍 중앙로 260,37.4897334,127.518454,,KCISA,KCISA
나인룸,플라워카페 라플로르,playground,경기도 파주시 직지길 522,37.717173,126.68928,,KCISA,KCISA
나인룸,김형태가옥,playground,서울특별시 종로구 북촌로 67-4,37.582948,126.98483,,KCISA,KCISA
나인룸,용마랜드,playground,서울특별시 중랑구 망우로70길 118,37.594468,127.105556,,KCISA,KCISA
나인룸,장흥교도소 세트장,playground,전라남도 장흥군 장흥읍 원도리 191,34.686804,126.91329,,KCISA,KCISA
날 녹여주오,양평 두물머리,playground,경기도 양평군 양서면 양수리,37.532869,127.31599,,KCISA,KCISA
날 녹여주오,용인공원,playground,경기도 용인시 처인구 모현읍 새래로 158-33,37.298496,127.2542,,KCISA,KCISA
날 녹여주오,약천사,playground,경기도 파주시 교하로681번길 118,37.7057376,126.701279,,KCISA,KCISA
날 녹여주오,로케이션 이음 (구 로얄퀘스트),playground,경기도 파주시 탄현면 새오리로286번길 48-70,37.713531,126.74641,,KCISA,KCISA
날 녹여주오,경기영어마을 파주캠퍼스,playground,경기도 파주시 탄현면 얼음실로 40,37.7852355,126.703739,,KCISA,KCISA
날 녹여주오,포천아트밸리,playground,경기도 포천시 신북면 아트밸리로 234,37.9233996,127.237461,,KCISA,KCISA
날 녹여주오,계명대학교 대명캠퍼스,playground,대구광역시 남구 명덕로 104,35.85427,128.580543,,KCISA,KCISA
날 녹여주오,계명대학교 성서캠퍼스,playground,대구광역시 달서구 달구벌대로 1095,35.8555794,128.484165,,KCISA,KCISA
날 녹여주오,동아디지털미디어센터,playground,서울특별시 마포구 매봉산로 75,37.57832,126.89285,,KCISA,KCISA
날 녹여주오,어울마당로,playground,서울특별시 마포구 어울마당로,37.55003,126.92113,,KCISA,KCISA
날 녹여주오,DMC문화공원,playground,서울특별시 마포구 월드컵북로 366,37.577736,126.89216,,KCISA,KCISA
날 녹여주오,반포한강공원,playground,서울특별시 서초구 신반포로11길 40,37.510507,126.996054,,KCISA,KCISA
날 녹여주오,삼청각,playground,서울특별시 성북구 대사관로 3,37.597208,126.98403,,KCISA,KCISA
날 녹여주오,롯데월드몰,playground,서울특별시 송파구 올림픽로 300,37.512599,127.102714,,KCISA,KCISA
날 녹여주오,이촌 한강공원,playground,서울특별시 용산구 서빙고동 287-4,37.5176063,126.992288,,KCISA,KCISA
날 녹여주오,더리버,playground,서울특별시 용산구 용산동6가 451,37.507108,126.98472,,KCISA,KCISA
날 녹여주오,보신각터,playground,서울특별시 종로구 종로 54,37.569751,126.98369,,KCISA,KCISA
날씨가 좋으면 찾아가겠어요,도원경로당,playground,강원도 영월군 무릉도원면 도원안길 19-1,37.293818,128.24227,,KCISA,KCISA
날씨가 좋으면 찾아가겠어요,도원운학로,playground,강원도 영월군 무릉도원면 도원운학로 255-9,37.291724,128.24224,,KCISA,KCISA
날씨가 좋으면 찾아가겠어요,영월군청,playground,강원도 영월군 영월읍 하송로 64,37.182628,128.46253,,KCISA,KCISA
날씨가 좋으면 찾아가겠어요,중앙서점,playground,강원도 영월군 영월읍 하송안길 112,37.182994,128.46867,,KCISA,KCISA
날씨가 좋으면 찾아가겠어요,도천마을,playground,강원도 영월군 주천면 도천리 625,37.289395,128.23141,,KCISA,KCISA
날씨가 좋으면 찾아가겠어요,주천강 섶다리,playground,강원도 영월군 주천면 판운리 479,37.29314,128.3256,,KCISA,KCISA
날씨가 좋으면 찾아가겠어요,제장마을,playground,강원도 정선군 신동읍 제장길 1-38,37.259049,128.58384,,KCISA,KCISA
날씨가 좋으면 찾아가겠어요,시흥 갯골생태공원,playground,경기도 시흥시 동서로 287,37.39129,126.7812,,KCISA,KCISA
날씨가 좋으면 찾아가겠어요,대신고등학교,playground,경기도여주시 대신면 여양로 1196,37.364278,127.60678,,KCISA,KCISA
날씨가 좋으면 찾아가겠어요,윤보선길,playground,서울특별시 종로구 윤보선길,37.577559,126.98376,,KCISA,KCISA
날씨가 좋으면 찾아가겠어요,환벽정,playground,충청북도 괴산군 칠성면 사은리,36.750742,127.83656,,KCISA,KCISA
남과여,씨네Q 신도림,playground,서울 구로구 새말로 97,37.50751615,126.8900387,https://ys-dl.tistory.com/entry/%EB%82%A8%EA%B3%BC%EC%97%AC-%EC%B4%AC%EC%98%81%EC%A7%80-4%EA%B3%B3%EC%9D%84-%EC%95%8C%EB%A0%A4%EB%93%9C%EB%A6%BD%EB%8B%88%EB%8B%A4%EC%97%85%EB%8D%B0%EC%9D%B4%ED%8A%B8%EC%A4%91,YSDL,KAKAO
남과여,왕산해수욕장,playground,인천 영종구 을왕동 810-201,37.4556895,126.3697019,https://ys-dl.tistory.com/entry/%EB%82%A8%EA%B3%BC%EC%97%AC-%EC%B4%AC%EC%98%81%EC%A7%80-4%EA%B3%B3%EC%9D%84-%EC%95%8C%EB%A0%A4%EB%93%9C%EB%A6%BD%EB%8B%88%EB%8B%A4%EC%97%85%EB%8D%B0%EC%9D%B4%ED%8A%B8%EC%A4%91,YSDL,KAKAO
남과여,이월드,playground,대구 달서구 두류공원로 200,35.85405804,128.5647137,https://ys-dl.tistory.com/entry/%EB%82%A8%EA%B3%BC%EC%97%AC-%EC%B4%AC%EC%98%81%EC%A7%80-4%EA%B3%B3%EC%9D%84-%EC%95%8C%EB%A0%A4%EB%93%9C%EB%A6%BD%EB%8B%88%EB%8B%A4%EC%97%85%EB%8D%B0%EC%9D%B4%ED%8A%B8%EC%A4%91,YSDL,KAKAO
남남,가온문화공원,playground,서울 마포구 상암동 1594,37.58191481,126.8876787,https://ys-dl.tistory.com/entry/%EB%82%A8%EB%82%A8-%EC%B4%AC%EC%98%81%EC%A7%80-10%EA%B3%B3%EC%9D%84-%EC%95%8C%EB%A0%A4%EB%93%9C%EB%A6%BD%EB%8B%88%EB%8B%A4%EC%97%85%EB%8D%B0%EC%9D%B4%ED%8A%B8%EC%A4%91,YSDL,KAKAO
남남,이촌한강공원,playground,서울 용산구 이촌로72길 62,37.51724044,126.9705266,https://ys-dl.tistory.com/entry/%EB%82%A8%EB%82%A8-%EC%B4%AC%EC%98%81%EC%A7%80-10%EA%B3%B3%EC%9D%84-%EC%95%8C%EB%A0%A4%EB%93%9C%EB%A6%BD%EB%8B%88%EB%8B%A4%EC%97%85%EB%8D%B0%EC%9D%B4%ED%8A%B8%EC%A4%91,YSDL,KAKAO
남남,기사문해수욕장,playground,강원특별자치도 양양군 현북면 기사문리 89-37,38.00570196,128.7309104,https://ys-dl.tistory.com/entry/%EB%82%A8%EB%82%A8-%EC%B4%AC%EC%98%81%EC%A7%80-10%EA%B3%B3%EC%9D%84-%EC%95%8C%EB%A0%A4%EB%93%9C%EB%A6%BD%EB%8B%88%EB%8B%A4%EC%97%85%EB%8D%B0%EC%9D%B4%ED%8A%B8%EC%A4%91,YSDL,KAKAO
남남,소호동동다리,playground,전남광주통합특별시 여수시 소호동 498-1,34.74087611,127.6507457,https://ys-dl.tistory.com/entry/%EB%82%A8%EB%82%A8-%EC%B4%AC%EC%98%81%EC%A7%80-10%EA%B3%B3%EC%9D%84-%EC%95%8C%EB%A0%A4%EB%93%9C%EB%A6%BD%EB%8B%88%EB%8B%A4%EC%97%85%EB%8D%B0%EC%9D%B4%ED%8A%B8%EC%A4%91,YSDL,KAKAO
남남,여수해상케이블카,playground,전남광주통합특별시 여수시 돌산읍 돌산로 3600-1,34.73059148,127.741531,https://ys-dl.tistory.com/entry/%EB%82%A8%EB%82%A8-%EC%B4%AC%EC%98%81%EC%A7%80-10%EA%B3%B3%EC%9D%84-%EC%95%8C%EB%A0%A4%EB%93%9C%EB%A6%BD%EB%8B%88%EB%8B%A4%EC%97%85%EB%8D%B0%EC%9D%B4%ED%8A%B8%EC%A4%91,YSDL,KAKAO
남자친구,심곡항,playground,강원도 강릉시 강동면 심곡리 157-1,37.665245,129.053082,,KCISA,KCISA
남자친구,헌화로드라이브코스,playground,강원도 강릉시 강동면 심곡리 헌화로,37.664267,129.05459,,KCISA,KCISA
남자친구,사천진해수욕장,playground,강원도 강릉시 사천면 사천진리 266-2,37.842094,128.874568,,KCISA,KCISA
남자친구,외옹치 바다향기로,playground,강원도 속초시 대포동 712,38.181699,128.610715,,KCISA,KCISA
남자친구,청아공원기독교전용관,playground,경기도 고양시 일산동구 은마길 129,37.719031,126.80572,,KCISA,KCISA
남자친구,일산호수공원,playground,경기도 고양시 일산동구 호수로 731,37.658769,126.76252,,KCISA,KCISA
남자친구,남양주별내휴게소,playground,경기도 남양주시 별내면 구리포천고속도로 14,37.691296,127.130127,,KCISA,KCISA
남자친구,별내휴게소,playground,경기도 남양주시 별래면 광전리 267-1,37.691219,127.13019,,KCISA,KCISA
남자친구,화랑육교,playground,경기도 성남시 분당구 삼평동 화랑육교,37.40165,127.1052,,KCISA,KCISA
남자친구,시흥 갯골생태공원,playground,경기도 시흥시 동서로 287,37.39129,126.7812,,KCISA,KCISA
남자친구,양주시립장욱진미술관,playground,경기도 양주시 장흥면 권율로 193,37.732452,126.948429,,KCISA,KCISA
남자친구,라움,playground,서울특별시 강남구 언주로 564,37.508252,127.0397,,KCISA,KCISA
남자친구,현담원빌딩,playground,서울특별시 강남구 언주로168길 6,37.526357,127.03394,,KCISA,KCISA
남자친구,홍남교,playground,서울특별시 서대문구 남가좌동 홍남교,37.574984,126.92529,,KCISA,KCISA
남자친구,동호대교,playground,서울특별시 성동구 옥수동,37.535804,127.02145,,KCISA,KCISA
남자친구,서강대교,playground,서울특별시 영등포구 여의도동 서강대교,37.536911,126.92495,,KCISA,KCISA
남자친구,남산도서관,playground,서울특별시 용산구 소월로 109,37.5526898,126.982065,,KCISA,KCISA
남자친구,동작대교,playground,서울특별시 용산구 이촌동 동작대교,37.51041,126.981893,,KCISA,KCISA
남자친구,소월로,playground,서울특별시 용산구 후암동 소월로,37.544714,126.99091,,KCISA,KCISA
남자친구,역촌파출소,playground,서울특별시 은평구 연서로 61,37.604589,126.91509,,KCISA,KCISA
남자친구,손놀림 공방,playground,서울특별시 종로구 낙산성곽서1길 19-1,37.57789,127.007932,,KCISA,KCISA
남자친구,텐바이텐 대학로점,playground,서울특별시 종로구 대학로12길 31,37.582746,127.003534,,KCISA,KCISA
남자친구,세움아트스페이스,playground,서울특별시 종로구 삼청로 48,37.580206,126.98015,,KCISA,KCISA
남자친구,율곡로19길,playground,서울특별시 종로구 율곡로19길 68-64,37.5774144,127.007971,,KCISA,KCISA
남자친구,이화익갤러리,playground,서울특별시 종로구 율곡로3길 67,37.578579,126.98201,,KCISA,KCISA
남자친구,이화마을,playground,서울특별시 종로구 이화장길 70-11,37.577994,127.00719,,KCISA,KCISA
남자친구,석탄회관,playground,서울특별시 종로구 종로5길 58,37.572882,126.98037,,KCISA,KCISA
남자친구,영풍문고 종로본점,playground,서울특별시 종로구 청계천로 41,37.569735,126.98225,,KCISA,KCISA
남자친구,고래사진관 필름현상소,playground,서울특별시 중구 마른내로2길 31,37.563116,126.991529,,KCISA,KCISA
남자친구,동국대학교,playground,서울특별시 중구 필동로 1길30,37.558203,127.000195,,KCISA,KCISA
남자친구,아벨서점,playground,인천광역시 동구 금곡로 5-1,37.47264,126.63634,,KCISA,KCISA
남자친구,수봉남로24번길,playground,인천광역시 미추홀구 수봉남로24번길,37.457147,126.66079,,KCISA,KCISA
남자친구,아이즈빌아울렛,playground,인천광역시 부평구 마장로 489,37.521801,126.70363,,KCISA,KCISA
남자친구,CGV 부평,playground,인천광역시 부평구 마장로 489,37.521801,126.70363,,KCISA,KCISA
남자친구,인천국제공항,playground,인천광역시 중구 공항로 272,37.44919,126.4514,,KCISA,KCISA
남자친구,신포로39번길,playground,인천광역시 중구 신포로39번길,37.473405,126.62399,,KCISA,KCISA
남주서치,덕수궁돌담길,playground,서울 중구 세종대로 지하 101,37.56497658,126.9756646,https://ys-dl.tistory.com/entry/%EB%82%A8%EC%A3%BC%EC%84%9C%EC%B9%98-%EC%B4%AC%EC%98%81%EC%A7%80-7%EA%B3%B3%EC%9D%84-%EC%95%8C%EB%A0%A4%EB%93%9C%EB%A6%BD%EB%8B%88%EB%8B%A4%EC%97%85%EB%8D%B0%EC%9D%B4%ED%8A%B8%EC%A4%91,YSDL,KAKAO
낭만닥터 김사부,포천시 시설관리공단,playground,경기도 포천시 군내면 청성로 112,38.071786,127.32331,,KCISA,KCISA
낭만닥터 김사부,한림대학교 동탄성심병원,playground,경기도 화성시 큰재봉길 7,37.2166485,127.079989,,KCISA,KCISA
낭만닥터 김사부,로케이션 이음 (구 로얄퀘스트),playground,경기도 파주시 탄현면 새오리로286번길 48-70,37.713531,126.74641,,KCISA,KCISA
낭만닥터 김사부,리우빌딩,playground,서울특별시 강남구 강남대로106길 19,37.503199,127.02717,,KCISA,KCISA
낭만닥터 김사부,영동대로,playground,서울특별시 강남구 삼성동,37.51369,127.0605,,KCISA,KCISA
낭만닥터 김사부,의정부 터미널,playground,경기도 의정부시 동일로 640,37.745069,127.055104,,KCISA,KCISA
낭만닥터 김사부,돌담병원,playground,경기도 포천시 영북면 산정호수로 771,38.071775,127.323309,,KCISA,KCISA
낭만닥터 김사부,한림대학교 동탄성심병원,playground,경기도 화성시 큰재봉길 7 ,37.2166485,127.079989,,KCISA,KCISA
낭만닥터 김사부,계명대학교 성서캠퍼스,playground,대구광역시 달서구 달구벌대로 1095,35.8555794,128.484165,,KCISA,KCISA
낭만닥터 김사부,산정호수둘레길,playground,경기 포천시 영북면 산정리,38.06769313,127.3196927,https://ys-dl.tistory.com/entry/%EB%82%AD%EB%A7%8C%EB%8B%A5%ED%84%B0%EA%B9%80%EC%82%AC%EB%B6%803-%EC%B4%AC%EC%98%81%EC%A7%80-2%EA%B3%B3%EC%9D%84-%EC%95%8C%EB%A0%A4%EB%93%9C%EB%A6%BD%EB%8B%88%EB%8B%A4%EC%97%85%EB%8D%B0%EC%9D%B4%ED%8A%B8%EC%A4%91,YSDL,KAKAO
낮과 밤,어울마당로,playground,서울특별시 마포구 어울마당로,37.55003,126.92113,,KCISA,KCISA
낮과 밤,서강대교,playground,서울특별시 영등포구 여의도동 서강대교,37.536911,126.92495,,KCISA,KCISA
낮에 뜨는 달,망원한강공원,playground,서울 마포구 마포나루길 467,37.55172455,126.9000276,https://ys-dl.tistory.com/entry/%EB%82%AE%EC%97%90-%EB%9C%A8%EB%8A%94-%EB%82%A0-%EC%B4%AC%EC%98%81%EC%A7%80-5%EA%B3%B3%EC%9D%84-%EC%95%8C%EB%A0%A4%EB%93%9C%EB%A6%BD%EB%8B%88%EB%8B%A4%EC%97%85%EB%8D%B0%EC%9D%B4%ED%8A%B8%EC%A4%91,YSDL,KAKAO
낮에 뜨는 달,여의도공원,playground,서울 영등포구 여의공원로 68,37.52613492,126.9223482,https://ys-dl.tistory.com/entry/%EB%82%AE%EC%97%90-%EB%9C%A8%EB%8A%94-%EB%82%A0-%EC%B4%AC%EC%98%81%EC%A7%80-5%EA%B3%B3%EC%9D%84-%EC%95%8C%EB%A0%A4%EB%93%9C%EB%A6%BD%EB%8B%88%EB%8B%A4%EC%97%85%EB%8D%B0%EC%9D%B4%ED%8A%B8%EC%A4%91,YSDL,KAKAO
낮에 뜨는 달,여의도한강공원,playground,서울 영등포구 여의도동 85,37.5263886,126.9351293,https://ys-dl.tistory.com/entry/%EB%82%AE%EC%97%90-%EB%9C%A8%EB%8A%94-%EB%82%A0-%EC%B4%AC%EC%98%81%EC%A7%80-5%EA%B3%B3%EC%9D%84-%EC%95%8C%EB%A0%A4%EB%93%9C%EB%A6%BD%EB%8B%88%EB%8B%A4%EC%97%85%EB%8D%B0%EC%9D%B4%ED%8A%B8%EC%A4%91,YSDL,KAKAO
낮에 뜨는 달,이촌한강공원,playground,서울 용산구 이촌로72길 62,37.51724044,126.9705266,https://ys-dl.tistory.com/entry/%EB%82%AE%EC%97%90-%EB%9C%A8%EB%8A%94-%EB%82%A0-%EC%B4%AC%EC%98%81%EC%A7%80-5%EA%B3%B3%EC%9D%84-%EC%95%8C%EB%A0%A4%EB%93%9C%EB%A6%BD%EB%8B%88%EB%8B%A4%EC%97%85%EB%8D%B0%EC%9D%B4%ED%8A%B8%EC%A4%91,YSDL,KAKAO
낮에 뜨는 달,성균관,playground,서울 종로구 성균관로 25-1,37.58582803,126.9958969,https://ys-dl.tistory.com/entry/%EB%82%AE%EC%97%90-%EB%9C%A8%EB%8A%94-%EB%82%A0-%EC%B4%AC%EC%98%81%EC%A7%80-5%EA%B3%B3%EC%9D%84-%EC%95%8C%EB%A0%A4%EB%93%9C%EB%A6%BD%EB%8B%88%EB%8B%A4%EC%97%85%EB%8D%B0%EC%9D%B4%ED%8A%B8%EC%A4%91,YSDL,KAKAO
낮에 뜨는 달,나홀로나무,playground,서울 송파구 올림픽로 424,37.5227546,127.1203548,https://ys-dl.tistory.com/entry/%EB%82%AE%EC%97%90-%EB%9C%A8%EB%8A%94-%EB%82%A0-%EC%B4%AC%EC%98%81%EC%A7%80-5%EA%B3%B3%EC%9D%84-%EC%95%8C%EB%A0%A4%EB%93%9C%EB%A6%BD%EB%8B%88%EB%8B%A4%EC%97%85%EB%8D%B0%EC%9D%B4%ED%8A%B8%EC%A4%91,YSDL,KAKAO
낮에 뜨는 달,견성암,playground,경기 남양주시 진건읍 진건오남로390번길 284,37.67550278,127.2213468,https://ys-dl.tistory.com/entry/%EB%82%AE%EC%97%90-%EB%9C%A8%EB%8A%94-%EB%82%A0-%EC%B4%AC%EC%98%81%EC%A7%80-5%EA%B3%B3%EC%9D%84-%EC%95%8C%EB%A0%A4%EB%93%9C%EB%A6%BD%EB%8B%88%EB%8B%A4%EC%97%85%EB%8D%B0%EC%9D%B4%ED%8A%B8%EC%A4%91,YSDL,KAKAO
낮에 뜨는 달,아침고요수목원 서화연,playground,경기 가평군 상면 수목원로 427,37.73956874,127.3519309,https://ys-dl.tistory.com/entry/%EB%82%AE%EC%97%90-%EB%9C%A8%EB%8A%94-%EB%82%A0-%EC%B4%AC%EC%98%81%EC%A7%80-5%EA%B3%B3%EC%9D%84-%EC%95%8C%EB%A0%A4%EB%93%9C%EB%A6%BD%EB%8B%88%EB%8B%A4%EC%97%85%EB%8D%B0%EC%9D%B4%ED%8A%B8%EC%A4%91,YSDL,KAKAO
내 남자는 큐피드,구룡근린공원,playground,서울 마포구 상암동 313-3,37.58300304,126.8837734,https://ys-dl.tistory.com/entry/%EB%82%B4-%EB%82%A8%EC%9E%90%EB%8A%94-%ED%81%90%ED%94%BC%EB%93%9C-%EC%B4%AC%EC%98%81%EC%A7%80-12%EA%B3%B3%EC%9D%84-%EC%95%8C%EB%A0%A4%EB%93%9C%EB%A6%BD%EB%8B%88%EB%8B%A4%EC%97%85%EB%8D%B0%EC%9D%B4%ED%8A%B8%EC%A4%91,YSDL,KAKAO
내 남자는 큐피드,복정우물,playground,서울 종로구 삼청로4길 12-1,37.58210563,126.9819764,https://ys-dl.tistory.com/entry/%EB%82%B4-%EB%82%A8%EC%9E%90%EB%8A%94-%ED%81%90%ED%94%BC%EB%93%9C-%EC%B4%AC%EC%98%81%EC%A7%80-12%EA%B3%B3%EC%9D%84-%EC%95%8C%EB%A0%A4%EB%93%9C%EB%A6%BD%EB%8B%88%EB%8B%A4%EC%97%85%EB%8D%B0%EC%9D%B4%ED%8A%B8%EC%A4%91,YSDL,KAKAO
내 남자는 큐피드,마로니에공원,playground,서울 종로구 대학로 104,37.58028876,127.0028257,https://ys-dl.tistory.com/entry/%EB%82%B4-%EB%82%A8%EC%9E%90%EB%8A%94-%ED%81%90%ED%94%BC%EB%93%9C-%EC%B4%AC%EC%98%81%EC%A7%80-12%EA%B3%B3%EC%9D%84-%EC%95%8C%EB%A0%A4%EB%93%9C%EB%A6%BD%EB%8B%88%EB%8B%A4%EC%97%85%EB%8D%B0%EC%9D%B4%ED%8A%B8%EC%A4%91,YSDL,KAKAO
내 남자는 큐피드,MBC 문화동산,playground,경기 양주시 만송로 394-104,37.79144207,127.1007849,https://ys-dl.tistory.com/entry/%EB%82%B4-%EB%82%A8%EC%9E%90%EB%8A%94-%ED%81%90%ED%94%BC%EB%93%9C-%EC%B4%AC%EC%98%81%EC%A7%80-12%EA%B3%B3%EC%9D%84-%EC%95%8C%EB%A0%A4%EB%93%9C%EB%A6%BD%EB%8B%88%EB%8B%A4%EC%97%85%EB%8D%B0%EC%9D%B4%ED%8A%B8%EC%A4%91,YSDL,KAKAO
내 남자는 큐피드,미메시스 아트 뮤지엄,playground,경기 파주시 문발로 253,37.71679273,126.6889188,https://ys-dl.tistory.com/entry/%EB%82%B4-%EB%82%A8%EC%9E%90%EB%8A%94-%ED%81%90%ED%94%BC%EB%93%9C-%EC%B4%AC%EC%98%81%EC%A7%80-12%EA%B3%B3%EC%9D%84-%EC%95%8C%EB%A0%A4%EB%93%9C%EB%A6%BD%EB%8B%88%EB%8B%A4%EC%97%85%EB%8D%B0%EC%9D%B4%ED%8A%B8%EC%A4%91,YSDL,KAKAO
내 남자는 큐피드,퍼스트가든,playground,경기 파주시 탑삭골길 260,37.73208579,126.794631,https://ys-dl.tistory.com/entry/%EB%82%B4-%EB%82%A8%EC%9E%90%EB%8A%94-%ED%81%90%ED%94%BC%EB%93%9C-%EC%B4%AC%EC%98%81%EC%A7%80-12%EA%B3%B3%EC%9D%84-%EC%95%8C%EB%A0%A4%EB%93%9C%EB%A6%BD%EB%8B%88%EB%8B%A4%EC%97%85%EB%8D%B0%EC%9D%B4%ED%8A%B8%EC%A4%91,YSDL,KAKAO
내 남자는 큐피드,용인대장금파크 관가,playground,경기 용인시 처인구 백암면 용천드라마길 25,37.12160248,127.3376128,https://ys-dl.tistory.com/entry/%EB%82%B4-%EB%82%A8%EC%9E%90%EB%8A%94-%ED%81%90%ED%94%BC%EB%93%9C-%EC%B4%AC%EC%98%81%EC%A7%80-12%EA%B3%B3%EC%9D%84-%EC%95%8C%EB%A0%A4%EB%93%9C%EB%A6%BD%EB%8B%88%EB%8B%A4%EC%97%85%EB%8D%B0%EC%9D%B4%ED%8A%B8%EC%A4%91,YSDL,KAKAO
내 남자는 큐피드,선암사,playground,전남광주통합특별시 순천시 승주읍 선암사길 450,34.99654791,127.3311127,https://ys-dl.tistory.com/entry/%EB%82%B4-%EB%82%A8%EC%9E%90%EB%8A%94-%ED%81%90%ED%94%BC%EB%93%9C-%EC%B4%AC%EC%98%81%EC%A7%80-12%EA%B3%B3%EC%9D%84-%EC%95%8C%EB%A0%A4%EB%93%9C%EB%A6%BD%EB%8B%88%EB%8B%A4%EC%97%85%EB%8D%B0%EC%9D%B4%ED%8A%B8%EC%A4%91,YSDL,KAKAO
내 뒤에 테리우스,춘천대교,playground,강원도 춘천시 근화동 609,37.88869,127.7085,,KCISA,KCISA
내 뒤에 테리우스,킹스백바버샵,playground,경기 성남시 분당구 판교역로2번길 9-1,37.384442,127.11108,,KCISA,KCISA
내 뒤에 테리우스,청아공원기독교전용관,playground,경기도 고양시 일산동구 은마길 129,37.719031,126.80572,,KCISA,KCISA
내 뒤에 테리우스,KT&G서울사옥,playground,서울특별시 강남구 영동대로 416,37.506558,127.06523,,KCISA,KCISA
내 뒤에 테리우스,삼청각,playground,서울특별시 성북구 대사관로 3,37.597208,126.98403,,KCISA,KCISA
내 뒤에 테리우스,원효대교,playground,서울특별시 영등포구 여의도동 원효대교,37.527046,126.94571,,KCISA,KCISA
내 뒤에 테리우스,N서울타워,playground,서울특별시 용산구 남산공원길 105,37.551168,126.98824,,KCISA,KCISA
내 뒤에 테리우스,세종문화회관,playground,서울특별시 종로구 세종대로 175,37.572139,126.97634,,KCISA,KCISA
"내 딸, 금사월",중림동약현성당,playground,서울특별시 중구 청파로 447-1,37.559115,126.96744,,KCISA,KCISA
내 마음이 들리니,일산호수공원,playground,경기도 고양시 일산동구 호수로 731,37.658769,126.76252,,KCISA,KCISA
내 마음이 들리니,평강랜드,playground,경기도 포천시 영북면 우물목길 171-18,38.04957,127.3039,,KCISA,KCISA
내 마음이 들리니,원방빌딩,playground,서울특별시 강남구 선릉로157길 18 1~3층,37.526193,127.03838,,KCISA,KCISA
내 마음이 들리니,압구정로50길,playground,서울특별시 강남구 신사동 압구정로50길,37.526827,127.03769,,KCISA,KCISA
내 마음이 들리니,포스코센터,playground,서울특별시 강남구 테헤란로 440,37.505783,127.056068,,KCISA,KCISA
내 마음이 들리니,망원한강공원,playground,서울특별시 마포구 마포나루길 467,37.55347,126.89816,,KCISA,KCISA
내 마음이 들리니,낙산공원,playground,서울특별시 종로구 낙산길 41,37.580667,127.00746,,KCISA,KCISA
내 마음이 들리니,남산 케이블카,playground,서울특별시 중구 소파로 83,37.556593,126.98404,,KCISA,KCISA
내 마음이 들리니,서울의료원,playground,서울특별시 중랑구 신내로 156,37.612739,127.09819,,KCISA,KCISA
내 마음이 들리니,인천국제공항,playground,인천광역시 중구 공항로 272,37.44919,126.4514,,KCISA,KCISA
내 생애 봄날,안성팜랜드,playground,경기도 안성시 공도읍 대신두길 28,36.9904684,127.194467,,KCISA,KCISA
내 아이디는 강남미인,락휴 노래연습장 성남 복정점,playground,경기도 성남시 수정구 복정로 57,37.458051,127.12657,,KCISA,KCISA
내 아이디는 강남미인,경기대학교 수원캠퍼스,playground,경기도 수원시 영통구 광교산로 154-42,37.300952,127.03586,,KCISA,KCISA
내 아이디는 강남미인,수원 화성,playground,경기도 수원시 장안구 영화동 320-2,37.2871264,127.01196,,KCISA,KCISA
내 아이디는 강남미인,장안공원,playground,경기도 수원시 장안구 영화동 349-86,37.287854,127.01272,,KCISA,KCISA
내 아이디는 강남미인,약천사,playground,경기도 파주시 교하로681번길 118,37.7057376,126.701279,,KCISA,KCISA
내 아이디는 강남미인,건국대학교,playground,서울특별시 광진구 능동로 120,37.5425241,127.073699,,KCISA,KCISA
내 아이디는 강남미인,삼선교로18가길,playground,서울특별시 성북구 삼선교로18가길,37.58759,127.0132,,KCISA,KCISA
내 아이디는 강남미인,동숭길,playground,서울특별시 종로구 동숭길 98 25-10,37.582557,127.00432,,KCISA,KCISA
내 아이디는 강남미인,인천국제공항,playground,인천광역시 중구 공항로 272,37.44919,126.4514,,KCISA,KCISA
내 여자친구는 구미호,킨텍스제1전시장,playground,경기 고양시 일산서구 킨텍스로 217-60,37.669337,126.746033,,KCISA,KCISA
내 여자친구는 구미호,석남사(안성),playground,경기도 안성시 금광면 상촌새말길 3-120,36.939558,127.30674,,KCISA,KCISA
내 여자친구는 구미호,중앙대학교 서울캠퍼스,playground,서울특별시 동작구 흑석로 84,37.504878,126.958,,KCISA,KCISA
내 여자친구는 구미호,DMC첨단산업센터,playground,서울특별시 마포구 성암로 330,37.584874,126.88568,,KCISA,KCISA
내 여자친구는 구미호,여의서로,playground,서울특별시 영등포구 여의도동,37.533522,126.91482,,KCISA,KCISA
내 여자친구는 구미호,동작대교,playground,서울특별시 용산구 이촌동 동작대교,37.51041,126.981893,,KCISA,KCISA
내 여자친구는 구미호,중림동약현성당,playground,서울특별시 중구 청파로 447-1,37.559115,126.96744,,KCISA,KCISA
내 이름은 김삼순,코엑스 아쿠아리움,playground,서울특별시 강남구 영동대로 513,37.510177,127.05866,,KCISA,KCISA
내 이름은 김삼순,진관사,playground,서울특별시 은평구 진관길 73,37.638137,126.9466,,KCISA,KCISA
내 이름은 김삼순,영풍문고 종로본점,playground,서울특별시 종로구 청계천로 41,37.569735,126.98225,,KCISA,KCISA
내 이름은 김삼순,삼순이 계단,playground,서울특별시 중구 남산공원길 649,37.554717,126.98177,,KCISA,KCISA
내가 가장 예뻤을 때,심곡항,playground,강원도 강릉시 강동면 심곡리 157-1,37.665245,129.053082,,KCISA,KCISA
내가 가장 예뻤을 때,헌화로드라이브코스,playground,강원도 강릉시 강동면 심곡리 헌화로,37.664267,129.05459,,KCISA,KCISA
내가 가장 예뻤을 때,주문진등대,playground,강원도 강릉시 주문진읍 옛등대길 24-7,37.897611,128.83394,,KCISA,KCISA
내가 가장 예뻤을 때,동화컬처빌리지,playground,경기도 남양주시 화도읍 북한강로 1708-38,37.659675,127.37391,,KCISA,KCISA
내가 가장 예뻤을 때,양평 두물머리,playground,경기도 양평군 양서면 양수리,37.532869,127.31599,,KCISA,KCISA
내가 가장 예뻤을 때,루비나빌딩,playground,서울특별시 강남구 도산대로 502,37.523935,127.0479,,KCISA,KCISA
내가 가장 예뻤을 때,김희수아트센터 (구 수림아트센터),playground,서울특별시 동대문구 홍릉로 118,37.590695,127.04274,,KCISA,KCISA
내가 가장 예뻤을 때,동작대교,playground,서울특별시 용산구 이촌동 동작대교,37.51041,126.981893,,KCISA,KCISA
내가 가장 예뻤을 때,인천국제공항,playground,인천광역시 중구 공항로 272,37.44919,126.4514,,KCISA,KCISA
내가 가장 예뻤을 때,방주교회,playground,제주특별자치도 서귀포시 안덕면 산록남로762번길 113,33.30507,126.3875,,KCISA,KCISA
내가 가장 예뻤을 때,비밀의숲,playground,제주특별자치도 제주시 구좌읍 송당리 2173,33.453582,126.75564,,KCISA,KCISA
내가 가장 예뻤을 때,김녕해수욕장,playground,제주특별자치도 제주시 구좌읍 해맞이해안로 7-6,33.557718,126.75956,,KCISA,KCISA
내게 거짓말을 해봐,팍스타워,playground,서울특별시 강남구 언주로 609,37.509924,127.03674,,KCISA,KCISA
내게 거짓말을 해봐,북촌로5가길,playground,서울특별시 종로구 북촌로5가길 12-7,37.580327,126.98237,,KCISA,KCISA
내게 거짓말을 해봐,베어트리파크,playground,세종특별자치시 전동면 신송로 217,36.670592,127.209267,,KCISA,KCISA
내게 거짓말을 해봐,인천국제공항,playground,인천광역시 중구 공항로 272,37.44919,126.4514,,KCISA,KCISA
내겐 너무 사랑스러운 그녀,아난티 클럽 서울,playground,경기도 가평군 설악면 유명로 961-34,37.619609,127.48216,,KCISA,KCISA
내성적인 보스,일산호수공원,playground,경기도 고양시 일산동구 호수로 731,37.658769,126.76252,,KCISA,KCISA
내성적인 보스,플럼라인,playground,경기도 파주시 문발로 165,37.709541,126.6854,,KCISA,KCISA
내성적인 보스,화이트블럭,playground,경기도 파주시 탄현면 헤이리마을길 72,37.7889189,126.699592,,KCISA,KCISA
내성적인 보스,청려수련원,playground,경기도 화성시 풀무골로110번길 69,37.20499,127.145909,,KCISA,KCISA
내성적인 보스,더발렌티청담,playground,서울특별시 강남구 영동대로 728,37.523044,127.05605,,KCISA,KCISA
내성적인 보스,하늘공원,playground,서울특별시 마포구 하늘공원로 95,37.567465,126.88546,,KCISA,KCISA
내성적인 보스,미원빌딩,playground,서울특별시 영등포구 국제금융로 70,37.521533,126.93066,,KCISA,KCISA
내성적인 보스,이화벽화마을,playground,서울특별시 종로구 낙산성곽서1길 28,37.578224,127.008009,,KCISA,KCISA
내일,용인 대장금 파크,playground,경기도 용인시 처인구 백암면 용천드라마길 25,37.1209396,127.337296,,KCISA,KCISA
내일,백사마을,playground,서울특별시 노원구 중계본동 104-3,37.642741,127.08542,,KCISA,KCISA
내일,MBC 가든 스튜디오,playground,서울특별시 마포구 성암로 267,37.580762,126.89099,,KCISA,KCISA
내일,MBC문화방송 본사,playground,서울특별시 마포구 성암로 267,37.58105,126.89056,,KCISA,KCISA
내일,서울책보고,playground,서울특별시 송파구 오금로 1,37.522281,127.104097,,KCISA,KCISA
내일,롯데월드몰,playground,서울특별시 송파구 올림픽로 300,37.512599,127.102714,,KCISA,KCISA
내일,소월로 계단 2번,playground,서울특별시 용산구 두텁바위로60길 79,37.54812,126.98417,,KCISA,KCISA
내일,동작대교,playground,서울특별시 용산구 이촌동 동작대교,37.51041,126.981893,,KCISA,KCISA
내일,등대사진관,playground,서울특별시 용산구 이촌로29길 29 1층,37.524863,126.96035,,KCISA,KCISA
내일,한국장애인문화예술원,playground,서울특별시 종로구 대학로 112,37.580631,127.00237,,KCISA,KCISA
내일,효자로,playground,서울특별시 종로구 효자로 37,37.57934,126.9738,,KCISA,KCISA
내일,용현1.4동,playground,인천광역시 미추홀구 수봉남로18번길 81-22,37.457023,126.6609,,KCISA,KCISA
내일,음성천,playground,충청북도 음성군 음성읍 석인리,36.928211,127.69449,,KCISA,KCISA
내일 그대와,뮤지엄 산,playground,강원도 원주시 지정면 오크밸리2길 260,37.418903,127.82302,,KCISA,KCISA
내일 그대와,네오위즈,playground,경기도 성남시 분당구 대왕판교로645번길 14,37.400557,127.104395,,KCISA,KCISA
내일 그대와,경기영어마을 파주캠퍼스,playground,경기도 파주시 탄현면 얼음실로 40,37.7852355,126.703739,,KCISA,KCISA
내일 그대와,포네티브스페이스,playground,경기도 파주시 탄현면 헤이리마을길 34,37.787082,126.69697,,KCISA,KCISA
내일 그대와,난지한강공원,playground,서울특별시 마포구 한강난지로 162,37.564486,126.87945,,KCISA,KCISA
내일 지구가 망해버렸으면 좋겠어,어울마당로,playground,서울특별시 마포구 어울마당로,37.55003,126.92113,,KCISA,KCISA
내일도 출근,가온문화공원,playground,서울 마포구 상암동 1594,37.58191481,126.8876787,https://ys-dl.tistory.com/entry/%EB%82%B4%EC%9D%BC%EB%8F%84-%EC%B6%9C%EA%B7%BC-%EC%B4%AC%EC%98%81%EC%A7%80-16%EA%B3%B3%EC%9D%84-%EC%95%8C%EB%A0%A4%EB%93%9C%EB%A6%BD%EB%8B%88%EB%8B%A4%EC%97%85%EB%8D%B0%EC%9D%B4%ED%8A%B8%EC%A4%91,YSDL,KAKAO
내일도 출근,국화정원,playground,서울 마포구 현석동 225-2,37.54297657,126.9344949,https://ys-dl.tistory.com/entry/%EB%82%B4%EC%9D%BC%EB%8F%84-%EC%B6%9C%EA%B7%BC-%EC%B4%AC%EC%98%81%EC%A7%80-16%EA%B3%B3%EC%9D%84-%EC%95%8C%EB%A0%A4%EB%93%9C%EB%A6%BD%EB%8B%88%EB%8B%A4%EC%97%85%EB%8D%B0%EC%9D%B4%ED%8A%B8%EC%A4%91,YSDL,KAKAO
내일도 출근,여의도물빛광장,playground,서울 영등포구 여의도동 84-9,37.53068366,126.9288375,https://ys-dl.tistory.com/entry/%EB%82%B4%EC%9D%BC%EB%8F%84-%EC%B6%9C%EA%B7%BC-%EC%B4%AC%EC%98%81%EC%A7%80-16%EA%B3%B3%EC%9D%84-%EC%95%8C%EB%A0%A4%EB%93%9C%EB%A6%BD%EB%8B%88%EB%8B%A4%EC%97%85%EB%8D%B0%EC%9D%B4%ED%8A%B8%EC%A4%91,YSDL,KAKAO
내일도 출근,노들섬,playground,서울 용산구 양녕로 445,37.51766014,126.9580339,https://ys-dl.tistory.com/entry/%EB%82%B4%EC%9D%BC%EB%8F%84-%EC%B6%9C%EA%B7%BC-%EC%B4%AC%EC%98%81%EC%A7%80-16%EA%B3%B3%EC%9D%84-%EC%95%8C%EB%A0%A4%EB%93%9C%EB%A6%BD%EB%8B%88%EB%8B%A4%EC%97%85%EB%8D%B0%EC%9D%B4%ED%8A%B8%EC%A4%91,YSDL,KAKAO
내일도 출근,한강,playground,서울 영등포구 여의도동,37.52508922,126.9475451,https://ys-dl.tistory.com/entry/%EB%82%B4%EC%9D%BC%EB%8F%84-%EC%B6%9C%EA%B7%BC-%EC%B4%AC%EC%98%81%EC%A7%80-16%EA%B3%B3%EC%9D%84-%EC%95%8C%EB%A0%A4%EB%93%9C%EB%A6%BD%EB%8B%88%EB%8B%A4%EC%97%85%EB%8D%B0%EC%9D%B4%ED%8A%B8%EC%A4%91,YSDL,KAKAO
내일도 출근,백범광장,playground,서울 중구 회현동1가 100-115,37.55482844,126.9792487,https://ys-dl.tistory.com/entry/%EB%82%B4%EC%9D%BC%EB%8F%84-%EC%B6%9C%EA%B7%BC-%EC%B4%AC%EC%98%81%EC%A7%80-16%EA%B3%B3%EC%9D%84-%EC%95%8C%EB%A0%A4%EB%93%9C%EB%A6%BD%EB%8B%88%EB%8B%A4%EC%97%85%EB%8D%B0%EC%9D%B4%ED%8A%B8%EC%A4%91,YSDL,KAKAO
내일도 출근,삼순이계단,playground,서울 중구 소파로 46,37.55452971,126.9816933,https://ys-dl.tistory.com/entry/%EB%82%B4%EC%9D%BC%EB%8F%84-%EC%B6%9C%EA%B7%BC-%EC%B4%AC%EC%98%81%EC%A7%80-16%EA%B3%B3%EC%9D%84-%EC%95%8C%EB%A0%A4%EB%93%9C%EB%A6%BD%EB%8B%88%EB%8B%A4%EC%97%85%EB%8D%B0%EC%9D%B4%ED%8A%B8%EC%A4%91,YSDL,KAKAO
내일도 출근,월암근린공원,playground,서울 종로구 송월동,37.57106483,126.9656696,https://ys-dl.tistory.com/entry/%EB%82%B4%EC%9D%BC%EB%8F%84-%EC%B6%9C%EA%B7%BC-%EC%B4%AC%EC%98%81%EC%A7%80-16%EA%B3%B3%EC%9D%84-%EC%95%8C%EB%A0%A4%EB%93%9C%EB%A6%BD%EB%8B%88%EB%8B%A4%EC%97%85%EB%8D%B0%EC%9D%B4%ED%8A%B8%EC%A4%91,YSDL,KAKAO
내일도 출근,청계천,playground,서울 종로구 서린동 148,37.56914697,126.9786471,https://ys-dl.tistory.com/entry/%EB%82%B4%EC%9D%BC%EB%8F%84-%EC%B6%9C%EA%B7%BC-%EC%B4%AC%EC%98%81%EC%A7%80-16%EA%B3%B3%EC%9D%84-%EC%95%8C%EB%A0%A4%EB%93%9C%EB%A6%BD%EB%8B%88%EB%8B%A4%EC%97%85%EB%8D%B0%EC%9D%B4%ED%8A%B8%EC%A4%91,YSDL,KAKAO
내일도 출근,경복궁,playground,서울 종로구 사직로 161,37.57761329,126.9768979,https://ys-dl.tistory.com/entry/%EB%82%B4%EC%9D%BC%EB%8F%84-%EC%B6%9C%EA%B7%BC-%EC%B4%AC%EC%98%81%EC%A7%80-16%EA%B3%B3%EC%9D%84-%EC%95%8C%EB%A0%A4%EB%93%9C%EB%A6%BD%EB%8B%88%EB%8B%A4%EC%97%85%EB%8D%B0%EC%9D%B4%ED%8A%B8%EC%A4%91,YSDL,KAKAO
내일도 출근,서울공예박물관,playground,서울 종로구 율곡로3길 4,37.57663679,126.9832909,https://ys-dl.tistory.com/entry/%EB%82%B4%EC%9D%BC%EB%8F%84-%EC%B6%9C%EA%B7%BC-%EC%B4%AC%EC%98%81%EC%A7%80-16%EA%B3%B3%EC%9D%84-%EC%95%8C%EB%A0%A4%EB%93%9C%EB%A6%BD%EB%8B%88%EB%8B%A4%EC%97%85%EB%8D%B0%EC%9D%B4%ED%8A%B8%EC%A4%91,YSDL,KAKAO
내일도 출근,미메시스 아트 뮤지엄,playground,경기 파주시 문발로 253,37.71679273,126.6889188,https://ys-dl.tistory.com/entry/%EB%82%B4%EC%9D%BC%EB%8F%84-%EC%B6%9C%EA%B7%BC-%EC%B4%AC%EC%98%81%EC%A7%80-16%EA%B3%B3%EC%9D%84-%EC%95%8C%EB%A0%A4%EB%93%9C%EB%A6%BD%EB%8B%88%EB%8B%A4%EC%97%85%EB%8D%B0%EC%9D%B4%ED%8A%B8%EC%A4%91,YSDL,KAKAO
내일도 출근,수원천,playground,경기 수원시 장안구 연무동 198-29,37.28774915,127.0176284,https://ys-dl.tistory.com/entry/%EB%82%B4%EC%9D%BC%EB%8F%84-%EC%B6%9C%EA%B7%BC-%EC%B4%AC%EC%98%81%EC%A7%80-16%EA%B3%B3%EC%9D%84-%EC%95%8C%EB%A0%A4%EB%93%9C%EB%A6%BD%EB%8B%88%EB%8B%A4%EC%97%85%EB%8D%B0%EC%9D%B4%ED%8A%B8%EC%A4%91,YSDL,KAKAO
내일도 출근,기사문해수욕장,playground,강원특별자치도 양양군 현북면 기사문리 89-37,38.00570196,128.7309104,https://ys-dl.tistory.com/entry/%EB%82%B4%EC%9D%BC%EB%8F%84-%EC%B6%9C%EA%B7%BC-%EC%B4%AC%EC%98%81%EC%A7%80-16%EA%B3%B3%EC%9D%84-%EC%95%8C%EB%A0%A4%EB%93%9C%EB%A6%BD%EB%8B%88%EB%8B%A4%EC%97%85%EB%8D%B0%EC%9D%B4%ED%8A%B8%EC%A4%91,YSDL,KAKAO
내일도 출근,남애3리해변,playground,강원특별자치도 양양군 현남면 남애리,37.94601803,128.7848811,https://ys-dl.tistory.com/entry/%EB%82%B4%EC%9D%BC%EB%8F%84-%EC%B6%9C%EA%B7%BC-%EC%B4%AC%EC%98%81%EC%A7%80-16%EA%B3%B3%EC%9D%84-%EC%95%8C%EB%A0%A4%EB%93%9C%EB%A6%BD%EB%8B%88%EB%8B%A4%EC%97%85%EB%8D%B0%EC%9D%B4%ED%8A%B8%EC%A4%91,YSDL,KAKAO
내일도 출근,어달해변,playground,강원특별자치도 동해시 어달동 52-4,37.56876705,129.117531,https://ys-dl.tistory.com/entry/%EB%82%B4%EC%9D%BC%EB%8F%84-%EC%B6%9C%EA%B7%BC-%EC%B4%AC%EC%98%81%EC%A7%80-16%EA%B3%B3%EC%9D%84-%EC%95%8C%EB%A0%A4%EB%93%9C%EB%A6%BD%EB%8B%88%EB%8B%A4%EC%97%85%EB%8D%B0%EC%9D%B4%ED%8A%B8%EC%A4%91,YSDL,KAKAO
내일도 출근,묵호등대전망대,playground,강원특별자치도 동해시 해맞이길 289,37.55450091,129.1186116,https://ys-dl.tistory.com/entry/%EB%82%B4%EC%9D%BC%EB%8F%84-%EC%B6%9C%EA%B7%BC-%EC%B4%AC%EC%98%81%EC%A7%80-16%EA%B3%B3%EC%9D%84-%EC%95%8C%EB%A0%A4%EB%93%9C%EB%A6%BD%EB%8B%88%EB%8B%A4%EC%97%85%EB%8D%B0%EC%9D%B4%ED%8A%B8%EC%A4%91,YSDL,KAKAO
내일도 출근,월포해수욕장,playground,경북 포항시 북구 청하면 해안로2308번길 60,36.20164822,129.3712545,https://ys-dl.tistory.com/entry/%EB%82%B4%EC%9D%BC%EB%8F%84-%EC%B6%9C%EA%B7%BC-%EC%B4%AC%EC%98%81%EC%A7%80-16%EA%B3%B3%EC%9D%84-%EC%95%8C%EB%A0%A4%EB%93%9C%EB%A6%BD%EB%8B%88%EB%8B%A4%EC%97%85%EB%8D%B0%EC%9D%B4%ED%8A%B8%EC%A4%91,YSDL,KAKAO
내일도 칸타빌레,마임비전빌리지,playground,경기도 여주시 능서면 용은리 443,37.2925249,127.539781,,KCISA,KCISA
내일도 칸타빌레,세라믹팔레스홀,playground,서울특별시 강남구 일원로 90,37.485848,127.08239,,KCISA,KCISA
내조의 여왕,63스퀘어,playground,서울특별시 영등포구 63로 50,37.519811,126.94017,,KCISA,KCISA
냄새를 보는 소녀,일산호수공원,playground,경기도 고양시 일산동구 호수로 731,37.658769,126.76252,,KCISA,KCISA
냄새를 보는 소녀,경기영어마을 파주캠퍼스,playground,경기도 파주시 탄현면 얼음실로 40,37.7852355,126.703739,,KCISA,KCISA
냄새를 보는 소녀,N서울타워,playground,서울특별시 용산구 남산공원길 105,37.551168,126.98824,,KCISA,KCISA
너는 나의 봄,김천 한국보건대 (폐교),playground,경상북도 김천시 어모면 옥율1길 94,36.174427,128.10956,,KCISA,KCISA
너는 나의 봄,삼청도도한복,playground,서울특별시 종로구 북촌로5길 56,37.57988,126.9819,,KCISA,KCISA
너는 나의 봄,율곡로3길,playground,서울특별시 종로구 율곡로3길,37.577811,126.98239,,KCISA,KCISA
너도 인간이니,청아공원기독교전용관,playground,경기도 고양시 일산동구 은마길 129,37.719031,126.80572,,KCISA,KCISA
너도 인간이니,백현동카페거리,playground,경기도 성남시 분당구 백현동 567-1,37.385271,127.11082,,KCISA,KCISA
너도 인간이니,창원경상대학교병원,playground,경상남도 창원시 성산구 삼정자로 11 창원경상대학교병원,35.198769,128.70813,,KCISA,KCISA
너도 인간이니,앤드트리메타,playground,서울특별시 강남구 도산대로51길 19,37.5244126,127.037639,,KCISA,KCISA
너도 인간이니,엘리자베스 럭스,playground,서울특별시 강남구 선릉로152길 30 써니빌딩 4층,37.524171,127.04192,,KCISA,KCISA
너도 인간이니,압구정로50길,playground,서울특별시 강남구 신사동 압구정로50길,37.526827,127.03769,,KCISA,KCISA
너도 인간이니,DMC문화공원,playground,서울특별시 마포구 월드컵북로 366,37.577736,126.89216,,KCISA,KCISA
너도 인간이니,응봉산 팔각정,playground,서울특별시 성동구 독서당로60길 13-1,37.547805,127.029886,,KCISA,KCISA
너도 인간이니,마포대교,playground,서울특별시 영등포구 여의도동 84-5,37.533709,126.9367,,KCISA,KCISA
너도 인간이니,서강대교,playground,서울특별시 영등포구 여의도동 서강대교,37.536911,126.92495,,KCISA,KCISA
너도 인간이니,기계산업진흥회 (구 기계회관 본관),playground,서울특별시 영등포구 은행로 37,37.529414,126.9226,,KCISA,KCISA
너도 인간이니,이화벽화마을,playground,서울특별시 종로구 낙산성곽서1길 28,37.578224,127.008009,,KCISA,KCISA
너도 인간이니,큐엘엘에스,playground,서울특별시 종로구 필운대로 108-6,37.583689,126.96897,,KCISA,KCISA
너도 인간이니,서울디자인재단,playground,서울특별시 중구 을지로 281,37.566752,127.0101,,KCISA,KCISA
너도 인간이니,CGV 명동역 씨네라이브러리,playground,서울특별시 중구 퇴계로 123,37.561238,126.98536,,KCISA,KCISA
너도 인간이니,한국의 집,playground,서울특별시 중구 퇴계로36길 10,37.560304,126.99471,,KCISA,KCISA
너도 인간이니,미추홀타워,playground,인천광역시 연수구 갯벌로 12,37.381795,126.65339,,KCISA,KCISA
너도 인간이니,호수1교,playground,인천광역시 연수구 송도동,37.394678,126.63407,,KCISA,KCISA
너도 인간이니,인천대학교 송도캠퍼스,playground,인천광역시 연수구 송도동 아카데미로 119,37.375106,126.63314,,KCISA,KCISA
너도 인간이니,엔씨큐브,playground,인천광역시 연수구 아트센터대로 87,37.402243,126.64027,,KCISA,KCISA
너도 인간이니,컨벤시아대로,playground,인천광역시 연수구 컨벤시아대로,37.392001,126.64628,,KCISA,KCISA
너도 인간이니,포스코타워송도,playground,인천광역시 연수구 컨벤시아대로 165,37.389269,126.64424,,KCISA,KCISA
너도 인간이니,미추홀공원,playground,인천광역시 연수구 해송로59,37.382276,126.649461,,KCISA,KCISA
너도 인간이니,십리포해수욕장,playground,인천광역시 옹진군 영흥면 영흥북로 420-26,37.281354,126.48367,,KCISA,KCISA
너도 인간이니,인천국제공항,playground,인천광역시 중구 공항로 272,37.44919,126.4514,,KCISA,KCISA
너를 기억해,삼청로,playground,서울특별시 종로구 삼청로 84-1,37.582943,126.98193,,KCISA,KCISA
너를 기억해,익산 교도소 세트장,playground,전라북도 익산시 성당면 함낭로 207,36.069334,126.93158,,KCISA,KCISA
너를 닮은 사람,교원 가평비전센터,playground,경기도 가평군 설악면 유명로 2182,37.70146,127.4581,,KCISA,KCISA
너를 닮은 사람,율곡로3길,playground,서울특별시 종로구 율곡로3길,37.577811,126.98239,,KCISA,KCISA
너를 닮은 사람,덕수궁 돌담길,playground,서울특별시 중구 세종대로 99,37.565924,126.97501,,KCISA,KCISA
너를 닮은 사람,중림동약현성당,playground,서울특별시 중구 청파로 447-1,37.559115,126.96744,,KCISA,KCISA
너를 닮은 사람,도담동 길마당,playground,세종특별자치시 도담동 686-1,36.51648,127.25514,,KCISA,KCISA
너를 닮은 사람,인천건재,playground,인천광역시 동구 안송로 109,37.480242,126.64303,,KCISA,KCISA
너를 닮은 사람,도원보행자터널,playground,인천광역시 중구 참외전로 191,37.471426,126.63698,,KCISA,KCISA
너를 닮은 사람,경덕중학교,playground,충청북도 청주시 흥덕구 풍년로79번길 7-2,36.619395,127.4362,,KCISA,KCISA
너를 닮은 사람 ,가나아트센터,playground,서울특별시 종로구 평창30길 28,37.612202,126.975132,,KCISA,KCISA
너를 사랑한 시간,압구정로,playground,서울특별시 강남구 압구정로 436,37.526557,127.04465,,KCISA,KCISA
너를 사랑한 시간,동아디지털미디어센터,playground,서울특별시 마포구 매봉산로 75,37.57832,126.89285,,KCISA,KCISA
너를 사랑한 시간,SBS프리즘타워,playground,서울특별시 마포구 상암산로 82,37.579725,126.89269,,KCISA,KCISA
너를 사랑한 시간,인천국제공항,playground,인천광역시 중구 공항로 272,37.44919,126.4514,,KCISA,KCISA
너를 싫어하는 방법,라페스타,playground,경기도 고양시 일산동구 중앙로 1305-56,37.661839,126.76796,,KCISA,KCISA
너를 싫어하는 방법,엔씨소프트 R&D센터,playground,경기도 성남시 분당구 대왕판교로644번길 12,37.399502,127.10848,,KCISA,KCISA
너를 싫어하는 방법,운정호수공원,playground,경기도 파주시 경의로 1151,37.71896,126.7552,,KCISA,KCISA
너를 싫어하는 방법,서경대학교,playground,서울특별시 성북구 서경로 124,37.6150933,127.012403,,KCISA,KCISA
너에게 가는 속도 493km,일산문화광장,playground,경기도 고양시 일산동구 중앙로 1271-4,37.65839,126.7704,,KCISA,KCISA
너에게 가는 속도 493km,문발로,playground,경기도 파주시 문발로 234,37.714588,126.68758,,KCISA,KCISA
너에게 가는 속도 493km,지혜의 숲,playground,경기도 파주시 회동길 145,37.7082492,126.686674,,KCISA,KCISA
너에게 가는 속도 493km,뜨인돌출판사,playground,경기도 파주시 회동길 337-9,37.716021,126.69167,,KCISA,KCISA
너에게 가는 속도 493km,반포대교,playground,서울특별시 서초구 반포동 반포대교,37.512187,126.9976,,KCISA,KCISA
너에게 가는 속도 493km,서울웨이브아트센터,playground,서울특별시 서초구 잠원동 149-2,37.518782,127.00698,,KCISA,KCISA
너에게 가는 속도 493km,동작대교,playground,서울특별시 용산구 이촌동 동작대교,37.51041,126.981893,,KCISA,KCISA
너에게 가는 속도 493km,경희궁3길,playground,서울특별시 종로구 사직동 경희궁 3길,37.57329,126.96731,,KCISA,KCISA
너에게 가는 속도 493km,윤보선길,playground,서울특별시 종로구 윤보선길,37.577559,126.98376,,KCISA,KCISA
너에게 가는 속도 493km,남동체육관,playground,인천광역시 남동구 소래로 500,37.434657,126.73382,,KCISA,KCISA
너와 나의 경찰수업,헌화로드라이브코스,playground,강원도 강릉시 강동면 심곡리 헌화로,37.664267,129.05459,,KCISA,KCISA
너와 나의 경찰수업,오죽헌 경내,playground,강원도 강릉시 율곡로3139번길 24,37.7775069,128.877159,,KCISA,KCISA
너의 노래를 들려줘,고양아람누리,playground,경기도 고양시 일산동구 중앙로 1286 고양아람누리,37.661427,126.77433,,KCISA,KCISA
너의 노래를 들려줘,라페스타,playground,경기도 고양시 일산동구 중앙로 1305-56,37.661839,126.76796,,KCISA,KCISA
너의 노래를 들려줘,일산호수공원,playground,경기도 고양시 일산동구 호수로 731,37.658769,126.76252,,KCISA,KCISA
너의 노래를 들려줘,원마운트,playground,경기도 고양시 일산서구 한류월드로 300,37.664347,126.754379,,KCISA,KCISA
너의 노래를 들려줘,반포대교,playground,서울특별시 서초구 반포동 반포대교,37.512187,126.9976,,KCISA,KCISA
너의 노래를 들려줘,샛강다리,playground,서울특별시 영등포구 여의도동 39,37.518835,126.91898,,KCISA,KCISA
너의 노래를 들려줘,원효대교,playground,서울특별시 영등포구 여의도동 원효대교,37.527046,126.94571,,KCISA,KCISA
너의 노래를 들려줘,N서울타워,playground,서울특별시 용산구 남산공원길 105,37.551168,126.98824,,KCISA,KCISA
너의 노래를 들려줘,낙산공원,playground,서울특별시 종로구 낙산길 41,37.580667,127.00746,,KCISA,KCISA
너의 노래를 들려줘,삼순이 계단,playground,서울특별시 중구 남산공원길 649,37.554717,126.98177,,KCISA,KCISA
너의 노래를 들려줘,남산 케이블카,playground,서울특별시 중구 소파로 83,37.556593,126.98404,,KCISA,KCISA
너의 노래를 들려줘,엘림아트센터,playground,인천광역시 서구 크리스탈로 78,37.531858,126.63693,,KCISA,KCISA
너의 목소리가 들려,인천지방법원 부천지원,playground,경기도 부천시 상일로 129,37.491876,126.75758,,KCISA,KCISA
너의 목소리가 들려,코엑스 아쿠아리움,playground,서울특별시 강남구 영동대로 513,37.510177,127.05866,,KCISA,KCISA
너의 목소리가 들려,서울중앙지방법원,playground,서울특별시 서초구 서초중앙로 157,37.496068,127.01148,,KCISA,KCISA
너의 목소리가 들려,신명여자고등학교,playground,인천광역시 남동구 용천로205번길 42,37.46947,126.71324,,KCISA,KCISA
너의 밤이 되어줄게,KT&G 상상마당 춘천 아트센터,playground,강원도 춘천시 스포츠타운길399번길 25,37.873744,127.70273,,KCISA,KCISA
너의 밤이 되어줄게,일산로,playground,경기도 고양시 일산서구 일산로725번길 5-7,37.67888,126.75196,,KCISA,KCISA
너의 밤이 되어줄게,도봉탑유도관,playground,서울특별시 도봉구 방학로 204 화성빌딩 3층,37.662194,127.02943,,KCISA,KCISA
너의 밤이 되어줄게,와우어린이공원,playground,서울특별시 마포구 독막로19길 20-13,37.549026,126.92539,,KCISA,KCISA
너의 밤이 되어줄게,대원정사 옥상주차장,playground,서울특별시 용산구 두텁바위로60길 49,37.548873,126.98352,,KCISA,KCISA
너의 밤이 되어줄게,JCC크리에이티브센터,playground,서울특별시 종로구 창경궁로35길 45,37.5877669,127.002266,,KCISA,KCISA
너의 밤이 되어줄게,비토가사진관,playground,서울특별시 종로구 창덕궁5길 8,37.58318,126.98929,,KCISA,KCISA
너의 밤이 되어줄게,IDEA VILL,playground,서울특별시 종로구 평창16길 27,37.611473,126.9652,,KCISA,KCISA
너의 밤이 되어줄게,참샘골공원,playground,서울특별시 종로구 평창동 470,37.614899,126.97453,,KCISA,KCISA
넌 내게 반했어,북촌한옥마을,playground,서울특별시 종로구 계동 128-7,37.580452,126.98709,,KCISA,KCISA
넌 내게 반했어,표선 등대,playground,제주특별자치도 서귀포시 표선면 민속해안로 532,33.3209829,126.846909,,KCISA,KCISA
넌 어느 별에서 왔니,제장마을,playground,강원도 정선군 신동읍 제장길 1-38,37.259049,128.58384,,KCISA,KCISA
넌 어느 별에서 왔니,성산대교,playground,서울특별시 마포구 망원동 성산대교,37.552775,126.89155,,KCISA,KCISA
넌 어느 별에서 왔니,영풍문고 종로본점,playground,서울특별시 종로구 청계천로 41,37.569735,126.98225,,KCISA,KCISA
넌 어느 별에서 왔니,서울광장,playground,서울특별시 중구 태평로1가 54-3,37.565574,126.9779,,KCISA,KCISA
널 만질거야,N서울타워,playground,서울특별시 용산구 남산공원길 105,37.551168,126.98824,,KCISA,KCISA
넘버스: 빌딩숲의 감시자들,비둘기낭폭포,playground,경기 포천시 영북면 대회산리 415-2,38.07988268,127.2170346,https://ys-dl.tistory.com/entry/%EB%84%98%EB%B2%84%EC%8A%A4-%EC%B4%AC%EC%98%81%EC%A7%80-1%EA%B3%B3%EC%9D%84-%EC%95%8C%EB%A0%A4%EB%93%9C%EB%A6%BD%EB%8B%88%EB%8B%A4%EC%97%85%EB%8D%B0%EC%9D%B4%ED%8A%B8%EC%A4%91,YSDL,KAKAO
넘버스: 빌딩숲의 감시자들,MBC 문화동산,playground,경기 양주시 만송로 394-104,37.79144207,127.1007849,https://ys-dl.tistory.com/entry/%EB%84%98%EB%B2%84%EC%8A%A4-%EC%B4%AC%EC%98%81%EC%A7%80-1%EA%B3%B3%EC%9D%84-%EC%95%8C%EB%A0%A4%EB%93%9C%EB%A6%BD%EB%8B%88%EB%8B%A4%EC%97%85%EB%8D%B0%EC%9D%B4%ED%8A%B8%EC%A4%91,YSDL,KAKAO
넘버스: 빌딩숲의 감시자들,능안어린이공원,playground,서울 서초구 내곡동 168-10,37.45450844,127.0657511,https://ys-dl.tistory.com/entry/%EB%84%98%EB%B2%84%EC%8A%A4-%EC%B4%AC%EC%98%81%EC%A7%80-1%EA%B3%B3%EC%9D%84-%EC%95%8C%EB%A0%A4%EB%93%9C%EB%A6%BD%EB%8B%88%EB%8B%A4%EC%97%85%EB%8D%B0%EC%9D%B4%ED%8A%B8%EC%A4%91,YSDL,KAKAO
노무사 노무진,여의도한강공원,playground,서울 영등포구 여의도동 85,37.5263886,126.9351293,https://ys-dl.tistory.com/entry/%EB%85%B8%EB%AC%B4%EC%82%AC-%EB%85%B8%EB%AC%B4%EC%A7%84-%EC%B4%AC%EC%98%81%EC%A7%80-10%EA%B3%B3%EC%9D%84-%EC%95%8C%EB%A0%A4%EB%93%9C%EB%A6%BD%EB%8B%88%EB%8B%A4%EC%97%85%EB%8D%B0%EC%9D%B4%ED%8A%B8%EC%A4%91,YSDL,KAKAO
노무사 노무진,정수사,playground,인천 강화군 화도면 해안남로1258번길 142,37.60778229,126.4456035,https://ys-dl.tistory.com/entry/%EB%85%B8%EB%AC%B4%EC%82%AC-%EB%85%B8%EB%AC%B4%EC%A7%84-%EC%B4%AC%EC%98%81%EC%A7%80-10%EA%B3%B3%EC%9D%84-%EC%95%8C%EB%A0%A4%EB%93%9C%EB%A6%BD%EB%8B%88%EB%8B%A4%EC%97%85%EB%8D%B0%EC%9D%B4%ED%8A%B8%EC%A4%91,YSDL,KAKAO
노무사 노무진,식사중앙근린공원,playground,경기 고양시 일산동구 식사동 산 122-4,37.67788814,126.8138735,https://ys-dl.tistory.com/entry/%EB%85%B8%EB%AC%B4%EC%82%AC-%EB%85%B8%EB%AC%B4%EC%A7%84-%EC%B4%AC%EC%98%81%EC%A7%80-10%EA%B3%B3%EC%9D%84-%EC%95%8C%EB%A0%A4%EB%93%9C%EB%A6%BD%EB%8B%88%EB%8B%A4%EC%97%85%EB%8D%B0%EC%9D%B4%ED%8A%B8%EC%A4%91,YSDL,KAKAO
노무사 노무진,흥국사,playground,전남광주통합특별시 여수시 흥국사길 160,34.82113954,127.7004961,https://ys-dl.tistory.com/entry/%EB%85%B8%EB%AC%B4%EC%82%AC-%EB%85%B8%EB%AC%B4%EC%A7%84-%EC%B4%AC%EC%98%81%EC%A7%80-10%EA%B3%B3%EC%9D%84-%EC%95%8C%EB%A0%A4%EB%93%9C%EB%A6%BD%EB%8B%88%EB%8B%A4%EC%97%85%EB%8D%B0%EC%9D%B4%ED%8A%B8%EC%A4%91,YSDL,KAKAO
노무사 노무진,다복한어린이공원,playground,경기 부천시 원미구 상동 558-1,37.50096303,126.7541549,https://ys-dl.tistory.com/entry/%EB%85%B8%EB%AC%B4%EC%82%AC-%EB%85%B8%EB%AC%B4%EC%A7%84-%EC%B4%AC%EC%98%81%EC%A7%80-10%EA%B3%B3%EC%9D%84-%EC%95%8C%EB%A0%A4%EB%93%9C%EB%A6%BD%EB%8B%88%EB%8B%A4%EC%97%85%EB%8D%B0%EC%9D%B4%ED%8A%B8%EC%A4%91,YSDL,KAKAO
노무사 노무진,고래불해수욕장,playground,경북 영덕군 병곡면 병곡리 58-26,36.59866932,129.4107192,https://ys-dl.tistory.com/entry/%EB%85%B8%EB%AC%B4%EC%82%AC-%EB%85%B8%EB%AC%B4%EC%A7%84-%EC%B4%AC%EC%98%81%EC%A7%80-10%EA%B3%B3%EC%9D%84-%EC%95%8C%EB%A0%A4%EB%93%9C%EB%A6%BD%EB%8B%88%EB%8B%A4%EC%97%85%EB%8D%B0%EC%9D%B4%ED%8A%B8%EC%A4%91,YSDL,KAKAO
놀아주는 여자,구룡공원,playground,서울 금천구 독산로107길 13,37.47791302,126.9027716,https://ys-dl.tistory.com/entry/%EB%86%80%EC%95%84%EC%A3%BC%EB%8A%94-%EC%97%AC%EC%9E%90-%EC%B4%AC%EC%98%81%EC%A7%80-14%EA%B3%B3%EC%9D%84-%EC%95%8C%EB%A0%A4%EB%93%9C%EB%A6%BD%EB%8B%88%EB%8B%A4%EC%97%85%EB%8D%B0%EC%9D%B4%ED%8A%B8%EC%A4%91,YSDL,KAKAO
놀아주는 여자,이촌한강공원,playground,서울 용산구 이촌로72길 62,37.51724044,126.9705266,https://ys-dl.tistory.com/entry/%EB%86%80%EC%95%84%EC%A3%BC%EB%8A%94-%EC%97%AC%EC%9E%90-%EC%B4%AC%EC%98%81%EC%A7%80-14%EA%B3%B3%EC%9D%84-%EC%95%8C%EB%A0%A4%EB%93%9C%EB%A6%BD%EB%8B%88%EB%8B%A4%EC%97%85%EB%8D%B0%EC%9D%B4%ED%8A%B8%EC%A4%91,YSDL,KAKAO
놀아주는 여자,용산가족공원,playground,서울 용산구 서빙고로 137,37.52186592,126.9828336,https://ys-dl.tistory.com/entry/%EB%86%80%EC%95%84%EC%A3%BC%EB%8A%94-%EC%97%AC%EC%9E%90-%EC%B4%AC%EC%98%81%EC%A7%80-14%EA%B3%B3%EC%9D%84-%EC%95%8C%EB%A0%A4%EB%93%9C%EB%A6%BD%EB%8B%88%EB%8B%A4%EC%97%85%EB%8D%B0%EC%9D%B4%ED%8A%B8%EC%A4%91,YSDL,KAKAO
놀아주는 여자,낙산공원,playground,서울 종로구 낙산길 41,37.58056967,127.0075218,https://ys-dl.tistory.com/entry/%EB%86%80%EC%95%84%EC%A3%BC%EB%8A%94-%EC%97%AC%EC%9E%90-%EC%B4%AC%EC%98%81%EC%A7%80-14%EA%B3%B3%EC%9D%84-%EC%95%8C%EB%A0%A4%EB%93%9C%EB%A6%BD%EB%8B%88%EB%8B%A4%EC%97%85%EB%8D%B0%EC%9D%B4%ED%8A%B8%EC%A4%91,YSDL,KAKAO
놀아주는 여자,북서울꿈의숲 청운답원,playground,서울 강북구 월계로 173,37.62188591,127.0407288,https://ys-dl.tistory.com/entry/%EB%86%80%EC%95%84%EC%A3%BC%EB%8A%94-%EC%97%AC%EC%9E%90-%EC%B4%AC%EC%98%81%EC%A7%80-14%EA%B3%B3%EC%9D%84-%EC%95%8C%EB%A0%A4%EB%93%9C%EB%A6%BD%EB%8B%88%EB%8B%A4%EC%97%85%EB%8D%B0%EC%9D%B4%ED%8A%B8%EC%A4%91,YSDL,KAKAO
놀아주는 여자,MBC 문화동산,playground,경기 양주시 만송로 394-104,37.79144207,127.1007849,https://ys-dl.tistory.com/entry/%EB%86%80%EC%95%84%EC%A3%BC%EB%8A%94-%EC%97%AC%EC%9E%90-%EC%B4%AC%EC%98%81%EC%A7%80-14%EA%B3%B3%EC%9D%84-%EC%95%8C%EB%A0%A4%EB%93%9C%EB%A6%BD%EB%8B%88%EB%8B%A4%EC%97%85%EB%8D%B0%EC%9D%B4%ED%8A%B8%EC%A4%91,YSDL,KAKAO
놀아주는 여자,메디테리움 의학박물관,playground,경기 파주시 회동길 338,37.71558517,126.6919067,https://ys-dl.tistory.com/entry/%EB%86%80%EC%95%84%EC%A3%BC%EB%8A%94-%EC%97%AC%EC%9E%90-%EC%B4%AC%EC%98%81%EC%A7%80-14%EA%B3%B3%EC%9D%84-%EC%95%8C%EB%A0%A4%EB%93%9C%EB%A6%BD%EB%8B%88%EB%8B%A4%EC%97%85%EB%8D%B0%EC%9D%B4%ED%8A%B8%EC%A4%91,YSDL,KAKAO
놀아주는 여자,경복궁,playground,서울 종로구 사직로 161,37.57761329,126.9768979,https://ys-dl.tistory.com/entry/%EB%86%80%EC%95%84%EC%A3%BC%EB%8A%94-%EC%97%AC%EC%9E%90-%EC%B4%AC%EC%98%81%EC%A7%80-14%EA%B3%B3%EC%9D%84-%EC%95%8C%EB%A0%A4%EB%93%9C%EB%A6%BD%EB%8B%88%EB%8B%A4%EC%97%85%EB%8D%B0%EC%9D%B4%ED%8A%B8%EC%A4%91,YSDL,KAKAO
놀아주는 여자,김포한옥마을,playground,경기 김포시 모담공원로 170-7,37.6453833,126.6954965,https://ys-dl.tistory.com/entry/%EB%86%80%EC%95%84%EC%A3%BC%EB%8A%94-%EC%97%AC%EC%9E%90-%EC%B4%AC%EC%98%81%EC%A7%80-14%EA%B3%B3%EC%9D%84-%EC%95%8C%EB%A0%A4%EB%93%9C%EB%A6%BD%EB%8B%88%EB%8B%A4%EC%97%85%EB%8D%B0%EC%9D%B4%ED%8A%B8%EC%A4%91,YSDL,KAKAO
놀아주는 여자,대광사,playground,경기 성남시 분당구 구미로185번길 30,37.34667145,127.127593,https://ys-dl.tistory.com/entry/%EB%86%80%EC%95%84%EC%A3%BC%EB%8A%94-%EC%97%AC%EC%9E%90-%EC%B4%AC%EC%98%81%EC%A7%80-14%EA%B3%B3%EC%9D%84-%EC%95%8C%EB%A0%A4%EB%93%9C%EB%A6%BD%EB%8B%88%EB%8B%A4%EC%97%85%EB%8D%B0%EC%9D%B4%ED%8A%B8%EC%A4%91,YSDL,KAKAO
놀아주는 여자,방포해수욕장,playground,충남 태안군 안면읍 방포1길 29-1,36.50932898,126.3327063,https://ys-dl.tistory.com/entry/%EB%86%80%EC%95%84%EC%A3%BC%EB%8A%94-%EC%97%AC%EC%9E%90-%EC%B4%AC%EC%98%81%EC%A7%80-14%EA%B3%B3%EC%9D%84-%EC%95%8C%EB%A0%A4%EB%93%9C%EB%A6%BD%EB%8B%88%EB%8B%A4%EC%97%85%EB%8D%B0%EC%9D%B4%ED%8A%B8%EC%A4%91,YSDL,KAKAO
누구세요,MBC일산드림센터,playground,경기도 고양시 일산동구 호수로 596,37.6547819,126.770815,,KCISA,KCISA
누구세요,서강대교,playground,서울특별시 영등포구 여의도동 서강대교,37.536911,126.92495,,KCISA,KCISA
누구세요,노들섬,playground,서울특별시 용산구 양녕로 445,37.5181029,126.957064,,KCISA,KCISA
누구세요,청운공원,playground,서울특별시 종로구 창의문로 119 청운 공원,37.5919695,126.966814,,KCISA,KCISA
누구세요,도하루제과,playground,서울특별시 종로구 창의문로 144,37.592865,126.96466,,KCISA,KCISA
눈물의 여왕,여의도공원,playground,서울 영등포구 여의공원로 68,37.52613492,126.9223482,https://ys-dl.tistory.com/entry/%EB%88%88%EB%AC%BC%EC%9D%98-%EC%97%AC%EC%99%95-%EC%B4%AC%EC%98%81%EC%A7%80-6%EA%B3%B3%EC%9D%84-%EC%95%8C%EB%A0%A4%EB%93%9C%EB%A6%BD%EB%8B%88%EB%8B%A4%EC%97%85%EB%8D%B0%EC%9D%B4%ED%8A%B8%EC%A4%91,YSDL,KAKAO
눈물의 여왕,우리옛돌박물관,playground,서울 성북구 대사관로13길 66,37.60090128,126.9900856,https://ys-dl.tistory.com/entry/%EB%88%88%EB%AC%BC%EC%9D%98-%EC%97%AC%EC%99%95-%EC%B4%AC%EC%98%81%EC%A7%80-6%EA%B3%B3%EC%9D%84-%EC%95%8C%EB%A0%A4%EB%93%9C%EB%A6%BD%EB%8B%88%EB%8B%A4%EC%97%85%EB%8D%B0%EC%9D%B4%ED%8A%B8%EC%A4%91,YSDL,KAKAO
눈물의 여왕,아차산어울림정원,playground,서울 광진구 광장동 370-3,37.55184955,127.1002498,https://ys-dl.tistory.com/entry/%EB%88%88%EB%AC%BC%EC%9D%98-%EC%97%AC%EC%99%95-%EC%B4%AC%EC%98%81%EC%A7%80-6%EA%B3%B3%EC%9D%84-%EC%95%8C%EB%A0%A4%EB%93%9C%EB%A6%BD%EB%8B%88%EB%8B%A4%EC%97%85%EB%8D%B0%EC%9D%B4%ED%8A%B8%EC%A4%91,YSDL,KAKAO
눈물의 여왕,아쿠아플라넷 일산,playground,경기 고양시 일산서구 한류월드로 282,37.66378755,126.7554856,https://ys-dl.tistory.com/entry/%EB%88%88%EB%AC%BC%EC%9D%98-%EC%97%AC%EC%99%95-%EC%B4%AC%EC%98%81%EC%A7%80-6%EA%B3%B3%EC%9D%84-%EC%95%8C%EB%A0%A4%EB%93%9C%EB%A6%BD%EB%8B%88%EB%8B%A4%EC%97%85%EB%8D%B0%EC%9D%B4%ED%8A%B8%EC%A4%91,YSDL,KAKAO
눈물의 여왕,소전미술관,playground,전남광주통합특별시 진도군 진도읍 철마길 29,34.48694392,126.2646296,https://ys-dl.tistory.com/entry/%EB%88%88%EB%AC%BC%EC%9D%98-%EC%97%AC%EC%99%95-%EC%B4%AC%EC%98%81%EC%A7%80-6%EA%B3%B3%EC%9D%84-%EC%95%8C%EB%A0%A4%EB%93%9C%EB%A6%BD%EB%8B%88%EB%8B%A4%EC%97%85%EB%8D%B0%EC%9D%B4%ED%8A%B8%EC%A4%91,YSDL,KAKAO
눈물의 여왕,일월수목원,playground,경기 수원시 장안구 일월로 61,37.28835546,126.9766562,https://ys-dl.tistory.com/entry/%EB%88%88%EB%AC%BC%EC%9D%98-%EC%97%AC%EC%99%95-%EC%B4%AC%EC%98%81%EC%A7%80-6%EA%B3%B3%EC%9D%84-%EC%95%8C%EB%A0%A4%EB%93%9C%EB%A6%BD%EB%8B%88%EB%8B%A4%EC%97%85%EB%8D%B0%EC%9D%B4%ED%8A%B8%EC%A4%91,YSDL,KAKAO
눈물의 여왕,송지호해수욕장,playground,강원특별자치도 고성군 죽왕면 오호리 8,38.33068452,128.5279176,https://ys-dl.tistory.com/entry/%EB%88%88%EB%AC%BC%EC%9D%98-%EC%97%AC%EC%99%95-%EC%B4%AC%EC%98%81%EC%A7%80-6%EA%B3%B3%EC%9D%84-%EC%95%8C%EB%A0%A4%EB%93%9C%EB%A6%BD%EB%8B%88%EB%8B%A4%EC%97%85%EB%8D%B0%EC%9D%B4%ED%8A%B8%EC%A4%91,YSDL,KAKAO
눈물의 여왕,만항재,playground,강원특별자치도 정선군 고한읍 고한리 산 216-37,37.15077382,128.9005896,https://ys-dl.tistory.com/entry/%EB%88%88%EB%AC%BC%EC%9D%98-%EC%97%AC%EC%99%95-%EC%B4%AC%EC%98%81%EC%A7%80-6%EA%B3%B3%EC%9D%84-%EC%95%8C%EB%A0%A4%EB%93%9C%EB%A6%BD%EB%8B%88%EB%8B%A4%EC%97%85%EB%8D%B0%EC%9D%B4%ED%8A%B8%EC%A4%91,YSDL,KAKAO
눈물의 여왕,건지마을 풍경포인트,playground,충북 충주시 동량면 조동리 824-1,37.02398611,127.9745474,https://ys-dl.tistory.com/entry/%EB%88%88%EB%AC%BC%EC%9D%98-%EC%97%AC%EC%99%95-%EC%B4%AC%EC%98%81%EC%A7%80-6%EA%B3%B3%EC%9D%84-%EC%95%8C%EB%A0%A4%EB%93%9C%EB%A6%BD%EB%8B%88%EB%8B%A4%EC%97%85%EB%8D%B0%EC%9D%B4%ED%8A%B8%EC%A4%91,YSDL,KAKAO
눈물의 여왕,연풍순교성지,playground,충북 괴산군 연풍면 중앙로괴정1길 14,36.76247652,127.9944499,https://ys-dl.tistory.com/entry/%EB%88%88%EB%AC%BC%EC%9D%98-%EC%97%AC%EC%99%95-%EC%B4%AC%EC%98%81%EC%A7%80-6%EA%B3%B3%EC%9D%84-%EC%95%8C%EB%A0%A4%EB%93%9C%EB%A6%BD%EB%8B%88%EB%8B%A4%EC%97%85%EB%8D%B0%EC%9D%B4%ED%8A%B8%EC%A4%91,YSDL,KAKAO
눈물의 여왕,장항 송림 자연휴양림,playground,충남 서천군 장항읍 장항산단로34번길 122-16,36.0184393,126.6655631,https://ys-dl.tistory.com/entry/%EB%88%88%EB%AC%BC%EC%9D%98-%EC%97%AC%EC%99%95-%EC%B4%AC%EC%98%81%EC%A7%80-6%EA%B3%B3%EC%9D%84-%EC%95%8C%EB%A0%A4%EB%93%9C%EB%A6%BD%EB%8B%88%EB%8B%A4%EC%97%85%EB%8D%B0%EC%9D%B4%ED%8A%B8%EC%A4%91,YSDL,KAKAO
눈물의 여왕,익산 교도소 세트장,playground,전북특별자치도 익산시 성당면 함낭로 207,36.06945155,126.930603,https://ys-dl.tistory.com/entry/%EB%88%88%EB%AC%BC%EC%9D%98-%EC%97%AC%EC%99%95-%EC%B4%AC%EC%98%81%EC%A7%80-6%EA%B3%B3%EC%9D%84-%EC%95%8C%EB%A0%A4%EB%93%9C%EB%A6%BD%EB%8B%88%EB%8B%A4%EC%97%85%EB%8D%B0%EC%9D%B4%ED%8A%B8%EC%A4%91,YSDL,KAKAO
눈물의 여왕,용연못,playground,경남 양산시 하북면 용연리 618-2,35.44471318,129.0799234,https://ys-dl.tistory.com/entry/%EB%88%88%EB%AC%BC%EC%9D%98-%EC%97%AC%EC%99%95-%EC%B4%AC%EC%98%81%EC%A7%80-6%EA%B3%B3%EC%9D%84-%EC%95%8C%EB%A0%A4%EB%93%9C%EB%A6%BD%EB%8B%88%EB%8B%A4%EC%97%85%EB%8D%B0%EC%9D%B4%ED%8A%B8%EC%A4%91,YSDL,KAKAO
눈물의 여왕,문경에코월드,playground,경북 문경시 가은읍 왕능길 114,36.6541931,128.0598267,https://ys-dl.tistory.com/entry/%EB%88%88%EB%AC%BC%EC%9D%98-%EC%97%AC%EC%99%95-%EC%B4%AC%EC%98%81%EC%A7%80-6%EA%B3%B3%EC%9D%84-%EC%95%8C%EB%A0%A4%EB%93%9C%EB%A6%BD%EB%8B%88%EB%8B%A4%EC%97%85%EB%8D%B0%EC%9D%B4%ED%8A%B8%EC%A4%91,YSDL,KAKAO
눈물의 여왕,사유원,playground,대구 군위군 부계면 치산효령로 1176,36.09215301,128.6811606,https://ys-dl.tistory.com/entry/%EB%88%88%EB%AC%BC%EC%9D%98-%EC%97%AC%EC%99%95-%EC%B4%AC%EC%98%81%EC%A7%80-6%EA%B3%B3%EC%9D%84-%EC%95%8C%EB%A0%A4%EB%93%9C%EB%A6%BD%EB%8B%88%EB%8B%A4%EC%97%85%EB%8D%B0%EC%9D%B4%ED%8A%B8%EC%A4%91,YSDL,KAKAO
눈의 여왕,강남대학교,playground,경기도 용인시 기흥구 구갈동 111,37.276075,127.13323,,KCISA,KCISA
눈의 여왕,경주월드,playground,경상북도 경주시 보문로 544,35.835594,129.282884,,KCISA,KCISA
눈의 여왕,계명대학교 대명캠퍼스,playground,대구광역시 남구 명덕로 104,35.85427,128.580543,,KCISA,KCISA
눈의 여왕,경의선숲길공원,playground,서울특별시 마포구 연남동 연남로 80,37.5661595,126.919015,,KCISA,KCISA
눈의 여왕,반포한강공원,playground,서울특별시 서초구 신반포로11길 40,37.510507,126.996054,,KCISA,KCISA
눈의 여왕,주한앙골라대사관저,playground,서울특별시 성북구 선잠로2길 211,37.59926,127.0012,,KCISA,KCISA
눈의 여왕,63스퀘어,playground,서울특별시 영등포구 63로 50,37.519811,126.94017,,KCISA,KCISA
눈의 여왕,여의도공원,playground,서울특별시 영등포구 여의공원로 68,37.5281241,126.925754,,KCISA,KCISA
눈의 여왕,서강대교,playground,서울특별시 영등포구 여의도동 서강대교,37.536911,126.92495,,KCISA,KCISA
눈의 여왕,평화시장,playground,서울특별시 중구 청계천로 274,37.569447,127.00801,,KCISA,KCISA
눈의 여왕,서울광장,playground,서울특별시 중구 태평로1가 54-3,37.565574,126.9779,,KCISA,KCISA
눈의 여왕,연기복싱체육관,playground,세종특별자치시 조치원읍 새내13길 7,36.602961,127.2973,,KCISA,KCISA
눈의 여왕,선문대학교 아산캠퍼스,playground,충청남도 아산시 탕정면 선문로221번길 70,36.798952,127.07489,,KCISA,KCISA
눈이 부시게,청아공원기독교전용관,playground,경기도 고양시 일산동구 은마길 129,37.719031,126.80572,,KCISA,KCISA
눈이 부시게,순천드라마촬영장,playground,전라남도 순천시 비례골길 24,34.957729,127.53832,,KCISA,KCISA
다 이루어질지니,별마로천문대,playground,강원특별자치도 영월군 영월읍 영흥리 154-3,37.19832924,128.4867825,https://ys-dl.tistory.com/entry/%EB%8B%A4-%EC%9D%B4%EB%A3%A8%EC%96%B4%EC%A7%88%EC%A7%80%EB%8B%88-%EC%B4%AC%EC%98%81%EC%A7%80-7%EA%B3%B3%EC%9D%84-%EC%95%8C%EB%A0%A4%EB%93%9C%EB%A6%BD%EB%8B%88%EB%8B%A4%EC%97%85%EB%8D%B0%EC%9D%B4%ED%8A%B8%EC%A4%91,YSDL,KAKAO
다 이루어질지니,의림지파크랜드,playground,충북 제천시 의림지로 24,37.17509314,128.2086214,https://ys-dl.tistory.com/entry/%EB%8B%A4-%EC%9D%B4%EB%A3%A8%EC%96%B4%EC%A7%88%EC%A7%80%EB%8B%88-%EC%B4%AC%EC%98%81%EC%A7%80-7%EA%B3%B3%EC%9D%84-%EC%95%8C%EB%A0%A4%EB%93%9C%EB%A6%BD%EB%8B%88%EB%8B%A4%EC%97%85%EB%8D%B0%EC%9D%B4%ED%8A%B8%EC%A4%91,YSDL,KAKAO
다 이루어질지니,의림지,playground,충북 제천시 모산동 241,37.17317706,128.2107054,https://ys-dl.tistory.com/entry/%EB%8B%A4-%EC%9D%B4%EB%A3%A8%EC%96%B4%EC%A7%88%EC%A7%80%EB%8B%88-%EC%B4%AC%EC%98%81%EC%A7%80-7%EA%B3%B3%EC%9D%84-%EC%95%8C%EB%A0%A4%EB%93%9C%EB%A6%BD%EB%8B%88%EB%8B%A4%EC%97%85%EB%8D%B0%EC%9D%B4%ED%8A%B8%EC%A4%91,YSDL,KAKAO
다 이루어질지니,부안영상테마파크,playground,전북특별자치도 부안군 변산면 격포로 309-64,35.62180698,126.485383,https://ys-dl.tistory.com/entry/%EB%8B%A4-%EC%9D%B4%EB%A3%A8%EC%96%B4%EC%A7%88%EC%A7%80%EB%8B%88-%EC%B4%AC%EC%98%81%EC%A7%80-7%EA%B3%B3%EC%9D%84-%EC%95%8C%EB%A0%A4%EB%93%9C%EB%A6%BD%EB%8B%88%EB%8B%A4%EC%97%85%EB%8D%B0%EC%9D%B4%ED%8A%B8%EC%A4%91,YSDL,KAKAO
다 이루어질지니,합천영상테마파크,playground,경남 합천군 용주면 합천호수로 757,35.54875124,128.0718461,https://ys-dl.tistory.com/entry/%EB%8B%A4-%EC%9D%B4%EB%A3%A8%EC%96%B4%EC%A7%88%EC%A7%80%EB%8B%88-%EC%B4%AC%EC%98%81%EC%A7%80-7%EA%B3%B3%EC%9D%84-%EC%95%8C%EB%A0%A4%EB%93%9C%EB%A6%BD%EB%8B%88%EB%8B%A4%EC%97%85%EB%8D%B0%EC%9D%B4%ED%8A%B8%EC%A4%91,YSDL,KAKAO
다시 만난 세계,퍼스트가든,playground,경기도 파주시 탑삭골길 260,37.7321551,126.793933,,KCISA,KCISA
다시 만난 세계,서울특별시 보라매병원,playground,서울특별시 동작구 보라매로5길 20,37.493287,126.92424,,KCISA,KCISA
다시 만난 세계,경의선숲길공원,playground,서울특별시 마포구 연남동 연남로 80,37.5661595,126.919015,,KCISA,KCISA
다시 만난 세계,원효대교,playground,서울특별시 영등포구 여의도동 원효대교,37.527046,126.94571,,KCISA,KCISA
닥치고 꽃미남밴드,오산고등학교,playground,서울특별시 용산구 보광로7길 17,37.523475,126.99958,,KCISA,KCISA
닥치고 꽃미남밴드,마로니에 공원,playground,서울특별시 종로구 대학로 104,37.580499,127.00244,,KCISA,KCISA
닥터 섬보이,함목몽돌해변,playground,경남 거제시 남부면 함목길 6,34.73997657,128.6528977,https://ys-dl.tistory.com/entry/%EB%8B%A5%ED%84%B0-%EC%84%AC%EB%B3%B4%EC%9D%B4-%EC%B4%AC%EC%98%81%EC%A7%80-8%EA%B3%B3%EC%9D%84-%EC%95%8C%EB%A0%A4%EB%93%9C%EB%A6%BD%EB%8B%88%EB%8B%A4%EC%97%85%EB%8D%B0%EC%9D%B4%ED%8A%B8%EC%A4%91,YSDL,KAKAO
닥터 섬보이,명사해수욕장,playground,경남 거제시 남부면 저구리 265-8,34.72642651,128.6036912,https://ys-dl.tistory.com/entry/%EB%8B%A5%ED%84%B0-%EC%84%AC%EB%B3%B4%EC%9D%B4-%EC%B4%AC%EC%98%81%EC%A7%80-8%EA%B3%B3%EC%9D%84-%EC%95%8C%EB%A0%A4%EB%93%9C%EB%A6%BD%EB%8B%88%EB%8B%A4%EC%97%85%EB%8D%B0%EC%9D%B4%ED%8A%B8%EC%A4%91,YSDL,KAKAO
닥터 이방인,더그림,playground,경기도 양평군 옥천면 사나사길 175,37.52907,127.4971,,KCISA,KCISA
닥터 이방인,가톨릭관동대학교 국제성모병원,playground,인천광역시 서구 심곡로100번길 25,37.542425,126.68384,,KCISA,KCISA
닥터 진,고석정,playground,강원도 철원군 동송읍 태봉로 1825,38.186301,127.287536,,KCISA,KCISA
닥터 진,용인 대장금 파크,playground,경기도 용인시 처인구 백암면 용천드라마길 25,37.1209396,127.337296,,KCISA,KCISA
닥터 차정숙,반포한강공원,playground,서울 서초구 반포동 115-5,37.51081993,126.997161,https://ys-dl.tistory.com/entry/%EB%8B%A5%ED%84%B0-%EC%B0%A8%EC%A0%95%EC%88%99-%EC%B4%AC%EC%98%81%EC%A7%80-2%EA%B3%B3%EC%9D%84-%EC%95%8C%EB%A0%A4%EB%93%9C%EB%A6%BD%EB%8B%88%EB%8B%A4,YSDL,KAKAO
닥터 차정숙,무등산,playground,전남광주통합특별시 북구 금곡동 산 1-1,35.12438585,127.0091311,https://ys-dl.tistory.com/entry/%EB%8B%A5%ED%84%B0-%EC%B0%A8%EC%A0%95%EC%88%99-%EC%B4%AC%EC%98%81%EC%A7%80-2%EA%B3%B3%EC%9D%84-%EC%95%8C%EB%A0%A4%EB%93%9C%EB%A6%BD%EB%8B%88%EB%8B%A4,YSDL,KAKAO
닥터 차정숙,절골공원,playground,인천 서해구 심곡동 292,37.54271295,126.6824945,https://ys-dl.tistory.com/entry/%EB%8B%A5%ED%84%B0-%EC%B0%A8%EC%A0%95%EC%88%99-%EC%B4%AC%EC%98%81%EC%A7%80-2%EA%B3%B3%EC%9D%84-%EC%95%8C%EB%A0%A4%EB%93%9C%EB%A6%BD%EB%8B%88%EB%8B%A4,YSDL,KAKAO
닥터 차정숙,일산호수공원,playground,경기 고양시 일산동구 호수로 595,37.65613604,126.7641415,https://ys-dl.tistory.com/entry/%EB%8B%A5%ED%84%B0-%EC%B0%A8%EC%A0%95%EC%88%99-%EC%B4%AC%EC%98%81%EC%A7%80-2%EA%B3%B3%EC%9D%84-%EC%95%8C%EB%A0%A4%EB%93%9C%EB%A6%BD%EB%8B%88%EB%8B%A4,YSDL,KAKAO
닥터 차정숙,광교호수공원,playground,경기 수원시 영통구 하동 1020,37.28422019,127.0669254,https://ys-dl.tistory.com/entry/%EB%8B%A5%ED%84%B0-%EC%B0%A8%EC%A0%95%EC%88%99-%EC%B4%AC%EC%98%81%EC%A7%80-2%EA%B3%B3%EC%9D%84-%EC%95%8C%EB%A0%A4%EB%93%9C%EB%A6%BD%EB%8B%88%EB%8B%A4,YSDL,KAKAO
닥터 프리즈너,동작대교,playground,서울특별시 용산구 이촌동 동작대교,37.51041,126.981893,,KCISA,KCISA
닥터 프리즈너,인천국제공항,playground,인천광역시 중구 공항로 272,37.44919,126.4514,,KCISA,KCISA
닥터 프리즈너,장흥교도소 세트장,playground,전라남도 장흥군 장흥읍 원도리 191,34.686804,126.91329,,KCISA,KCISA
닥터 프리즈너,화전동벽화마을,playground,경기도 고양시 덕양구 중앙로78번안길 88,37.600647,126.876864,,KCISA,KCISA
닥터 프리즈너,서울어린이대공원,playground,서울특별시 광진구 능동로 216,37.548494,127.080792,,KCISA,KCISA
닥터 프리즈너,송파 아이파크,playground,서울특별시 송파구 문정동 법원로 55,37.47981,127.121795,,KCISA,KCISA
닥터스,북한강철교,playground,경기도 양평군 양서면 양수리 511-2,37.551207,127.31654,,KCISA,KCISA
닥터스,벽초지수목원,playground,경기도 파주시 광탄면 부흥로 242,37.800977,126.873712,,KCISA,KCISA
닥터스,플럼라인,playground,경기도 파주시 문발로 165,37.709541,126.6854,,KCISA,KCISA
닥터스,화이트블럭,playground,경기도 파주시 탄현면 헤이리마을길 72,37.7889189,126.699592,,KCISA,KCISA
닥터스,이화동 마을박물관,playground,서울특별시 종로구 낙산성곽서1길 14,37.577519,127.00815,,KCISA,KCISA
닥터스,연기복싱체육관,playground,세종특별자치시 조치원읍 새내13길 7,36.602961,127.2973,,KCISA,KCISA
닥터스,청라 커널웨이,playground,인천광역시 서구 경서동 953-19,37.533011,126.64345,,KCISA,KCISA
닥터스,인천보건고등학교,playground,인천광역시 서구 서달로 58-16,37.50473,126.681,,KCISA,KCISA
닥터슬럼프,놋다리문화공원,playground,서울 강서구 마곡동 790-6,37.56202755,126.8363596,https://ys-dl.tistory.com/entry/%EB%8B%A5%ED%84%B0%EC%8A%AC%EB%9F%BC%ED%94%84-%EC%B4%AC%EC%98%81%EC%A7%80-11%EA%B3%B3%EC%9D%84-%EC%95%8C%EB%A0%A4%EB%93%9C%EB%A6%BD%EB%8B%88%EB%8B%A4%EC%97%85%EB%8D%B0%EC%9D%B4%ED%8A%B8%EC%A4%91,YSDL,KAKAO
닥터슬럼프,가온문화공원,playground,서울 마포구 상암동 1594,37.58191481,126.8876787,https://ys-dl.tistory.com/entry/%EB%8B%A5%ED%84%B0%EC%8A%AC%EB%9F%BC%ED%94%84-%EC%B4%AC%EC%98%81%EC%A7%80-11%EA%B3%B3%EC%9D%84-%EC%95%8C%EB%A0%A4%EB%93%9C%EB%A6%BD%EB%8B%88%EB%8B%A4%EC%97%85%EB%8D%B0%EC%9D%B4%ED%8A%B8%EC%A4%91,YSDL,KAKAO
닥터슬럼프,노들섬,playground,서울 용산구 양녕로 445,37.51766014,126.9580339,https://ys-dl.tistory.com/entry/%EB%8B%A5%ED%84%B0%EC%8A%AC%EB%9F%BC%ED%94%84-%EC%B4%AC%EC%98%81%EC%A7%80-11%EA%B3%B3%EC%9D%84-%EC%95%8C%EB%A0%A4%EB%93%9C%EB%A6%BD%EB%8B%88%EB%8B%A4%EC%97%85%EB%8D%B0%EC%9D%B4%ED%8A%B8%EC%A4%91,YSDL,KAKAO
닥터슬럼프,백범광장,playground,서울 중구 회현동1가 100-115,37.55482844,126.9792487,https://ys-dl.tistory.com/entry/%EB%8B%A5%ED%84%B0%EC%8A%AC%EB%9F%BC%ED%94%84-%EC%B4%AC%EC%98%81%EC%A7%80-11%EA%B3%B3%EC%9D%84-%EC%95%8C%EB%A0%A4%EB%93%9C%EB%A6%BD%EB%8B%88%EB%8B%A4%EC%97%85%EB%8D%B0%EC%9D%B4%ED%8A%B8%EC%A4%91,YSDL,KAKAO
닥터슬럼프,덕수궁돌담길,playground,서울 중구 세종대로 지하 101,37.56497658,126.9756646,https://ys-dl.tistory.com/entry/%EB%8B%A5%ED%84%B0%EC%8A%AC%EB%9F%BC%ED%94%84-%EC%B4%AC%EC%98%81%EC%A7%80-11%EA%B3%B3%EC%9D%84-%EC%95%8C%EB%A0%A4%EB%93%9C%EB%A6%BD%EB%8B%88%EB%8B%A4%EC%97%85%EB%8D%B0%EC%9D%B4%ED%8A%B8%EC%A4%91,YSDL,KAKAO
닥터슬럼프,삼성해맞이공원,playground,서울 강남구 삼성동 82,37.5196741,127.0619385,https://ys-dl.tistory.com/entry/%EB%8B%A5%ED%84%B0%EC%8A%AC%EB%9F%BC%ED%94%84-%EC%B4%AC%EC%98%81%EC%A7%80-11%EA%B3%B3%EC%9D%84-%EC%95%8C%EB%A0%A4%EB%93%9C%EB%A6%BD%EB%8B%88%EB%8B%A4%EC%97%85%EB%8D%B0%EC%9D%B4%ED%8A%B8%EC%A4%91,YSDL,KAKAO
닥터슬럼프,인천개항박물관,playground,인천 제물포구 신포로23번길 89,37.47328573,126.6205845,https://ys-dl.tistory.com/entry/%EB%8B%A5%ED%84%B0%EC%8A%AC%EB%9F%BC%ED%94%84-%EC%B4%AC%EC%98%81%EC%A7%80-11%EA%B3%B3%EC%9D%84-%EC%95%8C%EB%A0%A4%EB%93%9C%EB%A6%BD%EB%8B%88%EB%8B%A4%EC%97%85%EB%8D%B0%EC%9D%B4%ED%8A%B8%EC%A4%91,YSDL,KAKAO
닥터슬럼프,일산호수공원,playground,경기 고양시 일산동구 호수로 595,37.65613604,126.7641415,https://ys-dl.tistory.com/entry/%EB%8B%A5%ED%84%B0%EC%8A%AC%EB%9F%BC%ED%94%84-%EC%B4%AC%EC%98%81%EC%A7%80-11%EA%B3%B3%EC%9D%84-%EC%95%8C%EB%A0%A4%EB%93%9C%EB%A6%BD%EB%8B%88%EB%8B%A4%EC%97%85%EB%8D%B0%EC%9D%B4%ED%8A%B8%EC%A4%91,YSDL,KAKAO
닥터슬럼프,청호해수욕장,playground,강원특별자치도 속초시 청호동,38.19980192,128.5973308,https://ys-dl.tistory.com/entry/%EB%8B%A5%ED%84%B0%EC%8A%AC%EB%9F%BC%ED%94%84-%EC%B4%AC%EC%98%81%EC%A7%80-11%EA%B3%B3%EC%9D%84-%EC%95%8C%EB%A0%A4%EB%93%9C%EB%A6%BD%EB%8B%88%EB%8B%A4%EC%97%85%EB%8D%B0%EC%9D%B4%ED%8A%B8%EC%A4%91,YSDL,KAKAO
닥터슬럼프,황금연어공원,playground,강원특별자치도 양양군 강현면 동해대로 3594,38.15725022,128.6097786,https://ys-dl.tistory.com/entry/%EB%8B%A5%ED%84%B0%EC%8A%AC%EB%9F%BC%ED%94%84-%EC%B4%AC%EC%98%81%EC%A7%80-11%EA%B3%B3%EC%9D%84-%EC%95%8C%EB%A0%A4%EB%93%9C%EB%A6%BD%EB%8B%88%EB%8B%A4%EC%97%85%EB%8D%B0%EC%9D%B4%ED%8A%B8%EC%A4%91,YSDL,KAKAO
닥터슬럼프,용호별빛공원,playground,부산 남구 용호동 5-5,35.13281786,129.1200264,https://ys-dl.tistory.com/entry/%EB%8B%A5%ED%84%B0%EC%8A%AC%EB%9F%BC%ED%94%84-%EC%B4%AC%EC%98%81%EC%A7%80-11%EA%B3%B3%EC%9D%84-%EC%95%8C%EB%A0%A4%EB%93%9C%EB%A6%BD%EB%8B%88%EB%8B%A4%EC%97%85%EB%8D%B0%EC%9D%B4%ED%8A%B8%EC%A4%91,YSDL,KAKAO
닥터슬럼프,중리바닷가,playground,부산 영도구 동삼동,35.06858611,129.0648311,https://ys-dl.tistory.com/entry/%EB%8B%A5%ED%84%B0%EC%8A%AC%EB%9F%BC%ED%94%84-%EC%B4%AC%EC%98%81%EC%A7%80-11%EA%B3%B3%EC%9D%84-%EC%95%8C%EB%A0%A4%EB%93%9C%EB%A6%BD%EB%8B%88%EB%8B%A4%EC%97%85%EB%8D%B0%EC%9D%B4%ED%8A%B8%EC%A4%91,YSDL,KAKAO
닥터슬럼프,다대포해수욕장,playground,부산 사하구 다대동,35.04652635,128.9627412,https://ys-dl.tistory.com/entry/%EB%8B%A5%ED%84%B0%EC%8A%AC%EB%9F%BC%ED%94%84-%EC%B4%AC%EC%98%81%EC%A7%80-11%EA%B3%B3%EC%9D%84-%EC%95%8C%EB%A0%A4%EB%93%9C%EB%A6%BD%EB%8B%88%EB%8B%A4%EC%97%85%EB%8D%B0%EC%9D%B4%ED%8A%B8%EC%A4%91,YSDL,KAKAO
닥터신,서대문형무소역사관,playground,서울 서대문구 통일로 251,37.57460869,126.9556122,https://ys-dl.tistory.com/entry/%EB%8B%A5%ED%84%B0%EC%8B%A0-%EC%B4%AC%EC%98%81%EC%A7%80-8%EA%B3%B3%EC%9D%84-%EC%95%8C%EB%A0%A4%EB%93%9C%EB%A6%BD%EB%8B%88%EB%8B%A4%EC%97%85%EB%8D%B0%EC%9D%B4%ED%8A%B8%EC%A4%91,YSDL,KAKAO
닥터신,서래섬,playground,서울 서초구 반포동 137-41,37.50802101,126.9899294,https://ys-dl.tistory.com/entry/%EB%8B%A5%ED%84%B0%EC%8B%A0-%EC%B4%AC%EC%98%81%EC%A7%80-8%EA%B3%B3%EC%9D%84-%EC%95%8C%EB%A0%A4%EB%93%9C%EB%A6%BD%EB%8B%88%EB%8B%A4%EC%97%85%EB%8D%B0%EC%9D%B4%ED%8A%B8%EC%A4%91,YSDL,KAKAO
닥터챔프,N서울타워,playground,서울특별시 용산구 남산공원길 105,37.551168,126.98824,,KCISA,KCISA
"단, 하나의 사랑",제이드가든,playground,강원도 춘천시 남산면 햇골길 80,37.834632,127.53786,,KCISA,KCISA
"단, 하나의 사랑",KT&G 상상마당 춘천 아트센터,playground,강원도 춘천시 스포츠타운길399번길 25,37.873744,127.70273,,KCISA,KCISA
"단, 하나의 사랑",청아공원기독교전용관,playground,경기도 고양시 일산동구 은마길 129,37.719031,126.80572,,KCISA,KCISA
"단, 하나의 사랑",엑스포다리,playground,대전광역시 유성구 도룡동,36.372767,127.38798,,KCISA,KCISA
"단, 하나의 사랑",이랜드크루즈,playground,서울특별시 영등포구 여의동로 280,37.5290674,126.936218,,KCISA,KCISA
"단, 하나의 사랑",인천대공원,playground,인천광역시 남동구 무네미로 236,37.45671,126.7579,,KCISA,KCISA
"단, 하나의 사랑",아트센터 인천,playground,인천광역시 연수구 아트센터대로 222,37.393315,126.62613,,KCISA,KCISA
"단, 하나의 사랑",송도센트럴파크,playground,인천광역시 연수구 컨벤시아대로 160,37.3924167,126.639565,,KCISA,KCISA
"단, 하나의 사랑",합덕성당,playground,충청남도 당진시 합덕읍 합덕성당2길 22,36.792792,126.78554,,KCISA,KCISA
단죄,학산소극장,playground,인천 미추홀구 인하로 126,37.44957041,126.6618682,https://ys-dl.tistory.com/entry/%EB%8B%A8%EC%A3%84-%EC%B4%AC%EC%98%81%EC%A7%80-13%EA%B3%B3%EC%9D%84-%EC%95%8C%EB%A0%A4%EB%93%9C%EB%A6%BD%EB%8B%88%EB%8B%A4%EC%97%85%EB%8D%B0%EC%9D%B4%ED%8A%B8%EC%A4%91,YSDL,KAKAO
단죄,두물머리,playground,경기 양평군 양서면 양수리,37.53281279,127.3158298,https://ys-dl.tistory.com/entry/%EB%8B%A8%EC%A3%84-%EC%B4%AC%EC%98%81%EC%A7%80-13%EA%B3%B3%EC%9D%84-%EC%95%8C%EB%A0%A4%EB%93%9C%EB%A6%BD%EB%8B%88%EB%8B%A4%EC%97%85%EB%8D%B0%EC%9D%B4%ED%8A%B8%EC%A4%91,YSDL,KAKAO
단죄,약천사,playground,제주특별자치도 서귀포시 이어도로 293-28,33.24623622,126.4494585,https://ys-dl.tistory.com/entry/%EB%8B%A8%EC%A3%84-%EC%B4%AC%EC%98%81%EC%A7%80-13%EA%B3%B3%EC%9D%84-%EC%95%8C%EB%A0%A4%EB%93%9C%EB%A6%BD%EB%8B%88%EB%8B%A4%EC%97%85%EB%8D%B0%EC%9D%B4%ED%8A%B8%EC%A4%91,YSDL,KAKAO
단죄,매꼴공원,playground,경기 시흥시 장곡동 798-2,37.38123652,126.7807766,https://ys-dl.tistory.com/entry/%EB%8B%A8%EC%A3%84-%EC%B4%AC%EC%98%81%EC%A7%80-13%EA%B3%B3%EC%9D%84-%EC%95%8C%EB%A0%A4%EB%93%9C%EB%A6%BD%EB%8B%88%EB%8B%A4%EC%97%85%EB%8D%B0%EC%9D%B4%ED%8A%B8%EC%A4%91,YSDL,KAKAO
단죄,기사문해수욕장,playground,강원특별자치도 양양군 현북면 기사문리 89-37,38.00570196,128.7309104,https://ys-dl.tistory.com/entry/%EB%8B%A8%EC%A3%84-%EC%B4%AC%EC%98%81%EC%A7%80-13%EA%B3%B3%EC%9D%84-%EC%95%8C%EB%A0%A4%EB%93%9C%EB%A6%BD%EB%8B%88%EB%8B%A4%EC%97%85%EB%8D%B0%EC%9D%B4%ED%8A%B8%EC%A4%91,YSDL,KAKAO
단죄,익산 교도소 세트장,playground,전북특별자치도 익산시 성당면 함낭로 207,36.06945155,126.930603,https://ys-dl.tistory.com/entry/%EB%8B%A8%EC%A3%84-%EC%B4%AC%EC%98%81%EC%A7%80-13%EA%B3%B3%EC%9D%84-%EC%95%8C%EB%A0%A4%EB%93%9C%EB%A6%BD%EB%8B%88%EB%8B%A4%EC%97%85%EB%8D%B0%EC%9D%B4%ED%8A%B8%EC%A4%91,YSDL,KAKAO
단죄,온천지구족욕장,playground,경북 문경시 문경읍 하리 388,36.73064204,128.11158,https://ys-dl.tistory.com/entry/%EB%8B%A8%EC%A3%84-%EC%B4%AC%EC%98%81%EC%A7%80-13%EA%B3%B3%EC%9D%84-%EC%95%8C%EB%A0%A4%EB%93%9C%EB%A6%BD%EB%8B%88%EB%8B%A4%EC%97%85%EB%8D%B0%EC%9D%B4%ED%8A%B8%EC%A4%91,YSDL,KAKAO
달까지 가자,불광천수변무대,playground,서울 은평구 응암동 610-2,37.59288992,126.9147333,https://ys-dl.tistory.com/entry/%EB%8B%AC%EA%B9%8C%EC%A7%80-%EA%B0%80%EC%9E%90-%EC%B4%AC%EC%98%81%EC%A7%80-10%EA%B3%B3%EC%9D%84-%EC%95%8C%EB%A0%A4%EB%93%9C%EB%A6%BD%EB%8B%88%EB%8B%A4%EC%97%85%EB%8D%B0%EC%9D%B4%ED%8A%B8%EC%A4%91,YSDL,KAKAO
달까지 가자,선유도공원,playground,서울 영등포구 선유로 343,37.54367308,126.8998573,https://ys-dl.tistory.com/entry/%EB%8B%AC%EA%B9%8C%EC%A7%80-%EA%B0%80%EC%9E%90-%EC%B4%AC%EC%98%81%EC%A7%80-10%EA%B3%B3%EC%9D%84-%EC%95%8C%EB%A0%A4%EB%93%9C%EB%A6%BD%EB%8B%88%EB%8B%A4%EC%97%85%EB%8D%B0%EC%9D%B4%ED%8A%B8%EC%A4%91,YSDL,KAKAO
달까지 가자,청계천,playground,서울 종로구 서린동 148,37.56914697,126.9786471,https://ys-dl.tistory.com/entry/%EB%8B%AC%EA%B9%8C%EC%A7%80-%EA%B0%80%EC%9E%90-%EC%B4%AC%EC%98%81%EC%A7%80-10%EA%B3%B3%EC%9D%84-%EC%95%8C%EB%A0%A4%EB%93%9C%EB%A6%BD%EB%8B%88%EB%8B%A4%EC%97%85%EB%8D%B0%EC%9D%B4%ED%8A%B8%EC%A4%91,YSDL,KAKAO
달까지 가자,석촌호수 서호,playground,서울 송파구 잠실동 47,37.50768073,127.0991128,https://ys-dl.tistory.com/entry/%EB%8B%AC%EA%B9%8C%EC%A7%80-%EA%B0%80%EC%9E%90-%EC%B4%AC%EC%98%81%EC%A7%80-10%EA%B3%B3%EC%9D%84-%EC%95%8C%EB%A0%A4%EB%93%9C%EB%A6%BD%EB%8B%88%EB%8B%A4%EC%97%85%EB%8D%B0%EC%9D%B4%ED%8A%B8%EC%A4%91,YSDL,KAKAO
달까지 가자,미메시스 아트 뮤지엄,playground,경기 파주시 문발로 253,37.71679273,126.6889188,https://ys-dl.tistory.com/entry/%EB%8B%AC%EA%B9%8C%EC%A7%80-%EA%B0%80%EC%9E%90-%EC%B4%AC%EC%98%81%EC%A7%80-10%EA%B3%B3%EC%9D%84-%EC%95%8C%EB%A0%A4%EB%93%9C%EB%A6%BD%EB%8B%88%EB%8B%A4%EC%97%85%EB%8D%B0%EC%9D%B4%ED%8A%B8%EC%A4%91,YSDL,KAKAO
달까지 가자,약천사,playground,제주특별자치도 서귀포시 이어도로 293-28,33.24623622,126.4494585,https://ys-dl.tistory.com/entry/%EB%8B%AC%EA%B9%8C%EC%A7%80-%EA%B0%80%EC%9E%90-%EC%B4%AC%EC%98%81%EC%A7%80-10%EA%B3%B3%EC%9D%84-%EC%95%8C%EB%A0%A4%EB%93%9C%EB%A6%BD%EB%8B%88%EB%8B%A4%EC%97%85%EB%8D%B0%EC%9D%B4%ED%8A%B8%EC%A4%91,YSDL,KAKAO
달까지 가자,낙동강 강정습지,playground,경북 구미시 선산읍 원리 1057-26,36.22261937,128.3493285,https://ys-dl.tistory.com/entry/%EB%8B%AC%EA%B9%8C%EC%A7%80-%EA%B0%80%EC%9E%90-%EC%B4%AC%EC%98%81%EC%A7%80-10%EA%B3%B3%EC%9D%84-%EC%95%8C%EB%A0%A4%EB%93%9C%EB%A6%BD%EB%8B%88%EB%8B%A4%EC%97%85%EB%8D%B0%EC%9D%B4%ED%8A%B8%EC%A4%91,YSDL,KAKAO
달까지 가자,스카이라인 루지 부산,playground,부산 기장군 기장읍 기장해안로 205,35.19421508,129.2196075,https://ys-dl.tistory.com/entry/%EB%8B%AC%EA%B9%8C%EC%A7%80-%EA%B0%80%EC%9E%90-%EC%B4%AC%EC%98%81%EC%A7%80-10%EA%B3%B3%EC%9D%84-%EC%95%8C%EB%A0%A4%EB%93%9C%EB%A6%BD%EB%8B%88%EB%8B%A4%EC%97%85%EB%8D%B0%EC%9D%B4%ED%8A%B8%EC%A4%91,YSDL,KAKAO
달까지 가자,해월전망대,playground,부산 해운대구 중동 산 42-66,35.15593836,129.1832444,https://ys-dl.tistory.com/entry/%EB%8B%AC%EA%B9%8C%EC%A7%80-%EA%B0%80%EC%9E%90-%EC%B4%AC%EC%98%81%EC%A7%80-10%EA%B3%B3%EC%9D%84-%EC%95%8C%EB%A0%A4%EB%93%9C%EB%A6%BD%EB%8B%88%EB%8B%A4%EC%97%85%EB%8D%B0%EC%9D%B4%ED%8A%B8%EC%A4%91,YSDL,KAKAO
달리와 감자탕,킨텍스,playground,경기도 고양시 일산서구 킨텍스로 217-60,37.668805,126.74593,,KCISA,KCISA
달리와 감자탕,수정로188번길,playground,경기도 성남시 수정구 수정로188번길,37.441931,127.14145,,KCISA,KCISA
달리와 감자탕,미메시스 아트 뮤지엄,playground,경기도 파주시 문발동 253,37.716786,126.68877,,KCISA,KCISA
달리와 감자탕,경기영어마을 파주캠퍼스,playground,경기도 파주시 탄현면 얼음실로 40,37.7852355,126.703739,,KCISA,KCISA
달리와 감자탕,화이트블럭,playground,경기도 파주시 탄현면 헤이리마을길 72,37.7889189,126.699592,,KCISA,KCISA
달리와 감자탕,오스템임플란트 중앙연구소,playground,서울특별시 강서구 마곡중앙12로 3,37.56771,126.8291,,KCISA,KCISA
달리와 감자탕,동아디지털미디어센터,playground,서울특별시 마포구 매봉산로 75,37.57832,126.89285,,KCISA,KCISA
달리와 감자탕,IFC서울,playground,서울특별시 영등포구 국제금융로 10,37.525023,126.92565,,KCISA,KCISA
달리와 감자탕,파크원,playground,서울특별시 영등포구 여의대로 108,37.525144,126.92923,,KCISA,KCISA
달리와 감자탕,샛강다리,playground,서울특별시 영등포구 여의도동 39,37.518835,126.91898,,KCISA,KCISA
달리와 감자탕,서강대교,playground,서울특별시 영등포구 여의도동 서강대교,37.536911,126.92495,,KCISA,KCISA
달리와 감자탕,독서당어린이공원,playground,서울특별시 용산구 한남동 1-32,37.534449,127.01247,,KCISA,KCISA
달리와 감자탕,동호로17길,playground,서울특별시 중구 동호로17길 121,37.554113,127.00478,,KCISA,KCISA
달리와 감자탕,인천타워대로,playground,인천광역시 연수구 인천타워대로,37.389604,126.63718,,KCISA,KCISA
달리와 감자탕,스위스마을 컬러스테이,playground,제주특별자치도 제주시 조천읍 함와로 566-27,33.4940796,126.677108,,KCISA,KCISA
달리와 감자탕,합덕성당,playground,충청남도 당진시 합덕읍 합덕성당2길 22,36.792792,126.78554,,KCISA,KCISA
달리와 감자탕,모나무르 복합문화공간 아산,playground,충청남도 아산시 순천향로 624,36.750552,126.99246,,KCISA,KCISA
달의 연인 - 보보경심 려,선교장,playground,강원도 강릉시 운정길 63 선교장,37.78685,128.885021,,KCISA,KCISA
달의 연인 - 보보경심 려,요선암,playground,강원도 영월군 무릉도원면 무릉리,37.298489,128.260334,,KCISA,KCISA
달의 연인 - 보보경심 려,효원공원,playground,경기도 수원시 팔달구 동수원로 397,37.264175,127.03822,,KCISA,KCISA
달의 연인 - 보보경심 려,효원공원월화원,playground,경기도 수원시 팔달구 동수원로 399,37.265074,127.037687,,KCISA,KCISA
달의 연인 - 보보경심 려,한택 식물원,playground,경기도 용인시 처인구 백암면 한택로 2,37.094536,127.40664,,KCISA,KCISA
달의 연인 - 보보경심 려,포천아트밸리,playground,경기도 포천시 신북면 아트밸리로 234,37.9233996,127.237461,,KCISA,KCISA
달의 연인 - 보보경심 려,위양못 이팝나무,playground,경상남도 밀양시 부북면 위양리 297,35.546775,128.7166,,KCISA,KCISA
달의 연인 - 보보경심 려,반곡지,playground,경상북도 경산시 남산면 반곡리 246,35.780498,128.806454,,KCISA,KCISA
달의 연인 - 보보경심 려,부용대,playground,경상북도 안동시 풍천면 광덕솔밭길 72,36.542914,128.51663,,KCISA,KCISA
달의 연인 - 보보경심 려,아홉산숲,playground,부산광역시 기장군 철마면 웅천리 520-10,35.2879959,129.169638,,KCISA,KCISA
달의 연인 - 보보경심 려,사성암,playground,전라남도 구례군 문척면 사성암길 303,35.180003,127.4806,,KCISA,KCISA
달의 연인 - 보보경심 려,나주영상테마파크,playground,전라남도 나주시 공산면 덕음로 450,34.979823,126.60098,,KCISA,KCISA
달의 연인 - 보보경심 려,세연정,playground,전라남도 완도군 보길면 부황길 57,34.162527,126.55593,,KCISA,KCISA
달의 연인 - 보보경심 려,광한루원,playground,전라북도 남원시 요천로 1447,35.403918,127.379758,,KCISA,KCISA
달의 연인 - 보보경심 려,내소사,playground,전라북도 부안군 진서면 내소사로 243,35.617773,126.58724,,KCISA,KCISA
달의 연인 - 보보경심 려,백제문화단지,playground,충청남도 부여군 규암면 백제문로 455,36.3069,126.9066,,KCISA,KCISA
달의 연인 - 보보경심 려,온달관광지,playground,충청북도 단양군 영춘면 온달로 23,37.0628902,128.49172,,KCISA,KCISA
달의 연인 - 보보경심 려,포천 아트밸리 천주호,playground,경기도 포천시 신북면 아트밸리로 234,37.9233996,127.237461,,KCISA,KCISA
달자의 봄,팍스타워,playground,서울특별시 강남구 언주로 609,37.509924,127.03674,,KCISA,KCISA
달자의 봄,유니버셜아트센터,playground,서울특별시 광진구 천호대로 664,37.550799,127.08806,,KCISA,KCISA
달자의 봄,동호대교,playground,서울특별시 성동구 옥수동,37.535804,127.02145,,KCISA,KCISA
달자의 봄,서강대교,playground,서울특별시 영등포구 여의도동 서강대교,37.536911,126.92495,,KCISA,KCISA
달자의 봄,삼순이 계단,playground,서울특별시 중구 남산공원길 649,37.554717,126.98177,,KCISA,KCISA
달자의 봄,명동쇼핑거리,playground,서울특별시 중구 명동길 명동쇼핑거리,37.564111,126.98609,,KCISA,KCISA
달콤한 나의 도시,성미산로29길,playground,서울특별시 마포구 성미산로29길 3,37.564235,126.92285,,KCISA,KCISA
달콤한 나의 도시,어울마당로,playground,서울특별시 마포구 어울마당로,37.55003,126.92113,,KCISA,KCISA
달콤한 스파이,코엑스,playground,서울특별시 강남구 영동대로 513,37.510177,127.05866,,KCISA,KCISA
달콤한 인생,마로니에 공원,playground,서울특별시 종로구 대학로 104,37.580499,127.00244,,KCISA,KCISA
달콤한 인생,삼순이 계단,playground,서울특별시 중구 남산공원길 649,37.554717,126.98177,,KCISA,KCISA
달콤한 인생,남산공원분수대,playground,서울특별시 중구 회현동1가 100-267,37.554107,126.98194,,KCISA,KCISA
닭강정,경의선숲길,playground,서울 마포구 연남동 375,37.56160234,126.9230992,https://ys-dl.tistory.com/entry/%EB%8B%AD%EA%B0%95%EC%A0%95-%EC%B4%AC%EC%98%81%EC%A7%80-35%EA%B3%B3%EC%9D%84-%EC%95%8C%EB%A0%A4%EB%93%9C%EB%A6%BD%EB%8B%88%EB%8B%A4,YSDL,KAKAO
닭강정,곰배령,playground,강원특별자치도 인제군 기린면 진동리,38.0275977,128.4334017,https://ys-dl.tistory.com/entry/%EB%8B%AD%EA%B0%95%EC%A0%95-%EC%B4%AC%EC%98%81%EC%A7%80-35%EA%B3%B3%EC%9D%84-%EC%95%8C%EB%A0%A4%EB%93%9C%EB%A6%BD%EB%8B%88%EB%8B%A4,YSDL,KAKAO
닭강정,노들섬,playground,서울 용산구 양녕로 445,37.51766014,126.9580339,https://ys-dl.tistory.com/entry/%EB%8B%AD%EA%B0%95%EC%A0%95-%EC%B4%AC%EC%98%81%EC%A7%80-35%EA%B3%B3%EC%9D%84-%EC%95%8C%EB%A0%A4%EB%93%9C%EB%A6%BD%EB%8B%88%EB%8B%A4,YSDL,KAKAO
닭강정,송도중앙공원 테라스정원,playground,인천 연수구 송도동 91-1,37.38990967,126.6413493,https://ys-dl.tistory.com/entry/%EB%8B%AD%EA%B0%95%EC%A0%95-%EC%B4%AC%EC%98%81%EC%A7%80-35%EA%B3%B3%EC%9D%84-%EC%95%8C%EB%A0%A4%EB%93%9C%EB%A6%BD%EB%8B%88%EB%8B%A4,YSDL,KAKAO
닭강정,농협안성팜랜드,playground,경기 안성시 공도읍 대신두길 28,36.99131662,127.1935166,https://ys-dl.tistory.com/entry/%EB%8B%AD%EA%B0%95%EC%A0%95-%EC%B4%AC%EC%98%81%EC%A7%80-35%EA%B3%B3%EC%9D%84-%EC%95%8C%EB%A0%A4%EB%93%9C%EB%A6%BD%EB%8B%88%EB%8B%A4,YSDL,KAKAO
당신의 맛,대원사,playground,경기 가평군 북면 백둔로 21-162,37.89479761,127.5021677,https://ys-dl.tistory.com/entry/%EB%8B%B9%EC%8B%A0%EC%9D%98-%EB%A7%9B-%EC%B4%AC%EC%98%81%EC%A7%80-13%EA%B3%B3%EC%9D%84-%EC%95%8C%EB%A0%A4%EB%93%9C%EB%A6%BD%EB%8B%88%EB%8B%A4%EC%97%85%EB%8D%B0%EC%9D%B4%ED%8A%B8%EC%A4%91,YSDL,KAKAO
당신의 맛,노성산 애향공원,playground,충남 논산시 노성면 교촌리 346-10,36.28343128,127.1275791,https://ys-dl.tistory.com/entry/%EB%8B%B9%EC%8B%A0%EC%9D%98-%EB%A7%9B-%EC%B4%AC%EC%98%81%EC%A7%80-13%EA%B3%B3%EC%9D%84-%EC%95%8C%EB%A0%A4%EB%93%9C%EB%A6%BD%EB%8B%88%EB%8B%A4%EC%97%85%EB%8D%B0%EC%9D%B4%ED%8A%B8%EC%A4%91,YSDL,KAKAO
당신의 맛,명재고택,playground,충남 논산시 노성면 노성산성길 50,36.28221802,127.1311467,https://ys-dl.tistory.com/entry/%EB%8B%B9%EC%8B%A0%EC%9D%98-%EB%A7%9B-%EC%B4%AC%EC%98%81%EC%A7%80-13%EA%B3%B3%EC%9D%84-%EC%95%8C%EB%A0%A4%EB%93%9C%EB%A6%BD%EB%8B%88%EB%8B%A4%EC%97%85%EB%8D%B0%EC%9D%B4%ED%8A%B8%EC%A4%91,YSDL,KAKAO
당신의 맛,전주한옥마을,playground,전북특별자치도 전주시 완산구 풍남동3가 63-1,35.81477744,127.152557,https://ys-dl.tistory.com/entry/%EB%8B%B9%EC%8B%A0%EC%9D%98-%EB%A7%9B-%EC%B4%AC%EC%98%81%EC%A7%80-13%EA%B3%B3%EC%9D%84-%EC%95%8C%EB%A0%A4%EB%93%9C%EB%A6%BD%EB%8B%88%EB%8B%A4%EC%97%85%EB%8D%B0%EC%9D%B4%ED%8A%B8%EC%A4%91,YSDL,KAKAO
당신의 맛,전주천,playground,전북특별자치도 전주시 완산구 다가동2가,35.81489477,127.1390489,https://ys-dl.tistory.com/entry/%EB%8B%B9%EC%8B%A0%EC%9D%98-%EB%A7%9B-%EC%B4%AC%EC%98%81%EC%A7%80-13%EA%B3%B3%EC%9D%84-%EC%95%8C%EB%A0%A4%EB%93%9C%EB%A6%BD%EB%8B%88%EB%8B%A4%EC%97%85%EB%8D%B0%EC%9D%B4%ED%8A%B8%EC%A4%91,YSDL,KAKAO
당신의 맛,최명희문학관,playground,전북특별자치도 전주시 완산구 최명희길 29,35.81574877,127.1513151,https://ys-dl.tistory.com/entry/%EB%8B%B9%EC%8B%A0%EC%9D%98-%EB%A7%9B-%EC%B4%AC%EC%98%81%EC%A7%80-13%EA%B3%B3%EC%9D%84-%EC%95%8C%EB%A0%A4%EB%93%9C%EB%A6%BD%EB%8B%88%EB%8B%A4%EC%97%85%EB%8D%B0%EC%9D%B4%ED%8A%B8%EC%A4%91,YSDL,KAKAO
당신의 하우스헬퍼,아침고요수목원,playground,경기도 가평군 상면 수목원로 432,37.742485,127.35173,,KCISA,KCISA
당신의 하우스헬퍼,망원한강공원,playground,서울특별시 마포구 마포나루길 467,37.55347,126.89816,,KCISA,KCISA
당신의 하우스헬퍼,동아디지털미디어센터,playground,서울특별시 마포구 매봉산로 75,37.57832,126.89285,,KCISA,KCISA
당신의 하우스헬퍼,성미산로26길,playground,서울특별시 마포구 성미산로26길 35,37.562369,126.92334,,KCISA,KCISA
당신의 하우스헬퍼,어울마당로,playground,서울특별시 마포구 어울마당로,37.55003,126.92113,,KCISA,KCISA
당신의 하우스헬퍼,반포대교,playground,서울특별시 서초구 반포동 반포대교,37.512187,126.9976,,KCISA,KCISA
당신의 하우스헬퍼,한강 공원 여의도 지구,playground,서울특별시 영등포구 여의동로 290,37.5290674,126.936218,,KCISA,KCISA
당신의 하우스헬퍼,서울주얼리지원센터2관 스페이스42,playground,서울특별시 종로구 서순라길 83,37.574017,126.99223,,KCISA,KCISA
당신의 하우스헬퍼,JCC크리에이티브센터,playground,서울특별시 종로구 창경궁로35길 45,37.5877669,127.002266,,KCISA,KCISA
당신의 하우스헬퍼,스테이트 타워 남산,playground,서울특별시 중구 퇴계로 100,37.560342,126.98297,,KCISA,KCISA
당신이 소원을 말하면,서강대교,playground,서울특별시 영등포구 여의도동 서강대교,37.536911,126.92495,,KCISA,KCISA
당신이 잠든 사이에,삼척해수욕장,playground,강원도 삼척시 교동,37.468892,129.168765,,KCISA,KCISA
당신이 잠든 사이에,약사리문화마을,playground,강원도 춘천시 중앙로67번길 56,37.875801,127.72771,,KCISA,KCISA
당신이 잠든 사이에,라플뢰르디유,playground,경기 성남시 분당구 판교역로2번길 9-1 1F,37.321687,127.10998,,KCISA,KCISA
당신이 잠든 사이에,일산문화광장,playground,경기도 고양시 일산동구 중앙로 1271-4,37.65839,126.7704,,KCISA,KCISA
당신이 잠든 사이에,SBS일산제작센터,playground,경기도 고양시 일산서구 일현로 111,37.696799,126.76338,,KCISA,KCISA
당신이 잠든 사이에,상동호수공원,playground,경기도 부천시 원미구 상2동 549,37.503495,126.745956,,KCISA,KCISA
당신이 잠든 사이에,안성팜랜드,playground,경기도 안성시 공도읍 대신두길 28,36.9904684,127.194467,,KCISA,KCISA
당신이 잠든 사이에,로케이션 이음 (구 로얄퀘스트),playground,경기도 파주시 탄현면 새오리로286번길 48-70,37.713531,126.74641,,KCISA,KCISA
당신이 잠든 사이에,화이트블럭,playground,경기도 파주시 탄현면 헤이리마을길 72,37.7889189,126.699592,,KCISA,KCISA
당신이 잠든 사이에,퍼스트가든,playground,경기도 파주시 탑삭골길 260,37.7321551,126.793933,,KCISA,KCISA
당신이 잠든 사이에,성보고등학교,playground,서울특별시 관악구 남부순환로156길 39,37.480978,126.92048,,KCISA,KCISA
당신이 잠든 사이에,건국대학교,playground,서울특별시 광진구 능동로 120,37.5425241,127.073699,,KCISA,KCISA
당신이 잠든 사이에,서울특별시 보라매병원,playground,서울특별시 동작구 보라매로5길 20,37.493287,126.92424,,KCISA,KCISA
당신이 잠든 사이에,신촌벽화터널,playground,서울특별시 서대문구 대신동 143-28,37.560188,126.94127,,KCISA,KCISA
당신이 잠든 사이에,서대문형무소역사관,playground,서울특별시 서대문구 통일로 251,37.574692,126.95649,,KCISA,KCISA
당신이 잠든 사이에,SBS방송센터,playground,서울특별시 양천구 목동서로 161,37.529043,126.87417,,KCISA,KCISA
당신이 잠든 사이에,당산철교,playground,서울특별시 영등포구 여의도동 당산철교,37.540968,126.9079,,KCISA,KCISA
당신이 잠든 사이에,서강대교,playground,서울특별시 영등포구 여의도동 서강대교,37.536911,126.92495,,KCISA,KCISA
당신이 잠든 사이에,원효대교,playground,서울특별시 영등포구 여의도동 원효대교,37.527046,126.94571,,KCISA,KCISA
당신이 잠든 사이에,윤보선길,playground,서울특별시 종로구 윤보선길,37.577559,126.98376,,KCISA,KCISA
당신이 잠든 사이에,율곡로3길,playground,서울특별시 종로구 율곡로3길,37.577811,126.98239,,KCISA,KCISA
당신이 잠든 사이에,안국동 We Are Young 벽화,playground,서울특별시 종로구 율곡로3길 64 육교 밑,37.578366,126.98219,,KCISA,KCISA
대물,서강대교,playground,서울특별시 영등포구 여의도동 서강대교,37.536911,126.92495,,KCISA,KCISA
대물,담양레이나CC,playground,전라남도 담양군 담양읍 깊은실길 169,35.310369,127.01734,,KCISA,KCISA
대박,오봉산 마당바위,playground,경상북도 경주시 서면 천촌리,35.853269,129.05014,,KCISA,KCISA
대박,경복궁,playground,서울특별시 종로구 사직로 161,37.5806736,126.976952,,KCISA,KCISA
대박,창덕궁,playground,서울특별시 종로구 율곡로 99,37.582757,126.991295,,KCISA,KCISA
대박부동산,행주산성공원,playground,경기도 고양시 덕양구 행주외동 140-8,37.598424,126.81911,,KCISA,KCISA
대박부동산,화이트블럭,playground,경기도 파주시 탄현면 헤이리마을길 72,37.7889189,126.699592,,KCISA,KCISA
대박부동산,백사마을,playground,서울특별시 노원구 중계본동 104-3,37.642741,127.08542,,KCISA,KCISA
대왕 세종,성흥산 사랑나무,playground,충청남도 부여군 임천면 성흥로97번길 167,36.1971825,126.898347,,KCISA,KCISA
대왕의 꿈,삼성궁,playground,경상남도 하동군 청암면 삼성궁길 2,35.2383668,127.7050557,,KCISA,KCISA
대장금,화성행궁,playground,경기도 수원시 팔달구 정조로 825 ,37.2818191,127.013426,,KCISA,KCISA
대장금,한국민속촌,playground,경기도 용인시 기흥구 민속촌로 90,37.260092,127.12036,,KCISA,KCISA
대장금,용인 대장금 파크,playground,경기도 용인시 처인구 백암면 용천드라마길 25 ,37.1209396,127.337296,,KCISA,KCISA
대장금,창덕궁,playground,서울특별시 종로구 율곡로 99,37.582757,126.991295,,KCISA,KCISA
대장금,낙안읍성민속마을,playground,전라남도 순천시 낙안면 충민길 30,34.906402,127.341937,,KCISA,KCISA
대장금,선운산,playground,전라북도 고창군 심원면 연화리,35.508249,126.571123,,KCISA,KCISA
대장금,내소사,playground,전라북도 부안군 진서면 내소사로 243 ,35.617773,126.58724,,KCISA,KCISA
대장금,송악산,playground,제주특별자치도 서귀포시 대정읍 송악관광로 421-1,33.197979,126.291896,,KCISA,KCISA
대장금,외돌개,playground,제주특별자치도 서귀포시 서홍동 791,33.239982,126.545446,,KCISA,KCISA
대장금,제주 민속촌,playground,제주특별자치도 서귀포시 표선면 민속해안로 631-34,33.322522,126.841862,,KCISA,KCISA
대장금,성읍민속마을,playground,제주특별자치도 서귀포시 표선면 성읍리 30,33.386356,126.799711,,KCISA,KCISA
대장금,협재해수욕장,playground,제주특별자치도 제주시 한림읍 한림로 329-10,33.394065,126.239527,,KCISA,KCISA
대장금이 보고 있다,MBC일산드림센터,playground,경기도 고양시 일산동구 호수로 596,37.6547819,126.770815,,KCISA,KCISA
대장금이 보고 있다,모노리스펜션,playground,경기도 안산시 단원구 부흥로 287-73,37.222672,126.60454,,KCISA,KCISA
대장금이 보고 있다,가온문화공원,playground,서울특별시 마포구 상암동 1594,37.58181,126.88765,,KCISA,KCISA
대장금이 보고 있다,MBC문화방송 본사,playground,서울특별시 마포구 성암로 267,37.58105,126.89056,,KCISA,KCISA
대장금이 보고 있다,낙산공원,playground,서울특별시 종로구 낙산길 41,37.580667,127.00746,,KCISA,KCISA
대장금이 보고 있다,삼일대로26길,playground,서울특별시 종로구 삼일대로26길 19,37.573387,126.98917,,KCISA,KCISA
대장금이 보고 있다,이태리재,playground,서울특별시 종로구 율곡로1길 74-9,37.578758,126.98172,,KCISA,KCISA
대행사,가온문화공원,playground,서울 마포구 상암동 1594,37.58191481,126.8876787,https://ys-dl.tistory.com/entry/%EB%8C%80%ED%96%89%EC%82%AC-%EC%B4%AC%EC%98%81%EC%A7%80-29%EA%B3%B3%EC%9D%84-%EC%95%8C%EB%A0%A4%EB%93%9C%EB%A6%BD%EB%8B%88%EB%8B%A4%EC%97%85%EB%8D%B0%EC%9D%B4%ED%8A%B8%EC%A4%91,YSDL,KAKAO
대행사,청운공원,playground,서울 종로구 청운동 7-4,37.59100222,126.9663579,https://ys-dl.tistory.com/entry/%EB%8C%80%ED%96%89%EC%82%AC-%EC%B4%AC%EC%98%81%EC%A7%80-29%EA%B3%B3%EC%9D%84-%EC%95%8C%EB%A0%A4%EB%93%9C%EB%A6%BD%EB%8B%88%EB%8B%A4%EC%97%85%EB%8D%B0%EC%9D%B4%ED%8A%B8%EC%A4%91,YSDL,KAKAO
대행사,백범광장,playground,서울 중구 회현동1가 100-115,37.55482844,126.9792487,https://ys-dl.tistory.com/entry/%EB%8C%80%ED%96%89%EC%82%AC-%EC%B4%AC%EC%98%81%EC%A7%80-29%EA%B3%B3%EC%9D%84-%EC%95%8C%EB%A0%A4%EB%93%9C%EB%A6%BD%EB%8B%88%EB%8B%A4%EC%97%85%EB%8D%B0%EC%9D%B4%ED%8A%B8%EC%A4%91,YSDL,KAKAO
대행사,창영어린이공원,playground,인천 제물포구 창영동 21-15,37.47079298,126.6390991,https://ys-dl.tistory.com/entry/%EB%8C%80%ED%96%89%EC%82%AC-%EC%B4%AC%EC%98%81%EC%A7%80-29%EA%B3%B3%EC%9D%84-%EC%95%8C%EB%A0%A4%EB%93%9C%EB%A6%BD%EB%8B%88%EB%8B%A4%EC%97%85%EB%8D%B0%EC%9D%B4%ED%8A%B8%EC%A4%91,YSDL,KAKAO
대행사,일산호수공원,playground,경기 고양시 일산동구 호수로 595,37.65613604,126.7641415,https://ys-dl.tistory.com/entry/%EB%8C%80%ED%96%89%EC%82%AC-%EC%B4%AC%EC%98%81%EC%A7%80-29%EA%B3%B3%EC%9D%84-%EC%95%8C%EB%A0%A4%EB%93%9C%EB%A6%BD%EB%8B%88%EB%8B%A4%EC%97%85%EB%8D%B0%EC%9D%B4%ED%8A%B8%EC%A4%91,YSDL,KAKAO
더 글로리,평창계곡,playground,서울 종로구 평창동,37.61821843,126.977813,https://ys-dl.tistory.com/entry/%EB%8D%94%EA%B8%80%EB%A1%9C%EB%A6%AC-%EC%B4%AC%EC%98%81%EC%A7%80-18%EA%B3%B3%EC%9D%84-%EC%95%8C%EB%A0%A4%EB%93%9C%EB%A6%BD%EB%8B%88%EB%8B%A4%EC%97%85%EB%8D%B0%EC%9D%B4%ED%8A%B8%EC%A4%91,YSDL,KAKAO
더 글로리,청라호수공원,playground,인천 서해구 청라동 106-2,37.53249043,126.6342799,https://ys-dl.tistory.com/entry/%EB%8D%94%EA%B8%80%EB%A1%9C%EB%A6%AC-%EC%B4%AC%EC%98%81%EC%A7%80-18%EA%B3%B3%EC%9D%84-%EC%95%8C%EB%A0%A4%EB%93%9C%EB%A6%BD%EB%8B%88%EB%8B%A4%EC%97%85%EB%8D%B0%EC%9D%B4%ED%8A%B8%EC%A4%91,YSDL,KAKAO
더 글로리,거북섬,playground,경기 시흥시 거북섬로 120,37.32081415,126.6788059,https://ys-dl.tistory.com/entry/%EB%8D%94%EA%B8%80%EB%A1%9C%EB%A6%AC-%EC%B4%AC%EC%98%81%EC%A7%80-18%EA%B3%B3%EC%9D%84-%EC%95%8C%EB%A0%A4%EB%93%9C%EB%A6%BD%EB%8B%88%EB%8B%A4%EC%97%85%EB%8D%B0%EC%9D%B4%ED%8A%B8%EC%A4%91,YSDL,KAKAO
더 글로리,보광사,playground,경기 과천시 교육원로 41,37.42247848,126.9851373,https://ys-dl.tistory.com/entry/%EB%8D%94%EA%B8%80%EB%A1%9C%EB%A6%AC-%EC%B4%AC%EC%98%81%EC%A7%80-18%EA%B3%B3%EC%9D%84-%EC%95%8C%EB%A0%A4%EB%93%9C%EB%A6%BD%EB%8B%88%EB%8B%A4%EC%97%85%EB%8D%B0%EC%9D%B4%ED%8A%B8%EC%A4%91,YSDL,KAKAO
더 글로리,의정부역 행복로,playground,경기 의정부시 행복로 1,37.73936346,127.0482401,https://ys-dl.tistory.com/entry/%EB%8D%94%EA%B8%80%EB%A1%9C%EB%A6%AC-%EC%B4%AC%EC%98%81%EC%A7%80-18%EA%B3%B3%EC%9D%84-%EC%95%8C%EB%A0%A4%EB%93%9C%EB%A6%BD%EB%8B%88%EB%8B%A4%EC%97%85%EB%8D%B0%EC%9D%B4%ED%8A%B8%EC%A4%91,YSDL,KAKAO
더 글로리,청주중앙공원,playground,충북 청주시 상당구 남사로 117,36.63276863,127.4874426,https://ys-dl.tistory.com/entry/%EB%8D%94%EA%B8%80%EB%A1%9C%EB%A6%AC-%EC%B4%AC%EC%98%81%EC%A7%80-18%EA%B3%B3%EC%9D%84-%EC%95%8C%EB%A0%A4%EB%93%9C%EB%A6%BD%EB%8B%88%EB%8B%A4%EC%97%85%EB%8D%B0%EC%9D%B4%ED%8A%B8%EC%A4%91,YSDL,KAKAO
더 글로리,용화사,playground,충북 청주시 서원구 무심서로 565,36.64151058,127.4818787,https://ys-dl.tistory.com/entry/%EB%8D%94%EA%B8%80%EB%A1%9C%EB%A6%AC-%EC%B4%AC%EC%98%81%EC%A7%80-18%EA%B3%B3%EC%9D%84-%EC%95%8C%EB%A0%A4%EB%93%9C%EB%A6%BD%EB%8B%88%EB%8B%A4%EC%97%85%EB%8D%B0%EC%9D%B4%ED%8A%B8%EC%A4%91,YSDL,KAKAO
더 글로리,세종호수공원,playground,세종특별자치시 세종동 1201,36.49806964,127.2733013,https://ys-dl.tistory.com/entry/%EB%8D%94%EA%B8%80%EB%A1%9C%EB%A6%AC-%EC%B4%AC%EC%98%81%EC%A7%80-18%EA%B3%B3%EC%9D%84-%EC%95%8C%EB%A0%A4%EB%93%9C%EB%A6%BD%EB%8B%88%EB%8B%A4%EC%97%85%EB%8D%B0%EC%9D%B4%ED%8A%B8%EC%A4%91,YSDL,KAKAO
더 케이투,북서울 꿈의 숲,playground,서울특별시 강북구 월계로 173,37.62228,127.03987,,KCISA,KCISA
더 케이투,서울숲,playground,서울특별시 성동구 뚝섬로 273,37.544046,127.040414,,KCISA,KCISA
더 케이투,중림동약현성당,playground,서울특별시 중구 청파로 447-1,37.559115,126.96744,,KCISA,KCISA
더 케이투,스테이트 타워 남산,playground,서울특별시 중구 퇴계로 100,37.560342,126.98297,,KCISA,KCISA
더 케이투,익산 교도소 세트장,playground,전라북도 익산시 성당면 함낭로 207,36.069334,126.93158,,KCISA,KCISA
더 케이투,기지포해수욕장,playground,충청남도 태안군 안면읍 해안관광로 745-19,36.562608,126.32187,,KCISA,KCISA
더 킹 : 영원의 군주,강촌레일파크,playground,강원도 춘천시 남산면 서백길 57,37.8428025,127.550584,,KCISA,KCISA
더 킹 : 영원의 군주,교원 가평비전센터,playground,경기도 가평군 설악면 유명로 2182,37.701456,127.45808,,KCISA,KCISA
더 킹 : 영원의 군주,수원시립한림도서관,playground,경기도 수원시 권선구 동수원로25번길 32-52,37.237556,127.02488,,KCISA,KCISA
더 킹 : 영원의 군주,용인 대장금 파크,playground,경기도 용인시 처인구 백암면 용천드라마길 25,37.1209396,127.337296,,KCISA,KCISA
더 킹 : 영원의 군주,지혜의 숲,playground,경기도 파주시 회동길 145,37.7082492,126.686674,,KCISA,KCISA
더 킹 : 영원의 군주,미사호수공원,playground,경기도 하남시 망월동 739-1,37.563057,127.1883,,KCISA,KCISA
더 킹 : 영원의 군주,미사리조정경기장,playground,경기도 하남시 미사대로 505,37.553606,127.21324,,KCISA,KCISA
더 킹 : 영원의 군주,월정교,playground,경상북도 경주시 교동 274,35.829222,129.218045,,KCISA,KCISA
더 킹 : 영원의 군주,중리체육공원,playground,대구광역시 서구 중리동 1136-112,35.861432,128.54568,,KCISA,KCISA
더 킹 : 영원의 군주,계산성당,playground,대구광역시 중구 서성로 10,35.867913,128.587829,,KCISA,KCISA
더 킹 : 영원의 군주,아홉산숲,playground,부산광역시 기장군 철마면 웅천리 520-10,35.2879959,129.169638,,KCISA,KCISA
더 킹 : 영원의 군주,부산사직종합운동장,playground,부산광역시 동래구 사직로 45,35.193917,129.06153,,KCISA,KCISA
더 킹 : 영원의 군주,다대포 해수욕장,playground,부산광역시 사하구 몰운대1길 14,35.046642,128.964607,,KCISA,KCISA
더 킹 : 영원의 군주,부산 다대포해수욕장,playground,부산광역시 사하구 몰운대1길 14,35.047244,128.96727,,KCISA,KCISA
더 킹 : 영원의 군주,충무동 새벽시장,playground,부산광역시 서구 해안새벽시장길 68,35.09326,129.0248,,KCISA,KCISA
더 킹 : 영원의 군주,광복로 패션거리,playground,부산광역시 중구 남포동5가 2-6,35.09931,129.02968,,KCISA,KCISA
더 킹 : 영원의 군주,동백섬,playground,부산광역시 해운대구 동백로 99,35.154498,129.152555,,KCISA,KCISA
더 킹 : 영원의 군주,영화의전당,playground,부산광역시 해운대구 수영강변대로 120,35.171178,129.12715,,KCISA,KCISA
더 킹 : 영원의 군주,APEC 나루공원,playground,부산광역시 해운대구 수영강변대로 93,35.170641,129.125569,,KCISA,KCISA
더 킹 : 영원의 군주,구남로해운대문화광장,playground,부산광역시 해운대구 우동 해운대구남로 문화광장,35.16203,129.16021,,KCISA,KCISA
더 킹 : 영원의 군주,벡스코,playground,부산광역시 해운대구 APEC로 55,35.1688706,129.135456,,KCISA,KCISA
더 킹 : 영원의 군주,트레이드타워,playground,서울특별시 강남구 영동대로 511,37.510377,127.06099,,KCISA,KCISA
더 킹 : 영원의 군주,예술의전당,playground,서울특별시 서초구 남부순환로 2406,37.479115,127.01057,,KCISA,KCISA
더 킹 : 영원의 군주,미아리고개 예술극장,playground,서울특별시 성북구 동소문로 177,37.597785,127.02145,,KCISA,KCISA
더 킹 : 영원의 군주,서강대교,playground,서울특별시 영등포구 여의도동 서강대교,37.536911,126.92495,,KCISA,KCISA
더 킹 : 영원의 군주,소월로,playground,서울특별시 용산구 후암동 소월로,37.544714,126.99091,,KCISA,KCISA
더 킹 : 영원의 군주,광화문 광장,playground,서울특별시 종로구 세종대로 175,37.5706546,126.976661,,KCISA,KCISA
더 킹 : 영원의 군주,청계천로 81 빌딩,playground,서울특별시 종로구 청계천로 81,37.56853,126.98657,,KCISA,KCISA
더 킹 : 영원의 군주,태화강 국가정원,playground,울산광역시 중구 태화강국가정원길 154,35.547724,129.296188,,KCISA,KCISA
더 킹 : 영원의 군주,소금빛서점,playground,인천광역시 남문안길 7,37.7448,126.4856,,KCISA,KCISA
더 킹 : 영원의 군주,사성암,playground,전라남도 구례군 문척면 사성암길 303,35.180003,127.4806,,KCISA,KCISA
더 킹 : 영원의 군주,태평염전,playground,전라남도 신안군 증도면 지도증도로 1053-11,34.996115,126.17369,,KCISA,KCISA
더 킹 : 영원의 군주,고스락,playground,전라북도 익산시 함열읍 익산대로 1424-14,36.045436,126.96126,,KCISA,KCISA
더 킹 : 영원의 군주,경기전,playground,전라북도 전주시 완산구 태조로 44,35.815488,127.149771,,KCISA,KCISA
더 킹 : 영원의 군주,한국기술교육대학교 제1캠퍼스,playground,충청남도 천안시 동남구 병천면 충절로 1600,36.763684,127.28196,,KCISA,KCISA
더 킹 : 영원의 군주,여의도한강공원,playground,서울 영등포구 여의도동 85,37.5263886,126.9351293,https://ys-dl.tistory.com/entry/%EB%8D%94%ED%82%B9-%EC%B4%AC%EC%98%81%EC%A7%80-%EC%84%9C%EC%9A%B8-7%EA%B3%B3%EC%9D%84-%EC%95%8C%EB%A0%A4%EB%93%9C%EB%A6%BD%EB%8B%88%EB%8B%A4,YSDL,KAKAO
더 킹 : 영원의 군주,세종문화회관,playground,서울 종로구 세종대로 175,37.57259452,126.9757787,https://ys-dl.tistory.com/entry/%EB%8D%94%ED%82%B9-%EC%B4%AC%EC%98%81%EC%A7%80-%EC%84%9C%EC%9A%B8-7%EA%B3%B3%EC%9D%84-%EC%95%8C%EB%A0%A4%EB%93%9C%EB%A6%BD%EB%8B%88%EB%8B%A4,YSDL,KAKAO
더킹 투하츠,아난티 클럽 서울,playground,경기도 가평군 설악면 유명로 961-34,37.619609,127.48216,,KCISA,KCISA
더킹 투하츠,효원공원,playground,경기도 수원시 팔달구 동수원로 397,37.264175,127.03822,,KCISA,KCISA
더킹 투하츠,에버랜드,playground,경기도 용인시 처인구 포곡읍 에버랜드로 199,37.2896511,127.217242,,KCISA,KCISA
더킹 투하츠,계명대학교 대명캠퍼스,playground,대구광역시 남구 명덕로 104,35.85427,128.580543,,KCISA,KCISA
더킹 투하츠,낙산공원,playground,서울특별시 종로구 낙산길 41,37.580667,127.00746,,KCISA,KCISA
더킹 투하츠,운현궁 양관,playground,서울특별시 종로구 삼일대로 460,37.576111,126.987749,,KCISA,KCISA
더킹 투하츠,담양레이나CC,playground,전라남도 담양군 담양읍 깊은실길 169,35.310369,127.01734,,KCISA,KCISA
더킹 투하츠,익산 교도소 세트장,playground,전라북도 익산시 성당면 함낭로 207,36.069334,126.93158,,KCISA,KCISA
데릴남편 오작두,써밋 갤러리,playground,서울특별시 강남구 영동대로 337,37.504567,127.06475,,KCISA,KCISA
데릴남편 오작두,가온문화공원,playground,서울특별시 마포구 상암동 1594,37.58181,126.88765,,KCISA,KCISA
도깨비,영진해변,playground,강원도 강릉시 주문진읍 해안로 1609,37.8691601,128.8365243,,KCISA,KCISA
도깨비,대관령 삼양목장,playground,강원도 평창군 대관령면 꽃밭양지길 708-9,37.723053,128.719629,,KCISA,KCISA
도깨비,모나파크 용평리조트 발왕산 관광케이블카,playground,강원도 평창군 대관령면 올림픽로 715,37.642873,128.680066,,KCISA,KCISA
도깨비,월정사 전나무 숲길,playground,강원도 평창군 진부면 오대산로 350-1,37.731998,128.599855,,KCISA,KCISA
도깨비,월정사,playground,강원도 평창군 진부면 오대산로 374-8,37.731807,128.592508,,KCISA,KCISA
도깨비,안성 석남사,playground,경기도 안성시 금광면 상촌새말길 3-120,36.939541,127.306754,,KCISA,KCISA
도깨비,안양 동편마을,playground,경기도 안양시 동안구 동편로27번길 37,37.407881,126.971295,,KCISA,KCISA
도깨비,스페이스청담,playground,서울특별시 강남구 선릉로152길 30,37.524199,127.04193,,KCISA,KCISA
도깨비,건국대학교,playground,서울특별시 광진구 능동로 120,37.5425241,127.073699,,KCISA,KCISA
도깨비,덕성여자대학교,playground,서울특별시 도봉구 삼양로144길 39,37.65247,127.01583,,KCISA,KCISA
도깨비,신촌벽화터널,playground,서울특별시 서대문구 대신동 143-28,37.560188,126.94127,,KCISA,KCISA
도깨비,세빛섬,playground,서울특별시 서초구 올림픽대로 683,37.512019,126.9953,,KCISA,KCISA
도깨비,사근용답간인도교,playground,서울특별시 성동구 사근동 235-1,37.562502,127.05006,,KCISA,KCISA
도깨비,용답역 인도교,playground,서울특별시 성동구 살곶이길 159,37.562188,127.049238,,KCISA,KCISA
도깨비,성수이로7길,playground,서울특별시 성동구 연무장길 36,37.542826,127.05326,,KCISA,KCISA
도깨비,롯데월드몰,playground,서울특별시 송파구 올림픽로 300,37.512599,127.102714,,KCISA,KCISA
도깨비,이태원로 254,playground,서울특별시 용산구 이태원로 254,37.53721,127.0012,,KCISA,KCISA
도깨비,이화벽화마을,playground,서울특별시 종로구 낙산성곽서1길 28,37.578224,127.008009,,KCISA,KCISA
도깨비,대학로,playground,서울특별시 종로구 동숭동 대학로,37.60615,126.96815,,KCISA,KCISA
도깨비,경복궁,playground,서울특별시 종로구 사직로 161,37.5806736,126.976952,,KCISA,KCISA
도깨비,운현궁 양관,playground,서울특별시 종로구 삼일대로 460,37.576111,126.987749,,KCISA,KCISA
도깨비,윤보선길,playground,서울특별시 종로구 윤보선길,37.577559,126.98376,,KCISA,KCISA
도깨비,감고당길,playground,서울특별시 종로구 율곡로3길,37.577861,126.982358,,KCISA,KCISA
도깨비,인사동길,playground,서울특별시 종로구 인사동길 26-1,37.573114,126.9862,,KCISA,KCISA
도깨비,쌈지길,playground,서울특별시 종로구 인사동길 44,37.574295,126.98487,,KCISA,KCISA
도깨비,중앙고등학교,playground,서울특별시 종로구 창덕궁길 164,37.584081,126.986846,,KCISA,KCISA
도깨비,청계천로 81 빌딩,playground,서울특별시 종로구 청계천로 81,37.56853,126.98657,,KCISA,KCISA
도깨비,광화문,playground,서울특별시 종로구 효자로 12 국립고궁박물관,37.575923,126.976897,,KCISA,KCISA
도깨비,덕수궁 돌담길,playground,서울특별시 중구 세종대로 99,37.565924,126.97501,,KCISA,KCISA
도깨비,한미서점,playground,인천광역시 동구 금곡로9,37.472555,126.63665,,KCISA,KCISA
도깨비,송현근린공원,playground,인천광역시 동구 송현공원로 75-21,37.479176,126.640268,,KCISA,KCISA
도깨비,아이즈빌아울렛,playground,인천광역시 부평구 마장로 489,37.521801,126.70363,,KCISA,KCISA
도깨비,드림파크,playground,인천광역시 서구 거월로 61,37.574796,126.654209,,KCISA,KCISA
도깨비,청라호수공원,playground,인천광역시 서구 청라커낼로 135,37.533275,126.63381,,KCISA,KCISA
도깨비,포스코타워송도,playground,인천광역시 연수구 컨벤시아대로 165,37.389269,126.64424,,KCISA,KCISA
도깨비,인천자유공원,playground,인천광역시 중구 송학동1가 1-1,37.474776,126.62373,,KCISA,KCISA
도깨비,제물포구락부,playground,인천광역시 중구 자유공원남로 25,37.474586,126.622487,,KCISA,KCISA
도깨비,인천아트플랫폼,playground,인천광역시 중구 제물량로218번길 3,37.472906,126.62001,,KCISA,KCISA
도깨비,자유공원,playground,인천광역시 중구 제물량로232번길 46,37.4752537,126.621846,,KCISA,KCISA
도깨비,나주영상테마파크,playground,전라남도 나주시 공산면 덕음로 450,34.979823,126.60098,,KCISA,KCISA
도깨비,보리나라 학원농장,playground,전라북도 고창군 공음면 학원농장길 154,35.37545,126.542953,,KCISA,KCISA
도도솔솔라라솔,청아공원기독교전용관,playground,경기도 고양시 일산동구 은마길 129,37.719031,126.80572,,KCISA,KCISA
도도솔솔라라솔,라페스타,playground,경기도 고양시 일산동구 중앙로 1305-56,37.661839,126.76796,,KCISA,KCISA
도도솔솔라라솔,쉴낙원 김포장례식장,playground,경기도 김포시 승가로58번길 7,37.607202,126.71541,,KCISA,KCISA
도도솔솔라라솔,보정동 카페거리,playground,경기도 용인시 기흥구 보정로15번길,37.321569,127.1091461,,KCISA,KCISA
도도솔솔라라솔,합천 영상 테마파크,playground,경상남도 합천군 용주면 합천호수로 757,35.5489346,128.072475,,KCISA,KCISA
도도솔솔라라솔,라움,playground,서울특별시 강남구 언주로 564,37.508252,127.0397,,KCISA,KCISA
도도솔솔라라솔,아남타워,playground,서울특별시 강남구 테헤란로 311,37.503716,127.04485,,KCISA,KCISA
도도솔솔라라솔,유니버셜아트센터,playground,서울특별시 광진구 천호대로 664,37.550799,127.08806,,KCISA,KCISA
도도솔솔라라솔,경의선숲길공원,playground,서울특별시 마포구 연남동 연남로 80,37.5661595,126.919015,,KCISA,KCISA
도도솔솔라라솔,반포대교,playground,서울특별시 서초구 반포동 반포대교,37.512187,126.9976,,KCISA,KCISA
도도솔솔라라솔,한강 공원 여의도 지구,playground,서울특별시 영등포구 여의동로 290,37.5290674,126.936218,,KCISA,KCISA
도도솔솔라라솔,더리버,playground,서울특별시 용산구 용산동6가 451,37.507108,126.98472,,KCISA,KCISA
도도솔솔라라솔,부암동 7번지,playground,서울특별시 종로구 북악산로 147,37.598022,126.97348,,KCISA,KCISA
도도솔솔라라솔,국립현대미술관 서울,playground,서울특별시 종로구 삼청로 30,37.5794091,126.9803691,,KCISA,KCISA
도도솔솔라라솔,율곡로3길,playground,서울특별시 종로구 율곡로3길,37.577811,126.98239,,KCISA,KCISA
도도솔솔라라솔,중앙고등학교,playground,서울특별시 종로구 창덕궁길 164,37.584081,126.986846,,KCISA,KCISA
도도솔솔라라솔,덕수궁 돌담길,playground,서울특별시 중구 세종대로 99,37.565924,126.97501,,KCISA,KCISA
도도솔솔라라솔,중림동약현성당,playground,서울특별시 중구 청파로 447-1,37.559115,126.96744,,KCISA,KCISA
도도솔솔라라솔,목포삼학초등학교,playground,전라남도 목포시 남해로39번길 8,34.7909276,126.400876,,KCISA,KCISA
도도솔솔라라솔,서산동 시화골목길,playground,전라남도 목포시 보리마당로 14,34.781388,126.375166,,KCISA,KCISA
도도솔솔라라솔,유달산,playground,전라남도 목포시 죽교동 산 27-1,34.789202,126.37829,,KCISA,KCISA
도시남녀의 사랑법,지혜의 숲,playground,경기도 파주시 회동길 145,37.7082492,126.686674,,KCISA,KCISA
도시남녀의 사랑법,이이남스튜디오,playground,광주광역시 남구 제중로47번길 10,35.139174,126.91284,,KCISA,KCISA
도시남녀의 사랑법,루비나빌딩,playground,서울특별시 강남구 도산대로 502,37.523935,127.0479,,KCISA,KCISA
도시남녀의 사랑법,압구정로,playground,서울특별시 강남구 압구정로 436,37.526557,127.04465,,KCISA,KCISA
도시남녀의 사랑법,코엑스,playground,서울특별시 강남구 영동대로 513,37.510177,127.05866,,KCISA,KCISA
도시남녀의 사랑법,강남파이낸스플라자,playground,서울특별시 강남구 테헤란로 419,37.505835,127.05217,,KCISA,KCISA
도시남녀의 사랑법,가온문화공원,playground,서울특별시 마포구 상암동 1594,37.58181,126.88765,,KCISA,KCISA
도시남녀의 사랑법,엘리카메라,playground,서울특별시 마포구 성미산로29길 30-3 102호,37.565476,126.92217,,KCISA,KCISA
도시남녀의 사랑법,어울마당로,playground,서울특별시 마포구 어울마당로,37.55003,126.92113,,KCISA,KCISA
도시남녀의 사랑법,경의선숲길공원,playground,서울특별시 마포구 연남동 연남로 80,37.5661595,126.919015,,KCISA,KCISA
도시남녀의 사랑법,월드컵북로54길,playground,서울특별시 마포구 월드컵북로54길 25 상암DMC 푸르지오시티,37.581631,126.88829,,KCISA,KCISA
도시남녀의 사랑법,문화비축기지,playground,서울특별시 마포구 증산로 87,37.571029,126.894111,,KCISA,KCISA
도시남녀의 사랑법,물빛광장(여의도),playground,서울특별시 영등포구 여의도동 84-9,37.530806,126.92831,,KCISA,KCISA
도시남녀의 사랑법,동작대교,playground,서울특별시 용산구 이촌동 동작대교,37.51041,126.981893,,KCISA,KCISA
도시남녀의 사랑법,청계천,playground,서울특별시 종로구 서린동 148,37.569205,126.97791,,KCISA,KCISA
도시남녀의 사랑법,덕수궁 돌담길,playground,서울특별시 중구 세종대로 99,37.565924,126.97501,,KCISA,KCISA
도시남녀의 사랑법,스테이트 타워 남산,playground,서울특별시 중구 퇴계로 100,37.560342,126.98297,,KCISA,KCISA
도시남녀의 사랑법,신명여자고등학교,playground,인천광역시 남동구 용천로205번길 42,37.46947,126.71324,,KCISA,KCISA
독고 리와인드,강촌레일파크,playground,강원도 춘천시 남산면 서백길 57,37.8428025,127.550584,,KCISA,KCISA
독고 리와인드,한강시민공원 오리배탑승장,playground,서울특별시 영등포구 여의동로 252,37.522982,126.94144,,KCISA,KCISA
독고 리와인드,이랜드크루즈,playground,서울특별시 영등포구 여의동로 280,37.5290674,126.936218,,KCISA,KCISA
돈꽃,을숙도,playground,부산광역시 사하구 하단동 1207,35.10662,128.94309,,KCISA,KCISA
돈꽃,아셈타워,playground,서울특별시 강남구 영동대로 517,37.513147,127.05974,,KCISA,KCISA
돈꽃,서대문형무소역사관,playground,서울특별시 서대문구 통일로 251,37.574692,126.95649,,KCISA,KCISA
돈꽃,원효대교,playground,서울특별시 영등포구 여의도동 원효대교,37.527046,126.94571,,KCISA,KCISA
돈꽃,한강 공원 여의도 지구,playground,서울특별시 영등포구 여의동로 290,37.5290674,126.936218,,KCISA,KCISA
돈꽃,서울마리나 클럽&요트,playground,서울특별시 영등포구 여의서로 160,37.534829,126.91157,,KCISA,KCISA
돈꽃,스테이트 타워 남산,playground,서울특별시 중구 퇴계로 100,37.560342,126.98297,,KCISA,KCISA
돈꽃,용마랜드,playground,서울특별시 중랑구 망우로70길 118,37.594468,127.105556,,KCISA,KCISA
돈꽃,인천국제공항,playground,인천광역시 중구 공항로 272,37.44919,126.4514,,KCISA,KCISA
돌아와요 아저씨,지혜의 숲,playground,경기도 파주시 회동길 145,37.7082492,126.686674,,KCISA,KCISA
돌아와요 아저씨,서울마리나 클럽&요트,playground,서울특별시 영등포구 여의서로 160,37.534829,126.91157,,KCISA,KCISA
돌아와요 아저씨,낙산공원,playground,서울특별시 종로구 낙산길 41,37.580667,127.00746,,KCISA,KCISA
돌아와요 아저씨,월미테마파크,playground,인천광역시 중구 월미문화로 81,37.471305,126.59629,,KCISA,KCISA
돌풍,가온문화공원,playground,서울 마포구 상암동 1594,37.58191481,126.8876787,https://ys-dl.tistory.com/entry/%EB%8F%8C%ED%92%8D-%EC%B4%AC%EC%98%81%EC%A7%80-4%EA%B3%B3%EC%9D%84-%EC%95%8C%EB%A0%A4%EB%93%9C%EB%A6%BD%EB%8B%88%EB%8B%A4%EC%97%85%EB%8D%B0%EC%9D%B4%ED%8A%B8%EC%A4%91,YSDL,KAKAO
돌풍,광화문광장,playground,서울 종로구 세종로 1-68,37.57260286,126.9769164,https://ys-dl.tistory.com/entry/%EB%8F%8C%ED%92%8D-%EC%B4%AC%EC%98%81%EC%A7%80-4%EA%B3%B3%EC%9D%84-%EC%95%8C%EB%A0%A4%EB%93%9C%EB%A6%BD%EB%8B%88%EB%8B%A4%EC%97%85%EB%8D%B0%EC%9D%B4%ED%8A%B8%EC%A4%91,YSDL,KAKAO
돌풍,미메시스 아트 뮤지엄,playground,경기 파주시 문발로 253,37.71679273,126.6889188,https://ys-dl.tistory.com/entry/%EB%8F%8C%ED%92%8D-%EC%B4%AC%EC%98%81%EC%A7%80-4%EA%B3%B3%EC%9D%84-%EC%95%8C%EB%A0%A4%EB%93%9C%EB%A6%BD%EB%8B%88%EB%8B%A4%EC%97%85%EB%8D%B0%EC%9D%B4%ED%8A%B8%EC%A4%91,YSDL,KAKAO
돌풍,판교역북문광장,playground,경기 성남시 분당구 삼평동 641-1,37.39593358,127.1111487,https://ys-dl.tistory.com/entry/%EB%8F%8C%ED%92%8D-%EC%B4%AC%EC%98%81%EC%A7%80-4%EA%B3%B3%EC%9D%84-%EC%95%8C%EB%A0%A4%EB%93%9C%EB%A6%BD%EB%8B%88%EB%8B%A4%EC%97%85%EB%8D%B0%EC%9D%B4%ED%8A%B8%EC%A4%91,YSDL,KAKAO
동궁,경복궁,playground,서울 종로구 사직로 161,37.57761329,126.9768979,https://ys-dl.tistory.com/entry/%EB%8F%99%EA%B6%81-%EC%B4%AC%EC%98%81%EC%A7%80-10%EA%B3%B3%EC%9D%84-%EC%95%8C%EB%A0%A4%EB%93%9C%EB%A6%BD%EB%8B%88%EB%8B%A4,YSDL,KAKAO
동궁,용인대장금테마파크,playground,경기 용인시 처인구 백암면 용천드라마길 25,37.12119169,127.3375794,https://ys-dl.tistory.com/entry/%EB%8F%99%EA%B6%81-%EC%B4%AC%EC%98%81%EC%A7%80-10%EA%B3%B3%EC%9D%84-%EC%95%8C%EB%A0%A4%EB%93%9C%EB%A6%BD%EB%8B%88%EB%8B%A4,YSDL,KAKAO
동궁,부소담악,playground,충북 옥천군 군북면 추소리 759,36.35086722,127.5652104,https://ys-dl.tistory.com/entry/%EB%8F%99%EA%B6%81-%EC%B4%AC%EC%98%81%EC%A7%80-10%EA%B3%B3%EC%9D%84-%EC%95%8C%EB%A0%A4%EB%93%9C%EB%A6%BD%EB%8B%88%EB%8B%A4,YSDL,KAKAO
동궁,개심사,playground,충남 서산시 운산면 개심사로 321-86,36.74666793,126.5903672,https://ys-dl.tistory.com/entry/%EB%8F%99%EA%B6%81-%EC%B4%AC%EC%98%81%EC%A7%80-10%EA%B3%B3%EC%9D%84-%EC%95%8C%EB%A0%A4%EB%93%9C%EB%A6%BD%EB%8B%88%EB%8B%A4,YSDL,KAKAO
동궁,광한루원,playground,전북특별자치도 남원시 요천로 1447,35.40391878,127.3797814,https://ys-dl.tistory.com/entry/%EB%8F%99%EA%B6%81-%EC%B4%AC%EC%98%81%EC%A7%80-10%EA%B3%B3%EC%9D%84-%EC%95%8C%EB%A0%A4%EB%93%9C%EB%A6%BD%EB%8B%88%EB%8B%A4,YSDL,KAKAO
동궁,도솔암,playground,전남광주통합특별시 해남군 송지면 마봉송종길 355-300,34.35312034,126.5650779,https://ys-dl.tistory.com/entry/%EB%8F%99%EA%B6%81-%EC%B4%AC%EC%98%81%EC%A7%80-10%EA%B3%B3%EC%9D%84-%EC%95%8C%EB%A0%A4%EB%93%9C%EB%A6%BD%EB%8B%88%EB%8B%A4,YSDL,KAKAO
동궁,문경새재 제2관문 조곡관,playground,경북 문경시 문경읍 상초리 산 42-36,36.78958303,128.065686,https://ys-dl.tistory.com/entry/%EB%8F%99%EA%B6%81-%EC%B4%AC%EC%98%81%EC%A7%80-10%EA%B3%B3%EC%9D%84-%EC%95%8C%EB%A0%A4%EB%93%9C%EB%A6%BD%EB%8B%88%EB%8B%A4,YSDL,KAKAO
동궁,옥산서원,playground,경북 경주시 안강읍 옥산서원길 216-27,36.01169114,129.1632474,https://ys-dl.tistory.com/entry/%EB%8F%99%EA%B6%81-%EC%B4%AC%EC%98%81%EC%A7%80-10%EA%B3%B3%EC%9D%84-%EC%95%8C%EB%A0%A4%EB%93%9C%EB%A6%BD%EB%8B%88%EB%8B%A4,YSDL,KAKAO
동궁,완재정,playground,경남 밀양시 부북면 위양로 273-36,35.5465903,128.7162394,https://ys-dl.tistory.com/entry/%EB%8F%99%EA%B6%81-%EC%B4%AC%EC%98%81%EC%A7%80-10%EA%B3%B3%EC%9D%84-%EC%95%8C%EB%A0%A4%EB%93%9C%EB%A6%BD%EB%8B%88%EB%8B%A4,YSDL,KAKAO
동백꽃 필 무렵,오이도수산물직판장,playground,경기도 시흥시 오이도로 167,37.345856,126.688201,,KCISA,KCISA
동백꽃 필 무렵,구룡포 북방파제,playground,경상북도 포항시 남구 구룡포읍 구룡포6리,35.988495,129.559689,,KCISA,KCISA
동백꽃 필 무렵,문화마실,playground,경상북도 포항시 남구 구룡포읍 구룡포길 133-1,35.991405,129.559824,,KCISA,KCISA
동백꽃 필 무렵,구룡포공원계단,playground,경상북도 포항시 남구 구룡포읍 구룡포길 145,35.990856,129.56064,,KCISA,KCISA
동백꽃 필 무렵,구룡포 일본인 가옥거리,playground,경상북도 포항시 남구 구룡포읍 구룡포길 153-1,35.990841,129.560595,,KCISA,KCISA
동백꽃 필 무렵,구룡포 삼정섬,playground,경상북도 포항시 남구 구룡포읍 삼정리,36.003588,129.576251,,KCISA,KCISA
동백꽃 필 무렵,서초문화예술공원,playground,서울특별시 서초구 바우뫼로12길 40,37.467708,127.030818,,KCISA,KCISA
동백꽃 필 무렵,해방촌 신흥시장,playground,서울특별시 용산구 신흥로 95-9,37.545443,126.98494,,KCISA,KCISA
동백꽃 필 무렵,역사책방,playground,서울특별시 종로구 자하문로10길 24,37.579291,126.97281,,KCISA,KCISA
동백꽃 필 무렵,보령 충청수영성,playground,충청남도 보령시 오천면 소성리 661-1,36.439845,126.522768,,KCISA,KCISA
동백꽃 필 무렵,문광저수지 은행나무길,playground,충청북도 괴산군 문광면 괴산로양곡5길 15,36.766351,127.747669,,KCISA,KCISA
동백꽃 필 무렵,심천역(경부선),playground,충청북도 영동군 심천면 심천로5길 5,36.237422,127.720317,,KCISA,KCISA
동이,청량사,playground,경상북도 봉화군 명호면 청량산길 199-152,36.78917,128.919,,KCISA,KCISA
두 번째 남편,청아공원기독교전용관,playground,경기도 고양시 일산동구 은마길 129,37.719031,126.80572,,KCISA,KCISA
두 번째 남편,라페스타,playground,경기도 고양시 일산동구 중앙로 1305-56,37.661839,126.76796,,KCISA,KCISA
두 번째 남편,MBC일산드림센터,playground,경기도 고양시 일산동구 호수로 596,37.6547819,126.770815,,KCISA,KCISA
두 번째 남편,라베니체 마치에비뉴,playground,경기도 김포시 김포한강4로 12,39.6406462,128.678802,,KCISA,KCISA
두 번째 남편,지혜의 숲,playground,경기도 파주시 회동길 145,37.7082492,126.686674,,KCISA,KCISA
두 번째 남편,서대문형무소역사관,playground,서울특별시 서대문구 통일로 251,37.574692,126.95649,,KCISA,KCISA
두 번째 남편,올림픽공원,playground,서울특별시 송파구 올림픽로 424,37.5209657,127.116064,,KCISA,KCISA
두 번째 남편,원효대교,playground,서울특별시 영등포구 여의도동 원효대교,37.527046,126.94571,,KCISA,KCISA
두 번째 남편,소월로 계단 3번,playground,서울특별시 용산구 소월로 168,37.547514,126.98424,,KCISA,KCISA
두 번째 남편,연서로 50길 12-5호,playground,서울특별시 은평구 연서로50길 12-5,37.640051,126.93909,,KCISA,KCISA
두 번째 남편,낙산성곽서길,playground,서울특별시 종로구 동숭동,37.577948,127.00846,,KCISA,KCISA
두 번째 남편,중림동약현성당,playground,서울특별시 중구 청파로 447-1,37.559115,126.96744,,KCISA,KCISA
두번은 없다,동작대교,playground,서울특별시 용산구 이촌동 동작대교,37.51041,126.981893,,KCISA,KCISA
두번째 스무살,화이트블럭,playground,경기도 파주시 탄현면 헤이리마을길 72,37.7889189,126.699592,,KCISA,KCISA
두번째 스무살,김포국제공항,playground,서울특별시 강서구 하늘길 112,37.558655,126.79228,,KCISA,KCISA
두번째 스무살,건국대학교,playground,서울특별시 광진구 능동로 120,37.5425241,127.073699,,KCISA,KCISA
두번째 스무살,유니버셜아트센터,playground,서울특별시 광진구 천호대로 664,37.550799,127.08806,,KCISA,KCISA
두번째 스무살,라꼼마빌딩,playground,서울특별시 마포구 어울마당로 44-1,37.548951,126.92088,,KCISA,KCISA
두번째 스무살,동호대교,playground,서울특별시 성동구 옥수동,37.535804,127.02145,,KCISA,KCISA
두번째 스무살,돈화문로11다길,playground,서울특별시 종로구 돈화문로11다길,37.573123,126.99017,,KCISA,KCISA
드라마의 제왕,헌화로드라이브코스,playground,강원도 강릉시 강동면 심곡리 헌화로,37.664267,129.05459,,KCISA,KCISA
드림,죽성드림세트장,playground,부산광역시 기장군 기장읍 죽성리 134-7,35.240998,129.24845,,KCISA,KCISA
드림하이,라페스타,playground,경기도 고양시 일산동구 중앙로 1305-56,37.661839,126.76796,,KCISA,KCISA
드림하이,여의도 KBS방송국,playground,서울특별시 영등포구 여의공원로 13,37.52563,126.91633,,KCISA,KCISA
드림하이,인천아트플랫폼,playground,인천광역시 중구 제물량로218번길 3,37.472906,126.62001,,KCISA,KCISA
들쥐,여의도한강공원,playground,서울 영등포구 여의도동 85,37.5263886,126.9351293,https://ys-dl.tistory.com/entry/%EB%93%A4%EC%A5%90-%EC%B4%AC%EC%98%81%EC%A7%80-18%EA%B3%B3%EC%9D%84-%EC%95%8C%EB%A0%A4%EB%93%9C%EB%A6%BD%EB%8B%88%EB%8B%A4%EC%97%85%EB%8D%B0%EC%9D%B4%ED%8A%B8%EC%A4%91,YSDL,KAKAO
들쥐,잠원한강공원,playground,서울 강남구 압구정동 386,37.52733381,127.0190467,https://ys-dl.tistory.com/entry/%EB%93%A4%EC%A5%90-%EC%B4%AC%EC%98%81%EC%A7%80-18%EA%B3%B3%EC%9D%84-%EC%95%8C%EB%A0%A4%EB%93%9C%EB%A6%BD%EB%8B%88%EB%8B%A4%EC%97%85%EB%8D%B0%EC%9D%B4%ED%8A%B8%EC%A4%91,YSDL,KAKAO
들쥐,일산호수공원,playground,경기 고양시 일산동구 호수로 595,37.65613604,126.7641415,https://ys-dl.tistory.com/entry/%EB%93%A4%EC%A5%90-%EC%B4%AC%EC%98%81%EC%A7%80-18%EA%B3%B3%EC%9D%84-%EC%95%8C%EB%A0%A4%EB%93%9C%EB%A6%BD%EB%8B%88%EB%8B%A4%EC%97%85%EB%8D%B0%EC%9D%B4%ED%8A%B8%EC%A4%91,YSDL,KAKAO
들쥐,고양 덕은동 쌍굴,playground,경기 고양시 덕양구 덕은동 20-1,37.59430334,126.8750143,https://ys-dl.tistory.com/entry/%EB%93%A4%EC%A5%90-%EC%B4%AC%EC%98%81%EC%A7%80-18%EA%B3%B3%EC%9D%84-%EC%95%8C%EB%A0%A4%EB%93%9C%EB%A6%BD%EB%8B%88%EB%8B%A4%EC%97%85%EB%8D%B0%EC%9D%B4%ED%8A%B8%EC%A4%91,YSDL,KAKAO
들쥐,꿈의동산놀이공원,playground,경기 가평군 청평면 에덴벚꽃길 157-69,37.78415708,127.4851598,https://ys-dl.tistory.com/entry/%EB%93%A4%EC%A5%90-%EC%B4%AC%EC%98%81%EC%A7%80-18%EA%B3%B3%EC%9D%84-%EC%95%8C%EB%A0%A4%EB%93%9C%EB%A6%BD%EB%8B%88%EB%8B%A4%EC%97%85%EB%8D%B0%EC%9D%B4%ED%8A%B8%EC%A4%91,YSDL,KAKAO
들쥐,말티재 전망대,playground,충북 보은군 장안면 장재리 산 4-14,36.49906977,127.789325,https://ys-dl.tistory.com/entry/%EB%93%A4%EC%A5%90-%EC%B4%AC%EC%98%81%EC%A7%80-18%EA%B3%B3%EC%9D%84-%EC%95%8C%EB%A0%A4%EB%93%9C%EB%A6%BD%EB%8B%88%EB%8B%A4%EC%97%85%EB%8D%B0%EC%9D%B4%ED%8A%B8%EC%A4%91,YSDL,KAKAO
들쥐,형제해안도로,playground,제주특별자치도 서귀포시 안덕면 사계리,33.21675421,126.2933526,https://ys-dl.tistory.com/entry/%EB%93%A4%EC%A5%90-%EC%B4%AC%EC%98%81%EC%A7%80-18%EA%B3%B3%EC%9D%84-%EC%95%8C%EB%A0%A4%EB%93%9C%EB%A6%BD%EB%8B%88%EB%8B%A4%EC%97%85%EB%8D%B0%EC%9D%B4%ED%8A%B8%EC%A4%91,YSDL,KAKAO
디어 마이 프렌즈,구룡근린공원,playground,서울특별시 마포구 월드컵북로 456,37.582996,126.88385,,KCISA,KCISA
디어 마이 프렌즈,중림동약현성당,playground,서울특별시 중구 청파로 447-1,37.559115,126.96744,,KCISA,KCISA
디어엠,레드로드,playground,서울 마포구 어울마당로 77-1,37.55208221,126.9214386,https://ys-dl.tistory.com/entry/%EB%94%94%EC%96%B4%EC%97%A0-%EC%B4%AC%EC%98%81%EC%A7%80-10%EA%B3%B3%EC%9D%84-%EC%95%8C%EB%A0%A4%EB%93%9C%EB%A6%BD%EB%8B%88%EB%8B%A4%EC%97%85%EB%8D%B0%EC%9D%B4%ED%8A%B8%EC%A4%91,YSDL,KAKAO
디어엠,금오름,playground,제주특별자치도 제주시 한림읍 금악리 산 1-1,33.35457233,126.3058389,https://ys-dl.tistory.com/entry/%EB%94%94%EC%96%B4%EC%97%A0-%EC%B4%AC%EC%98%81%EC%A7%80-10%EA%B3%B3%EC%9D%84-%EC%95%8C%EB%A0%A4%EB%93%9C%EB%A6%BD%EB%8B%88%EB%8B%A4%EC%97%85%EB%8D%B0%EC%9D%B4%ED%8A%B8%EC%A4%91,YSDL,KAKAO
디어엠,동피랑벽화마을,playground,경남 통영시 동피랑1길 6-18,34.84530565,128.427625,https://ys-dl.tistory.com/entry/%EB%94%94%EC%96%B4%EC%97%A0-%EC%B4%AC%EC%98%81%EC%A7%80-10%EA%B3%B3%EC%9D%84-%EC%95%8C%EB%A0%A4%EB%93%9C%EB%A6%BD%EB%8B%88%EB%8B%A4%EC%97%85%EB%8D%B0%EC%9D%B4%ED%8A%B8%EC%A4%91,YSDL,KAKAO
따뜻한 말 한마디,장사도 해상공원 까멜리아,playground,경상남도 통영시 한산면 장사도길 55,34.713673,128.55885,,KCISA,KCISA
딱 너 같은 딸,MBC일산드림센터,playground,경기도 고양시 일산동구 호수로 596,37.6547819,126.770815,,KCISA,KCISA
딱 너 같은 딸,한국의 집,playground,서울특별시 중구 퇴계로36길 10,37.560304,126.99471,,KCISA,KCISA
딴따라,써밋 갤러리,playground,서울특별시 강남구 영동대로 337,37.504567,127.06475,,KCISA,KCISA
딴따라,스테이트 타워 남산,playground,서울특별시 중구 퇴계로 100,37.560342,126.98297,,KCISA,KCISA
딴따라,인천국제공항,playground,인천광역시 중구 공항로 272,37.44919,126.4514,,KCISA,KCISA
땐뽀걸즈,바람의언덕,playground,경상남도 거제시 남부면 갈곶리 산 14-47 도장포마을,34.743363,128.66332,,KCISA,KCISA
땐뽀걸즈,광안리해수욕장,playground,부산광역시 수영구 광안해변로 219,35.153308,129.118862,,KCISA,KCISA
땐뽀걸즈,어울마당로,playground,서울특별시 마포구 어울마당로,37.55003,126.92113,,KCISA,KCISA
땐뽀걸즈,동작대교,playground,서울특별시 용산구 이촌동 동작대교,37.51041,126.981893,,KCISA,KCISA
떼루아,에버랜드,playground,경기도 용인시 처인구 포곡읍 에버랜드로 199,37.2896511,127.217242,,KCISA,KCISA
또! 오해영,낙산 해수욕장,playground,강원도 양양군 강현면 해맞이길 59,38.1164806,128.63426,,KCISA,KCISA
또! 오해영,압구정나들목,playground,서울특별시 강남구 압구정동 압구정나들목,37.373988,126.43924,,KCISA,KCISA
또! 오해영,KT&G서울사옥,playground,서울특별시 강남구 영동대로 416,37.506558,127.06523,,KCISA,KCISA
또! 오해영,구룡근린공원,playground,서울특별시 마포구 월드컵북로 456,37.582996,126.88385,,KCISA,KCISA
또! 오해영,하늘공원,playground,서울특별시 마포구 하늘공원로 95,37.567465,126.88546,,KCISA,KCISA
또! 오해영,원효대교,playground,서울특별시 영등포구 여의도동 원효대교,37.527046,126.94571,,KCISA,KCISA
또! 오해영,율곡로3길,playground,서울특별시 종로구 율곡로3길,37.577811,126.98239,,KCISA,KCISA
또! 오해영,스테이트 타워 남산,playground,서울특별시 중구 퇴계로 100,37.560342,126.98297,,KCISA,KCISA
또! 오해영,라비두스,playground,서울특별시 중구 필동로5길 7,37.556652,126.99638,,KCISA,KCISA
또! 오해영,신성리 갈대밭,playground,충청남도 서천군 한산면 신성리 125-1,36.068336,126.86074,,KCISA,KCISA
라디오 로맨스,일산호수공원,playground,경기도 고양시 일산동구 호수로 731,37.658769,126.76252,,KCISA,KCISA
라디오 로맨스,화이트블럭,playground,경기도 파주시 탄현면 헤이리마을길 72,37.7889189,126.699592,,KCISA,KCISA
라디오 로맨스,어울마당로,playground,서울특별시 마포구 어울마당로,37.55003,126.92113,,KCISA,KCISA
라디오 로맨스,여의도 KBS방송국,playground,서울특별시 영등포구 여의공원로 13,37.52563,126.91633,,KCISA,KCISA
라디오 로맨스,낙산공원,playground,서울특별시 종로구 낙산길 41,37.580667,127.00746,,KCISA,KCISA
라디오 로맨스,광화문 광장 이순신장군동상,playground,서울특별시 종로구 세종대로 175,37.5706546,126.976661,,KCISA,KCISA
라디오 로맨스,인천국제공항,playground,인천광역시 중구 공항로 272,37.44919,126.4514,,KCISA,KCISA
라디오 로맨스,궁남지,playground,충청남도 부여군 부여읍 궁남로 52,36.269619,126.91224,,KCISA,KCISA
라이딩 인생,난지한강공원,playground,서울 마포구 상암동 495-72,37.56703991,126.8756078,https://ys-dl.tistory.com/entry/%EB%9D%BC%EC%9D%B4%EB%94%A9-%EC%9D%B8%EC%83%9D-%EC%B4%AC%EC%98%81%EC%A7%80-10%EA%B3%B3%EC%9D%84-%EC%95%8C%EB%A0%A4%EB%93%9C%EB%A6%BD%EB%8B%88%EB%8B%A4%EC%97%85%EB%8D%B0%EC%9D%B4%ED%8A%B8%EC%A4%91,YSDL,KAKAO
라이딩 인생,래미안대치팰리스 공원,playground,서울 강남구 대치동 1027-1,37.49437948,127.0598199,https://ys-dl.tistory.com/entry/%EB%9D%BC%EC%9D%B4%EB%94%A9-%EC%9D%B8%EC%83%9D-%EC%B4%AC%EC%98%81%EC%A7%80-10%EA%B3%B3%EC%9D%84-%EC%95%8C%EB%A0%A4%EB%93%9C%EB%A6%BD%EB%8B%88%EB%8B%A4%EC%97%85%EB%8D%B0%EC%9D%B4%ED%8A%B8%EC%A4%91,YSDL,KAKAO
라이딩 인생,불암산,playground,경기 남양주시 별내동 산 97,37.66367185,127.0952726,https://ys-dl.tistory.com/entry/%EB%9D%BC%EC%9D%B4%EB%94%A9-%EC%9D%B8%EC%83%9D-%EC%B4%AC%EC%98%81%EC%A7%80-10%EA%B3%B3%EC%9D%84-%EC%95%8C%EB%A0%A4%EB%93%9C%EB%A6%BD%EB%8B%88%EB%8B%A4%EC%97%85%EB%8D%B0%EC%9D%B4%ED%8A%B8%EC%A4%91,YSDL,KAKAO
라이딩 인생,애니포레,playground,강원특별자치도 평창군 대관령면 올림픽로 715,37.63913571,128.6867608,https://ys-dl.tistory.com/entry/%EB%9D%BC%EC%9D%B4%EB%94%A9-%EC%9D%B8%EC%83%9D-%EC%B4%AC%EC%98%81%EC%A7%80-10%EA%B3%B3%EC%9D%84-%EC%95%8C%EB%A0%A4%EB%93%9C%EB%A6%BD%EB%8B%88%EB%8B%A4%EC%97%85%EB%8D%B0%EC%9D%B4%ED%8A%B8%EC%A4%91,YSDL,KAKAO
라이딩 인생,발왕산 관광케이블카,playground,강원특별자치도 평창군 대관령면 올림픽로 715,37.64405741,128.6789199,https://ys-dl.tistory.com/entry/%EB%9D%BC%EC%9D%B4%EB%94%A9-%EC%9D%B8%EC%83%9D-%EC%B4%AC%EC%98%81%EC%A7%80-10%EA%B3%B3%EC%9D%84-%EC%95%8C%EB%A0%A4%EB%93%9C%EB%A6%BD%EB%8B%88%EB%8B%A4%EC%97%85%EB%8D%B0%EC%9D%B4%ED%8A%B8%EC%A4%91,YSDL,KAKAO
라이딩 인생,발왕산 기 스카이워크,playground,강원특별자치도 평창군 대관령면 올림픽로 715,37.61204871,128.6718275,https://ys-dl.tistory.com/entry/%EB%9D%BC%EC%9D%B4%EB%94%A9-%EC%9D%B8%EC%83%9D-%EC%B4%AC%EC%98%81%EC%A7%80-10%EA%B3%B3%EC%9D%84-%EC%95%8C%EB%A0%A4%EB%93%9C%EB%A6%BD%EB%8B%88%EB%8B%A4%EC%97%85%EB%8D%B0%EC%9D%B4%ED%8A%B8%EC%A4%91,YSDL,KAKAO
라이브,홍삼스파 참숯가마 사우나,playground,경기 파주시 탄현면 갈현리 654-7,37.773824,126.717309,,KCISA,KCISA
라이브,동양인재개발원 하모니홀,playground,경기도 고양시 일산동구 성현로268번길 68-7,37.700789,126.812557,,KCISA,KCISA
라이브,다산생태공원,playground,경기도 남양주시 조안면 다산로 767,37.514324,127.298294,,KCISA,KCISA
라이브,한양대학교 에리카캠퍼스,playground,경기도 안산시 상록구 한양대학로 55 ,37.297706,126.833783,,KCISA,KCISA
라이브,광화문 광장,playground,서울특별시 종로구 세종대로 175,37.574037,126.976772,,KCISA,KCISA
라이브,명동실탄사격장,playground,서울특별시 중구 명동8가길 27 션샤인빌딩 3층,37.561893,126.986437,,KCISA,KCISA
라이브,인천대공원,playground,인천광역시 남동구 무네미로 236,37.45671,126.7579,,KCISA,KCISA
라이브,청라1동 행정복지센터 (라이브),playground,인천광역시 서구 청라라임로 58,37.531908,126.653836,,KCISA,KCISA
라이브,중앙 경찰학교,playground,충청북도 충주시 수안보면 수회리로 138,36.877166,127.981807,,KCISA,KCISA
라이브온,풍무도서관,playground,경기도 김포시 풍무로146번길 101,37.607539,126.72913,,KCISA,KCISA
라이브온,홍원연수원,playground,경기도 파주시 조리읍 삼릉로 53,37.741032,126.82675,,KCISA,KCISA
라이브온,블루메미술관,playground,경기도 파주시 탄현면 헤이리마을길 59-30,37.789284,126.69661,,KCISA,KCISA
라이브온,성수동구두테마공원,playground,서울특별시 성동구 성수동2가 302-25,37.544743,127.05245,,KCISA,KCISA
라이브온,서경대학교,playground,서울특별시 성북구 서경로 124,37.6150933,127.012403,,KCISA,KCISA
라이브온,홍난파가옥,playground,서울특별시 종로구 송월1길 38,37.571719,126.96507,,KCISA,KCISA
라이어 게임,이촌로29길,playground,서울특별시 용산구 이촌로29길,37.525257,126.96103,,KCISA,KCISA
라이어 게임,낙산공원,playground,서울특별시 종로구 낙산길 41,37.580667,127.00746,,KCISA,KCISA
라이크,KT&G서울사옥,playground,서울특별시 강남구 영동대로 416,37.506558,127.06523,,KCISA,KCISA
라이크,내외주가,playground,서울특별시 종로구 필운대로9가길 17,37.582727,126.96652,,KCISA,KCISA
라이프,건국대학교병원,playground,서울특별시 광진구 능동로 120-1,37.540549,127.07195,,KCISA,KCISA
라이프,롯데월드몰,playground,서울특별시 송파구 올림픽로 300,37.512599,127.102714,,KCISA,KCISA
라이프,세종대로,playground,서울특별시 중구 세종대로 86-1,37.563835,126.97677,,KCISA,KCISA
라이프 온 마스,양산종합운동장,playground,경상남도 양산시 양산대로 849,35.344926,129.032214,,KCISA,KCISA
라이프 온 마스,대전 근현대사 전시관,playground,대전광역시 중구 중앙로 101,36.3266855,127.420912,,KCISA,KCISA
라이프 온 마스,아홉산숲,playground,부산광역시 기장군 철마면 웅천리 520-10,35.2879959,129.169638,,KCISA,KCISA
라이프 온 마스,감천문화마을,playground,부산광역시 사하구 감내2로 203 ,35.097412,129.010584,,KCISA,KCISA
라이프 온 마스,낙동강 하구 을숙도,playground,부산광역시 사하구 낙동남로 1240,35.104239,128.942944,,KCISA,KCISA
라이프 온 마스,국립해양박물관,playground,부산광역시 영도구 해양로301번길 45,35.078654,129.080216,,KCISA,KCISA
라켓소년단,사천중학교,playground,강원도 강릉시 사천면 석교골말길 8,37.827884,128.8458,,KCISA,KCISA
라켓소년단,주문진방파제,playground,강원도 강릉시 주문진읍 교항리 81-68,37.879607,128.83368,,KCISA,KCISA
라켓소년단,남동체육관,playground,인천광역시 남동구 소래로 500,37.434657,126.73382,,KCISA,KCISA
란제리 소녀시대,합천 영상 테마파크,playground,경상남도 합천군 용주면 합천호수로 757,35.5489346,128.072475,,KCISA,KCISA
러닝메이트,놋다리문화공원,playground,서울 강서구 마곡동 790-6,37.56202755,126.8363596,https://ys-dl.tistory.com/entry/%EB%9F%AC%EB%8B%9D%EB%A9%94%EC%9D%B4%ED%8A%B8-%EC%B4%AC%EC%98%81%EC%A7%80-13%EA%B3%B3%EC%9D%84-%EC%95%8C%EB%A0%A4%EB%93%9C%EB%A6%BD%EB%8B%88%EB%8B%A4%EC%97%85%EB%8D%B0%EC%9D%B4%ED%8A%B8%EC%A4%91,YSDL,KAKAO
러닝메이트,노들섬,playground,서울 용산구 양녕로 445,37.51766014,126.9580339,https://ys-dl.tistory.com/entry/%EB%9F%AC%EB%8B%9D%EB%A9%94%EC%9D%B4%ED%8A%B8-%EC%B4%AC%EC%98%81%EC%A7%80-13%EA%B3%B3%EC%9D%84-%EC%95%8C%EB%A0%A4%EB%93%9C%EB%A6%BD%EB%8B%88%EB%8B%A4%EC%97%85%EB%8D%B0%EC%9D%B4%ED%8A%B8%EC%A4%91,YSDL,KAKAO
러닝메이트,남산케이블카,playground,서울 중구 소파로 83,37.55658072,126.984031,https://ys-dl.tistory.com/entry/%EB%9F%AC%EB%8B%9D%EB%A9%94%EC%9D%B4%ED%8A%B8-%EC%B4%AC%EC%98%81%EC%A7%80-13%EA%B3%B3%EC%9D%84-%EC%95%8C%EB%A0%A4%EB%93%9C%EB%A6%BD%EB%8B%88%EB%8B%A4%EC%97%85%EB%8D%B0%EC%9D%B4%ED%8A%B8%EC%A4%91,YSDL,KAKAO
러브 미,경의선숲길,playground,서울 마포구 동교동 190-1,37.55880348,126.9253385,https://ys-dl.tistory.com/entry/%EB%9F%AC%EB%B8%8C-%EB%AF%B8-%EC%B4%AC%EC%98%81%EC%A7%80-8%EA%B3%B3%EC%9D%84-%EC%95%8C%EB%A0%A4%EB%93%9C%EB%A6%BD%EB%8B%88%EB%8B%A4%EC%97%85%EB%8D%B0%EC%9D%B4%ED%8A%B8%EC%A4%91,YSDL,KAKAO
러브 미,반포한강공원,playground,서울 서초구 반포동 115-5,37.51081993,126.997161,https://ys-dl.tistory.com/entry/%EB%9F%AC%EB%B8%8C-%EB%AF%B8-%EC%B4%AC%EC%98%81%EC%A7%80-8%EA%B3%B3%EC%9D%84-%EC%95%8C%EB%A0%A4%EB%93%9C%EB%A6%BD%EB%8B%88%EB%8B%A4%EC%97%85%EB%8D%B0%EC%9D%B4%ED%8A%B8%EC%A4%91,YSDL,KAKAO
러브 미,잠원한강공원,playground,서울 강남구 압구정동 386,37.52733381,127.0190467,https://ys-dl.tistory.com/entry/%EB%9F%AC%EB%B8%8C-%EB%AF%B8-%EC%B4%AC%EC%98%81%EC%A7%80-8%EA%B3%B3%EC%9D%84-%EC%95%8C%EB%A0%A4%EB%93%9C%EB%A6%BD%EB%8B%88%EB%8B%A4%EC%97%85%EB%8D%B0%EC%9D%B4%ED%8A%B8%EC%A4%91,YSDL,KAKAO
러브 미,금오름,playground,제주특별자치도 제주시 한림읍 금악리 산 1-1,33.35457233,126.3058389,https://ys-dl.tistory.com/entry/%EB%9F%AC%EB%B8%8C-%EB%AF%B8-%EC%B4%AC%EC%98%81%EC%A7%80-8%EA%B3%B3%EC%9D%84-%EC%95%8C%EB%A0%A4%EB%93%9C%EB%A6%BD%EB%8B%88%EB%8B%A4%EC%97%85%EB%8D%B0%EC%9D%B4%ED%8A%B8%EC%A4%91,YSDL,KAKAO
러브씬넘버,샛강다리,playground,서울특별시 영등포구 여의도동 39,37.518835,126.91898,,KCISA,KCISA
러브씬넘버,녹사평 육교,playground,서울특별시 용산구 녹사평대로 195,37.534758,126.98656,,KCISA,KCISA
러브씬넘버,동국대학교,playground,서울특별시 중구 필동로 1길30,37.558203,127.000195,,KCISA,KCISA
러브포비아,가온문화공원,playground,서울 마포구 상암동 1594,37.58191481,126.8876787,https://ys-dl.tistory.com/entry/%EB%9F%AC%EB%B8%8C%ED%8F%AC%EB%B9%84%EC%95%84-%EC%B4%AC%EC%98%81%EC%A7%80-7%EA%B3%B3%EC%9D%84-%EC%95%8C%EB%A0%A4%EB%93%9C%EB%A6%BD%EB%8B%88%EB%8B%A4%EC%97%85%EB%8D%B0%EC%9D%B4%ED%8A%B8%EC%A4%91,YSDL,KAKAO
러브포비아,여의도한강공원,playground,서울 영등포구 여의도동 85,37.5263886,126.9351293,https://ys-dl.tistory.com/entry/%EB%9F%AC%EB%B8%8C%ED%8F%AC%EB%B9%84%EC%95%84-%EC%B4%AC%EC%98%81%EC%A7%80-7%EA%B3%B3%EC%9D%84-%EC%95%8C%EB%A0%A4%EB%93%9C%EB%A6%BD%EB%8B%88%EB%8B%A4%EC%97%85%EB%8D%B0%EC%9D%B4%ED%8A%B8%EC%A4%91,YSDL,KAKAO
러블리 호러블리,인천건재,playground,인천광역시 동구 안송로 109,37.480242,126.64303,,KCISA,KCISA
러블리 호러블리,가톨릭대학교 인천성모병원,playground,인천광역시 부평구 동수로 56,37.484407,126.72491,,KCISA,KCISA
런온,동해 논골담길,playground,강원도 동해시 논골1길 2,37.5528045,129.116572,,KCISA,KCISA
런온,일산호수공원,playground,경기도 고양시 일산동구 호수로 731,37.658769,126.76252,,KCISA,KCISA
런온,수원제일교회,playground,경기도 수원시 팔달구 팔달문로57번길 3,37.27992,127.02266,,KCISA,KCISA
런온,안성팜랜드,playground,경기도 안성시 공도읍 대신두길 28,36.9904684,127.194467,,KCISA,KCISA
런온,용인미르스타디움,playground,경기도 용인시 처인구 동백죽전대로 61,37.249837,127.16527,,KCISA,KCISA
런온,플럼라인,playground,경기도 파주시 문발로 165,37.709541,126.6854,,KCISA,KCISA
런온,블루메미술관,playground,경기도 파주시 탄현면 헤이리마을길 59-30,37.789284,126.69661,,KCISA,KCISA
런온,구룡포공원계단,playground,경상북도 포항시 남구 구룡포읍 구룡포길 145,35.990856,129.56064,,KCISA,KCISA
런온,이가리 닻전망대,playground,경상북도 포항시 북구 청하면 이가리 산 67-3,36.188061,129.37937,,KCISA,KCISA
런온,반포대교,playground,서울특별시 서초구 반포동 반포대교,37.512187,126.9976,,KCISA,KCISA
런온,여의도공원,playground,서울특별시 영등포구 여의공원로 68,37.5281241,126.925754,,KCISA,KCISA
런온,녹사평 육교,playground,서울특별시 용산구 녹사평대로 195,37.534758,126.98656,,KCISA,KCISA
런온,용산가족공원,playground,서울특별시 용산구 서빙고로 137,37.521532,126.98392,,KCISA,KCISA
런온,낙산공원,playground,서울특별시 종로구 낙산길 41,37.580667,127.00746,,KCISA,KCISA
런온,북촌로8길,playground,서울특별시 종로구 북촌로8길,37.581,126.986,,KCISA,KCISA
런온,윤보선길,playground,서울특별시 종로구 윤보선길,37.577559,126.98376,,KCISA,KCISA
런온,JCC크리에이티브센터,playground,서울특별시 종로구 창경궁로35길 45,37.5877669,127.002266,,KCISA,KCISA
런온,산마루 놀이터 (구 산마루 갤러리),playground,서울특별시 종로구 창신동 23-350,37.575576,127.01252,,KCISA,KCISA
런온,창신동 노란건물,playground,서울특별시 종로구 창인12길 7-4,37.579388,127.01009,,KCISA,KCISA
런온,서울한양도성 서울성곽길 남산(목멱산)구간,playground,서울특별시 중구 남창동 205-179,37.564486,127.01016,,KCISA,KCISA
런온,덕수궁 돌담길,playground,서울특별시 중구 세종대로 99,37.565924,126.97501,,KCISA,KCISA
런온,인천국제공항,playground,인천광역시 중구 공항로 272,37.44919,126.4514,,KCISA,KCISA
런온,씨사이드파크,playground,인천광역시 중구 하늘달빛로2번길 6,37.4832771,126.568135,,KCISA,KCISA
런온,원광대학교,playground,전라북도 익산시 익산대로 460,35.969446,126.95735,,KCISA,KCISA
런온,전주영화의거리,playground,전라북도 전주시 완산구 고사동 전주객사4길,35.821257,127.14415,,KCISA,KCISA
런온,조이앤시네마 전주,playground,전라북도 전주시 완산구 전주객사3길 74-25,35.821017,127.14229,,KCISA,KCISA
런온,제주국제공항,playground,제주특별자치도 제주시 공항로 2,33.506548,126.49304,,KCISA,KCISA
런온,세명대학교,playground,충청북도 제천시 신월동 세명로 65,37.17938,128.19776,,KCISA,KCISA
레버리지:사기조작단,고양종합터미널,playground,경기도 고양시 일산동구 중앙로 1036,37.643303,126.78973,,KCISA,KCISA
레버리지:사기조작단,고일프라자,playground,경기도 고양시 일산동구 중앙로1275번길 60-14,37.659573,126.76944,,KCISA,KCISA
레버리지:사기조작단,분당추모공원 휴,playground,경기도 광주시 오포읍 오포로 211-49,37.354236,127.18315,,KCISA,KCISA
레버리지:사기조작단,국립교통재활병원,playground,경기도 양평군 양평읍 중앙로 260,37.4897334,127.518454,,KCISA,KCISA
레버리지:사기조작단,강서한강공원,playground,서울특별시 강서구 양천로27길 279-23,37.588209,126.81606,,KCISA,KCISA
레버리지:사기조작단,동호대교,playground,서울특별시 성동구 옥수동,37.535804,127.02145,,KCISA,KCISA
레버리지:사기조작단,삼청각,playground,서울특별시 성북구 대사관로 3,37.597208,126.98403,,KCISA,KCISA
레버리지:사기조작단,마포대교,playground,서울특별시 영등포구 여의도동 84-5,37.533709,126.9367,,KCISA,KCISA
레버리지:사기조작단,JCC크리에이티브센터,playground,서울특별시 종로구 창경궁로35길 45,37.5877669,127.002266,,KCISA,KCISA
레버리지:사기조작단,인천국제공항,playground,인천광역시 중구 공항로 272,37.44919,126.4514,,KCISA,KCISA
레버리지:사기조작단,신포로27번길,playground,인천광역시 중구 신포로27번길,37.472872,126.62232,,KCISA,KCISA
레버리지:사기조작단,인천아트플랫폼,playground,인천광역시 중구 제물량로218번길 3,37.472906,126.62001,,KCISA,KCISA
레버리지:사기조작단,제주신화월드,playground,제주특별자치도 서귀포시 안덕면 신화역사로304번길 38,33.302652,126.31653,,KCISA,KCISA
레이디 두아,노들섬,playground,서울 용산구 양녕로 445,37.51766014,126.9580339,https://ys-dl.tistory.com/entry/%EB%A0%88%EC%9D%B4%EB%94%94-%EB%91%90%EC%95%84-%EC%B4%AC%EC%98%81%EC%A7%80-7%EA%B3%B3%EC%9D%84-%EC%95%8C%EB%A0%A4%EB%93%9C%EB%A6%BD%EB%8B%88%EB%8B%A4%EC%97%85%EB%8D%B0%EC%9D%B4%ED%8A%B8%EC%A4%91,YSDL,KAKAO
레이디 두아,창신동족발골목,playground,서울 종로구 종로51길 23,37.57281356,127.0118362,https://ys-dl.tistory.com/entry/%EB%A0%88%EC%9D%B4%EB%94%94-%EB%91%90%EC%95%84-%EC%B4%AC%EC%98%81%EC%A7%80-7%EA%B3%B3%EC%9D%84-%EC%95%8C%EB%A0%A4%EB%93%9C%EB%A6%BD%EB%8B%88%EB%8B%A4%EC%97%85%EB%8D%B0%EC%9D%B4%ED%8A%B8%EC%A4%91,YSDL,KAKAO
레이디 두아,마둔저수지,playground,경기 안성시 금광면 장죽리 124,36.97000132,127.3107154,https://ys-dl.tistory.com/entry/%EB%A0%88%EC%9D%B4%EB%94%94-%EB%91%90%EC%95%84-%EC%B4%AC%EC%98%81%EC%A7%80-7%EA%B3%B3%EC%9D%84-%EC%95%8C%EB%A0%A4%EB%93%9C%EB%A6%BD%EB%8B%88%EB%8B%A4%EC%97%85%EB%8D%B0%EC%9D%B4%ED%8A%B8%EC%A4%91,YSDL,KAKAO
로망스,서울대공원,playground,경기도 과천시 대공원광장로 102,37.427542,127.01701,,KCISA,KCISA
로망스,여좌천,playground,경상남도 창원시 진해구 여좌동 217,35.154337,128.65927,,KCISA,KCISA
로망스,선릉로157길,playground,서울특별시 강남구 선릉로157길 25,37.526147,127.03769,,KCISA,KCISA
로망스,방화대교,playground,서울특별시 강서구 방화동 방화대교,37.588281,126.82685,,KCISA,KCISA
로망스,김포국제공항,playground,서울특별시 강서구 하늘길 112,37.558655,126.79228,,KCISA,KCISA
로망스,서울마포경찰서,playground,서울특별시 마포구 마포대로 183,37.5507268,126.954238,,KCISA,KCISA
로망스,와우산로,playground,서울특별시 마포구 서교동 406,37.552359,126.92372,,KCISA,KCISA
로망스,올림픽공원,playground,서울특별시 송파구 올림픽로 424,37.5209657,127.116064,,KCISA,KCISA
로망스,이촌로29길,playground,서울특별시 용산구 이촌로29길,37.525257,126.96103,,KCISA,KCISA
로망스,인천국제공항,playground,인천광역시 중구 공항로 272,37.44919,126.4514,,KCISA,KCISA
"로맨스, 토킹",루프탑 카페하루,playground,서울특별시 서대문구 수색로 134-5,37.574824,126.905949,,KCISA,KCISA
로맨스가 필요해,압구정로,playground,서울특별시 강남구 압구정로 436,37.526557,127.04465,,KCISA,KCISA
로맨스가 필요해,월드컵대교,playground,서울특별시 마포구 마포나루길 316,37.55988,126.8871,,KCISA,KCISA
로맨스가 필요해,CJ ENM,playground,서울특별시 마포구 상암산로 66,37.578581,126.89189,,KCISA,KCISA
로맨스가 필요해,월드컵공원,playground,서울특별시 마포구 하늘공원로 86,37.5708905,126.878429,,KCISA,KCISA
로맨스가 필요해,여의도공원,playground,서울특별시 영등포구 여의공원로 68,37.5281241,126.925754,,KCISA,KCISA
로맨스가 필요해,반포대교,playground,서울특별시 서초구 반포동 반포대교,37.512187,126.9976,,KCISA,KCISA
로맨스가 필요해,북촌로11길,playground,서울특별시 종로구 북촌로11길 52,37.582967,126.98348,,KCISA,KCISA
로맨스가 필요해,써밋 갤러리,playground,서울특별시 강남구 영동대로 337,37.504567,127.06475,,KCISA,KCISA
로맨스가 필요해,윤보선길,playground,서울특별시 종로구 윤보선길,37.577559,126.98376,,KCISA,KCISA
로맨스가 필요해,인천국제공항,playground,인천광역시 중구 공항로 272,37.44919,126.4514,,KCISA,KCISA
로맨스는 별책부록,낙산 해수욕장,playground,강원도 양양군 강현면 해맞이길 59,38.1164806,128.63426,,KCISA,KCISA
로맨스는 별책부록,일산문화광장,playground,경기도 고양시 일산동구 중앙로 1271-4,37.65839,126.7704,,KCISA,KCISA
로맨스는 별책부록,AK플라자 수원점,playground,경기도 수원시 팔달구 덕영대로 924,37.265512,127.00042,,KCISA,KCISA
로맨스는 별책부록,벽초지수목원,playground,경기도 파주시 광탄면 부흥로 242,37.800977,126.873712,,KCISA,KCISA
로맨스는 별책부록,블루메미술관,playground,경기도 파주시 탄현면 헤이리마을길 59-30,37.789284,126.69661,,KCISA,KCISA
로맨스는 별책부록,지혜의 숲,playground,경기도 파주시 회동길 145,37.7082492,126.686674,,KCISA,KCISA
로맨스는 별책부록,경희대학교 서울캠퍼스,playground,서울특별시 동대문구 경희대로 26,37.595363,127.05276,,KCISA,KCISA
로맨스는 별책부록,서울시립대학교,playground,서울특별시 동대문구 서울시립대로 163,37.583383,127.059971,,KCISA,KCISA
로맨스는 별책부록,더보이드빌딩,playground,서울특별시 마포구 성지1길 30,37.547944,126.91502,,KCISA,KCISA
로맨스는 별책부록,홍대놀이터공원,playground,서울특별시 마포구 와우산로21길 19-3,37.552212,126.92334,,KCISA,KCISA
로맨스는 별책부록,연세대학교 신촌캠퍼스,playground,서울특별시 서대문구 연세로 50,37.5637563,126.937546,,KCISA,KCISA
로맨스는 별책부록,별책부록 서점,playground,서울특별시 용산구 신흥로16길 7,37.544899,126.98698,,KCISA,KCISA
로맨스는 별책부록,북파크라운지,playground,서울특별시 용산구 이태원로 294,37.540857,127.0024,,KCISA,KCISA
로맨스는 별책부록,율곡로3길,playground,서울특별시 종로구 율곡로3길,37.577811,126.98239,,KCISA,KCISA
로맨스는 별책부록,마음책방 서가는,playground,서울특별시 종로구 창경궁로35길 21 1층,37.586928,127.00181,,KCISA,KCISA
로맨스는 별책부록,용현1.4동,playground,인천광역시 미추홀구 수봉남로18번길 81-22,37.457023,126.6609,,KCISA,KCISA
로맨스는 별책부록,청라스파렉스,playground,인천광역시 서구 청라커낼로260번길 15,37.531979,126.64634,,KCISA,KCISA
로맨스는 별책부록,인천글로벌캠퍼스,playground,인천광역시 연수구 송도문화로 119,37.375439,126.66791,,KCISA,KCISA
로봇이 아니야,아침고요수목원,playground,경기도 가평군 상면 수목원로 432,37.742485,127.35173,,KCISA,KCISA
로봇이 아니야,화이트블럭,playground,경기도 파주시 탄현면 헤이리마을길 72,37.7889189,126.699592,,KCISA,KCISA
로봇이 아니야,지혜의 숲,playground,경기도 파주시 회동길 145,37.7082492,126.686674,,KCISA,KCISA
로봇이 아니야,여차몽돌해수욕장,playground,경상남도 거제시 남부면 여차길 22,34.713819,128.62677,,KCISA,KCISA
로봇이 아니야,거제수협구조라공판장,playground,경상남도 거제시 일운면 구조라로 59,34.804164,128.69623,,KCISA,KCISA
로봇이 아니야,마리몽듀,playground,서울특별시 마포구 독막로7길 56 1층 마리몽듀,37.550168,126.92019,,KCISA,KCISA
로봇이 아니야,가온문화공원,playground,서울특별시 마포구 상암동 1594,37.58181,126.88765,,KCISA,KCISA
로봇이 아니야,상암문화광장,playground,서울특별시 마포구 성암로 255,37.580159,126.89138,,KCISA,KCISA
로봇이 아니야,밤섬공원,playground,서울특별시 마포구 신정동 76-1,37.542941,126.93188,,KCISA,KCISA
로봇이 아니야,경의선숲길공원,playground,서울특별시 마포구 연남동 연남로 80,37.5661595,126.919015,,KCISA,KCISA
로봇이 아니야,노들섬,playground,서울특별시 용산구 양녕로 445,37.5181029,126.957064,,KCISA,KCISA
로봇이 아니야,성흥산 사랑나무,playground,충청남도 부여군 임천면 성흥로97번길 167,36.1971825,126.898347,,KCISA,KCISA
로스쿨,로케이션 이음 (구 로얄퀘스트),playground,경기도 파주시 탄현면 새오리로286번길 48-70,37.713531,126.74641,,KCISA,KCISA
로얄로더,아틀리에홀,playground,서울 마포구 독막로19길 46,37.54907887,126.923705,https://ys-dl.tistory.com/entry/%EB%A1%9C%EC%96%84%EB%A1%9C%EB%8D%94-%EC%B4%AC%EC%98%81%EC%A7%80-22%EA%B3%B3%EC%9D%84-%EC%95%8C%EB%A0%A4%EB%93%9C%EB%A6%BD%EB%8B%88%EB%8B%A4%EC%97%85%EB%8D%B0%EC%9D%B4%ED%8A%B8%EC%A4%91,YSDL,KAKAO
로얄로더,미메시스 아트 뮤지엄,playground,경기 파주시 문발로 253,37.71679273,126.6889188,https://ys-dl.tistory.com/entry/%EB%A1%9C%EC%96%84%EB%A1%9C%EB%8D%94-%EC%B4%AC%EC%98%81%EC%A7%80-22%EA%B3%B3%EC%9D%84-%EC%95%8C%EB%A0%A4%EB%93%9C%EB%A6%BD%EB%8B%88%EB%8B%A4%EC%97%85%EB%8D%B0%EC%9D%B4%ED%8A%B8%EC%A4%91,YSDL,KAKAO
로얄로더,고양아람누리,playground,경기 고양시 일산동구 중앙로 1286,37.66148463,126.7744652,https://ys-dl.tistory.com/entry/%EB%A1%9C%EC%96%84%EB%A1%9C%EB%8D%94-%EC%B4%AC%EC%98%81%EC%A7%80-22%EA%B3%B3%EC%9D%84-%EC%95%8C%EB%A0%A4%EB%93%9C%EB%A6%BD%EB%8B%88%EB%8B%A4%EC%97%85%EB%8D%B0%EC%9D%B4%ED%8A%B8%EC%A4%91,YSDL,KAKAO
로얄로더,단양사격테마파크,playground,충북 단양군 단양읍 노동장현로 207-17,36.96296291,128.3924028,https://ys-dl.tistory.com/entry/%EB%A1%9C%EC%96%84%EB%A1%9C%EB%8D%94-%EC%B4%AC%EC%98%81%EC%A7%80-22%EA%B3%B3%EC%9D%84-%EC%95%8C%EB%A0%A4%EB%93%9C%EB%A6%BD%EB%8B%88%EB%8B%A4%EC%97%85%EB%8D%B0%EC%9D%B4%ED%8A%B8%EC%A4%91,YSDL,KAKAO
로얄로더,용암사,playground,충북 옥천군 옥천읍 삼청2길 400,36.25924007,127.5643047,https://ys-dl.tistory.com/entry/%EB%A1%9C%EC%96%84%EB%A1%9C%EB%8D%94-%EC%B4%AC%EC%98%81%EC%A7%80-22%EA%B3%B3%EC%9D%84-%EC%95%8C%EB%A0%A4%EB%93%9C%EB%A6%BD%EB%8B%88%EB%8B%A4%EC%97%85%EB%8D%B0%EC%9D%B4%ED%8A%B8%EC%A4%91,YSDL,KAKAO
로열 패밀리,부영송도타워,playground,인천광역시 연수구 타워대로 241,37.392364,126.63434,,KCISA,KCISA
루갈,김천 한국보건대 (폐교),playground,경상북도 김천시 어모면 옥율1길 94,36.174427,128.10956,,KCISA,KCISA
루갈,라비두스,playground,서울특별시 중구 필동로5길 7,37.556652,126.99638,,KCISA,KCISA
루카: 더 비기닝,대관령 양떼목장,playground,강원도 평창군 대관령면 대관령마루길 483-32,37.689736,128.753045,,KCISA,KCISA
루카: 더 비기닝,신흥양지연수원,playground,경기도 용인시 처인구 양지면 양주로 86,37.237675,127.26977,,KCISA,KCISA
루카: 더 비기닝,합천 영상 테마파크,playground,경상남도 합천시 용주면 합천호수로 757,35.5489346,128.072475,,KCISA,KCISA
루카: 더 비기닝,감천문화마을,playground,부산광역시 사하구 감내2로 203,35.097412,129.010584,,KCISA,KCISA
루카: 더 비기닝,호수1교,playground,인천광역시 연수구 송도동,37.394678,126.63407,,KCISA,KCISA
루카: 더 비기닝,트라이보울,playground,인천광역시 연수구 인천타워대로 250,37.394084,126.63504,,KCISA,KCISA
리갈하이,경희대국제캠퍼스,playground,경기도 용인시 기흥구 덕영대로 1732,37.240921,127.07958,,KCISA,KCISA
리갈하이,KT&G서울사옥,playground,서울특별시 강남구 영동대로 416,37.506558,127.06523,,KCISA,KCISA
리갈하이,월드컵대교,playground,서울특별시 마포구 마포나루길 316,37.55988,126.8871,,KCISA,KCISA
리갈하이,서울중앙지방법원,playground,서울특별시 서초구 서초중앙로 157,37.496068,127.01148,,KCISA,KCISA
리갈하이,운경재단,playground,서울특별시 종로구 인왕산로 7,37.575038,126.96676,,KCISA,KCISA
리멤버 - 아들의 전쟁,플럼라인,playground,경기도 파주시 문발로 165,37.709541,126.6854,,KCISA,KCISA
리멤버 - 아들의 전쟁,라비두스,playground,서울특별시 중구 필동로5길 7,37.556652,126.99638,,KCISA,KCISA
리버스,홍대걷고싶은거리,playground,서울 마포구 서교동 348-40,37.55594123,126.9242639,https://ys-dl.tistory.com/entry/%EB%A6%AC%EB%B2%84%EC%8A%A4-%EC%B4%AC%EC%98%81%EC%A7%80-15%EA%B3%B3%EC%9D%84-%EC%95%8C%EB%A0%A4%EB%93%9C%EB%A6%BD%EB%8B%88%EB%8B%A4%EC%97%85%EB%8D%B0%EC%9D%B4%ED%8A%B8%EC%A4%91,YSDL,KAKAO
리버스,여의도공원,playground,서울 영등포구 여의공원로 68,37.52613492,126.9223482,https://ys-dl.tistory.com/entry/%EB%A6%AC%EB%B2%84%EC%8A%A4-%EC%B4%AC%EC%98%81%EC%A7%80-15%EA%B3%B3%EC%9D%84-%EC%95%8C%EB%A0%A4%EB%93%9C%EB%A6%BD%EB%8B%88%EB%8B%A4%EC%97%85%EB%8D%B0%EC%9D%B4%ED%8A%B8%EC%A4%91,YSDL,KAKAO
리버스,송도센트럴파크,playground,인천 연수구 송도동 24-5,37.39306396,126.6386297,https://ys-dl.tistory.com/entry/%EB%A6%AC%EB%B2%84%EC%8A%A4-%EC%B4%AC%EC%98%81%EC%A7%80-15%EA%B3%B3%EC%9D%84-%EC%95%8C%EB%A0%A4%EB%93%9C%EB%A6%BD%EB%8B%88%EB%8B%A4%EC%97%85%EB%8D%B0%EC%9D%B4%ED%8A%B8%EC%A4%91,YSDL,KAKAO
리버스,금오름,playground,제주특별자치도 제주시 한림읍 금악리 산 1-1,33.35457233,126.3058389,https://ys-dl.tistory.com/entry/%EB%A6%AC%EB%B2%84%EC%8A%A4-%EC%B4%AC%EC%98%81%EC%A7%80-15%EA%B3%B3%EC%9D%84-%EC%95%8C%EB%A0%A4%EB%93%9C%EB%A6%BD%EB%8B%88%EB%8B%A4%EC%97%85%EB%8D%B0%EC%9D%B4%ED%8A%B8%EC%A4%91,YSDL,KAKAO
리버스,로케이션 이음,playground,경기 파주시 탄현면 새오리로286번길 48-70,37.80403407,126.6931158,https://ys-dl.tistory.com/entry/%EB%A6%AC%EB%B2%84%EC%8A%A4-%EC%B4%AC%EC%98%81%EC%A7%80-15%EA%B3%B3%EC%9D%84-%EC%95%8C%EB%A0%A4%EB%93%9C%EB%A6%BD%EB%8B%88%EB%8B%A4%EC%97%85%EB%8D%B0%EC%9D%B4%ED%8A%B8%EC%A4%91,YSDL,KAKAO
리버스,일산호수공원,playground,경기 고양시 일산동구 호수로 595,37.65613604,126.7641415,https://ys-dl.tistory.com/entry/%EB%A6%AC%EB%B2%84%EC%8A%A4-%EC%B4%AC%EC%98%81%EC%A7%80-15%EA%B3%B3%EC%9D%84-%EC%95%8C%EB%A0%A4%EB%93%9C%EB%A6%BD%EB%8B%88%EB%8B%A4%EC%97%85%EB%8D%B0%EC%9D%B4%ED%8A%B8%EC%A4%91,YSDL,KAKAO
리버스,동산리전망대,playground,강원특별자치도 양양군 현남면 동산리 160-4,37.98252713,128.7609588,https://ys-dl.tistory.com/entry/%EB%A6%AC%EB%B2%84%EC%8A%A4-%EC%B4%AC%EC%98%81%EC%A7%80-15%EA%B3%B3%EC%9D%84-%EC%95%8C%EB%A0%A4%EB%93%9C%EB%A6%BD%EB%8B%88%EB%8B%A4%EC%97%85%EB%8D%B0%EC%9D%B4%ED%8A%B8%EC%A4%91,YSDL,KAKAO
리얼타임러브,은행어린이공원,playground,서울특별시 마포구 성미산로29길 17-3,37.564575,126.92228,,KCISA,KCISA
리치맨,압구정로,playground,서울특별시 강남구 압구정로 436,37.526557,127.04465,,KCISA,KCISA
리치맨,서울동인병원,playground,서울특별시 성동구 왕십리로 382,37.565005,127.02791,,KCISA,KCISA
리치맨,서강대교,playground,서울특별시 영등포구 여의도동 서강대교,37.536911,126.92495,,KCISA,KCISA
리치맨,이태원로 254,playground,서울특별시 용산구 이태원로 254,37.53721,127.0012,,KCISA,KCISA
리치맨,율곡로3길,playground,서울특별시 종로구 율곡로3길,37.577811,126.98239,,KCISA,KCISA
리치맨,트라이보울,playground,인천광역시 연수구 인천타워대로 250,37.394084,126.63504,,KCISA,KCISA
리치맨,인천아트플랫폼,playground,인천광역시 중구 제물량로218번길 3,37.472906,126.62001,,KCISA,KCISA
리턴,서울중앙지방법원,playground,서울특별시 서초구 서초중앙로 157,37.496068,127.01148,,KCISA,KCISA
"링크: 먹고 사랑하라, 죽이게",석촌호수,playground,서울특별시 송파구 잠실동 47,37.509919,127.10298,,KCISA,KCISA
"링크: 먹고 사랑하라, 죽이게",목4동시장,playground,서울특별시 양천구 목동중앙남로10길 2,37.538061,126.8665,,KCISA,KCISA
마녀,인천대공원,playground,인천 남동구 무네미로 238,37.45659086,126.7606047,https://ys-dl.tistory.com/entry/%EB%A7%88%EB%85%80-%EC%B4%AC%EC%98%81%EC%A7%80-6%EA%B3%B3%EC%9D%84-%EC%95%8C%EB%A0%A4%EB%93%9C%EB%A6%BD%EB%8B%88%EB%8B%A4%EC%97%85%EB%8D%B0%EC%9D%B4%ED%8A%B8%EC%A4%91,YSDL,KAKAO
마녀,지암유원지,playground,강원특별자치도 춘천시 사북면 지암리 2-1,37.97989881,127.6424767,https://ys-dl.tistory.com/entry/%EB%A7%88%EB%85%80-%EC%B4%AC%EC%98%81%EC%A7%80-6%EA%B3%B3%EC%9D%84-%EC%95%8C%EB%A0%A4%EB%93%9C%EB%A6%BD%EB%8B%88%EB%8B%A4%EC%97%85%EB%8D%B0%EC%9D%B4%ED%8A%B8%EC%A4%91,YSDL,KAKAO
마녀,도계유리나라,playground,강원특별자치도 삼척시 도계읍 강원남부로 893-36,37.19382119,129.0324024,https://ys-dl.tistory.com/entry/%EB%A7%88%EB%85%80-%EC%B4%AC%EC%98%81%EC%A7%80-6%EA%B3%B3%EC%9D%84-%EC%95%8C%EB%A0%A4%EB%93%9C%EB%A6%BD%EB%8B%88%EB%8B%A4%EC%97%85%EB%8D%B0%EC%9D%B4%ED%8A%B8%EC%A4%91,YSDL,KAKAO
마녀식당으로 오세요,네오위즈,playground,경기도 성남시 분당구 대왕판교로645번길 14,37.400557,127.104395,,KCISA,KCISA
마녀식당으로 오세요,올림픽공원,playground,서울특별시 송파구 올림픽로 424,37.5209657,127.116064,,KCISA,KCISA
마녀식당으로 오세요,기계산업진흥회 (구 기계회관 본관),playground,서울특별시 영등포구 은행로 37,37.529414,126.9226,,KCISA,KCISA
마녀식당으로 오세요,창신동 채석장 전망대,playground,서울특별시 종로구 낙산5길 51,37.578223,127.01164,,KCISA,KCISA
마녀식당으로 오세요,대학로 JTN 아트홀,playground,서울특별시 종로구 이화장길 26,37.576671,127.0039,,KCISA,KCISA
마녀의 법정,경희대국제캠퍼스,playground,경기도 용인시 기흥구 덕영대로 1732,37.240921,127.07958,,KCISA,KCISA
마녀의 법정,강서YD동물의료센터,playground,서울특별시 강서구 화곡로 371,37.556933,126.85223,,KCISA,KCISA
마녀의 법정,뚝섬한강공원,playground,서울특별시 광진구 강변북로 139,37.5293514,127.073958,,KCISA,KCISA
마녀의 법정,DMC문화공원,playground,서울특별시 마포구 월드컵북로 366,37.577736,126.89216,,KCISA,KCISA
마녀의 법정,서대문형무소역사관,playground,서울특별시 서대문구 통일로 251,37.574692,126.95649,,KCISA,KCISA
마녀의 법정,평창30길,playground,서울특별시 종로구 평창30길,37.612338,126.97285,,KCISA,KCISA
마녀의 법정,서울신문사,playground,서울특별시 중구 세종대로 124,37.567385,126.97784,,KCISA,KCISA
마녀의 법정,세종대로,playground,서울특별시 중구 세종대로 86-1,37.563835,126.97677,,KCISA,KCISA
마녀의 법정,스테이트 타워 남산,playground,서울특별시 중구 퇴계로 100,37.560342,126.98297,,KCISA,KCISA
마녀의 연애,화이트블럭,playground,경기도 파주시 탄현면 헤이리마을길 72,37.7889189,126.699592,,KCISA,KCISA
마녀의 연애,지혜의 숲,playground,경기도 파주시 회동길 145,37.7082492,126.686674,,KCISA,KCISA
마녀의 연애,스포엔샤웨딩,playground,서울특별시 강남구 도산대로81길 16-6,37.5255713,127.047991,,KCISA,KCISA
마녀의 연애,상암문화광장,playground,서울특별시 마포구 성암로 255,37.580159,126.89138,,KCISA,KCISA
마녀의 연애,월드컵공원,playground,서울특별시 마포구 하늘공원로 86,37.5708905,126.878429,,KCISA,KCISA
마녀의 연애,서강대교,playground,서울특별시 영등포구 여의도동 서강대교,37.536911,126.92495,,KCISA,KCISA
마녀의 연애,중림동약현성당,playground,서울특별시 중구 청파로 447-1,37.559115,126.96744,,KCISA,KCISA
마성의 기쁨,체인지업캠퍼스 양평캠프,playground,경기도 양평군 용문면 연수로 209,37.4999032,127.575543,,KCISA,KCISA
마성의 기쁨,벽초지수목원,playground,경기도 파주시 광탄면 부흥로 242,37.800977,126.873712,,KCISA,KCISA
마성의 기쁨,약천사,playground,경기도 파주시 교하로681번길 118,37.7057376,126.701279,,KCISA,KCISA
마성의 기쁨,퍼스트가든,playground,경기도 파주시 탑삭골길 260,37.7321551,126.793933,,KCISA,KCISA
마성의 기쁨,월드컵대교,playground,서울특별시 마포구 마포나루길 316,37.55988,126.8871,,KCISA,KCISA
마성의 기쁨,마포대교,playground,서울특별시 영등포구 여의도동 84-5,37.533709,126.9367,,KCISA,KCISA
마성의 기쁨,서강대교,playground,서울특별시 영등포구 여의도동 서강대교,37.536911,126.92495,,KCISA,KCISA
마성의 기쁨,용산가족공원,playground,서울특별시 용산구 서빙고로 137,37.521532,126.98392,,KCISA,KCISA
마성의 기쁨,이촌로29길,playground,서울특별시 용산구 이촌로29길,37.525257,126.96103,,KCISA,KCISA
마성의 기쁨,북촌로11다길,playground,서울특별시 종로구 북촌로11다길 29,37.583447,126.98257,,KCISA,KCISA
마성의 기쁨,북촌로5나길,playground,서울특별시 종로구 북촌로5나길 3-15,37.581058,126.9819,,KCISA,KCISA
마성의 기쁨,갤러리연우,playground,서울특별시 종로구 평창7길 32,37.6164966,126.976,,KCISA,KCISA
마성의 기쁨,삼순이 계단,playground,서울특별시 중구 남산공원길 649,37.554717,126.98177,,KCISA,KCISA
마성의 기쁨,천주교 서울대교구 주교좌명동대성당,playground,서울특별시 중구 명동길 74,37.5632772,126.986827,,KCISA,KCISA
마성의 기쁨,안중근의사기념관,playground,서울특별시 중구 소월로 91,37.553577,126.98035,,KCISA,KCISA
마성의 기쁨,명보사거리,playground,서울특별시 중구 초동 명보사거리,37.564343,126.99284,,KCISA,KCISA
마성의 기쁨,인천국제공항,playground,인천광역시 중구 공항로 272,37.44919,126.4514,,KCISA,KCISA
마성의 기쁨,월미문화의거리,playground,인천광역시 중구 북성동1가 98-57,37.475057,126.59747,,KCISA,KCISA
마스크걸,홍대클럽거리,playground,서울 마포구 와우산로 70,37.55058132,126.9230652,https://ys-dl.tistory.com/entry/%EB%A7%88%EC%8A%A4%ED%81%AC%EA%B1%B8-%EC%B4%AC%EC%98%81%EC%A7%80-34%EA%B3%B3%EC%9D%84-%EC%95%8C%EB%A0%A4%EB%93%9C%EB%A6%BD%EB%8B%88%EB%8B%A4%EC%97%85%EB%8D%B0%EC%9D%B4%ED%8A%B8%EC%A4%91,YSDL,KAKAO
마스크걸,가와지공원,playground,경기 고양시 일산서구 대화동 2113,37.68020157,126.7559214,https://ys-dl.tistory.com/entry/%EB%A7%88%EC%8A%A4%ED%81%AC%EA%B1%B8-%EC%B4%AC%EC%98%81%EC%A7%80-34%EA%B3%B3%EC%9D%84-%EC%95%8C%EB%A0%A4%EB%93%9C%EB%A6%BD%EB%8B%88%EB%8B%A4%EC%97%85%EB%8D%B0%EC%9D%B4%ED%8A%B8%EC%A4%91,YSDL,KAKAO
마스크걸,장암저수지,playground,경기 포천시 이동면 장암리 산 74-12,38.02785173,127.396079,https://ys-dl.tistory.com/entry/%EB%A7%88%EC%8A%A4%ED%81%AC%EA%B1%B8-%EC%B4%AC%EC%98%81%EC%A7%80-34%EA%B3%B3%EC%9D%84-%EC%95%8C%EB%A0%A4%EB%93%9C%EB%A6%BD%EB%8B%88%EB%8B%A4%EC%97%85%EB%8D%B0%EC%9D%B4%ED%8A%B8%EC%A4%91,YSDL,KAKAO
마에스트라,노들섬,playground,서울 용산구 양녕로 445,37.51766014,126.9580339,https://ys-dl.tistory.com/entry/%EB%A7%88%EC%97%90%EC%8A%A4%ED%8A%B8%EB%9D%BC-%EC%B4%AC%EC%98%81%EC%A7%80-5%EA%B3%B3%EC%9D%84-%EC%95%8C%EB%A0%A4%EB%93%9C%EB%A6%BD%EB%8B%88%EB%8B%A4%EC%97%85%EB%8D%B0%EC%9D%B4%ED%8A%B8%EC%A4%91,YSDL,KAKAO
마에스트라,예술의전당 오페라하우스,playground,서울 서초구 남부순환로 2406,37.4793614,127.0138067,https://ys-dl.tistory.com/entry/%EB%A7%88%EC%97%90%EC%8A%A4%ED%8A%B8%EB%9D%BC-%EC%B4%AC%EC%98%81%EC%A7%80-5%EA%B3%B3%EC%9D%84-%EC%95%8C%EB%A0%A4%EB%93%9C%EB%A6%BD%EB%8B%88%EB%8B%A4%EC%97%85%EB%8D%B0%EC%9D%B4%ED%8A%B8%EC%A4%91,YSDL,KAKAO
마에스트라,고양아람누리 아람음악당,playground,경기 고양시 일산동구 중앙로 1286,37.66078154,126.7742973,https://ys-dl.tistory.com/entry/%EB%A7%88%EC%97%90%EC%8A%A4%ED%8A%B8%EB%9D%BC-%EC%B4%AC%EC%98%81%EC%A7%80-5%EA%B3%B3%EC%9D%84-%EC%95%8C%EB%A0%A4%EB%93%9C%EB%A6%BD%EB%8B%88%EB%8B%A4%EC%97%85%EB%8D%B0%EC%9D%B4%ED%8A%B8%EC%A4%91,YSDL,KAKAO
마에스트라,애니포레,playground,강원특별자치도 평창군 대관령면 올림픽로 715,37.63913571,128.6867608,https://ys-dl.tistory.com/entry/%EB%A7%88%EC%97%90%EC%8A%A4%ED%8A%B8%EB%9D%BC-%EC%B4%AC%EC%98%81%EC%A7%80-5%EA%B3%B3%EC%9D%84-%EC%95%8C%EB%A0%A4%EB%93%9C%EB%A6%BD%EB%8B%88%EB%8B%A4%EC%97%85%EB%8D%B0%EC%9D%B4%ED%8A%B8%EC%A4%91,YSDL,KAKAO
마우스,장흥교도소 세트장,playground,전라남도 장흥군 장흥읍 원도리 191,34.686804,126.91329,,KCISA,KCISA
마음의 소리,현디자인연구소,playground,서울특별시 마포구 성미산로 165-7,37.56505,126.92474,,KCISA,KCISA
마이 네임,아난티 클럽 서울,playground,경기도 가평군 설악면 유명로 961-34,37.619609,127.48216,,KCISA,KCISA
마이 네임,파도리해수욕장,playground,충청남도 태안군 소원면 파도길 63-12,36.738979,126.13356,,KCISA,KCISA
마이 시크릿 호텔,플럼라인,playground,경기도 파주시 문발로 165,37.709541,126.6854,,KCISA,KCISA
마이 온리 러브송,부용대,playground,경상북도 안동시 풍천면 광덕솔밭길 72,36.542914,128.51663,,KCISA,KCISA
마이 유스,난지한강공원,playground,서울 마포구 상암동 495-72,37.56703991,126.8756078,https://ys-dl.tistory.com/entry/%EB%A7%88%EC%9D%B4%EC%9C%A0%EC%8A%A4-%EC%B4%AC%EC%98%81%EC%A7%80-13%EA%B3%B3%EC%9D%84-%EC%95%8C%EB%A0%A4%EB%93%9C%EB%A6%BD%EB%8B%88%EB%8B%A4%EC%97%85%EB%8D%B0%EC%9D%B4%ED%8A%B8%EC%A4%91,YSDL,KAKAO
마이 유스,여의도한강공원,playground,서울 영등포구 여의도동 85,37.5263886,126.9351293,https://ys-dl.tistory.com/entry/%EB%A7%88%EC%9D%B4%EC%9C%A0%EC%8A%A4-%EC%B4%AC%EC%98%81%EC%A7%80-13%EA%B3%B3%EC%9D%84-%EC%95%8C%EB%A0%A4%EB%93%9C%EB%A6%BD%EB%8B%88%EB%8B%A4%EC%97%85%EB%8D%B0%EC%9D%B4%ED%8A%B8%EC%A4%91,YSDL,KAKAO
마이 유스,열린송현녹지광장,playground,서울 종로구 송현동 48-9,37.57656808,126.9817151,https://ys-dl.tistory.com/entry/%EB%A7%88%EC%9D%B4%EC%9C%A0%EC%8A%A4-%EC%B4%AC%EC%98%81%EC%A7%80-13%EA%B3%B3%EC%9D%84-%EC%95%8C%EB%A0%A4%EB%93%9C%EB%A6%BD%EB%8B%88%EB%8B%A4%EC%97%85%EB%8D%B0%EC%9D%B4%ED%8A%B8%EC%A4%91,YSDL,KAKAO
마이 유스,이화동 벽화마을,playground,서울 종로구 이화동 9-413,37.57797573,127.0071015,https://ys-dl.tistory.com/entry/%EB%A7%88%EC%9D%B4%EC%9C%A0%EC%8A%A4-%EC%B4%AC%EC%98%81%EC%A7%80-13%EA%B3%B3%EC%9D%84-%EC%95%8C%EB%A0%A4%EB%93%9C%EB%A6%BD%EB%8B%88%EB%8B%A4%EC%97%85%EB%8D%B0%EC%9D%B4%ED%8A%B8%EC%A4%91,YSDL,KAKAO
마이 유스,월곡산,playground,서울 성북구 상월곡동 산 1-1,37.61002852,127.0442956,https://ys-dl.tistory.com/entry/%EB%A7%88%EC%9D%B4%EC%9C%A0%EC%8A%A4-%EC%B4%AC%EC%98%81%EC%A7%80-13%EA%B3%B3%EC%9D%84-%EC%95%8C%EB%A0%A4%EB%93%9C%EB%A6%BD%EB%8B%88%EB%8B%A4%EC%97%85%EB%8D%B0%EC%9D%B4%ED%8A%B8%EC%A4%91,YSDL,KAKAO
마이 유스,경춘선숲길,playground,서울 노원구 공릉동 320-2,37.62069181,127.078706,https://ys-dl.tistory.com/entry/%EB%A7%88%EC%9D%B4%EC%9C%A0%EC%8A%A4-%EC%B4%AC%EC%98%81%EC%A7%80-13%EA%B3%B3%EC%9D%84-%EC%95%8C%EB%A0%A4%EB%93%9C%EB%A6%BD%EB%8B%88%EB%8B%A4%EC%97%85%EB%8D%B0%EC%9D%B4%ED%8A%B8%EC%A4%91,YSDL,KAKAO
마이 유스,청라호수공원,playground,인천 서해구 청라동 106-2,37.53249043,126.6342799,https://ys-dl.tistory.com/entry/%EB%A7%88%EC%9D%B4%EC%9C%A0%EC%8A%A4-%EC%B4%AC%EC%98%81%EC%A7%80-13%EA%B3%B3%EC%9D%84-%EC%95%8C%EB%A0%A4%EB%93%9C%EB%A6%BD%EB%8B%88%EB%8B%A4%EC%97%85%EB%8D%B0%EC%9D%B4%ED%8A%B8%EC%A4%91,YSDL,KAKAO
마이 유스,영종달빛광장,playground,인천 영종구 중산동 1877-5,37.48692797,126.5605662,https://ys-dl.tistory.com/entry/%EB%A7%88%EC%9D%B4%EC%9C%A0%EC%8A%A4-%EC%B4%AC%EC%98%81%EC%A7%80-13%EA%B3%B3%EC%9D%84-%EC%95%8C%EB%A0%A4%EB%93%9C%EB%A6%BD%EB%8B%88%EB%8B%A4%EC%97%85%EB%8D%B0%EC%9D%B4%ED%8A%B8%EC%A4%91,YSDL,KAKAO
마이 유스,송도센트럴파크,playground,인천 연수구 송도동 24-5,37.39306396,126.6386297,https://ys-dl.tistory.com/entry/%EB%A7%88%EC%9D%B4%EC%9C%A0%EC%8A%A4-%EC%B4%AC%EC%98%81%EC%A7%80-13%EA%B3%B3%EC%9D%84-%EC%95%8C%EB%A0%A4%EB%93%9C%EB%A6%BD%EB%8B%88%EB%8B%A4%EC%97%85%EB%8D%B0%EC%9D%B4%ED%8A%B8%EC%A4%91,YSDL,KAKAO
마이 유스,프로방스마을,playground,경기 파주시 탄현면 새오리로 77,37.79040523,126.6852386,https://ys-dl.tistory.com/entry/%EB%A7%88%EC%9D%B4%EC%9C%A0%EC%8A%A4-%EC%B4%AC%EC%98%81%EC%A7%80-13%EA%B3%B3%EC%9D%84-%EC%95%8C%EB%A0%A4%EB%93%9C%EB%A6%BD%EB%8B%88%EB%8B%A4%EC%97%85%EB%8D%B0%EC%9D%B4%ED%8A%B8%EC%A4%91,YSDL,KAKAO
마이 유스,주문진해변,playground,강원특별자치도 강릉시 주문진읍 향호리 8-35,37.91111952,128.8187802,https://ys-dl.tistory.com/entry/%EB%A7%88%EC%9D%B4%EC%9C%A0%EC%8A%A4-%EC%B4%AC%EC%98%81%EC%A7%80-13%EA%B3%B3%EC%9D%84-%EC%95%8C%EB%A0%A4%EB%93%9C%EB%A6%BD%EB%8B%88%EB%8B%A4%EC%97%85%EB%8D%B0%EC%9D%B4%ED%8A%B8%EC%A4%91,YSDL,KAKAO
마이 유스,영일대 전망대,playground,경북 포항시 북구 해안로 173,36.06156451,129.383052,https://ys-dl.tistory.com/entry/%EB%A7%88%EC%9D%B4%EC%9C%A0%EC%8A%A4-%EC%B4%AC%EC%98%81%EC%A7%80-13%EA%B3%B3%EC%9D%84-%EC%95%8C%EB%A0%A4%EB%93%9C%EB%A6%BD%EB%8B%88%EB%8B%A4%EC%97%85%EB%8D%B0%EC%9D%B4%ED%8A%B8%EC%A4%91,YSDL,KAKAO
마이 유스,포항해상스카이워크,playground,경북 포항시 북구 여남동,36.07237118,129.4141753,https://ys-dl.tistory.com/entry/%EB%A7%88%EC%9D%B4%EC%9C%A0%EC%8A%A4-%EC%B4%AC%EC%98%81%EC%A7%80-13%EA%B3%B3%EC%9D%84-%EC%95%8C%EB%A0%A4%EB%93%9C%EB%A6%BD%EB%8B%88%EB%8B%A4%EC%97%85%EB%8D%B0%EC%9D%B4%ED%8A%B8%EC%A4%91,YSDL,KAKAO
마이 유스,철길숲,playground,경북 포항시 남구 대잠동 171-5,36.01267611,129.3413062,https://ys-dl.tistory.com/entry/%EB%A7%88%EC%9D%B4%EC%9C%A0%EC%8A%A4-%EC%B4%AC%EC%98%81%EC%A7%80-13%EA%B3%B3%EC%9D%84-%EC%95%8C%EB%A0%A4%EB%93%9C%EB%A6%BD%EB%8B%88%EB%8B%A4%EC%97%85%EB%8D%B0%EC%9D%B4%ED%8A%B8%EC%A4%91,YSDL,KAKAO
마이 유스,송도솔밭도시숲,playground,경북 포항시 남구 송도동 254-100,36.04322536,129.3753632,https://ys-dl.tistory.com/entry/%EB%A7%88%EC%9D%B4%EC%9C%A0%EC%8A%A4-%EC%B4%AC%EC%98%81%EC%A7%80-13%EA%B3%B3%EC%9D%84-%EC%95%8C%EB%A0%A4%EB%93%9C%EB%A6%BD%EB%8B%88%EB%8B%A4%EC%97%85%EB%8D%B0%EC%9D%B4%ED%8A%B8%EC%A4%91,YSDL,KAKAO
마이 유스,삼정해수욕장,playground,경북 포항시 남구 구룡포읍 삼정리 961-16,36.00421472,129.5722514,https://ys-dl.tistory.com/entry/%EB%A7%88%EC%9D%B4%EC%9C%A0%EC%8A%A4-%EC%B4%AC%EC%98%81%EC%A7%80-13%EA%B3%B3%EC%9D%84-%EC%95%8C%EB%A0%A4%EB%93%9C%EB%A6%BD%EB%8B%88%EB%8B%A4%EC%97%85%EB%8D%B0%EC%9D%B4%ED%8A%B8%EC%A4%91,YSDL,KAKAO
마이 유스,구룡포해수욕장,playground,경북 포항시 남구 구룡포읍 구룡포리 9-16,35.99712509,129.5660739,https://ys-dl.tistory.com/entry/%EB%A7%88%EC%9D%B4%EC%9C%A0%EC%8A%A4-%EC%B4%AC%EC%98%81%EC%A7%80-13%EA%B3%B3%EC%9D%84-%EC%95%8C%EB%A0%A4%EB%93%9C%EB%A6%BD%EB%8B%88%EB%8B%A4%EC%97%85%EB%8D%B0%EC%9D%B4%ED%8A%B8%EC%A4%91,YSDL,KAKAO
마이 유스,경주월드,playground,경북 경주시 보문로 544,35.83625257,129.282066,https://ys-dl.tistory.com/entry/%EB%A7%88%EC%9D%B4%EC%9C%A0%EC%8A%A4-%EC%B4%AC%EC%98%81%EC%A7%80-13%EA%B3%B3%EC%9D%84-%EC%95%8C%EB%A0%A4%EB%93%9C%EB%A6%BD%EB%8B%88%EB%8B%A4%EC%97%85%EB%8D%B0%EC%9D%B4%ED%8A%B8%EC%A4%91,YSDL,KAKAO
마이 유스,다대포해수욕장,playground,부산 사하구 다대동,35.04652635,128.9627412,https://ys-dl.tistory.com/entry/%EB%A7%88%EC%9D%B4%EC%9C%A0%EC%8A%A4-%EC%B4%AC%EC%98%81%EC%A7%80-13%EA%B3%B3%EC%9D%84-%EC%95%8C%EB%A0%A4%EB%93%9C%EB%A6%BD%EB%8B%88%EB%8B%A4%EC%97%85%EB%8D%B0%EC%9D%B4%ED%8A%B8%EC%A4%91,YSDL,KAKAO
마이 프린세스,일영허브랜드,playground,경기도 양주시 장흥면 일영로 346-26,37.67548,126.9237,,KCISA,KCISA
마이 프린세스,용인 대장금 파크,playground,경기도 용인시 처인구 백암면 용천드라마길 25,37.1209396,127.337296,,KCISA,KCISA
마이 프린세스,압구정로,playground,서울특별시 강남구 압구정로 436,37.526557,127.04465,,KCISA,KCISA
마이 프린세스,주한앙골라대사관저,playground,서울특별시 성북구 선잠로2길 211,37.59926,127.0012,,KCISA,KCISA
마이 프린세스,율곡로3길,playground,서울특별시 종로구 율곡로3길,37.577811,126.98239,,KCISA,KCISA
마이 프린세스,국립고궁박물관,playground,서울특별시 종로구 효자로 12,37.5764119,126.976715,,KCISA,KCISA
마이 프린세스,베어트리파크,playground,세종특별자치시 전동면 신송로 217,36.670592,127.209267,,KCISA,KCISA
마이 프린세스,인천국제공항,playground,인천광역시 중구 공항로 272,37.44919,126.4514,,KCISA,KCISA
마이걸,63스퀘어,playground,서울특별시 영등포구 63로 50,37.519811,126.94017,,KCISA,KCISA
마이데몬,구룡근린공원,playground,서울 마포구 상암동 313-3,37.58300304,126.8837734,https://ys-dl.tistory.com/entry/%EB%A7%88%EC%9D%B4%EB%8D%B0%EB%AA%AC-%EC%B4%AC%EC%98%81%EC%A7%80-8%EA%B3%B3%EC%9D%84-%EC%95%8C%EB%A0%A4%EB%93%9C%EB%A6%BD%EB%8B%88%EB%8B%A4%EC%97%85%EB%8D%B0%EC%9D%B4%ED%8A%B8%EC%A4%91,YSDL,KAKAO
마이데몬,난지한강공원,playground,서울 마포구 상암동 495-72,37.56703991,126.8756078,https://ys-dl.tistory.com/entry/%EB%A7%88%EC%9D%B4%EB%8D%B0%EB%AA%AC-%EC%B4%AC%EC%98%81%EC%A7%80-8%EA%B3%B3%EC%9D%84-%EC%95%8C%EB%A0%A4%EB%93%9C%EB%A6%BD%EB%8B%88%EB%8B%A4%EC%97%85%EB%8D%B0%EC%9D%B4%ED%8A%B8%EC%A4%91,YSDL,KAKAO
마이데몬,노들섬,playground,서울 용산구 양녕로 445,37.51766014,126.9580339,https://ys-dl.tistory.com/entry/%EB%A7%88%EC%9D%B4%EB%8D%B0%EB%AA%AC-%EC%B4%AC%EC%98%81%EC%A7%80-8%EA%B3%B3%EC%9D%84-%EC%95%8C%EB%A0%A4%EB%93%9C%EB%A6%BD%EB%8B%88%EB%8B%A4%EC%97%85%EB%8D%B0%EC%9D%B4%ED%8A%B8%EC%A4%91,YSDL,KAKAO
마이데몬,서울숲 거울연못,playground,서울 성동구 성수동1가 645-2,37.54423821,127.0409943,https://ys-dl.tistory.com/entry/%EB%A7%88%EC%9D%B4%EB%8D%B0%EB%AA%AC-%EC%B4%AC%EC%98%81%EC%A7%80-8%EA%B3%B3%EC%9D%84-%EC%95%8C%EB%A0%A4%EB%93%9C%EB%A6%BD%EB%8B%88%EB%8B%A4%EC%97%85%EB%8D%B0%EC%9D%B4%ED%8A%B8%EC%A4%91,YSDL,KAKAO
마이데몬,뚝섬한강공원,playground,서울 광진구 자양동 427-6,37.52929744,127.0689211,https://ys-dl.tistory.com/entry/%EB%A7%88%EC%9D%B4%EB%8D%B0%EB%AA%AC-%EC%B4%AC%EC%98%81%EC%A7%80-8%EA%B3%B3%EC%9D%84-%EC%95%8C%EB%A0%A4%EB%93%9C%EB%A6%BD%EB%8B%88%EB%8B%A4%EC%97%85%EB%8D%B0%EC%9D%B4%ED%8A%B8%EC%A4%91,YSDL,KAKAO
마이데몬,유니버설아트센터,playground,서울 광진구 천호대로 664,37.55090878,127.0879756,https://ys-dl.tistory.com/entry/%EB%A7%88%EC%9D%B4%EB%8D%B0%EB%AA%AC-%EC%B4%AC%EC%98%81%EC%A7%80-8%EA%B3%B3%EC%9D%84-%EC%95%8C%EB%A0%A4%EB%93%9C%EB%A6%BD%EB%8B%88%EB%8B%A4%EC%97%85%EB%8D%B0%EC%9D%B4%ED%8A%B8%EC%A4%91,YSDL,KAKAO
마이데몬,용인대장금파크 관가,playground,경기 용인시 처인구 백암면 용천드라마길 25,37.12160248,127.3376128,https://ys-dl.tistory.com/entry/%EB%A7%88%EC%9D%B4%EB%8D%B0%EB%AA%AC-%EC%B4%AC%EC%98%81%EC%A7%80-8%EA%B3%B3%EC%9D%84-%EC%95%8C%EB%A0%A4%EB%93%9C%EB%A6%BD%EB%8B%88%EB%8B%A4%EC%97%85%EB%8D%B0%EC%9D%B4%ED%8A%B8%EC%A4%91,YSDL,KAKAO
마이데몬,자작도해수욕장,playground,강원특별자치도 고성군 죽왕면 문암진리,38.30868391,128.5427296,https://ys-dl.tistory.com/entry/%EB%A7%88%EC%9D%B4%EB%8D%B0%EB%AA%AC-%EC%B4%AC%EC%98%81%EC%A7%80-8%EA%B3%B3%EC%9D%84-%EC%95%8C%EB%A0%A4%EB%93%9C%EB%A6%BD%EB%8B%88%EB%8B%A4%EC%97%85%EB%8D%B0%EC%9D%B4%ED%8A%B8%EC%A4%91,YSDL,KAKAO
마이데몬,무릉계곡,playground,강원특별자치도 동해시 삼화동 산 267-3,37.46307181,129.0148494,https://ys-dl.tistory.com/entry/%EB%A7%88%EC%9D%B4%EB%8D%B0%EB%AA%AC-%EC%B4%AC%EC%98%81%EC%A7%80-8%EA%B3%B3%EC%9D%84-%EC%95%8C%EB%A0%A4%EB%93%9C%EB%A6%BD%EB%8B%88%EB%8B%A4%EC%97%85%EB%8D%B0%EC%9D%B4%ED%8A%B8%EC%A4%91,YSDL,KAKAO
마이데몬,단양사격테마파크,playground,충북 단양군 단양읍 노동장현로 207-17,36.96296291,128.3924028,https://ys-dl.tistory.com/entry/%EB%A7%88%EC%9D%B4%EB%8D%B0%EB%AA%AC-%EC%B4%AC%EC%98%81%EC%A7%80-8%EA%B3%B3%EC%9D%84-%EC%95%8C%EB%A0%A4%EB%93%9C%EB%A6%BD%EB%8B%88%EB%8B%A4%EC%97%85%EB%8D%B0%EC%9D%B4%ED%8A%B8%EC%A4%91,YSDL,KAKAO
마인,아난티 클럽 서울,playground,경기도 가평군 설악면 유명로 961-34,37.619609,127.48216,,KCISA,KCISA
마인,청아공원기독교전용관,playground,경기도 고양시 일산동구 은마길 129,37.719031,126.80572,,KCISA,KCISA
마인,고양종합운동장,playground,경기도 고양시 일산서구 중앙로 1601,37.67639,126.7431,,KCISA,KCISA
마인,베르아델승마클럽,playground,경기도 안산시 단원구 부흥로 376,37.212744,126.608469,,KCISA,KCISA
마인,마임비전빌리지,playground,경기도 여주시 능서면 용은리 443,37.2925249,127.539781,,KCISA,KCISA
마인,에펠타워,playground,경기도 파주시 경의로 1114,37.716675,126.76033,,KCISA,KCISA
마인,벽초지수목원,playground,경기도 파주시 광탄면 부흥로 242,37.800977,126.873712,,KCISA,KCISA
마인,미메시스 아트 뮤지엄,playground,경기도 파주시 문발동 253,37.716786,126.68877,,KCISA,KCISA
마인,화이트블럭,playground,경기도 파주시 탄현면 헤이리마을길 72,37.7889189,126.699592,,KCISA,KCISA
마인,파르나스타워,playground,서울특별시 강남구 테헤란로 521,37.50947,127.0614,,KCISA,KCISA
마인,정릉골,playground,서울특별시 성북구 정릉동 정릉골주택재개발지역,37.603161,127.01374,,KCISA,KCISA
마인,이촌로29길,playground,서울특별시 용산구 이촌로29길,37.525257,126.96103,,KCISA,KCISA
마인,우신빌딩,playground,서울특별시 종로구 돈화문로 32-1,37.571489,126.99209,,KCISA,KCISA
마인,인천국제공항,playground,인천광역시 중구 공항로 272,37.44919,126.4514,,KCISA,KCISA
마인,백석대학교,playground,충청남도 천안시 동남구 백석대학로 1-11,36.839281,127.18596,,KCISA,KCISA
마지막 썸머,진관사,playground,서울 은평구 진관길 73,37.63803747,126.9468857,https://ys-dl.tistory.com/entry/%EB%A7%88%EC%A7%80%EB%A7%89-%EC%8D%B8%EB%A8%B8-%EC%B4%AC%EC%98%81%EC%A7%80-7%EA%B3%B3%EC%9D%84-%EC%95%8C%EB%A0%A4%EB%93%9C%EB%A6%BD%EB%8B%88%EB%8B%A4%EC%97%85%EB%8D%B0%EC%9D%B4%ED%8A%B8%EC%A4%91,YSDL,KAKAO
마지막 썸머,여의도물빛광장,playground,서울 영등포구 여의도동 84-9,37.53068366,126.9288375,https://ys-dl.tistory.com/entry/%EB%A7%88%EC%A7%80%EB%A7%89-%EC%8D%B8%EB%A8%B8-%EC%B4%AC%EC%98%81%EC%A7%80-7%EA%B3%B3%EC%9D%84-%EC%95%8C%EB%A0%A4%EB%93%9C%EB%A6%BD%EB%8B%88%EB%8B%A4%EC%97%85%EB%8D%B0%EC%9D%B4%ED%8A%B8%EC%A4%91,YSDL,KAKAO
마지막 썸머,심학산 약천사,playground,경기 파주시 교하로681번길 118,37.7055955,126.7011199,https://ys-dl.tistory.com/entry/%EB%A7%88%EC%A7%80%EB%A7%89-%EC%8D%B8%EB%A8%B8-%EC%B4%AC%EC%98%81%EC%A7%80-7%EA%B3%B3%EC%9D%84-%EC%95%8C%EB%A0%A4%EB%93%9C%EB%A6%BD%EB%8B%88%EB%8B%A4%EC%97%85%EB%8D%B0%EC%9D%B4%ED%8A%B8%EC%A4%91,YSDL,KAKAO
마지막 썸머,운정호수공원,playground,경기 파주시 와동동,37.71988717,126.7578737,https://ys-dl.tistory.com/entry/%EB%A7%88%EC%A7%80%EB%A7%89-%EC%8D%B8%EB%A8%B8-%EC%B4%AC%EC%98%81%EC%A7%80-7%EA%B3%B3%EC%9D%84-%EC%95%8C%EB%A0%A4%EB%93%9C%EB%A6%BD%EB%8B%88%EB%8B%A4%EC%97%85%EB%8D%B0%EC%9D%B4%ED%8A%B8%EC%A4%91,YSDL,KAKAO
마지막 썸머,이월드,playground,대구 달서구 두류공원로 200,35.85405804,128.5647137,https://ys-dl.tistory.com/entry/%EB%A7%88%EC%A7%80%EB%A7%89-%EC%8D%B8%EB%A8%B8-%EC%B4%AC%EC%98%81%EC%A7%80-7%EA%B3%B3%EC%9D%84-%EC%95%8C%EB%A0%A4%EB%93%9C%EB%A6%BD%EB%8B%88%EB%8B%A4%EC%97%85%EB%8D%B0%EC%9D%B4%ED%8A%B8%EC%A4%91,YSDL,KAKAO
매드독,동아디지털미디어센터,playground,서울특별시 마포구 매봉산로 75,37.57832,126.89285,,KCISA,KCISA
매드독,윤희빌딩,playground,서울특별시 서대문구 신촌역로 22-8,37.558825,126.9433,,KCISA,KCISA
매드독,서대문형무소역사관,playground,서울특별시 서대문구 통일로 251,37.574692,126.95649,,KCISA,KCISA
매드독,원효대교,playground,서울특별시 영등포구 여의도동 원효대교,37.527046,126.94571,,KCISA,KCISA
매드독,인천국제공항,playground,인천광역시 중구 공항로 272,37.44919,126.4514,,KCISA,KCISA
매리는 외박중,아침고요수목원,playground,경기도 가평군 상면 수목원로 432,37.742485,127.35173,,KCISA,KCISA
매리는 외박중,어울마당로,playground,서울특별시 마포구 어울마당로,37.55003,126.92113,,KCISA,KCISA
매리는 외박중,aA 디자인 뮤지엄,playground,서울특별시 마포구 와우산로17길 19-18,37.549523,126.92137,,KCISA,KCISA
매리는 외박중,홍대놀이터공원,playground,서울특별시 마포구 와우산로21길 19-3,37.552212,126.92334,,KCISA,KCISA
매리는 외박중,동작대교,playground,서울특별시 용산구 이촌동 동작대교,37.51041,126.981893,,KCISA,KCISA
매리는 외박중,광화문교보빌딩,playground,서울특별시 종로구 종로 1 교보생명빌딩 지하1층,37.570831,126.97783,,KCISA,KCISA
매리는 외박중,세종대로,playground,서울특별시 중구 세종대로 86-1,37.563835,126.97677,,KCISA,KCISA
매리는 외박중,인천국제공항,playground,인천광역시 중구 공항로 272,37.44919,126.4514,,KCISA,KCISA
맨 끝줄 소년,수변공원,playground,충북 음성군 맹동면 두성리 1067,36.91420338,127.5484224,https://ys-dl.tistory.com/entry/%EB%A7%A8-%EB%81%9D%EC%A4%84-%EC%86%8C%EB%85%84-%EC%B4%AC%EC%98%81%EC%A7%80-29%EA%B3%B3%EC%9D%84-%EC%95%8C%EB%A0%A4%EB%93%9C%EB%A6%BD%EB%8B%88%EB%8B%A4,YSDL,KAKAO
맨 끝줄 소년,수원화성박물관,playground,경기 수원시 팔달구 창룡대로 21,37.28271753,127.0190255,https://ys-dl.tistory.com/entry/%EB%A7%A8-%EB%81%9D%EC%A4%84-%EC%86%8C%EB%85%84-%EC%B4%AC%EC%98%81%EC%A7%80-29%EA%B3%B3%EC%9D%84-%EC%95%8C%EB%A0%A4%EB%93%9C%EB%A6%BD%EB%8B%88%EB%8B%A4,YSDL,KAKAO
맨 끝줄 소년,엑스코 서관,playground,대구 북구 엑스코로 10,35.90717733,128.6130296,https://ys-dl.tistory.com/entry/%EB%A7%A8-%EB%81%9D%EC%A4%84-%EC%86%8C%EB%85%84-%EC%B4%AC%EC%98%81%EC%A7%80-29%EA%B3%B3%EC%9D%84-%EC%95%8C%EB%A0%A4%EB%93%9C%EB%A6%BD%EB%8B%88%EB%8B%A4,YSDL,KAKAO
맨도롱 또똣,서울디자인재단,playground,서울특별시 중구 을지로 281,37.566752,127.0101,,KCISA,KCISA
맨도롱 또똣,제주국제공항,playground,제주특별자치도 제주시 공항로 2,33.506548,126.49304,,KCISA,KCISA
맨도롱 또똣,신창풍차해안 등대,playground,제주특별자치도 제주시 한경면 신창리 1481-14,33.34543,126.1693,,KCISA,KCISA
맨몸의 소방관,로케이션 이음 (구 로얄퀘스트),playground,경기도 파주시 탄현면 새오리로286번길 48-70,37.713531,126.74641,,KCISA,KCISA
맨투맨,사우스케이프오너스클럽,playground,경상남도 남해군 창선면 흥선로 1545,34.836501,128.07449,,KCISA,KCISA
맨투맨,파르나스타워,playground,서울특별시 강남구 테헤란로 521,37.50947,127.0614,,KCISA,KCISA
맨투맨,중림동약현성당,playground,서울특별시 중구 청파로 447-1,37.559115,126.96744,,KCISA,KCISA
맨홀,하늘공원,playground,서울 마포구 상암동 481-72,37.5685397,126.8868838,https://ys-dl.tistory.com/entry/%EB%A7%A8%ED%99%80-%EC%B4%AC%EC%98%81%EC%A7%80-%EC%84%9C%EC%9A%B8-56%EA%B3%B3%EC%9D%84-%EC%95%8C%EB%A0%A4%EB%93%9C%EB%A6%BD%EB%8B%88%EB%8B%A4,YSDL,KAKAO
맨홀,안중근의사기념관,playground,서울 중구 소월로 91,37.55348074,126.9803989,https://ys-dl.tistory.com/entry/%EB%A7%A8%ED%99%80-%EC%B4%AC%EC%98%81%EC%A7%80-%EC%84%9C%EC%9A%B8-56%EA%B3%B3%EC%9D%84-%EC%95%8C%EB%A0%A4%EB%93%9C%EB%A6%BD%EB%8B%88%EB%8B%A4,YSDL,KAKAO
맨홀,솔밭근린공원,playground,서울 강북구 삼양로 561,37.65279975,127.0117718,https://ys-dl.tistory.com/entry/%EB%A7%A8%ED%99%80-%EC%B4%AC%EC%98%81%EC%A7%80-%EC%84%9C%EC%9A%B8-56%EA%B3%B3%EC%9D%84-%EC%95%8C%EB%A0%A4%EB%93%9C%EB%A6%BD%EB%8B%88%EB%8B%A4,YSDL,KAKAO
맨홀,샘말어린이공원,playground,서울 도봉구 방학동 611-5,37.66852,127.0317366,https://ys-dl.tistory.com/entry/%EB%A7%A8%ED%99%80-%EC%B4%AC%EC%98%81%EC%A7%80-%EC%84%9C%EC%9A%B8-56%EA%B3%B3%EC%9D%84-%EC%95%8C%EB%A0%A4%EB%93%9C%EB%A6%BD%EB%8B%88%EB%8B%A4,YSDL,KAKAO
맨홀,등명해변,playground,강원도 강릉시 강동면 정동진리 440-7,37.704451,129.01646,,KCISA,KCISA
맨홀,퍼스트가든,playground,경기도 파주시 탑삭골길 260,37.7321551,126.793933,,KCISA,KCISA
맨홀,샘말어린이공원,playground,서울특별시 도봉구 방학동 611-5,37.668472,127.03165,,KCISA,KCISA
맨홀,하늘공원,playground,서울특별시 마포구 하늘공원로 95,37.567465,126.88546,,KCISA,KCISA
맨홀,신촌벽화터널,playground,서울특별시 서대문구 대신동 143-28,37.560188,126.94127,,KCISA,KCISA
맨홀,윤희빌딩,playground,서울특별시 서대문구 신촌역로 22-8,37.558825,126.9433,,KCISA,KCISA
맨홀,오산고등학교,playground,서울특별시 용산구 보광로7길 17,37.523475,126.99958,,KCISA,KCISA
맨홀,WE ARE YOUNG 벽화,playground,서울특별시 종로구 율곡로3길 64,37.578366,126.98219,,KCISA,KCISA
맨홀,안국동 We Are Young 벽화,playground,서울특별시 종로구 율곡로3길 64 육교 밑,37.578366,126.98219,,KCISA,KCISA
맨홀,안중근의사기념관,playground,서울특별시 중구 소월로 91,37.553577,126.98035,,KCISA,KCISA
맹감독의 악플러,MBC 문화동산,playground,경기 양주시 만송로 394-104,37.79144207,127.1007849,https://ys-dl.tistory.com/entry/%EB%A7%B9%EA%B0%90%EB%8F%85%EC%9D%98-%EC%95%85%ED%94%8C%EB%9F%AC-%EC%B4%AC%EC%98%81%EC%A7%80-7%EA%B3%B3%EC%9D%84-%EC%95%8C%EB%A0%A4%EB%93%9C%EB%A6%BD%EB%8B%88%EB%8B%A4%EC%97%85%EB%8D%B0%EC%9D%B4%ED%8A%B8%EC%A4%91,YSDL,KAKAO
멀리서 보면 푸른 봄,가평탑랜드,playground,경기도 가평군 가평읍 북한강변로 1044-15,37.806013,127.52605,,KCISA,KCISA
멀리서 보면 푸른 봄,원마운트,playground,경기도 고양시 일산서구 한류월드로 300,37.664347,126.754379,,KCISA,KCISA
멀리서 보면 푸른 봄,서강대교,playground,서울특별시 영등포구 여의도동 서강대교,37.536911,126.92495,,KCISA,KCISA
멀리서 보면 푸른 봄,수노래연습장 홍대 본점,playground,서울특별시 와우산로21길 37,37.55227,126.92171,,KCISA,KCISA
멀리서 보면 푸른 봄,명동쇼핑거리,playground,서울특별시 중구 명동길 명동쇼핑거리,37.564111,126.98609,,KCISA,KCISA
멀리서 보면 푸른 봄,상명대학교 천안캠퍼스,playground,충청남도 천안시 동남구 상명대길 31,36.833601,127.17916,,KCISA,KCISA
멈추고 싶은 순간: 어바웃타임,원주세브란스기독병원,playground,강원도 원주시 일산로 20,37.348469,127.94518,,KCISA,KCISA
멈추고 싶은 순간: 어바웃타임,화이트블럭,playground,경기도 파주시 탄현면 헤이리마을길 72,37.7889189,126.699592,,KCISA,KCISA
멈추고 싶은 순간: 어바웃타임,원주세브란스기독병원,playground,강원도 원주시 일산로 20,37.348469,127.94518,,KCISA,KCISA
멈추고 싶은 순간: 어바웃타임,뮤지엄 산,playground,강원도 원주시 지정면 오크밸리2길 260,37.418903,127.82302,,KCISA,KCISA
멈추고 싶은 순간: 어바웃타임,춘천대교,playground,강원도 춘천시 근화동 609,37.88869,127.7085,,KCISA,KCISA
멈추고 싶은 순간: 어바웃타임,경기영어마을 파주캠퍼스,playground,경기도 파주시 탄현면 얼음실로 40,37.7852355,126.703739,,KCISA,KCISA
멈추고 싶은 순간: 어바웃타임,화이트블럭,playground,경기도 파주시 탄현면 헤이리마을길 72,37.7889189,126.699592,,KCISA,KCISA
멈추고 싶은 순간: 어바웃타임,CGV 압구정점,playground,서울특별시 강남구 신사동 602,37.52429,127.0294,,KCISA,KCISA
멈추고 싶은 순간: 어바웃타임,경희대학교 서울캠퍼스,playground,서울특별시 동대문구 경희대로 26,37.595363,127.05276,,KCISA,KCISA
멈추고 싶은 순간: 어바웃타임,뷰티앤뷰빌딩,playground,서울특별시 마포구 연남로 29,37.56219,126.9216,,KCISA,KCISA
멈추고 싶은 순간: 어바웃타임,라비르귈 스파,playground,서울특별시 서초구 동광로 46길 4,37.4943879,127.000636,,KCISA,KCISA
멈추고 싶은 순간: 어바웃타임,반포대교,playground,서울특별시 서초구 반포동 반포대교,37.512187,126.9976,,KCISA,KCISA
멈추고 싶은 순간: 어바웃타임,세빛섬,playground,서울특별시 서초구 올림픽대로 683,37.512019,126.9953,,KCISA,KCISA
멈추고 싶은 순간: 어바웃타임,마로니에 공원,playground,서울특별시 종로구 대학로 104,37.580499,127.00244,,KCISA,KCISA
멈추고 싶은 순간: 어바웃타임,국립현대미술관 서울,playground,서울특별시 종로구 삼청로 30,37.5794091,126.9803691,,KCISA,KCISA
멈추고 싶은 순간: 어바웃타임,국립민속박물관,playground,서울특별시 종로구 삼청로 37,37.51369,127.0605,,KCISA,KCISA
멈추고 싶은 순간: 어바웃타임,JCC 아트센터,playground,서울특별시 종로구 창경궁로35길 29,37.5871723,127.001881,,KCISA,KCISA
멈추고 싶은 순간: 어바웃타임,가톨릭관동대학교 국제성모병원,playground,인천광역시 서구 심곡로100번길 25,37.542425,126.68384,,KCISA,KCISA
멈추고 싶은 순간: 어바웃타임,인천국제공항,playground,인천광역시 중구 공항로 272,37.44919,126.4514,,KCISA,KCISA
멋진 신세계,놋다리문화공원,playground,서울 강서구 마곡동 790-6,37.56202755,126.8363596,https://ys-dl.tistory.com/entry/%EB%A9%8B%EC%A7%84-%EC%8B%A0%EC%84%B8%EA%B3%84-%EC%B4%AC%EC%98%81%EC%A7%80-19%EA%B3%B3%EC%9D%84-%EC%95%8C%EB%A0%A4%EB%93%9C%EB%A6%BD%EB%8B%88%EB%8B%A4%EC%97%85%EB%8D%B0%EC%9D%B4%ED%8A%B8%EC%A4%91,YSDL,KAKAO
멋진 신세계,여의도한강공원,playground,서울 영등포구 여의도동 85,37.5263886,126.9351293,https://ys-dl.tistory.com/entry/%EB%A9%8B%EC%A7%84-%EC%8B%A0%EC%84%B8%EA%B3%84-%EC%B4%AC%EC%98%81%EC%A7%80-19%EA%B3%B3%EC%9D%84-%EC%95%8C%EB%A0%A4%EB%93%9C%EB%A6%BD%EB%8B%88%EB%8B%A4%EC%97%85%EB%8D%B0%EC%9D%B4%ED%8A%B8%EC%A4%91,YSDL,KAKAO
멋진 신세계,한강에서만난인어공주,playground,서울 영등포구 여의도동 84-9,37.53126076,126.9296176,https://ys-dl.tistory.com/entry/%EB%A9%8B%EC%A7%84-%EC%8B%A0%EC%84%B8%EA%B3%84-%EC%B4%AC%EC%98%81%EC%A7%80-19%EA%B3%B3%EC%9D%84-%EC%95%8C%EB%A0%A4%EB%93%9C%EB%A6%BD%EB%8B%88%EB%8B%A4%EC%97%85%EB%8D%B0%EC%9D%B4%ED%8A%B8%EC%A4%91,YSDL,KAKAO
멋진 신세계,CGV 용산아이파크몰,playground,서울 용산구 한강대로23길 55,37.5297718,126.9647416,https://ys-dl.tistory.com/entry/%EB%A9%8B%EC%A7%84-%EC%8B%A0%EC%84%B8%EA%B3%84-%EC%B4%AC%EC%98%81%EC%A7%80-19%EA%B3%B3%EC%9D%84-%EC%95%8C%EB%A0%A4%EB%93%9C%EB%A6%BD%EB%8B%88%EB%8B%A4%EC%97%85%EB%8D%B0%EC%9D%B4%ED%8A%B8%EC%A4%91,YSDL,KAKAO
멋진 신세계,숭례문,playground,서울 중구 세종대로 40,37.56000301,126.9753131,https://ys-dl.tistory.com/entry/%EB%A9%8B%EC%A7%84-%EC%8B%A0%EC%84%B8%EA%B3%84-%EC%B4%AC%EC%98%81%EC%A7%80-19%EA%B3%B3%EC%9D%84-%EC%95%8C%EB%A0%A4%EB%93%9C%EB%A6%BD%EB%8B%88%EB%8B%A4%EC%97%85%EB%8D%B0%EC%9D%B4%ED%8A%B8%EC%A4%91,YSDL,KAKAO
멋진 신세계,덕수궁,playground,서울 중구 세종대로 99,37.56556387,126.9748948,https://ys-dl.tistory.com/entry/%EB%A9%8B%EC%A7%84-%EC%8B%A0%EC%84%B8%EA%B3%84-%EC%B4%AC%EC%98%81%EC%A7%80-19%EA%B3%B3%EC%9D%84-%EC%95%8C%EB%A0%A4%EB%93%9C%EB%A6%BD%EB%8B%88%EB%8B%A4%EC%97%85%EB%8D%B0%EC%9D%B4%ED%8A%B8%EC%A4%91,YSDL,KAKAO
멋진 신세계,덕수궁돌담길,playground,서울 중구 세종대로 지하 101,37.56497658,126.9756646,https://ys-dl.tistory.com/entry/%EB%A9%8B%EC%A7%84-%EC%8B%A0%EC%84%B8%EA%B3%84-%EC%B4%AC%EC%98%81%EC%A7%80-19%EA%B3%B3%EC%9D%84-%EC%95%8C%EB%A0%A4%EB%93%9C%EB%A6%BD%EB%8B%88%EB%8B%A4%EC%97%85%EB%8D%B0%EC%9D%B4%ED%8A%B8%EC%A4%91,YSDL,KAKAO
멋진 신세계,남산케이블카,playground,서울 중구 소파로 83,37.55658072,126.984031,https://ys-dl.tistory.com/entry/%EB%A9%8B%EC%A7%84-%EC%8B%A0%EC%84%B8%EA%B3%84-%EC%B4%AC%EC%98%81%EC%A7%80-19%EA%B3%B3%EC%9D%84-%EC%95%8C%EB%A0%A4%EB%93%9C%EB%A6%BD%EB%8B%88%EB%8B%A4%EC%97%85%EB%8D%B0%EC%9D%B4%ED%8A%B8%EC%A4%91,YSDL,KAKAO
멋진 신세계,삼순이계단,playground,서울 중구 소파로 46,37.55452971,126.9816933,https://ys-dl.tistory.com/entry/%EB%A9%8B%EC%A7%84-%EC%8B%A0%EC%84%B8%EA%B3%84-%EC%B4%AC%EC%98%81%EC%A7%80-19%EA%B3%B3%EC%9D%84-%EC%95%8C%EB%A0%A4%EB%93%9C%EB%A6%BD%EB%8B%88%EB%8B%A4%EC%97%85%EB%8D%B0%EC%9D%B4%ED%8A%B8%EC%A4%91,YSDL,KAKAO
멋진 신세계,청계천,playground,서울 종로구 서린동 148,37.56914697,126.9786471,https://ys-dl.tistory.com/entry/%EB%A9%8B%EC%A7%84-%EC%8B%A0%EC%84%B8%EA%B3%84-%EC%B4%AC%EC%98%81%EC%A7%80-19%EA%B3%B3%EC%9D%84-%EC%95%8C%EB%A0%A4%EB%93%9C%EB%A6%BD%EB%8B%88%EB%8B%A4%EC%97%85%EB%8D%B0%EC%9D%B4%ED%8A%B8%EC%A4%91,YSDL,KAKAO
멋진 신세계,서울역사박물관,playground,서울 종로구 새문안로 55,37.57050032,126.9705464,https://ys-dl.tistory.com/entry/%EB%A9%8B%EC%A7%84-%EC%8B%A0%EC%84%B8%EA%B3%84-%EC%B4%AC%EC%98%81%EC%A7%80-19%EA%B3%B3%EC%9D%84-%EC%95%8C%EB%A0%A4%EB%93%9C%EB%A6%BD%EB%8B%88%EB%8B%A4%EC%97%85%EB%8D%B0%EC%9D%B4%ED%8A%B8%EC%A4%91,YSDL,KAKAO
멋진 신세계,경복궁,playground,서울 종로구 사직로 161,37.57761329,126.9768979,https://ys-dl.tistory.com/entry/%EB%A9%8B%EC%A7%84-%EC%8B%A0%EC%84%B8%EA%B3%84-%EC%B4%AC%EC%98%81%EC%A7%80-19%EA%B3%B3%EC%9D%84-%EC%95%8C%EB%A0%A4%EB%93%9C%EB%A6%BD%EB%8B%88%EB%8B%A4%EC%97%85%EB%8D%B0%EC%9D%B4%ED%8A%B8%EC%A4%91,YSDL,KAKAO
멋진 신세계,창덕궁,playground,서울 종로구 율곡로 99,37.57964695,126.9909998,https://ys-dl.tistory.com/entry/%EB%A9%8B%EC%A7%84-%EC%8B%A0%EC%84%B8%EA%B3%84-%EC%B4%AC%EC%98%81%EC%A7%80-19%EA%B3%B3%EC%9D%84-%EC%95%8C%EB%A0%A4%EB%93%9C%EB%A6%BD%EB%8B%88%EB%8B%A4%EC%97%85%EB%8D%B0%EC%9D%B4%ED%8A%B8%EC%A4%91,YSDL,KAKAO
멋진 신세계,인천시민애집,playground,인천 제물포구 신포로39번길 74,37.47428483,126.6227997,https://ys-dl.tistory.com/entry/%EB%A9%8B%EC%A7%84-%EC%8B%A0%EC%84%B8%EA%B3%84-%EC%B4%AC%EC%98%81%EC%A7%80-19%EA%B3%B3%EC%9D%84-%EC%95%8C%EB%A0%A4%EB%93%9C%EB%A6%BD%EB%8B%88%EB%8B%A4%EC%97%85%EB%8D%B0%EC%9D%B4%ED%8A%B8%EC%A4%91,YSDL,KAKAO
멋진 신세계,MBC 문화동산,playground,경기 양주시 만송로 394-104,37.79144207,127.1007849,https://ys-dl.tistory.com/entry/%EB%A9%8B%EC%A7%84-%EC%8B%A0%EC%84%B8%EA%B3%84-%EC%B4%AC%EC%98%81%EC%A7%80-19%EA%B3%B3%EC%9D%84-%EC%95%8C%EB%A0%A4%EB%93%9C%EB%A6%BD%EB%8B%88%EB%8B%A4%EC%97%85%EB%8D%B0%EC%9D%B4%ED%8A%B8%EC%A4%91,YSDL,KAKAO
멋진 신세계,일산호수공원,playground,경기 고양시 일산동구 호수로 595,37.65613604,126.7641415,https://ys-dl.tistory.com/entry/%EB%A9%8B%EC%A7%84-%EC%8B%A0%EC%84%B8%EA%B3%84-%EC%B4%AC%EC%98%81%EC%A7%80-19%EA%B3%B3%EC%9D%84-%EC%95%8C%EB%A0%A4%EB%93%9C%EB%A6%BD%EB%8B%88%EB%8B%A4%EC%97%85%EB%8D%B0%EC%9D%B4%ED%8A%B8%EC%A4%91,YSDL,KAKAO
멋진 신세계,화성행궁,playground,경기 수원시 팔달구 정조로 825,37.2819145,127.0140412,https://ys-dl.tistory.com/entry/%EB%A9%8B%EC%A7%84-%EC%8B%A0%EC%84%B8%EA%B3%84-%EC%B4%AC%EC%98%81%EC%A7%80-19%EA%B3%B3%EC%9D%84-%EC%95%8C%EB%A0%A4%EB%93%9C%EB%A6%BD%EB%8B%88%EB%8B%A4%EC%97%85%EB%8D%B0%EC%9D%B4%ED%8A%B8%EC%A4%91,YSDL,KAKAO
멋진 신세계,용인대장금파크 관가,playground,경기 용인시 처인구 백암면 용천드라마길 25,37.12160248,127.3376128,https://ys-dl.tistory.com/entry/%EB%A9%8B%EC%A7%84-%EC%8B%A0%EC%84%B8%EA%B3%84-%EC%B4%AC%EC%98%81%EC%A7%80-19%EA%B3%B3%EC%9D%84-%EC%95%8C%EB%A0%A4%EB%93%9C%EB%A6%BD%EB%8B%88%EB%8B%A4%EC%97%85%EB%8D%B0%EC%9D%B4%ED%8A%B8%EC%A4%91,YSDL,KAKAO
멋진 신세계,향호해변,playground,강원특별자치도 강릉시 주문진읍 향호리,37.91238156,128.8173241,https://ys-dl.tistory.com/entry/%EB%A9%8B%EC%A7%84-%EC%8B%A0%EC%84%B8%EA%B3%84-%EC%B4%AC%EC%98%81%EC%A7%80-19%EA%B3%B3%EC%9D%84-%EC%95%8C%EB%A0%A4%EB%93%9C%EB%A6%BD%EB%8B%88%EB%8B%A4%EC%97%85%EB%8D%B0%EC%9D%B4%ED%8A%B8%EC%A4%91,YSDL,KAKAO
멋진 신세계,경포생태저류지,playground,강원특별자치도 강릉시 죽헌동 757,37.78170754,128.8847379,https://ys-dl.tistory.com/entry/%EB%A9%8B%EC%A7%84-%EC%8B%A0%EC%84%B8%EA%B3%84-%EC%B4%AC%EC%98%81%EC%A7%80-19%EA%B3%B3%EC%9D%84-%EC%95%8C%EB%A0%A4%EB%93%9C%EB%A6%BD%EB%8B%88%EB%8B%A4%EC%97%85%EB%8D%B0%EC%9D%B4%ED%8A%B8%EC%A4%91,YSDL,KAKAO
멋진 신세계,신두리해수욕장,playground,충남 태안군 원북면 신두리 1414-18,36.84013398,126.189296,https://ys-dl.tistory.com/entry/%EB%A9%8B%EC%A7%84-%EC%8B%A0%EC%84%B8%EA%B3%84-%EC%B4%AC%EC%98%81%EC%A7%80-19%EA%B3%B3%EC%9D%84-%EC%95%8C%EB%A0%A4%EB%93%9C%EB%A6%BD%EB%8B%88%EB%8B%A4%EC%97%85%EB%8D%B0%EC%9D%B4%ED%8A%B8%EC%A4%91,YSDL,KAKAO
멋진 신세계,마도해안절벽,playground,충남 태안군 근흥면 신진도리,36.6837131,126.1281774,https://ys-dl.tistory.com/entry/%EB%A9%8B%EC%A7%84-%EC%8B%A0%EC%84%B8%EA%B3%84-%EC%B4%AC%EC%98%81%EC%A7%80-19%EA%B3%B3%EC%9D%84-%EC%95%8C%EB%A0%A4%EB%93%9C%EB%A6%BD%EB%8B%88%EB%8B%A4%EC%97%85%EB%8D%B0%EC%9D%B4%ED%8A%B8%EC%A4%91,YSDL,KAKAO
멋진 신세계,홍산현관아,playground,충남 부여군 홍산면 동헌로 38,36.21493871,126.7545287,https://ys-dl.tistory.com/entry/%EB%A9%8B%EC%A7%84-%EC%8B%A0%EC%84%B8%EA%B3%84-%EC%B4%AC%EC%98%81%EC%A7%80-19%EA%B3%B3%EC%9D%84-%EC%95%8C%EB%A0%A4%EB%93%9C%EB%A6%BD%EB%8B%88%EB%8B%A4%EC%97%85%EB%8D%B0%EC%9D%B4%ED%8A%B8%EC%A4%91,YSDL,KAKAO
멋진 신세계,전주향교,playground,전북특별자치도 전주시 완산구 향교길 139,35.81275813,127.157134,https://ys-dl.tistory.com/entry/%EB%A9%8B%EC%A7%84-%EC%8B%A0%EC%84%B8%EA%B3%84-%EC%B4%AC%EC%98%81%EC%A7%80-19%EA%B3%B3%EC%9D%84-%EC%95%8C%EB%A0%A4%EB%93%9C%EB%A6%BD%EB%8B%88%EB%8B%A4%EC%97%85%EB%8D%B0%EC%9D%B4%ED%8A%B8%EC%A4%91,YSDL,KAKAO
멋진 신세계,부안영상테마파크,playground,전북특별자치도 부안군 변산면 격포로 309-64,35.62180698,126.485383,https://ys-dl.tistory.com/entry/%EB%A9%8B%EC%A7%84-%EC%8B%A0%EC%84%B8%EA%B3%84-%EC%B4%AC%EC%98%81%EC%A7%80-19%EA%B3%B3%EC%9D%84-%EC%95%8C%EB%A0%A4%EB%93%9C%EB%A6%BD%EB%8B%88%EB%8B%A4%EC%97%85%EB%8D%B0%EC%9D%B4%ED%8A%B8%EC%A4%91,YSDL,KAKAO
멋진 신세계,변산도청리쉼터,playground,전북특별자치도 부안군 변산면 도청리 산 26-34,35.58695588,126.4920993,https://ys-dl.tistory.com/entry/%EB%A9%8B%EC%A7%84-%EC%8B%A0%EC%84%B8%EA%B3%84-%EC%B4%AC%EC%98%81%EC%A7%80-19%EA%B3%B3%EC%9D%84-%EC%95%8C%EB%A0%A4%EB%93%9C%EB%A6%BD%EB%8B%88%EB%8B%A4%EC%97%85%EB%8D%B0%EC%9D%B4%ED%8A%B8%EC%A4%91,YSDL,KAKAO
멋진 신세계,대산동한주종택,playground,경북 성주군 월항면 한개2길 43,35.93051274,128.3283667,https://ys-dl.tistory.com/entry/%EB%A9%8B%EC%A7%84-%EC%8B%A0%EC%84%B8%EA%B3%84-%EC%B4%AC%EC%98%81%EC%A7%80-19%EA%B3%B3%EC%9D%84-%EC%95%8C%EB%A0%A4%EB%93%9C%EB%A6%BD%EB%8B%88%EB%8B%A4%EC%97%85%EB%8D%B0%EC%9D%B4%ED%8A%B8%EC%A4%91,YSDL,KAKAO
멋진 신세계,산굼부리,playground,제주특별자치도 제주시 조천읍 교래리 166-2,33.43257409,126.693832,https://ys-dl.tistory.com/entry/%EB%A9%8B%EC%A7%84-%EC%8B%A0%EC%84%B8%EA%B3%84-%EC%B4%AC%EC%98%81%EC%A7%80-19%EA%B3%B3%EC%9D%84-%EC%95%8C%EB%A0%A4%EB%93%9C%EB%A6%BD%EB%8B%88%EB%8B%A4%EC%97%85%EB%8D%B0%EC%9D%B4%ED%8A%B8%EC%A4%91,YSDL,KAKAO
멋진 신세계,신창풍차해안도로,playground,제주특별자치도 제주시 한경면 신창리 1322-1,33.34308103,126.174206,https://ys-dl.tistory.com/entry/%EB%A9%8B%EC%A7%84-%EC%8B%A0%EC%84%B8%EA%B3%84-%EC%B4%AC%EC%98%81%EC%A7%80-19%EA%B3%B3%EC%9D%84-%EC%95%8C%EB%A0%A4%EB%93%9C%EB%A6%BD%EB%8B%88%EB%8B%A4%EC%97%85%EB%8D%B0%EC%9D%B4%ED%8A%B8%EC%A4%91,YSDL,KAKAO
멋진 신세계,토끼섬,playground,제주특별자치도 제주시 구좌읍 해맞이해안로 1852,33.52459634,126.9025795,https://ys-dl.tistory.com/entry/%EB%A9%8B%EC%A7%84-%EC%8B%A0%EC%84%B8%EA%B3%84-%EC%B4%AC%EC%98%81%EC%A7%80-19%EA%B3%B3%EC%9D%84-%EC%95%8C%EB%A0%A4%EB%93%9C%EB%A6%BD%EB%8B%88%EB%8B%A4%EC%97%85%EB%8D%B0%EC%9D%B4%ED%8A%B8%EC%A4%91,YSDL,KAKAO
멋진 신세계,녹차동굴,playground,제주특별자치도 서귀포시 표선면 성읍리 2192,33.38162923,126.7868648,https://ys-dl.tistory.com/entry/%EB%A9%8B%EC%A7%84-%EC%8B%A0%EC%84%B8%EA%B3%84-%EC%B4%AC%EC%98%81%EC%A7%80-19%EA%B3%B3%EC%9D%84-%EC%95%8C%EB%A0%A4%EB%93%9C%EB%A6%BD%EB%8B%88%EB%8B%A4%EC%97%85%EB%8D%B0%EC%9D%B4%ED%8A%B8%EC%A4%91,YSDL,KAKAO
메리 킬즈 피플,노들섬,playground,서울 용산구 양녕로 445,37.51766014,126.9580339,https://ys-dl.tistory.com/entry/%EB%A9%94%EB%A6%AC-%ED%82%AC%EC%A6%88-%ED%94%BC%ED%94%8C-%EC%B4%AC%EC%98%81%EC%A7%80-8%EA%B3%B3%EC%9D%84-%EC%95%8C%EB%A0%A4%EB%93%9C%EB%A6%BD%EB%8B%88%EB%8B%A4%EC%97%85%EB%8D%B0%EC%9D%B4%ED%8A%B8%EC%A4%91,YSDL,KAKAO
메리 킬즈 피플,거북바위,playground,인천 영종구 을왕동 1026,37.43753428,126.3795672,https://ys-dl.tistory.com/entry/%EB%A9%94%EB%A6%AC-%ED%82%AC%EC%A6%88-%ED%94%BC%ED%94%8C-%EC%B4%AC%EC%98%81%EC%A7%80-8%EA%B3%B3%EC%9D%84-%EC%95%8C%EB%A0%A4%EB%93%9C%EB%A6%BD%EB%8B%88%EB%8B%A4%EC%97%85%EB%8D%B0%EC%9D%B4%ED%8A%B8%EC%A4%91,YSDL,KAKAO
메리 킬즈 피플,미추홀공원,playground,인천 연수구 송도동 9-1,37.38212177,126.6499406,https://ys-dl.tistory.com/entry/%EB%A9%94%EB%A6%AC-%ED%82%AC%EC%A6%88-%ED%94%BC%ED%94%8C-%EC%B4%AC%EC%98%81%EC%A7%80-8%EA%B3%B3%EC%9D%84-%EC%95%8C%EB%A0%A4%EB%93%9C%EB%A6%BD%EB%8B%88%EB%8B%A4%EC%97%85%EB%8D%B0%EC%9D%B4%ED%8A%B8%EC%A4%91,YSDL,KAKAO
메리 킬즈 피플,일산호수공원,playground,경기 고양시 일산동구 호수로 595,37.65613604,126.7641415,https://ys-dl.tistory.com/entry/%EB%A9%94%EB%A6%AC-%ED%82%AC%EC%A6%88-%ED%94%BC%ED%94%8C-%EC%B4%AC%EC%98%81%EC%A7%80-8%EA%B3%B3%EC%9D%84-%EC%95%8C%EB%A0%A4%EB%93%9C%EB%A6%BD%EB%8B%88%EB%8B%A4%EC%97%85%EB%8D%B0%EC%9D%B4%ED%8A%B8%EC%A4%91,YSDL,KAKAO
메리 킬즈 피플,문암해변,playground,강원특별자치도 삼척시 근덕면 매원리,37.30912848,129.2897717,https://ys-dl.tistory.com/entry/%EB%A9%94%EB%A6%AC-%ED%82%AC%EC%A6%88-%ED%94%BC%ED%94%8C-%EC%B4%AC%EC%98%81%EC%A7%80-8%EA%B3%B3%EC%9D%84-%EC%95%8C%EB%A0%A4%EB%93%9C%EB%A6%BD%EB%8B%88%EB%8B%A4%EC%97%85%EB%8D%B0%EC%9D%B4%ED%8A%B8%EC%A4%91,YSDL,KAKAO
메리 킬즈 피플,천상의정원 수생식물학습원,playground,충북 옥천군 군북면 방아실길 247,36.39031574,127.5530747,https://ys-dl.tistory.com/entry/%EB%A9%94%EB%A6%AC-%ED%82%AC%EC%A6%88-%ED%94%BC%ED%94%8C-%EC%B4%AC%EC%98%81%EC%A7%80-8%EA%B3%B3%EC%9D%84-%EC%95%8C%EB%A0%A4%EB%93%9C%EB%A6%BD%EB%8B%88%EB%8B%A4%EC%97%85%EB%8D%B0%EC%9D%B4%ED%8A%B8%EC%A4%91,YSDL,KAKAO
메모리스트,로케이션 이음 (구 로얄퀘스트),playground,경기도 파주시 탄현면 새오리로286번길 48-70,37.713531,126.74641,,KCISA,KCISA
메모리스트,서울중앙지방법원,playground,서울특별시 서초구 서초중앙로 157,37.496068,127.01148,,KCISA,KCISA
메이드 인 코리아,청남대,playground,충북 청주시 상당구 문의면 청남대길 646,36.46284608,127.4917654,https://ys-dl.tistory.com/entry/%EB%A9%94%EC%9D%B4%EB%93%9C%EC%9D%B8%EC%BD%94%EB%A6%AC%EC%95%84-%EC%B4%AC%EC%98%81%EC%A7%80-3%EA%B3%B3%EC%9D%84-%EC%95%8C%EB%A0%A4%EB%93%9C%EB%A6%BD%EB%8B%88%EB%8B%A4%EC%97%85%EB%8D%B0%EC%9D%B4%ED%8A%B8%EC%A4%91,YSDL,KAKAO
메이드 인 코리아,용화사,playground,전남광주통합특별시 순천시 해룡면 와온1길 103,34.84257835,127.5350309,https://ys-dl.tistory.com/entry/%EB%A9%94%EC%9D%B4%EB%93%9C%EC%9D%B8%EC%BD%94%EB%A6%AC%EC%95%84-%EC%B4%AC%EC%98%81%EC%A7%80-3%EA%B3%B3%EC%9D%84-%EC%95%8C%EB%A0%A4%EB%93%9C%EB%A6%BD%EB%8B%88%EB%8B%A4%EC%97%85%EB%8D%B0%EC%9D%B4%ED%8A%B8%EC%A4%91,YSDL,KAKAO
메이드 인 코리아,합천영상테마파크,playground,경남 합천군 용주면 합천호수로 757,35.54875124,128.0718461,https://ys-dl.tistory.com/entry/%EB%A9%94%EC%9D%B4%EB%93%9C%EC%9D%B8%EC%BD%94%EB%A6%AC%EC%95%84-%EC%B4%AC%EC%98%81%EC%A7%80-3%EA%B3%B3%EC%9D%84-%EC%95%8C%EB%A0%A4%EB%93%9C%EB%A6%BD%EB%8B%88%EB%8B%A4%EC%97%85%EB%8D%B0%EC%9D%B4%ED%8A%B8%EC%A4%91,YSDL,KAKAO
멘탈코치 제갈길,수원 화성,playground,경기도 수원시 장안구 영화동 320-2,37.2871264,127.01196,,KCISA,KCISA
멘탈코치 제갈길,DMC문화공원,playground,서울특별시 마포구 월드컵북로 366,37.577736,126.89216,,KCISA,KCISA
멘탈코치 제갈길,롯데월드,playground,서울특별시 송파구 올림픽로 240,37.5112601,127.097998,,KCISA,KCISA
멘탈코치 제갈길,트라이보울,playground,인천광역시 연수구 인천타워대로 250,37.394084,126.63504,,KCISA,KCISA
멜랑꼴리아,주문초등학교 삼덕분교장,playground,강원도 강릉시 주문진읍 신리천로 410-8,37.878459,128.78857,,KCISA,KCISA
멜랑꼴리아,무궁화로,playground,경기도 고양시 일산동구 무궁화로,37.667115,126.77439,,KCISA,KCISA
멜랑꼴리아,원마운트,playground,경기도 고양시 일산서구 한류월드로 300,37.664347,126.754379,,KCISA,KCISA
멜랑꼴리아,아이코닉스,playground,경기도 성남시 분당구 판교로255번길 64,37.40438,127.0977,,KCISA,KCISA
멜랑꼴리아,의정부음악도서관,playground,경기도 의정부시 장곡로 280,37.728508,127.053616,,KCISA,KCISA
멜랑꼴리아,동탄호수공원,playground,경기도 화성시 동탄순환대로 69,37.16782,127.10286,,KCISA,KCISA
멜랑꼴리아,대전대학교,playground,대전광역시 동구 대학로 62,36.336274,127.46021,,KCISA,KCISA
멜랑꼴리아,국립중앙과학관,playground,대전광역시 유성구 대덕대로 481,36.376229,127.37525,,KCISA,KCISA
멜랑꼴리아,로브드K 청담본점,playground,서울특별시 강남구 도산대로 427,37.523947,127.04257,,KCISA,KCISA
멜랑꼴리아,제승빌딩,playground,서울특별시 강남구 도산대로45길 17,37.523435,127.03505,,KCISA,KCISA
멜랑꼴리아,삼성로,playground,서울특별시 강남구 삼성로 737,37.521157,127.0487,,KCISA,KCISA
멜랑꼴리아,더채플앳청담,playground,서울특별시 강남구 선릉로 757,37.522158,127.03887,,KCISA,KCISA
멜랑꼴리아,성신여자대학교 운정그린캠퍼스,playground,서울특별시 강북구 도봉로76가길 55,37.632219,127.0273,,KCISA,KCISA
멜랑꼴리아,경희대학교 서울캠퍼스,playground,서울특별시 동대문구 경희대로 26,37.595363,127.05276,,KCISA,KCISA
멜랑꼴리아,서울시립대학교,playground,서울특별시 동대문구 서울시립대로 163,37.583383,127.059971,,KCISA,KCISA
멜랑꼴리아,CJ ENM,playground,서울특별시 마포구 상암산로 66,37.578581,126.89189,,KCISA,KCISA
멜랑꼴리아,여의서로,playground,서울특별시 영등포구 여의도동,37.533522,126.91482,,KCISA,KCISA
멜랑꼴리아,국회둔치주차장 아치형다리,playground,서울특별시 영등포구 여의도동 81-8,37.533705,126.9147,,KCISA,KCISA
멜랑꼴리아,국회의사당,playground,서울특별시 영등포구 의사당대로 1,37.531847,126.91411,,KCISA,KCISA
멜랑꼴리아,동작대교,playground,서울특별시 용산구 이촌동 동작대교,37.51041,126.981893,,KCISA,KCISA
멜랑꼴리아,한강대교,playground,서울특별시 용산구 이촌동 한강대교,37.517492,126.95897,,KCISA,KCISA
멜랑꼴리아,이태원로27가길,playground,서울특별시 용산구 이태원로27가길 18,37.535031,126.99426,,KCISA,KCISA
멜랑꼴리아,서울디자인재단,playground,서울특별시 중구 을지로 281,37.566752,127.0101,,KCISA,KCISA
멜랑꼴리아,정동길,playground,서울특별시 중구 정동 30-1,37.566626,126.97089,,KCISA,KCISA
멜랑꼴리아,국립정동극장,playground,서울특별시 중구 정동길 43,37.565944,126.97281,,KCISA,KCISA
멜랑꼴리아,CGV 명동역 씨네라이브러리,playground,서울특별시 중구 퇴계로 123,37.561238,126.98536,,KCISA,KCISA
멜랑꼴리아,제주국제공항,playground,제주특별자치도 제주시 공항로 2,33.506548,126.49304,,KCISA,KCISA
멜랑꼴리아,아르떼뮤지엄 제주,playground,제주특별자치도 제주시 애월읍 어림비로 478,33.396696,126.34505,,KCISA,KCISA
멜랑꼴리아,호서대학교 아산캠퍼스,playground,충청남도 아산시 배방읍 호서로79번길 20,36.7354844,127.074099,,KCISA,KCISA
멜랑꼴리아,교원연수원 도고,playground,충청남도 아산시 선장면 신성길 27-6,36.77225,126.87992,,KCISA,KCISA
멜로가 체질,남양주 어린이비전센터,playground,경기도 남양주시 진접읍 해밀예당1로 96,37.71767,127.1964,,KCISA,KCISA
멜로가 체질,독막로19길,playground,서울특별시 마포구 독막로19길,37.549168,126.92382,,KCISA,KCISA
멜로가 체질,여의도공원,playground,서울특별시 영등포구 여의공원로 68,37.5281241,126.925754,,KCISA,KCISA
멜로가 체질,세종마을 음식문화거리,playground,서울특별시 종로구 자하문로1길 24,37.576455,126.97107,,KCISA,KCISA
멜로가 체질,팔판길,playground,서울특별시 종로구 팔판길 37,37.58348,126.9813,,KCISA,KCISA
멜로가 체질,충무아트센터,playground,서울특별시 중구 퇴계로 387,37.56601,127.0148,,KCISA,KCISA
멜로가 체질,월미문화의거리,playground,인천광역시 중구 북성동1가 98-57,37.475057,126.59747,,KCISA,KCISA
멜로무비,옹기골근린공원,playground,서울 강서구 마곡동,37.57379224,126.8211106,https://ys-dl.tistory.com/entry/%EB%A9%9C%EB%A1%9C%EB%AC%B4%EB%B9%84-%EC%B4%AC%EC%98%81%EC%A7%80-1%EA%B3%B3%EC%9D%84-%EC%95%8C%EB%A0%A4%EB%93%9C%EB%A6%BD%EB%8B%88%EB%8B%A4%EC%97%85%EB%8D%B0%EC%9D%B4%ED%8A%B8%EC%A4%91,YSDL,KAKAO
멜로무비,난지천공원,playground,서울 마포구 상암동 1538,37.57213336,126.8874014,https://ys-dl.tistory.com/entry/%EB%A9%9C%EB%A1%9C%EB%AC%B4%EB%B9%84-%EC%B4%AC%EC%98%81%EC%A7%80-1%EA%B3%B3%EC%9D%84-%EC%95%8C%EB%A0%A4%EB%93%9C%EB%A6%BD%EB%8B%88%EB%8B%A4%EC%97%85%EB%8D%B0%EC%9D%B4%ED%8A%B8%EC%A4%91,YSDL,KAKAO
멜로무비,메가박스 상암월드컵경기장점,playground,서울 마포구 월드컵로 240,37.56918791,126.8982158,https://ys-dl.tistory.com/entry/%EB%A9%9C%EB%A1%9C%EB%AC%B4%EB%B9%84-%EC%B4%AC%EC%98%81%EC%A7%80-1%EA%B3%B3%EC%9D%84-%EC%95%8C%EB%A0%A4%EB%93%9C%EB%A6%BD%EB%8B%88%EB%8B%A4%EC%97%85%EB%8D%B0%EC%9D%B4%ED%8A%B8%EC%A4%91,YSDL,KAKAO
멜로무비,메가박스 신촌,playground,서울 서대문구 신촌역로 30,37.55957052,126.9418766,https://ys-dl.tistory.com/entry/%EB%A9%9C%EB%A1%9C%EB%AC%B4%EB%B9%84-%EC%B4%AC%EC%98%81%EC%A7%80-1%EA%B3%B3%EC%9D%84-%EC%95%8C%EB%A0%A4%EB%93%9C%EB%A6%BD%EB%8B%88%EB%8B%A4%EC%97%85%EB%8D%B0%EC%9D%B4%ED%8A%B8%EC%A4%91,YSDL,KAKAO
멜로무비,여의도공원,playground,서울 영등포구 여의공원로 68,37.52613492,126.9223482,https://ys-dl.tistory.com/entry/%EB%A9%9C%EB%A1%9C%EB%AC%B4%EB%B9%84-%EC%B4%AC%EC%98%81%EC%A7%80-1%EA%B3%B3%EC%9D%84-%EC%95%8C%EB%A0%A4%EB%93%9C%EB%A6%BD%EB%8B%88%EB%8B%A4%EC%97%85%EB%8D%B0%EC%9D%B4%ED%8A%B8%EC%A4%91,YSDL,KAKAO
멜로무비,노들섬,playground,서울 용산구 양녕로 445,37.51766014,126.9580339,https://ys-dl.tistory.com/entry/%EB%A9%9C%EB%A1%9C%EB%AC%B4%EB%B9%84-%EC%B4%AC%EC%98%81%EC%A7%80-1%EA%B3%B3%EC%9D%84-%EC%95%8C%EB%A0%A4%EB%93%9C%EB%A6%BD%EB%8B%88%EB%8B%A4%EC%97%85%EB%8D%B0%EC%9D%B4%ED%8A%B8%EC%A4%91,YSDL,KAKAO
멜로무비,청계천 베를린광장,playground,서울 중구 장교동 1-7,37.56778951,126.9872093,https://ys-dl.tistory.com/entry/%EB%A9%9C%EB%A1%9C%EB%AC%B4%EB%B9%84-%EC%B4%AC%EC%98%81%EC%A7%80-1%EA%B3%B3%EC%9D%84-%EC%95%8C%EB%A0%A4%EB%93%9C%EB%A6%BD%EB%8B%88%EB%8B%A4%EC%97%85%EB%8D%B0%EC%9D%B4%ED%8A%B8%EC%A4%91,YSDL,KAKAO
멜로무비,씨네큐브 광화문,playground,서울 종로구 새문안로 68,37.56965017,126.9721314,https://ys-dl.tistory.com/entry/%EB%A9%9C%EB%A1%9C%EB%AC%B4%EB%B9%84-%EC%B4%AC%EC%98%81%EC%A7%80-1%EA%B3%B3%EC%9D%84-%EC%95%8C%EB%A0%A4%EB%93%9C%EB%A6%BD%EB%8B%88%EB%8B%A4%EC%97%85%EB%8D%B0%EC%9D%B4%ED%8A%B8%EC%A4%91,YSDL,KAKAO
멜로무비,대현산배수지공원,playground,서울 성동구 금호로 172-1,37.557333,127.0219426,https://ys-dl.tistory.com/entry/%EB%A9%9C%EB%A1%9C%EB%AC%B4%EB%B9%84-%EC%B4%AC%EC%98%81%EC%A7%80-1%EA%B3%B3%EC%9D%84-%EC%95%8C%EB%A0%A4%EB%93%9C%EB%A6%BD%EB%8B%88%EB%8B%A4%EC%97%85%EB%8D%B0%EC%9D%B4%ED%8A%B8%EC%A4%91,YSDL,KAKAO
멜로무비,거울공원,playground,인천 서해구 청라동 192-2,37.52809302,126.655061,https://ys-dl.tistory.com/entry/%EB%A9%9C%EB%A1%9C%EB%AC%B4%EB%B9%84-%EC%B4%AC%EC%98%81%EC%A7%80-1%EA%B3%B3%EC%9D%84-%EC%95%8C%EB%A0%A4%EB%93%9C%EB%A6%BD%EB%8B%88%EB%8B%A4%EC%97%85%EB%8D%B0%EC%9D%B4%ED%8A%B8%EC%A4%91,YSDL,KAKAO
멜로무비,통미어린이공원,playground,경기 평택시 합정동 749,36.99189582,127.0962097,https://ys-dl.tistory.com/entry/%EB%A9%9C%EB%A1%9C%EB%AC%B4%EB%B9%84-%EC%B4%AC%EC%98%81%EC%A7%80-1%EA%B3%B3%EC%9D%84-%EC%95%8C%EB%A0%A4%EB%93%9C%EB%A6%BD%EB%8B%88%EB%8B%A4%EC%97%85%EB%8D%B0%EC%9D%B4%ED%8A%B8%EC%A4%91,YSDL,KAKAO
멜로무비,신두리해수욕장,playground,충남 태안군 원북면 신두리 1414-18,36.84013398,126.189296,https://ys-dl.tistory.com/entry/%EB%A9%9C%EB%A1%9C%EB%AC%B4%EB%B9%84-%EC%B4%AC%EC%98%81%EC%A7%80-1%EA%B3%B3%EC%9D%84-%EC%95%8C%EB%A0%A4%EB%93%9C%EB%A6%BD%EB%8B%88%EB%8B%A4%EC%97%85%EB%8D%B0%EC%9D%B4%ED%8A%B8%EC%A4%91,YSDL,KAKAO
멜로무비,황촌저수지,playground,충남 태안군 원북면 황촌리 480-4,36.86618329,126.2097666,https://ys-dl.tistory.com/entry/%EB%A9%9C%EB%A1%9C%EB%AC%B4%EB%B9%84-%EC%B4%AC%EC%98%81%EC%A7%80-1%EA%B3%B3%EC%9D%84-%EC%95%8C%EB%A0%A4%EB%93%9C%EB%A6%BD%EB%8B%88%EB%8B%A4%EC%97%85%EB%8D%B0%EC%9D%B4%ED%8A%B8%EC%A4%91,YSDL,KAKAO
멜로무비,합천영상테마파크,playground,경남 합천군 용주면 합천호수로 757,35.54875124,128.0718461,https://ys-dl.tistory.com/entry/%EB%A9%9C%EB%A1%9C%EB%AC%B4%EB%B9%84-%EC%B4%AC%EC%98%81%EC%A7%80-1%EA%B3%B3%EC%9D%84-%EC%95%8C%EB%A0%A4%EB%93%9C%EB%A6%BD%EB%8B%88%EB%8B%A4%EC%97%85%EB%8D%B0%EC%9D%B4%ED%8A%B8%EC%A4%91,YSDL,KAKAO
멜로무비,남망산조각공원,playground,경남 통영시 남망공원길 29,34.84087502,128.4300629,https://ys-dl.tistory.com/entry/%EB%A9%9C%EB%A1%9C%EB%AC%B4%EB%B9%84-%EC%B4%AC%EC%98%81%EC%A7%80-1%EA%B3%B3%EC%9D%84-%EC%95%8C%EB%A0%A4%EB%93%9C%EB%A6%BD%EB%8B%88%EB%8B%A4%EC%97%85%EB%8D%B0%EC%9D%B4%ED%8A%B8%EC%A4%91,YSDL,KAKAO
멜로홀릭,하슬라아트월드,playground,강원도 강릉시 강동면 율곡로 1441,37.706127,129.00911,,KCISA,KCISA
멜로홀릭,화이트블럭,playground,경기도 파주시 탄현면 헤이리마을길 72,37.7889189,126.699592,,KCISA,KCISA
멜로홀릭,건국대학교,playground,서울특별시 광진구 능동로 120,37.5425241,127.073699,,KCISA,KCISA
멜로홀릭,원효대교,playground,서울특별시 영등포구 여의도동 원효대교,37.527046,126.94571,,KCISA,KCISA
멜로홀릭,용산가족공원,playground,서울특별시 용산구 서빙고로 137,37.521532,126.98392,,KCISA,KCISA
멜로홀릭,율곡로3길,playground,서울특별시 종로구 율곡로3길,37.577811,126.98239,,KCISA,KCISA
멜로홀릭,한미서점,playground,인천광역시 동구 금곡로9,37.472555,126.63665,,KCISA,KCISA
명불허전,63스퀘어,playground,서울특별시 영등포구 63로 50,37.519811,126.94017,,KCISA,KCISA
명불허전,한강 공원 여의도 지구,playground,서울특별시 영등포구 여의동로 290,37.5290674,126.936218,,KCISA,KCISA
명불허전,N서울타워,playground,서울특별시 용산구 남산공원길 105,37.551168,126.98824,,KCISA,KCISA
명불허전,동작대교,playground,서울특별시 용산구 이촌동 동작대교,37.51041,126.981893,,KCISA,KCISA
명불허전,한강대교,playground,서울특별시 용산구 이촌동 한강대교,37.517492,126.95897,,KCISA,KCISA
명불허전,청계천,playground,서울특별시 종로구 서린동 148,37.569205,126.97791,,KCISA,KCISA
명불허전,광화문 광장,playground,서울특별시 종로구 세종대로 175,37.5706546,126.976661,,KCISA,KCISA
명불허전,종로타워,playground,서울특별시 종로구 종로 51,37.570724,126.98358,,KCISA,KCISA
명불허전,남산 케이블카,playground,서울특별시 중구 소파로 83,37.556593,126.98404,,KCISA,KCISA
명불허전,서울로7017,playground,서울특별시 중구 청파로 432,37.556524,126.97375,,KCISA,KCISA
명불허전,가톨릭관동대학교 국제성모병원,playground,인천광역시 서구 심곡로100번길 25,37.542425,126.68384,,KCISA,KCISA
명성황후,명성황후생가,playground,경기도 여주시 능현동 469-1,37.259805,127.65416,,KCISA,KCISA
명성황후,용인 대장금 파크,playground,경기도 용인시 처인구 백암면 용천드라마길 25,37.1209396,127.337296,,KCISA,KCISA
명성황후,경복궁,playground,서울특별시 종로구 사직로 161,37.5806736,126.976952,,KCISA,KCISA
모래시계,계명대학교 대명캠퍼스,playground,대구광역시 남구 명덕로 104,35.85427,128.580543,,KCISA,KCISA
모범택시,분당메모리얼파크,playground,경기도 서남시 분당구새나리로 79,37.403669,127.16401,,KCISA,KCISA
모범택시,의정부교도소,playground,경기도 의정부시 송산로 1111-76,37.723336,127.09159,,KCISA,KCISA
모범택시,로케이션 이음 (구 로얄퀘스트),playground,경기도 파주시 탄현면 새오리로286번길 48-70,37.713531,126.74641,,KCISA,KCISA
모범택시,월드컵대교,playground,서울특별시 마포구 마포나루길 316,37.55988,126.8871,,KCISA,KCISA
모범택시,서강대교,playground,서울특별시 영등포구 여의도동 서강대교,37.536911,126.92495,,KCISA,KCISA
모범택시,서울마리나 클럽&요트,playground,서울특별시 영등포구 여의서로 160,37.534829,126.91157,,KCISA,KCISA
모범택시,한강대교,playground,서울특별시 용산구 이촌동 한강대교,37.517492,126.95897,,KCISA,KCISA
모범택시,덕수궁 돌담길,playground,서울특별시 중구 세종대로 99,37.565924,126.97501,,KCISA,KCISA
모범택시,익산 교도소 세트장,playground,전라북도 익산시 성당면 함낭로 207,36.069334,126.93158,,KCISA,KCISA
모범택시,화랑대철도공원,playground,서울 노원구 공릉동 29-4,37.62429903,127.0928038,https://ys-dl.tistory.com/entry/%EB%AA%A8%EB%B2%94%ED%83%9D%EC%8B%9C3-%EC%B4%AC%EC%98%81%EC%A7%80-15%EA%B3%B3%EC%9D%84-%EC%95%8C%EB%A0%A4%EB%93%9C%EB%A6%BD%EB%8B%88%EB%8B%A4%EC%97%85%EB%8D%B0%EC%9D%B4%ED%8A%B8%EC%A4%91,YSDL,KAKAO
모범택시,두리랜드,playground,경기 양주시 장흥면 권율로 120,37.72463373,126.9501633,https://ys-dl.tistory.com/entry/%EB%AA%A8%EB%B2%94%ED%83%9D%EC%8B%9C3-%EC%B4%AC%EC%98%81%EC%A7%80-15%EA%B3%B3%EC%9D%84-%EC%95%8C%EB%A0%A4%EB%93%9C%EB%A6%BD%EB%8B%88%EB%8B%A4%EC%97%85%EB%8D%B0%EC%9D%B4%ED%8A%B8%EC%A4%91,YSDL,KAKAO
모범택시,대성사,playground,경기 여주시 금사면 발림길 89-47,37.3908198,127.5112352,https://ys-dl.tistory.com/entry/%EB%AA%A8%EB%B2%94%ED%83%9D%EC%8B%9C3-%EC%B4%AC%EC%98%81%EC%A7%80-15%EA%B3%B3%EC%9D%84-%EC%95%8C%EB%A0%A4%EB%93%9C%EB%A6%BD%EB%8B%88%EB%8B%A4%EC%97%85%EB%8D%B0%EC%9D%B4%ED%8A%B8%EC%A4%91,YSDL,KAKAO
모범택시,부남해변,playground,강원특별자치도 삼척시 근덕면 부남리,37.36216254,129.2511284,https://ys-dl.tistory.com/entry/%EB%AA%A8%EB%B2%94%ED%83%9D%EC%8B%9C3-%EC%B4%AC%EC%98%81%EC%A7%80-15%EA%B3%B3%EC%9D%84-%EC%95%8C%EB%A0%A4%EB%93%9C%EB%A6%BD%EB%8B%88%EB%8B%A4%EC%97%85%EB%8D%B0%EC%9D%B4%ED%8A%B8%EC%A4%91,YSDL,KAKAO
모범택시,정북동토성,playground,충북 청주시 청원구 정북동 351-1,36.68914458,127.4561065,https://ys-dl.tistory.com/entry/%EB%AA%A8%EB%B2%94%ED%83%9D%EC%8B%9C3-%EC%B4%AC%EC%98%81%EC%A7%80-15%EA%B3%B3%EC%9D%84-%EC%95%8C%EB%A0%A4%EB%93%9C%EB%A6%BD%EB%8B%88%EB%8B%A4%EC%97%85%EB%8D%B0%EC%9D%B4%ED%8A%B8%EC%A4%91,YSDL,KAKAO
모범택시,청웅저수지,playground,전북특별자치도 임실군 청웅면 두복리 산 86-8,35.58131436,127.18858,https://ys-dl.tistory.com/entry/%EB%AA%A8%EB%B2%94%ED%83%9D%EC%8B%9C3-%EC%B4%AC%EC%98%81%EC%A7%80-15%EA%B3%B3%EC%9D%84-%EC%95%8C%EB%A0%A4%EB%93%9C%EB%A6%BD%EB%8B%88%EB%8B%A4%EC%97%85%EB%8D%B0%EC%9D%B4%ED%8A%B8%EC%A4%91,YSDL,KAKAO
모범택시,감지해변,playground,부산 영도구 동삼동,35.06058851,129.0770012,https://ys-dl.tistory.com/entry/%EB%AA%A8%EB%B2%94%ED%83%9D%EC%8B%9C3-%EC%B4%AC%EC%98%81%EC%A7%80-15%EA%B3%B3%EC%9D%84-%EC%95%8C%EB%A0%A4%EB%93%9C%EB%A6%BD%EB%8B%88%EB%8B%A4%EC%97%85%EB%8D%B0%EC%9D%B4%ED%8A%B8%EC%A4%91,YSDL,KAKAO
모범형사,배다리헌책방거리,playground,인천광역시 동구 금곡로 18-10,37.4724917,126.637438,,KCISA,KCISA
모범형사,청라스파렉스,playground,인천광역시 서구 청라커낼로260번길 15,37.531979,126.64634,,KCISA,KCISA
모범형사,인천개항누리길,playground,인천광역시 중구 관동1가 24,37.4728422,126.6186745,,KCISA,KCISA
모범형사,마이랜드,playground,인천광역시 중구 월미로234번길 7,37.474812,126.59889,,KCISA,KCISA
모범형사,자유공원,playground,인천광역시 중구 제물량로232번길 46,37.4752537,126.621846,,KCISA,KCISA
모텔 캘리포니아,노들섬,playground,서울 용산구 양녕로 445,37.51766014,126.9580339,https://ys-dl.tistory.com/entry/%EB%AA%A8%ED%85%94-%EC%BA%98%EB%A6%AC%ED%8F%AC%EB%8B%88%EC%95%84-%EC%B4%AC%EC%98%81%EC%A7%80-11%EA%B3%B3%EC%9D%84-%EC%95%8C%EB%A0%A4%EB%93%9C%EB%A6%BD%EB%8B%88%EB%8B%A4%EC%97%85%EB%8D%B0%EC%9D%B4%ED%8A%B8%EC%A4%91,YSDL,KAKAO
모텔 캘리포니아,보신각터,playground,서울 종로구 종로 54,37.56976765,126.9836456,https://ys-dl.tistory.com/entry/%EB%AA%A8%ED%85%94-%EC%BA%98%EB%A6%AC%ED%8F%AC%EB%8B%88%EC%95%84-%EC%B4%AC%EC%98%81%EC%A7%80-11%EA%B3%B3%EC%9D%84-%EC%95%8C%EB%A0%A4%EB%93%9C%EB%A6%BD%EB%8B%88%EB%8B%A4%EC%97%85%EB%8D%B0%EC%9D%B4%ED%8A%B8%EC%A4%91,YSDL,KAKAO
모텔 캘리포니아,약천사,playground,제주특별자치도 서귀포시 이어도로 293-28,33.24623622,126.4494585,https://ys-dl.tistory.com/entry/%EB%AA%A8%ED%85%94-%EC%BA%98%EB%A6%AC%ED%8F%AC%EB%8B%88%EC%95%84-%EC%B4%AC%EC%98%81%EC%A7%80-11%EA%B3%B3%EC%9D%84-%EC%95%8C%EB%A0%A4%EB%93%9C%EB%A6%BD%EB%8B%88%EB%8B%A4%EC%97%85%EB%8D%B0%EC%9D%B4%ED%8A%B8%EC%A4%91,YSDL,KAKAO
모텔 캘리포니아,홍메밀 꽃밭,playground,강원특별자치도 영월군 영월읍 삼옥리 80-1,37.22137775,128.5115529,https://ys-dl.tistory.com/entry/%EB%AA%A8%ED%85%94-%EC%BA%98%EB%A6%AC%ED%8F%AC%EB%8B%88%EC%95%84-%EC%B4%AC%EC%98%81%EC%A7%80-11%EA%B3%B3%EC%9D%84-%EC%95%8C%EB%A0%A4%EB%93%9C%EB%A6%BD%EB%8B%88%EB%8B%A4%EC%97%85%EB%8D%B0%EC%9D%B4%ED%8A%B8%EC%A4%91,YSDL,KAKAO
모텔 캘리포니아,노루조각공원,playground,강원특별자치도 영월군 영월읍 영흥리 1079,37.19416417,128.4579991,https://ys-dl.tistory.com/entry/%EB%AA%A8%ED%85%94-%EC%BA%98%EB%A6%AC%ED%8F%AC%EB%8B%88%EC%95%84-%EC%B4%AC%EC%98%81%EC%A7%80-11%EA%B3%B3%EC%9D%84-%EC%95%8C%EB%A0%A4%EB%93%9C%EB%A6%BD%EB%8B%88%EB%8B%A4%EC%97%85%EB%8D%B0%EC%9D%B4%ED%8A%B8%EC%A4%91,YSDL,KAKAO
모텔 캘리포니아,동강둔치공원,playground,강원특별자치도 영월군 영월읍 하송리 61-9,37.17916681,128.4693536,https://ys-dl.tistory.com/entry/%EB%AA%A8%ED%85%94-%EC%BA%98%EB%A6%AC%ED%8F%AC%EB%8B%88%EC%95%84-%EC%B4%AC%EC%98%81%EC%A7%80-11%EA%B3%B3%EC%9D%84-%EC%95%8C%EB%A0%A4%EB%93%9C%EB%A6%BD%EB%8B%88%EB%8B%A4%EC%97%85%EB%8D%B0%EC%9D%B4%ED%8A%B8%EC%A4%91,YSDL,KAKAO
모텔 캘리포니아,영월 트래블 라운지,playground,강원특별자치도 영월군 영월읍 영월로 2113,37.18325733,128.480922,https://ys-dl.tistory.com/entry/%EB%AA%A8%ED%85%94-%EC%BA%98%EB%A6%AC%ED%8F%AC%EB%8B%88%EC%95%84-%EC%B4%AC%EC%98%81%EC%A7%80-11%EA%B3%B3%EC%9D%84-%EC%95%8C%EB%A0%A4%EB%93%9C%EB%A6%BD%EB%8B%88%EB%8B%A4%EC%97%85%EB%8D%B0%EC%9D%B4%ED%8A%B8%EC%A4%91,YSDL,KAKAO
목표가 생겼다,북촌로5가길,playground,서울특별시 종로구 북촌로5가길 12-7,37.580327,126.98237,,KCISA,KCISA
목표가 생겼다,인사동14길,playground,서울특별시 종로구 인사동9길,37.574822,126.98481,,KCISA,KCISA
목표가 생겼다,용현1.4동,playground,인천광역시 미추홀구 수봉남로18번길 81-22,37.457023,126.6609,,KCISA,KCISA
목표가 생겼다,인천아트플랫폼,playground,인천광역시 중구 제물량로218번길 3,37.472906,126.62001,,KCISA,KCISA
몬스터,국립교통재활병원,playground,경기도 양평군 양평읍 중앙로 260,37.4897334,127.518454,,KCISA,KCISA
몬스터,담양레이나CC,playground,전라남도 담양군 담양읍 깊은실길 169,35.310369,127.01734,,KCISA,KCISA
못된 사랑,마리오아울렛,playground,서울특별시 금천구 디지털로9길 23,37.478782,126.88672,,KCISA,KCISA
못된 사랑,성산대교,playground,서울특별시 마포구 망원동 성산대교,37.552775,126.89155,,KCISA,KCISA
못된 사랑,여의도공원,playground,서울특별시 영등포구 여의공원로 68,37.5281241,126.925754,,KCISA,KCISA
못된 사랑,세종대로,playground,서울특별시 중구 세종대로 86-1,37.563835,126.97677,,KCISA,KCISA
못된 사랑,서울 포스트타워,playground,서울특별시 중구 소공로 70,37.561685,126.98215,,KCISA,KCISA
못된 사랑,김녕미로공원,playground,제주특별자치도 제주시 구좌읍 만장굴길 122,33.536511,126.772334,,KCISA,KCISA
무림학교,제이드가든,playground,강원도 춘천시 남산면 햇골길 80,37.834632,127.53786,,KCISA,KCISA
무법 변호사,춘천대교,playground,강원도 춘천시 근화동 609,37.88869,127.7085,,KCISA,KCISA
무법 변호사,서울액션스쿨,playground,경기도 파주시 탄현면 헤이리마을길 18-61,37.787373,126.69478,,KCISA,KCISA
무법 변호사,CGV 명동역 씨네라이브러리,playground,서울특별시 중구 퇴계로 123,37.561238,126.98536,,KCISA,KCISA
무법 변호사,월미문화의거리,playground,인천광역시 중구 북성동1가 98-57,37.475057,126.59747,,KCISA,KCISA
무브 투 헤븐 : 나는 유품정리사입니다,아쿠아플라넷 일산,playground,경기도 고양시 일산서구 한류월드로 282,37.66383,126.75556,,KCISA,KCISA
무브 투 헤븐 : 나는 유품정리사입니다,로케이션 이음 (구 로얄퀘스트),playground,경기도 파주시 탄현면 새오리로286번길 48-70,37.713531,126.74641,,KCISA,KCISA
무브 투 헤븐 : 나는 유품정리사입니다,운정장례식장,playground,경기도 파주시 하늘채길 35,37.756052,126.75281,,KCISA,KCISA
무브 투 헤븐 : 나는 유품정리사입니다,은행어린이공원,playground,서울특별시 마포구 성미산로29길 17-3,37.564575,126.92228,,KCISA,KCISA
무브 투 헤븐 : 나는 유품정리사입니다,성미산로29길,playground,서울특별시 마포구 성미산로29길 3,37.564235,126.92285,,KCISA,KCISA
무브 투 헤븐 : 나는 유품정리사입니다,성미산로29길4번가,playground,서울특별시 마포구 성미산로29길 4,37.564353,126.92293,,KCISA,KCISA
무브 투 헤븐 : 나는 유품정리사입니다,서강대교,playground,서울특별시 영등포구 여의도동 서강대교,37.536911,126.92495,,KCISA,KCISA
무브 투 헤븐 : 나는 유품정리사입니다,동작대교,playground,서울특별시 용산구 이촌동 동작대교,37.51041,126.981893,,KCISA,KCISA
무브 투 헤븐 : 나는 유품정리사입니다,청계상가,playground,서울특별시 중구 청계천로 160,37.568177,126.99533,,KCISA,KCISA
무브 투 헤븐 : 나는 유품정리사입니다,숭의평화예술시장 (구 숭의평화시장),playground,인천광역시 미추홀구 석정로 78-17,37.466387,126.64611,,KCISA,KCISA
무브 투 헤븐 : 나는 유품정리사입니다,인천국제공항,playground,인천광역시 중구 공항로 272,37.44919,126.4514,,KCISA,KCISA
무빙,불광천,playground,서울 은평구 응암동,37.58806325,126.9134163,https://ys-dl.tistory.com/entry/%EB%AC%B4%EB%B9%99-%EC%B4%AC%EC%98%81%EC%A7%80-8%EA%B3%B3%EC%9D%84-%EC%95%8C%EB%A0%A4%EB%93%9C%EB%A6%BD%EB%8B%88%EB%8B%A4%EC%97%85%EB%8D%B0%EC%9D%B4%ED%8A%B8%EC%A4%91,YSDL,KAKAO
무빙,양천문화회관,playground,서울 양천구 목동서로 367,37.51655585,126.8632219,https://ys-dl.tistory.com/entry/%EB%AC%B4%EB%B9%99-%EC%B4%AC%EC%98%81%EC%A7%80-8%EA%B3%B3%EC%9D%84-%EC%95%8C%EB%A0%A4%EB%93%9C%EB%A6%BD%EB%8B%88%EB%8B%A4%EC%97%85%EB%8D%B0%EC%9D%B4%ED%8A%B8%EC%A4%91,YSDL,KAKAO
무인도의 디바,노들섬,playground,서울 용산구 양녕로 445,37.51766014,126.9580339,https://ys-dl.tistory.com/entry/%EB%AC%B4%EC%9D%B8%EB%8F%84%EC%9D%98-%EB%94%94%EB%B0%94-%EC%B4%AC%EC%98%81%EC%A7%80-1%EA%B3%B3%EC%9D%84-%EC%95%8C%EB%A0%A4%EB%93%9C%EB%A6%BD%EB%8B%88%EB%8B%A4%EC%97%85%EB%8D%B0%EC%9D%B4%ED%8A%B8%EC%A4%91,YSDL,KAKAO
무인도의 디바,용산가족공원,playground,서울 용산구 서빙고로 137,37.52186592,126.9828336,https://ys-dl.tistory.com/entry/%EB%AC%B4%EC%9D%B8%EB%8F%84%EC%9D%98-%EB%94%94%EB%B0%94-%EC%B4%AC%EC%98%81%EC%A7%80-1%EA%B3%B3%EC%9D%84-%EC%95%8C%EB%A0%A4%EB%93%9C%EB%A6%BD%EB%8B%88%EB%8B%A4%EC%97%85%EB%8D%B0%EC%9D%B4%ED%8A%B8%EC%A4%91,YSDL,KAKAO
무인도의 디바,문화역서울284,playground,서울 중구 통일로 1,37.55587561,126.9716273,https://ys-dl.tistory.com/entry/%EB%AC%B4%EC%9D%B8%EB%8F%84%EC%9D%98-%EB%94%94%EB%B0%94-%EC%B4%AC%EC%98%81%EC%A7%80-1%EA%B3%B3%EC%9D%84-%EC%95%8C%EB%A0%A4%EB%93%9C%EB%A6%BD%EB%8B%88%EB%8B%A4%EC%97%85%EB%8D%B0%EC%9D%B4%ED%8A%B8%EC%A4%91,YSDL,KAKAO
무인도의 디바,청진공원,playground,서울 종로구 청진동 146-3,37.57140328,126.9798961,https://ys-dl.tistory.com/entry/%EB%AC%B4%EC%9D%B8%EB%8F%84%EC%9D%98-%EB%94%94%EB%B0%94-%EC%B4%AC%EC%98%81%EC%A7%80-1%EA%B3%B3%EC%9D%84-%EC%95%8C%EB%A0%A4%EB%93%9C%EB%A6%BD%EB%8B%88%EB%8B%A4%EC%97%85%EB%8D%B0%EC%9D%B4%ED%8A%B8%EC%A4%91,YSDL,KAKAO
무인도의 디바,맥문동솔숲,playground,경북 상주시 화북면 상오리 산 44,36.54415076,127.9222689,https://ys-dl.tistory.com/entry/%EB%AC%B4%EC%9D%B8%EB%8F%84%EC%9D%98-%EB%94%94%EB%B0%94-%EC%B4%AC%EC%98%81%EC%A7%80-1%EA%B3%B3%EC%9D%84-%EC%95%8C%EB%A0%A4%EB%93%9C%EB%A6%BD%EB%8B%88%EB%8B%A4%EC%97%85%EB%8D%B0%EC%9D%B4%ED%8A%B8%EC%A4%91,YSDL,KAKAO
무인도의 디바,낙동강 학전망대,playground,경북 상주시 중동면 회상리 759-4,36.44323454,128.2674163,https://ys-dl.tistory.com/entry/%EB%AC%B4%EC%9D%B8%EB%8F%84%EC%9D%98-%EB%94%94%EB%B0%94-%EC%B4%AC%EC%98%81%EC%A7%80-1%EA%B3%B3%EC%9D%84-%EC%95%8C%EB%A0%A4%EB%93%9C%EB%A6%BD%EB%8B%88%EB%8B%A4%EC%97%85%EB%8D%B0%EC%9D%B4%ED%8A%B8%EC%A4%91,YSDL,KAKAO
무인도의 디바,사촌해수욕장,playground,경남 남해군 남면 남면로1229번길 44,34.74355323,127.855931,https://ys-dl.tistory.com/entry/%EB%AC%B4%EC%9D%B8%EB%8F%84%EC%9D%98-%EB%94%94%EB%B0%94-%EC%B4%AC%EC%98%81%EC%A7%80-1%EA%B3%B3%EC%9D%84-%EC%95%8C%EB%A0%A4%EB%93%9C%EB%A6%BD%EB%8B%88%EB%8B%A4%EC%97%85%EB%8D%B0%EC%9D%B4%ED%8A%B8%EC%A4%91,YSDL,KAKAO
무인도의 디바,삼천포대교공원,playground,경남 사천시 대방동 681-2,34.93212896,128.0518264,https://ys-dl.tistory.com/entry/%EB%AC%B4%EC%9D%B8%EB%8F%84%EC%9D%98-%EB%94%94%EB%B0%94-%EC%B4%AC%EC%98%81%EC%A7%80-1%EA%B3%B3%EC%9D%84-%EC%95%8C%EB%A0%A4%EB%93%9C%EB%A6%BD%EB%8B%88%EB%8B%A4%EC%97%85%EB%8D%B0%EC%9D%B4%ED%8A%B8%EC%A4%91,YSDL,KAKAO
무정도시,성산대교,playground,서울특별시 마포구 망원동 성산대교,37.552775,126.89155,,KCISA,KCISA
무정도시,용마랜드,playground,서울특별시 중랑구 망우로70길 118,37.594468,127.105556,,KCISA,KCISA
미남당,동호대교,playground,서울특별시 성동구 옥수동,37.535804,127.02145,,KCISA,KCISA
미남당,노들섬,playground,서울특별시 용산구 양녕로 445,37.5181029,126.957064,,KCISA,KCISA
미남이시네요,일산호수공원,playground,경기도 고양시 일산동구 호수로 731,37.658769,126.76252,,KCISA,KCISA
미남이시네요,트레이드타워,playground,서울특별시 강남구 영동대로 511,37.510377,127.06099,,KCISA,KCISA
미남이시네요,공세리성당,playground,충청남도 아산시 인주면 공세리성당길 10,36.883404,126.914041,,KCISA,KCISA
미녀 공심이,라메리트,playground,경기도 파주시 문발로 139,37.706906,126.68603,,KCISA,KCISA
미녀 공심이,김포국제공항,playground,서울특별시 강서구 하늘길 112,37.558655,126.79228,,KCISA,KCISA
미녀 공심이,성산대교,playground,서울특별시 마포구 망원동 성산대교,37.552775,126.89155,,KCISA,KCISA
미녀 공심이,SBS프리즘타워,playground,서울특별시 마포구 상암산로 82,37.579725,126.89269,,KCISA,KCISA
미녀 공심이,HW컨벤션센터,playground,서울특별시 종로구 자하문로 255,37.597064,126.96244,,KCISA,KCISA
미녀의 탄생,더그림,playground,경기도 양평군 옥천면 사나사길 175,37.52907,127.4971,,KCISA,KCISA
미녀의 탄생,미추홀타워,playground,인천광역시 연수구 갯벌로 12,37.381795,126.65339,,KCISA,KCISA
미녀의 탄생,엔씨큐브,playground,인천광역시 연수구 아트센터대로 87,37.402243,126.64027,,KCISA,KCISA
미라클,단국대학교 죽전캠퍼스,playground,경기도 용인시 수지구 죽전로 152,37.321846,127.12658,,KCISA,KCISA
미라클,가온문화공원,playground,서울특별시 마포구 상암동 1594,37.58181,126.88765,,KCISA,KCISA
미라클,양화대교,playground,서울특별시 성동구 옥수동,37.544202,126.90502,,KCISA,KCISA
미라클,북촌로5길,playground,서울특별시 종로구 북촌로5길,37.579567,126.98216,,KCISA,KCISA
미라클,일민미술관,playground,서울특별시 종로구 세종대로 152,37.569866,126.97765,,KCISA,KCISA
미라클,윤보선길,playground,서울특별시 종로구 윤보선길,37.577559,126.98376,,KCISA,KCISA
미라클,율곡로3길,playground,서울특별시 종로구 율곡로3길,37.577811,126.98239,,KCISA,KCISA
미라클,서울한양도성 서울성곽길 남산(목멱산)구간,playground,서울특별시 중구 남창동 205-179,37.564486,127.01016,,KCISA,KCISA
미라클,인천국제공항,playground,인천광역시 중구 공항로 272,37.44919,126.4514,,KCISA,KCISA
미래의 선택,아일랜드컨트리클럽,playground,경기도 안산시 단원구 대선로 466,37.229112,126.56727,,KCISA,KCISA
미래의 선택,중문관광단지,playground,제주특별자치도 서귀포시 중문동 중문관광단지,33.251098,126.43448,,KCISA,KCISA
미생,세빛섬,playground,서울특별시 서초구 올림픽대로 683,37.512019,126.9953,,KCISA,KCISA
미생,성수동카페거리,playground,서울특별시 성동구 아차산로 92-1,37.542965,127.05659,,KCISA,KCISA
미생,원효대교,playground,서울특별시 영등포구 여의도동 원효대교,37.527046,126.94571,,KCISA,KCISA
미생,낙산공원,playground,서울특별시 종로구 낙산길 41,37.580667,127.00746,,KCISA,KCISA
미생,북촌로6길,playground,서울특별시 종로구 북촌로6길,37.580048,126.98545,,KCISA,KCISA
미생,서머셋팰리스서울,playground,서울특별시 종로구 율곡로2길 7,37.575128,126.981187,,KCISA,KCISA
미생,덕수궁 돌담길,playground,서울특별시 중구 세종대로 99,37.565924,126.97501,,KCISA,KCISA
미생,서울스퀘어,playground,서울특별시 중구 한강대로 416,37.555478,126.973721,,KCISA,KCISA
미세스 캅,화이트블럭,playground,경기도 파주시 탄현면 헤이리마을길 72,37.7889189,126.699592,,KCISA,KCISA
미세스 캅,경희대학교 서울캠퍼스,playground,서울특별시 동대문구 경희대로 26,37.595363,127.05276,,KCISA,KCISA
미스 함무라비,상동호수공원,playground,경기도 부천시 원미구 상2동 549,37.503495,126.745956,,KCISA,KCISA
미스 함무라비,서울중앙지방법원,playground,서울특별시 서초구 서초중앙로 157,37.496068,127.01148,,KCISA,KCISA
미스 함무라비,청계천,playground,서울특별시 종로구 서린동 148,37.569205,126.97791,,KCISA,KCISA
미스터 기간제,동탄국제고등학교,playground,경기도 화성시 동탄나루로 27,37.1891856,127.078496,,KCISA,KCISA
미스터 기간제,성신여자대학교 운정그린캠퍼스,playground,서울특별시 강북구 도봉로76가길 55,37.632219,127.0273,,KCISA,KCISA
미스터 기간제,선문대학교 아산캠퍼스,playground,충청남도 아산시 탕정면 선문로221번길 70,36.798952,127.07489,,KCISA,KCISA
미스터 션샤인,황매산,playground,경상남도 산청군 차황면 법평리 산 1,35.486018,127.97475,,KCISA,KCISA
미스터 션샤인,화왕산성,playground,경상남도 창녕군 창녕읍 옥천리 산322,35.546106,128.537389,,KCISA,KCISA
미스터 션샤인,합천 영상 테마파크,playground,경상남도 합천군 용주면 합천호수로 757,35.5489346,128.072475,,KCISA,KCISA
미스터 션샤인,삼릉숲,playground,경상북도 경주시 배동,35.798733,129.208281,,KCISA,KCISA
미스터 션샤인,만휴정,playground,경상북도 안동시 길안면 묵계하리길 42,36.41043,128.9099,,KCISA,KCISA
미스터 션샤인,고산정,playground,경상북도 안동시 도산면 가송길 177-42,36.767715,128.892121,,KCISA,KCISA
미스터 션샤인,계명대학교 대명캠퍼스,playground,대구광역시 남구 명덕로 104,35.85427,128.580543,,KCISA,KCISA
미스터 션샤인,계명대학교 성서캠퍼스,playground,대구광역시 달서구 달구벌대로 1095,35.8555794,128.484165,,KCISA,KCISA
미스터 션샤인,계명한학촌,playground,대구광역시 달서구 달구벌대로 1095,35.8555794,128.484165,,KCISA,KCISA
미스터 션샤인,문화공감수정,playground,부산광역시 동구 홍곡로 75,35.125713,129.042622,,KCISA,KCISA
미스터 션샤인,한옥카페 선운각,playground,서울특별시 강북구 우이동 265-16,37.6549982,126.999365,,KCISA,KCISA
미스터 션샤인,구서도역 영상촬영장,playground,전라북도 남원시 사매면 서도길 32,35.490738,127.329307,,KCISA,KCISA
미스터 션샤인,부안영상테마파크,playground,전라북도 부안군 반석면 격포로 309-64,35.620633,126.48247,,KCISA,KCISA
미스터 션샤인,션샤인랜드,playground,충청남도 논산시 연무읍 봉황로 102,36.102621,127.106021,,KCISA,KCISA
미스터 션샤인,선샤인스튜디오,playground,충청남도 논산시 연무읍 봉황로 90,36.102539,127.10657,,KCISA,KCISA
미스터 션샤인,운보의 집,playground,충청북도 청주시 청원구 내수읍 형동2길 92-41,36.692197,127.5651,,KCISA,KCISA
미스티,화이트블럭,playground,경기도 파주시 탄현면 헤이리마을길 72,37.7889189,126.699592,,KCISA,KCISA
미스티,중림동약현성당,playground,서울특별시 중구 청파로 447-1,37.559115,126.96744,,KCISA,KCISA
미스티,장흥교도소 세트장,playground,전라남도 장흥군 장흥읍 원도리 191,34.686804,126.91329,,KCISA,KCISA
미씽: 그들이 있었다,일산호수공원가로수길,playground,경기도 고양시 일산서구 주엽로 80,37.666173,126.75655,,KCISA,KCISA
미씽: 그들이 있었다,퍼스트가든,playground,경기도 파주시 탑삭골길 260,37.7321551,126.793933,,KCISA,KCISA
미안하다 사랑한다,에버랜드,playground,경기도 용인시 처인구 포곡읍 에버랜드로 199,37.2896511,127.217242,,KCISA,KCISA
미안하다 사랑한다,설봉공원,playground,경기도 이천시 경충대로2709번길 128,37.2766061,127.4266286,,KCISA,KCISA
미안하다 사랑한다,오중석웨딩스튜디오,playground,서울특별시 강남구 봉은사로16길 31,37.504413,127.02926,,KCISA,KCISA
미안하다 사랑한다,가톨릭대학교 서울성모병원,playground,서울특별시 서초구 반포대로 222,37.501777,127.00477,,KCISA,KCISA
미안하다 사랑한다,아쿠아아트 육교,playground,서울특별시 서초구 서초동 1748-46,37.481784,127.01665,,KCISA,KCISA
미안하다 사랑한다,서강대교,playground,서울특별시 영등포구 여의도동 서강대교,37.536911,126.92495,,KCISA,KCISA
미안하다 사랑한다,신성리 갈대밭,playground,충청남도 서천군 한산면 신성리 125-1,36.068336,126.86074,,KCISA,KCISA
미워도 사랑해,서울중앙지방법원,playground,서울특별시 서초구 서초중앙로 157,37.496068,127.01148,,KCISA,KCISA
미지의 서울,광통교,playground,서울 중구 남대문로1가 14,37.56858186,126.9830323,https://ys-dl.tistory.com/entry/%EB%AF%B8%EC%A7%80%EC%9D%98-%EC%84%9C%EC%9A%B8-%EC%B4%AC%EC%98%81%EC%A7%80-%EA%B3%B3%EC%9D%84-%EC%95%8C%EB%A0%A4%EB%93%9C%EB%A6%BD%EB%8B%88%EB%8B%A4%EC%97%85%EB%8D%B0%EC%9D%B4%ED%8A%B8%EC%A4%91,YSDL,KAKAO
미지의 서울,청계천한빛공원,playground,서울 중구 삼각동 118,37.56804874,126.9850677,https://ys-dl.tistory.com/entry/%EB%AF%B8%EC%A7%80%EC%9D%98-%EC%84%9C%EC%9A%B8-%EC%B4%AC%EC%98%81%EC%A7%80-%EA%B3%B3%EC%9D%84-%EC%95%8C%EB%A0%A4%EB%93%9C%EB%A6%BD%EB%8B%88%EB%8B%A4%EC%97%85%EB%8D%B0%EC%9D%B4%ED%8A%B8%EC%A4%91,YSDL,KAKAO
미지의 서울,청진공원,playground,서울 종로구 청진동 146-3,37.57140328,126.9798961,https://ys-dl.tistory.com/entry/%EB%AF%B8%EC%A7%80%EC%9D%98-%EC%84%9C%EC%9A%B8-%EC%B4%AC%EC%98%81%EC%A7%80-%EA%B3%B3%EC%9D%84-%EC%95%8C%EB%A0%A4%EB%93%9C%EB%A6%BD%EB%8B%88%EB%8B%A4%EC%97%85%EB%8D%B0%EC%9D%B4%ED%8A%B8%EC%A4%91,YSDL,KAKAO
미지의 서울,이화동 벽화마을,playground,서울 종로구 이화동 9-413,37.57797573,127.0071015,https://ys-dl.tistory.com/entry/%EB%AF%B8%EC%A7%80%EC%9D%98-%EC%84%9C%EC%9A%B8-%EC%B4%AC%EC%98%81%EC%A7%80-%EA%B3%B3%EC%9D%84-%EC%95%8C%EB%A0%A4%EB%93%9C%EB%A6%BD%EB%8B%88%EB%8B%A4%EC%97%85%EB%8D%B0%EC%9D%B4%ED%8A%B8%EC%A4%91,YSDL,KAKAO
미지의 서울,시립서울천문대,playground,서울 광진구 구천면로 2,37.54630335,127.1060418,https://ys-dl.tistory.com/entry/%EB%AF%B8%EC%A7%80%EC%9D%98-%EC%84%9C%EC%9A%B8-%EC%B4%AC%EC%98%81%EC%A7%80-%EA%B3%B3%EC%9D%84-%EC%95%8C%EB%A0%A4%EB%93%9C%EB%A6%BD%EB%8B%88%EB%8B%A4%EC%97%85%EB%8D%B0%EC%9D%B4%ED%8A%B8%EC%A4%91,YSDL,KAKAO
미지의 서울,반포한강공원,playground,서울 서초구 반포동 115-5,37.51081993,126.997161,https://ys-dl.tistory.com/entry/%EB%AF%B8%EC%A7%80%EC%9D%98-%EC%84%9C%EC%9A%B8-%EC%B4%AC%EC%98%81%EC%A7%80-%EA%B3%B3%EC%9D%84-%EC%95%8C%EB%A0%A4%EB%93%9C%EB%A6%BD%EB%8B%88%EB%8B%A4%EC%97%85%EB%8D%B0%EC%9D%B4%ED%8A%B8%EC%A4%91,YSDL,KAKAO
미지의 서울,로케이션 이음,playground,경기 파주시 탄현면 새오리로286번길 48-70,37.80403407,126.6931158,https://ys-dl.tistory.com/entry/%EB%AF%B8%EC%A7%80%EC%9D%98-%EC%84%9C%EC%9A%B8-%EC%B4%AC%EC%98%81%EC%A7%80-%EA%B3%B3%EC%9D%84-%EC%95%8C%EB%A0%A4%EB%93%9C%EB%A6%BD%EB%8B%88%EB%8B%A4%EC%97%85%EB%8D%B0%EC%9D%B4%ED%8A%B8%EC%A4%91,YSDL,KAKAO
미지의 서울,가야산,playground,경북 성주군 가천면 법전리 산 162,35.82256148,128.1229422,https://ys-dl.tistory.com/entry/%EB%AF%B8%EC%A7%80%EC%9D%98-%EC%84%9C%EC%9A%B8-%EC%B4%AC%EC%98%81%EC%A7%80-%EA%B3%B3%EC%9D%84-%EC%95%8C%EB%A0%A4%EB%93%9C%EB%A6%BD%EB%8B%88%EB%8B%A4%EC%97%85%EB%8D%B0%EC%9D%B4%ED%8A%B8%EC%A4%91,YSDL,KAKAO
미지의 서울,순천드라마촬영장,playground,전남광주통합특별시 순천시 비례골길 24,34.9570842,127.5380338,https://ys-dl.tistory.com/entry/%EB%AF%B8%EC%A7%80%EC%9D%98-%EC%84%9C%EC%9A%B8-%EC%B4%AC%EC%98%81%EC%A7%80-%EA%B3%B3%EC%9D%84-%EC%95%8C%EB%A0%A4%EB%93%9C%EB%A6%BD%EB%8B%88%EB%8B%A4%EC%97%85%EB%8D%B0%EC%9D%B4%ED%8A%B8%EC%A4%91,YSDL,KAKAO
미지의 서울,합천영상테마파크,playground,경남 합천군 용주면 합천호수로 757,35.54875124,128.0718461,https://ys-dl.tistory.com/entry/%EB%AF%B8%EC%A7%80%EC%9D%98-%EC%84%9C%EC%9A%B8-%EC%B4%AC%EC%98%81%EC%A7%80-%EA%B3%B3%EC%9D%84-%EC%95%8C%EB%A0%A4%EB%93%9C%EB%A6%BD%EB%8B%88%EB%8B%A4%EC%97%85%EB%8D%B0%EC%9D%B4%ED%8A%B8%EC%A4%91,YSDL,KAKAO
"미치겠다, 너땜에!",성미산로29길,playground,서울특별시 마포구 성미산로29길 3,37.564235,126.92285,,KCISA,KCISA
"미치겠다, 너땜에!",내외주가,playground,서울특별시 종로구 필운대로9가길 17,37.582727,126.96652,,KCISA,KCISA
"미치겠다, 너땜에!",CGV 명동역 씨네라이브러리,playground,서울특별시 중구 퇴계로 123,37.561238,126.98536,,KCISA,KCISA
밀키드,문정근린공원,playground,서울 송파구 문정로 33,37.48609838,127.1269851,https://ys-dl.tistory.com/entry/%EB%B0%80%ED%82%A4%EB%93%9C-%EC%B4%AC%EC%98%81%EC%A7%80-8%EA%B3%B3%EC%9D%84-%EC%95%8C%EB%A0%A4%EB%93%9C%EB%A6%BD%EB%8B%88%EB%8B%A4,YSDL,KAKAO
밀회,서경대학교,playground,서울특별시 성북구 서경로 124,37.6150933,127.012403,,KCISA,KCISA
밀회,HANDUS 한나래그릇작업실,playground,서울특별시 종로구 북촌로1길 30-4,37.577495,126.98422,,KCISA,KCISA
바니와 오빠들,아트힐 연희,playground,서울 서대문구 연희로11다길 15,37.56730922,126.9273233,https://ys-dl.tistory.com/entry/%EB%B0%94%EB%8B%88%EC%99%80-%EC%98%A4%EB%B9%A0%EB%93%A4-%EC%B4%AC%EC%98%81%EC%A7%80-7%EA%B3%B3%EC%9D%84-%EC%95%8C%EB%A0%A4%EB%93%9C%EB%A6%BD%EB%8B%88%EB%8B%A4%EC%97%85%EB%8D%B0%EC%9D%B4%ED%8A%B8%EC%A4%91,YSDL,KAKAO
바니와 오빠들,여의도한강공원,playground,서울 영등포구 여의도동 85,37.5263886,126.9351293,https://ys-dl.tistory.com/entry/%EB%B0%94%EB%8B%88%EC%99%80-%EC%98%A4%EB%B9%A0%EB%93%A4-%EC%B4%AC%EC%98%81%EC%A7%80-7%EA%B3%B3%EC%9D%84-%EC%95%8C%EB%A0%A4%EB%93%9C%EB%A6%BD%EB%8B%88%EB%8B%A4%EC%97%85%EB%8D%B0%EC%9D%B4%ED%8A%B8%EC%A4%91,YSDL,KAKAO
바니와 오빠들,여의도공원,playground,서울 영등포구 여의공원로 68,37.52613492,126.9223482,https://ys-dl.tistory.com/entry/%EB%B0%94%EB%8B%88%EC%99%80-%EC%98%A4%EB%B9%A0%EB%93%A4-%EC%B4%AC%EC%98%81%EC%A7%80-7%EA%B3%B3%EC%9D%84-%EC%95%8C%EB%A0%A4%EB%93%9C%EB%A6%BD%EB%8B%88%EB%8B%A4%EC%97%85%EB%8D%B0%EC%9D%B4%ED%8A%B8%EC%A4%91,YSDL,KAKAO
바니와 오빠들,열린송현녹지광장,playground,서울 종로구 송현동 48-9,37.57656808,126.9817151,https://ys-dl.tistory.com/entry/%EB%B0%94%EB%8B%88%EC%99%80-%EC%98%A4%EB%B9%A0%EB%93%A4-%EC%B4%AC%EC%98%81%EC%A7%80-7%EA%B3%B3%EC%9D%84-%EC%95%8C%EB%A0%A4%EB%93%9C%EB%A6%BD%EB%8B%88%EB%8B%A4%EC%97%85%EB%8D%B0%EC%9D%B4%ED%8A%B8%EC%A4%91,YSDL,KAKAO
바니와 오빠들,가나아트센터,playground,서울 종로구 평창30길 28,37.61230741,126.9751192,https://ys-dl.tistory.com/entry/%EB%B0%94%EB%8B%88%EC%99%80-%EC%98%A4%EB%B9%A0%EB%93%A4-%EC%B4%AC%EC%98%81%EC%A7%80-7%EA%B3%B3%EC%9D%84-%EC%95%8C%EB%A0%A4%EB%93%9C%EB%A6%BD%EB%8B%88%EB%8B%A4%EC%97%85%EB%8D%B0%EC%9D%B4%ED%8A%B8%EC%A4%91,YSDL,KAKAO
바니와 오빠들,용마랜드,playground,서울 중랑구 망우로70길 118,37.59477741,127.1054538,https://ys-dl.tistory.com/entry/%EB%B0%94%EB%8B%88%EC%99%80-%EC%98%A4%EB%B9%A0%EB%93%A4-%EC%B4%AC%EC%98%81%EC%A7%80-7%EA%B3%B3%EC%9D%84-%EC%95%8C%EB%A0%A4%EB%93%9C%EB%A6%BD%EB%8B%88%EB%8B%A4%EC%97%85%EB%8D%B0%EC%9D%B4%ED%8A%B8%EC%A4%91,YSDL,KAKAO
바니와 오빠들,벽초지수목원,playground,경기 파주시 광탄면 부흥로 242,37.80077004,126.8742585,https://ys-dl.tistory.com/entry/%EB%B0%94%EB%8B%88%EC%99%80-%EC%98%A4%EB%B9%A0%EB%93%A4-%EC%B4%AC%EC%98%81%EC%A7%80-7%EA%B3%B3%EC%9D%84-%EC%95%8C%EB%A0%A4%EB%93%9C%EB%A6%BD%EB%8B%88%EB%8B%A4%EC%97%85%EB%8D%B0%EC%9D%B4%ED%8A%B8%EC%A4%91,YSDL,KAKAO
바람과 구름과 비,용인 대장금 파크,playground,경기도 용인시 처인구 백암면 용천드라마길 25,37.1209396,127.337296,,KCISA,KCISA
바람의 화원,닭실마을,playground,경상북도 봉화군 봉화읍 충재길 60,36.904904,128.74198,,KCISA,KCISA
바람의 화원,경기전,playground,전라북도 전주시 완산구 태조로 44,35.815488,127.149771,,KCISA,KCISA
바람이 분다,쉴낙원 김포장례식장,playground,경기도 김포시 승가로58번길 7,37.607202,126.71541,,KCISA,KCISA
바람이 분다,휴머니스트출판그룹,playground,서울특별시 마포구 동교로23길 76,37.558952,126.91842,,KCISA,KCISA
바람이 분다,학전블루소극장,playground,서울특별시 종로구 대학로12길 46,37.582069,127.00374,,KCISA,KCISA
바람이 분다,중림동약현성당,playground,서울특별시 중구 청파로 447-1,37.559115,126.96744,,KCISA,KCISA
바람피면 죽는다,훼릭스,playground,경기도 고양시 덕양구 고양대로 1624,37.647408,126.86149,,KCISA,KCISA
바람피면 죽는다,로케이션 이음 (구 로얄퀘스트),playground,경기도 파주시 탄현면 새오리로286번길 48-70,37.713531,126.74641,,KCISA,KCISA
바람피면 죽는다,지혜의 숲,playground,경기도 파주시 회동길 145,37.7082492,126.686674,,KCISA,KCISA
바람피면 죽는다,양재천,playground,서울특별시 강남구 대치동 양재천,37.470194,127.03079,,KCISA,KCISA
바람피면 죽는다,위드뷰티살롱,playground,서울특별시 강남구 도산대로70길 16,37.52252,127.0451,,KCISA,KCISA
바람피면 죽는다,압구정로,playground,서울특별시 강남구 압구정로 436,37.526557,127.04465,,KCISA,KCISA
바람피면 죽는다,성신여자대학교 운정그린캠퍼스,playground,서울특별시 강북구 도봉로76가길 55,37.632219,127.0273,,KCISA,KCISA
바람피면 죽는다,대오 서점,playground,서울특별시 종로구 자하문로7길 55,37.579716,126.96934,,KCISA,KCISA
바람피면 죽는다,디자인하우스,playground,서울특별시 중구 동호로 272,37.559239,127.00357,,KCISA,KCISA
바람피면 죽는다,창경궁로5길,playground,서울특별시 중구 창경궁로5길 8,37.567162,126.99752,,KCISA,KCISA
반의반,행주산성공원,playground,경기도 고양시 덕양구 행주외동 140-8,37.598424,126.81911,,KCISA,KCISA
반의반,김포 금파로,playground,경기도 김포시 고촌읍 향산리 금파로,37.623588,126.7395,,KCISA,KCISA
반의반,가톨릭문화원,playground,경기도 김포시 하성면 월하로 970-18,37.702534,126.65818,,KCISA,KCISA
반의반,더넥센유니버시티,playground,서울특별시 강서구 마곡중앙로 177,37.570084,126.8279,,KCISA,KCISA
반의반,우이천로38라길,playground,서울특별시 도봉구 우이천로38라길 28,37.652901,127.02401,,KCISA,KCISA
반의반,와우고가차도,playground,서울특별시 마포구 동교동 와우교,37.555493,126.93064,,KCISA,KCISA
반의반,토정로,playground,서울특별시 마포구 토정로 20,37.545541,126.91284,,KCISA,KCISA
반의반,월드컵공원,playground,서울특별시 마포구 하늘공원로 86,37.5708905,126.878429,,KCISA,KCISA
반의반,올림픽공원,playground,서울특별시 송파구 올림픽로 424,37.5209657,127.116064,,KCISA,KCISA
반의반,명보빌딩,playground,서울특별시 용산구 이태원로 251 한남동빌딩,37.537287,127.00047,,KCISA,KCISA
반의반,경희궁3길,playground,서울특별시 종로구 사직동 경희궁 3길,37.57329,126.96731,,KCISA,KCISA
반의반,세움아트스페이스,playground,서울특별시 종로구 삼청로 48,37.580206,126.98015,,KCISA,KCISA
반의반,삼로4길,playground,서울특별시 종로구 삼청로4길 18,37.582293,126.98195,,KCISA,KCISA
반의반,광화문 광장,playground,서울특별시 종로구 세종대로 175,37.5706546,126.976661,,KCISA,KCISA
반의반,평창12길,playground,서울특별시 종로구 평창12길 10,37.606573,126.96725,,KCISA,KCISA
반의반,평창동 주민센터앞보도육교,playground,서울특별시 종로구 평창문화로 65,37.60615,126.96815,,KCISA,KCISA
반의반,내외주가,playground,서울특별시 종로구 필운대로9가길 17,37.582727,126.96652,,KCISA,KCISA
반의반,인천국제공항,playground,인천광역시 중구 공항로 272,37.44919,126.4514,,KCISA,KCISA
반짝이는 워터멜론,신촌 토끼굴,playground,서울 서대문구 대신동 143-28,37.56005856,126.9412798,https://ys-dl.tistory.com/entry/%EB%B0%98%EC%A7%9D%EC%9D%B4%EB%8A%94-%EC%9B%8C%ED%84%B0%EB%A9%9C%EB%A1%A0-%EC%B4%AC%EC%98%81%EC%A7%80-6%EA%B3%B3%EC%9D%84-%EC%95%8C%EB%A0%A4%EB%93%9C%EB%A6%BD%EB%8B%88%EB%8B%A4%EC%97%85%EB%8D%B0%EC%9D%B4%ED%8A%B8%EC%A4%91,YSDL,KAKAO
반짝이는 워터멜론,마로니에공원,playground,서울 종로구 대학로 104,37.58028876,127.0028257,https://ys-dl.tistory.com/entry/%EB%B0%98%EC%A7%9D%EC%9D%B4%EB%8A%94-%EC%9B%8C%ED%84%B0%EB%A9%9C%EB%A1%A0-%EC%B4%AC%EC%98%81%EC%A7%80-6%EA%B3%B3%EC%9D%84-%EC%95%8C%EB%A0%A4%EB%93%9C%EB%A6%BD%EB%8B%88%EB%8B%A4%EC%97%85%EB%8D%B0%EC%9D%B4%ED%8A%B8%EC%A4%91,YSDL,KAKAO
반짝이는 워터멜론,낙산공원,playground,서울 종로구 낙산길 41,37.58056967,127.0075218,https://ys-dl.tistory.com/entry/%EB%B0%98%EC%A7%9D%EC%9D%B4%EB%8A%94-%EC%9B%8C%ED%84%B0%EB%A9%9C%EB%A1%A0-%EC%B4%AC%EC%98%81%EC%A7%80-6%EA%B3%B3%EC%9D%84-%EC%95%8C%EB%A0%A4%EB%93%9C%EB%A6%BD%EB%8B%88%EB%8B%A4%EC%97%85%EB%8D%B0%EC%9D%B4%ED%8A%B8%EC%A4%91,YSDL,KAKAO
반짝이는 워터멜론,유니버설아트센터,playground,서울 광진구 천호대로 664,37.55090878,127.0879756,https://ys-dl.tistory.com/entry/%EB%B0%98%EC%A7%9D%EC%9D%B4%EB%8A%94-%EC%9B%8C%ED%84%B0%EB%A9%9C%EB%A1%A0-%EC%B4%AC%EC%98%81%EC%A7%80-6%EA%B3%B3%EC%9D%84-%EC%95%8C%EB%A0%A4%EB%93%9C%EB%A6%BD%EB%8B%88%EB%8B%A4%EC%97%85%EB%8D%B0%EC%9D%B4%ED%8A%B8%EC%A4%91,YSDL,KAKAO
반짝이는 워터멜론,아트센터 인천,playground,인천 연수구 아트센터대로 222,37.39324161,126.6262146,https://ys-dl.tistory.com/entry/%EB%B0%98%EC%A7%9D%EC%9D%B4%EB%8A%94-%EC%9B%8C%ED%84%B0%EB%A9%9C%EB%A1%A0-%EC%B4%AC%EC%98%81%EC%A7%80-6%EA%B3%B3%EC%9D%84-%EC%95%8C%EB%A0%A4%EB%93%9C%EB%A6%BD%EB%8B%88%EB%8B%A4%EC%97%85%EB%8D%B0%EC%9D%B4%ED%8A%B8%EC%A4%91,YSDL,KAKAO
반짝이는 워터멜론,인천문화예술회관,playground,인천 남동구 예술로 149,37.44758855,126.7000553,https://ys-dl.tistory.com/entry/%EB%B0%98%EC%A7%9D%EC%9D%B4%EB%8A%94-%EC%9B%8C%ED%84%B0%EB%A9%9C%EB%A1%A0-%EC%B4%AC%EC%98%81%EC%A7%80-6%EA%B3%B3%EC%9D%84-%EC%95%8C%EB%A0%A4%EB%93%9C%EB%A6%BD%EB%8B%88%EB%8B%A4%EC%97%85%EB%8D%B0%EC%9D%B4%ED%8A%B8%EC%A4%91,YSDL,KAKAO
반짝이는 워터멜론,문화극장,playground,경기 동두천시 동광로 66,37.90828945,127.0558142,https://ys-dl.tistory.com/entry/%EB%B0%98%EC%A7%9D%EC%9D%B4%EB%8A%94-%EC%9B%8C%ED%84%B0%EB%A9%9C%EB%A1%A0-%EC%B4%AC%EC%98%81%EC%A7%80-6%EA%B3%B3%EC%9D%84-%EC%95%8C%EB%A0%A4%EB%93%9C%EB%A6%BD%EB%8B%88%EB%8B%A4%EC%97%85%EB%8D%B0%EC%9D%B4%ED%8A%B8%EC%A4%91,YSDL,KAKAO
반짝이는 워터멜론,화적연,playground,경기 포천시 영북면 자일리 산 115-2,38.11505297,127.2627056,https://ys-dl.tistory.com/entry/%EB%B0%98%EC%A7%9D%EC%9D%B4%EB%8A%94-%EC%9B%8C%ED%84%B0%EB%A9%9C%EB%A1%A0-%EC%B4%AC%EC%98%81%EC%A7%80-6%EA%B3%B3%EC%9D%84-%EC%95%8C%EB%A0%A4%EB%93%9C%EB%A6%BD%EB%8B%88%EB%8B%A4%EC%97%85%EB%8D%B0%EC%9D%B4%ED%8A%B8%EC%A4%91,YSDL,KAKAO
반짝이는 워터멜론,한강신도시호수공원,playground,경기 김포시 마산동 617-2,37.64683198,126.6357075,https://ys-dl.tistory.com/entry/%EB%B0%98%EC%A7%9D%EC%9D%B4%EB%8A%94-%EC%9B%8C%ED%84%B0%EB%A9%9C%EB%A1%A0-%EC%B4%AC%EC%98%81%EC%A7%80-6%EA%B3%B3%EC%9D%84-%EC%95%8C%EB%A0%A4%EB%93%9C%EB%A6%BD%EB%8B%88%EB%8B%A4%EC%97%85%EB%8D%B0%EC%9D%B4%ED%8A%B8%EC%A4%91,YSDL,KAKAO
반짝이는 워터멜론,미술관 자작나무숲,playground,강원특별자치도 횡성군 우천면 한우로두곡5길 186,37.49275154,128.0500514,https://ys-dl.tistory.com/entry/%EB%B0%98%EC%A7%9D%EC%9D%B4%EB%8A%94-%EC%9B%8C%ED%84%B0%EB%A9%9C%EB%A1%A0-%EC%B4%AC%EC%98%81%EC%A7%80-6%EA%B3%B3%EC%9D%84-%EC%95%8C%EB%A0%A4%EB%93%9C%EB%A6%BD%EB%8B%88%EB%8B%A4%EC%97%85%EB%8D%B0%EC%9D%B4%ED%8A%B8%EC%A4%91,YSDL,KAKAO
반짝이는 워터멜론,공주메타세콰이어숲길,playground,충남 공주시 의당면 청룡리,36.49313165,127.1351666,https://ys-dl.tistory.com/entry/%EB%B0%98%EC%A7%9D%EC%9D%B4%EB%8A%94-%EC%9B%8C%ED%84%B0%EB%A9%9C%EB%A1%A0-%EC%B4%AC%EC%98%81%EC%A7%80-6%EA%B3%B3%EC%9D%84-%EC%95%8C%EB%A0%A4%EB%93%9C%EB%A6%BD%EB%8B%88%EB%8B%A4%EC%97%85%EB%8D%B0%EC%9D%B4%ED%8A%B8%EC%A4%91,YSDL,KAKAO
반짝이는 워터멜론,제민천,playground,충남 공주시 반죽동,36.45254898,127.1232808,https://ys-dl.tistory.com/entry/%EB%B0%98%EC%A7%9D%EC%9D%B4%EB%8A%94-%EC%9B%8C%ED%84%B0%EB%A9%9C%EB%A1%A0-%EC%B4%AC%EC%98%81%EC%A7%80-6%EA%B3%B3%EC%9D%84-%EC%95%8C%EB%A0%A4%EB%93%9C%EB%A6%BD%EB%8B%88%EB%8B%A4%EC%97%85%EB%8D%B0%EC%9D%B4%ED%8A%B8%EC%A4%91,YSDL,KAKAO
반짝이는 워터멜론,이월드,playground,대구 달서구 두류공원로 200,35.85405804,128.5647137,https://ys-dl.tistory.com/entry/%EB%B0%98%EC%A7%9D%EC%9D%B4%EB%8A%94-%EC%9B%8C%ED%84%B0%EB%A9%9C%EB%A1%A0-%EC%B4%AC%EC%98%81%EC%A7%80-6%EA%B3%B3%EC%9D%84-%EC%95%8C%EB%A0%A4%EB%93%9C%EB%A6%BD%EB%8B%88%EB%8B%A4%EC%97%85%EB%8D%B0%EC%9D%B4%ED%8A%B8%EC%A4%91,YSDL,KAKAO
반짝이는 워터멜론,맥문동솔숲,playground,경북 상주시 화북면 상오리 산 44,36.54415076,127.9222689,https://ys-dl.tistory.com/entry/%EB%B0%98%EC%A7%9D%EC%9D%B4%EB%8A%94-%EC%9B%8C%ED%84%B0%EB%A9%9C%EB%A1%A0-%EC%B4%AC%EC%98%81%EC%A7%80-6%EA%B3%B3%EC%9D%84-%EC%95%8C%EB%A0%A4%EB%93%9C%EB%A6%BD%EB%8B%88%EB%8B%A4%EC%97%85%EB%8D%B0%EC%9D%B4%ED%8A%B8%EC%A4%91,YSDL,KAKAO
반짝이는 워터멜론,영리해수욕장,playground,경북 영덕군 병곡면 고래불로 330,36.59253793,129.4099071,https://ys-dl.tistory.com/entry/%EB%B0%98%EC%A7%9D%EC%9D%B4%EB%8A%94-%EC%9B%8C%ED%84%B0%EB%A9%9C%EB%A1%A0-%EC%B4%AC%EC%98%81%EC%A7%80-6%EA%B3%B3%EC%9D%84-%EC%95%8C%EB%A0%A4%EB%93%9C%EB%A6%BD%EB%8B%88%EB%8B%A4%EC%97%85%EB%8D%B0%EC%9D%B4%ED%8A%B8%EC%A4%91,YSDL,KAKAO
반짝이는 워터멜론,여차몽돌해수욕장,playground,경남 거제시 남부면 여차길 22,34.71389518,128.6259645,https://ys-dl.tistory.com/entry/%EB%B0%98%EC%A7%9D%EC%9D%B4%EB%8A%94-%EC%9B%8C%ED%84%B0%EB%A9%9C%EB%A1%A0-%EC%B4%AC%EC%98%81%EC%A7%80-6%EA%B3%B3%EC%9D%84-%EC%95%8C%EB%A0%A4%EB%93%9C%EB%A6%BD%EB%8B%88%EB%8B%A4%EC%97%85%EB%8D%B0%EC%9D%B4%ED%8A%B8%EC%A4%91,YSDL,KAKAO
반짝이는 워터멜론,신선대,playground,경남 거제시 남부면 갈곶리,34.7382272,128.662759,https://ys-dl.tistory.com/entry/%EB%B0%98%EC%A7%9D%EC%9D%B4%EB%8A%94-%EC%9B%8C%ED%84%B0%EB%A9%9C%EB%A1%A0-%EC%B4%AC%EC%98%81%EC%A7%80-6%EA%B3%B3%EC%9D%84-%EC%95%8C%EB%A0%A4%EB%93%9C%EB%A6%BD%EB%8B%88%EB%8B%A4%EC%97%85%EB%8D%B0%EC%9D%B4%ED%8A%B8%EC%A4%91,YSDL,KAKAO
발리에서 생긴 일,한강 공원 여의도 지구,playground,서울특별시 영등포구 여의동로 290,37.5290674,126.936218,,KCISA,KCISA
발칙하게 고고,세종호수공원,playground,세종특별자치시 호수공원길 155,36.497909,127.2729,,KCISA,KCISA
발칙하게 고고,녹수원글램핑,playground,충청남도 공주시 유구읍 금계산로 919-11,36.62859,126.96982,,KCISA,KCISA
밤에 피는 꽃,창덕궁 부용정,playground,서울 종로구 율곡로 99,37.58154638,126.9929853,https://ys-dl.tistory.com/entry/%EB%B0%A4%EC%97%90-%ED%94%BC%EB%8A%94-%EA%BD%83-%EC%B4%AC%EC%98%81%EC%A7%80-3%EA%B3%B3%EC%9D%84-%EC%95%8C%EB%A0%A4%EB%93%9C%EB%A6%BD%EB%8B%88%EB%8B%A4%EC%97%85%EB%8D%B0%EC%9D%B4%ED%8A%B8%EC%A4%91,YSDL,KAKAO
밤에 피는 꽃,용인대장금파크 관가,playground,경기 용인시 처인구 백암면 용천드라마길 25,37.12160248,127.3376128,https://ys-dl.tistory.com/entry/%EB%B0%A4%EC%97%90-%ED%94%BC%EB%8A%94-%EA%BD%83-%EC%B4%AC%EC%98%81%EC%A7%80-3%EA%B3%B3%EC%9D%84-%EC%95%8C%EB%A0%A4%EB%93%9C%EB%A6%BD%EB%8B%88%EB%8B%A4%EC%97%85%EB%8D%B0%EC%9D%B4%ED%8A%B8%EC%A4%91,YSDL,KAKAO
밤에 피는 꽃,바람의화원 세트장,playground,충북 괴산군 청천면 송문로덕평1길 44-18,36.72666312,127.8057002,https://ys-dl.tistory.com/entry/%EB%B0%A4%EC%97%90-%ED%94%BC%EB%8A%94-%EA%BD%83-%EC%B4%AC%EC%98%81%EC%A7%80-3%EA%B3%B3%EC%9D%84-%EC%95%8C%EB%A0%A4%EB%93%9C%EB%A6%BD%EB%8B%88%EB%8B%A4%EC%97%85%EB%8D%B0%EC%9D%B4%ED%8A%B8%EC%A4%91,YSDL,KAKAO
밤에 피는 꽃,문경새재오픈세트장,playground,경북 문경시 문경읍 새재로 1037,36.77139968,128.074072,https://ys-dl.tistory.com/entry/%EB%B0%A4%EC%97%90-%ED%94%BC%EB%8A%94-%EA%BD%83-%EC%B4%AC%EC%98%81%EC%A7%80-3%EA%B3%B3%EC%9D%84-%EC%95%8C%EB%A0%A4%EB%93%9C%EB%A6%BD%EB%8B%88%EB%8B%A4%EC%97%85%EB%8D%B0%EC%9D%B4%ED%8A%B8%EC%A4%91,YSDL,KAKAO
밤을 걷는 선비,성흥산 사랑나무,playground,충청남도 부여군 임천면 성흥로97번길 167,36.1971825,126.898347,,KCISA,KCISA
밤이면 밤마다,국립중앙박물관,playground,서울특별시 용산구 서빙고로 137,37.52394,126.980356,,KCISA,KCISA
밤이면 밤마다,노들섬,playground,서울특별시 용산구 양녕로 445,37.5181029,126.957064,,KCISA,KCISA
밤이면 밤마다,동작대교,playground,서울특별시 용산구 이촌동 동작대교,37.51041,126.981893,,KCISA,KCISA
밤이면 밤마다,인사동12길,playground,서울특별시 종로구 인사동12길,37.574503,126.98493,,KCISA,KCISA
밤이면 밤마다,인사동길,playground,서울특별시 종로구 인사동길 26-1,37.573114,126.9862,,KCISA,KCISA
밤이면 밤마다,차이나타운로44번길,playground,인천광역시 중구 차이나타운로44번길,37.475644,126.61754,,KCISA,KCISA
밥 잘 사주는 예쁜 누나,낙산 해수욕장,playground,강원도 양양군 강현면 해맞이길 59,38.1164806,128.63426,,KCISA,KCISA
밥 잘 사주는 예쁜 누나,속삭이는자작나무숲,playground,강원도 인제군 인제읍 자작나무숲길 760,37.9737439,128.227423,,KCISA,KCISA
밥 잘 사주는 예쁜 누나,탄천 지하보도,playground,경기도 성남시 분당구 이매동 144,37.39706,127.1235,,KCISA,KCISA
밥 잘 사주는 예쁜 누나,용인공원,playground,경기도 용인시 처인구 모현읍 새래로 158-33,37.298496,127.2542,,KCISA,KCISA
밥 잘 사주는 예쁜 누나,CJ ENM,playground,서울특별시 마포구 상암산로 66,37.578581,126.89189,,KCISA,KCISA
밥 잘 사주는 예쁜 누나,YTN 뉴스퀘어,playground,서울특별시 마포구 상암산로 76,37.579146,126.89229,,KCISA,KCISA
밥 잘 사주는 예쁜 누나,DMC문화공원,playground,서울특별시 마포구 월드컵북로 366,37.577736,126.89216,,KCISA,KCISA
밥 잘 사주는 예쁜 누나,용산가족공원,playground,서울특별시 용산구 서빙고로 137,37.521532,126.98392,,KCISA,KCISA
밥 잘 사주는 예쁜 누나,소월로,playground,서울특별시 용산구 후암동 소월로,37.544714,126.99091,,KCISA,KCISA
밥 잘 사주는 예쁜 누나,세종마을 음식문화거리,playground,서울특별시 종로구 자하문로1길 24,37.576455,126.97107,,KCISA,KCISA
밥 잘 사주는 예쁜 누나,이마빌딩,playground,서울특별시 종로구 종로1길 42,37.573958,126.97881,,KCISA,KCISA
밥 잘 사주는 예쁜 누나,을지로3길,playground,서울특별시 중구 을지로3길 34,37.567474,126.98147,,KCISA,KCISA
밥 잘 사주는 예쁜 누나,무무건축,playground,인천광역시 강화군 화도면 해안남로1066번길 26,37.619794,126.45994,,KCISA,KCISA
밥 잘 사주는 예쁜 누나,협재해수욕장,playground,제주특별자치도 제주시 한림읍 한림로 329-10,33.394065,126.239527,,KCISA,KCISA
배가본드,한국의 집,playground,서울특별시 중구 퇴계로36길 10,37.560304,126.99471,,KCISA,KCISA
백년의 신부,아난티 클럽 서울,playground,경기도 가평군 설악면 유명로 961-34,37.619609,127.48216,,KCISA,KCISA
백년의 신부,양평 두물머리,playground,경기도 양평군 양서면 양수리,37.532869,127.31599,,KCISA,KCISA
백년의 신부,스포엔샤웨딩,playground,서울특별시 강남구 도산대로81길 16-6,37.5255713,127.047991,,KCISA,KCISA
백년의 신부,오중석웨딩스튜디오,playground,서울특별시 강남구 봉은사로16길 31,37.504413,127.02926,,KCISA,KCISA
백년의 신부,소월로,playground,서울특별시 용산구 후암동 소월로,37.544714,126.99091,,KCISA,KCISA
백년의 신부,마로니에 공원,playground,서울특별시 종로구 대학로 104,37.580499,127.00244,,KCISA,KCISA
백년의 신부,인사동길,playground,서울특별시 종로구 인사동길 26-1,37.573114,126.9862,,KCISA,KCISA
백년의 신부,중림동약현성당,playground,서울특별시 중구 청파로 447-1,37.559115,126.96744,,KCISA,KCISA
백년의 신부,스퀘어원,playground,인천광역시 연수구 청능대로 210,37.406073,126.68374,,KCISA,KCISA
백년의 신부,인천국제공항,playground,인천광역시 중구 공항로 272,37.44919,126.4514,,KCISA,KCISA
백년의 신부,운보의 집,playground,충청북도 청주시 청원구 내수읍 형동2길 92-41,36.692197,127.5651,,KCISA,KCISA
백번의 추억,제물포구락부,playground,인천 제물포구 자유공원남로 25,37.47463623,126.6225221,https://ys-dl.tistory.com/entry/%EB%B0%B1%EB%B2%88%EC%9D%98-%EC%B6%94%EC%96%B5-%EC%B4%AC%EC%98%81%EC%A7%80-7%EA%B3%B3%EC%9D%84-%EC%95%8C%EB%A0%A4%EB%93%9C%EB%A6%BD%EB%8B%88%EB%8B%A4%EC%97%85%EB%8D%B0%EC%9D%B4%ED%8A%B8%EC%A4%91,YSDL,KAKAO
백번의 추억,두여해변,playground,충남 태안군 안면읍 정당리 1313-1,36.54365601,126.3296619,https://ys-dl.tistory.com/entry/%EB%B0%B1%EB%B2%88%EC%9D%98-%EC%B6%94%EC%96%B5-%EC%B4%AC%EC%98%81%EC%A7%80-7%EA%B3%B3%EC%9D%84-%EC%95%8C%EB%A0%A4%EB%93%9C%EB%A6%BD%EB%8B%88%EB%8B%A4%EC%97%85%EB%8D%B0%EC%9D%B4%ED%8A%B8%EC%A4%91,YSDL,KAKAO
백번의 추억,구 조선식량영단 군산출장소,playground,전북특별자치도 군산시 구영2길 43,35.99019837,126.7098663,https://ys-dl.tistory.com/entry/%EB%B0%B1%EB%B2%88%EC%9D%98-%EC%B6%94%EC%96%B5-%EC%B4%AC%EC%98%81%EC%A7%80-7%EA%B3%B3%EC%9D%84-%EC%95%8C%EB%A0%A4%EB%93%9C%EB%A6%BD%EB%8B%88%EB%8B%A4%EC%97%85%EB%8D%B0%EC%9D%B4%ED%8A%B8%EC%A4%91,YSDL,KAKAO
백번의 추억,익산 교도소 세트장,playground,전북특별자치도 익산시 성당면 함낭로 207,36.06945155,126.930603,https://ys-dl.tistory.com/entry/%EB%B0%B1%EB%B2%88%EC%9D%98-%EC%B6%94%EC%96%B5-%EC%B4%AC%EC%98%81%EC%A7%80-7%EA%B3%B3%EC%9D%84-%EC%95%8C%EB%A0%A4%EB%93%9C%EB%A6%BD%EB%8B%88%EB%8B%A4%EC%97%85%EB%8D%B0%EC%9D%B4%ED%8A%B8%EC%A4%91,YSDL,KAKAO
백번의 추억,전주드림랜드,playground,전북특별자치도 전주시 덕진구 소리로 68,35.85784952,127.1444646,https://ys-dl.tistory.com/entry/%EB%B0%B1%EB%B2%88%EC%9D%98-%EC%B6%94%EC%96%B5-%EC%B4%AC%EC%98%81%EC%A7%80-7%EA%B3%B3%EC%9D%84-%EC%95%8C%EB%A0%A4%EB%93%9C%EB%A6%BD%EB%8B%88%EB%8B%A4%EC%97%85%EB%8D%B0%EC%9D%B4%ED%8A%B8%EC%A4%91,YSDL,KAKAO
백번의 추억,전주동물원,playground,전북특별자치도 전주시 덕진구 소리로 68,35.85520353,127.1443889,https://ys-dl.tistory.com/entry/%EB%B0%B1%EB%B2%88%EC%9D%98-%EC%B6%94%EC%96%B5-%EC%B4%AC%EC%98%81%EC%A7%80-7%EA%B3%B3%EC%9D%84-%EC%95%8C%EB%A0%A4%EB%93%9C%EB%A6%BD%EB%8B%88%EB%8B%A4%EC%97%85%EB%8D%B0%EC%9D%B4%ED%8A%B8%EC%A4%91,YSDL,KAKAO
백번의 추억,광주극장,playground,전남광주통합특별시 동구 충장로46번길 10,35.14992704,126.9123147,https://ys-dl.tistory.com/entry/%EB%B0%B1%EB%B2%88%EC%9D%98-%EC%B6%94%EC%96%B5-%EC%B4%AC%EC%98%81%EC%A7%80-7%EA%B3%B3%EC%9D%84-%EC%95%8C%EB%A0%A4%EB%93%9C%EB%A6%BD%EB%8B%88%EB%8B%A4%EC%97%85%EB%8D%B0%EC%9D%B4%ED%8A%B8%EC%A4%91,YSDL,KAKAO
백번의 추억,합천영상테마파크,playground,경남 합천군 용주면 합천호수로 757,35.54875124,128.0718461,https://ys-dl.tistory.com/entry/%EB%B0%B1%EB%B2%88%EC%9D%98-%EC%B6%94%EC%96%B5-%EC%B4%AC%EC%98%81%EC%A7%80-7%EA%B3%B3%EC%9D%84-%EC%95%8C%EB%A0%A4%EB%93%9C%EB%A6%BD%EB%8B%88%EB%8B%A4%EC%97%85%EB%8D%B0%EC%9D%B4%ED%8A%B8%EC%A4%91,YSDL,KAKAO
백일의 낭군님,한국민속촌,playground,경기도 용인시 기흥구 민속촌로 90,37.260092,127.12036,,KCISA,KCISA
백일의 낭군님,영주 무섬마을,playground,경상북도 영주시 문수면 무섬로 238-2,36.732678,128.62112,,KCISA,KCISA
백일의 낭군님,아홉산숲,playground,부산광역시 기장군 철마면 웅천리 520-10,35.2879959,129.169638,,KCISA,KCISA
백일의 낭군님,광한루원,playground,전라북도 남원시 요천로 1447,35.403918,127.379758,,KCISA,KCISA
백일의 낭군님,부안영상테마파크,playground,전라북도 부안군 반석면 격포로 309-64,35.620633,126.48247,,KCISA,KCISA
뱀파이어 아이돌,놀숲 일산화정점,playground,경기도 고양시 덕양구 중앙로 628 예일프라자 1 4층 402호,37.627508,126.82885,,KCISA,KCISA
번외수사,어울마당로,playground,서울특별시 마포구 어울마당로,37.55003,126.92113,,KCISA,KCISA
법대로 사랑하라,안성팜랜드,playground,경기도 안성시 공도읍 대신두길 28,36.9904684,127.194467,,KCISA,KCISA
법대로 사랑하라,경희대국제캠퍼스,playground,경기도 용인시 기흥구 덕영대로 1732,37.240921,127.07958,,KCISA,KCISA
법대로 사랑하라,퍼스트가든,playground,경기도 파주시 탑삭골길 260,37.7321551,126.793933,,KCISA,KCISA
법대로 사랑하라,서울시티클럽,playground,서울특별시 영등포구 여의공원로 101 C.C.M.M빌딩,37.529282,126.92486,,KCISA,KCISA
법대로 사랑하라,파크원,playground,서울특별시 영등포구 여의대로 108,37.525144,126.92923,,KCISA,KCISA
변혁의 사랑,로케이션 이음 (구 로얄퀘스트),playground,경기도 파주시 탄현면 새오리로286번길 48-70,37.713531,126.74641,,KCISA,KCISA
변혁의 사랑,화이트블럭,playground,경기도 파주시 탄현면 헤이리마을길 72,37.7889189,126.699592,,KCISA,KCISA
변혁의 사랑,아셈타워,playground,서울특별시 강남구 영동대로 517,37.513147,127.05974,,KCISA,KCISA
변혁의 사랑,윤희빌딩,playground,서울특별시 서대문구 신촌역로 22-8,37.558825,126.9433,,KCISA,KCISA
변혁의 사랑,롯데월드,playground,서울특별시 송파구 올림픽로 240,37.5112601,127.097998,,KCISA,KCISA
변혁의 사랑,마로니에 공원,playground,서울특별시 종로구 대학로 104,37.580499,127.00244,,KCISA,KCISA
변혁의 사랑,라비두스,playground,서울특별시 중구 필동로5길 7,37.556652,126.99638,,KCISA,KCISA
별들에게 물어봐,봉원사,playground,서울 서대문구 봉원사길 120,37.57200974,126.9478155,https://ys-dl.tistory.com/entry/%EB%B3%84%EB%93%A4%EC%97%90%EA%B2%8C-%EB%AC%BC%EC%96%B4%EB%B4%90-%EC%B4%AC%EC%98%81%EC%A7%80-15%EA%B3%B3%EC%9D%84-%EC%95%8C%EB%A0%A4%EB%93%9C%EB%A6%BD%EB%8B%88%EB%8B%A4%EC%97%85%EB%8D%B0%EC%9D%B4%ED%8A%B8%EC%A4%91,YSDL,KAKAO
별들에게 물어봐,서울숲,playground,서울 성동구 성수동1가 678-1,37.54432223,127.0376178,https://ys-dl.tistory.com/entry/%EB%B3%84%EB%93%A4%EC%97%90%EA%B2%8C-%EB%AC%BC%EC%96%B4%EB%B4%90-%EC%B4%AC%EC%98%81%EC%A7%80-15%EA%B3%B3%EC%9D%84-%EC%95%8C%EB%A0%A4%EB%93%9C%EB%A6%BD%EB%8B%88%EB%8B%A4%EC%97%85%EB%8D%B0%EC%9D%B4%ED%8A%B8%EC%A4%91,YSDL,KAKAO
별들에게 물어봐,롯데시네마 건대입구,playground,서울 광진구 아차산로 272,37.53860688,127.0729227,https://ys-dl.tistory.com/entry/%EB%B3%84%EB%93%A4%EC%97%90%EA%B2%8C-%EB%AC%BC%EC%96%B4%EB%B4%90-%EC%B4%AC%EC%98%81%EC%A7%80-15%EA%B3%B3%EC%9D%84-%EC%95%8C%EB%A0%A4%EB%93%9C%EB%A6%BD%EB%8B%88%EB%8B%A4%EC%97%85%EB%8D%B0%EC%9D%B4%ED%8A%B8%EC%A4%91,YSDL,KAKAO
별들에게 물어봐,대전컨벤션센터 그랜드볼룸,playground,대전 유성구 엑스포로 107,36.3749637,127.3922209,https://ys-dl.tistory.com/entry/%EB%B3%84%EB%93%A4%EC%97%90%EA%B2%8C-%EB%AC%BC%EC%96%B4%EB%B4%90-%EC%B4%AC%EC%98%81%EC%A7%80-15%EA%B3%B3%EC%9D%84-%EC%95%8C%EB%A0%A4%EB%93%9C%EB%A6%BD%EB%8B%88%EB%8B%A4%EC%97%85%EB%8D%B0%EC%9D%B4%ED%8A%B8%EC%A4%91,YSDL,KAKAO
별들에게 물어봐,대전컨벤션센터 제2전시장,playground,대전 유성구 엑스포로 87,36.37513539,127.3893244,https://ys-dl.tistory.com/entry/%EB%B3%84%EB%93%A4%EC%97%90%EA%B2%8C-%EB%AC%BC%EC%96%B4%EB%B4%90-%EC%B4%AC%EC%98%81%EC%A7%80-15%EA%B3%B3%EC%9D%84-%EC%95%8C%EB%A0%A4%EB%93%9C%EB%A6%BD%EB%8B%88%EB%8B%A4%EC%97%85%EB%8D%B0%EC%9D%B4%ED%8A%B8%EC%A4%91,YSDL,KAKAO
별들에게 물어봐,순천드라마촬영장,playground,전남광주통합특별시 순천시 비례골길 24,34.9570842,127.5380338,https://ys-dl.tistory.com/entry/%EB%B3%84%EB%93%A4%EC%97%90%EA%B2%8C-%EB%AC%BC%EC%96%B4%EB%B4%90-%EC%B4%AC%EC%98%81%EC%A7%80-15%EA%B3%B3%EC%9D%84-%EC%95%8C%EB%A0%A4%EB%93%9C%EB%A6%BD%EB%8B%88%EB%8B%A4%EC%97%85%EB%8D%B0%EC%9D%B4%ED%8A%B8%EC%A4%91,YSDL,KAKAO
별똥별,원주세브란스기독병원,playground,강원도 원주시 일산로 20,37.348469,127.94518,,KCISA,KCISA
별똥별,킨텍스,playground,경기도 고양시 일산서구 킨텍스로 217-60,37.668805,126.74593,,KCISA,KCISA
별똥별,로케이션 이음 (구 로얄퀘스트),playground,경기도 파주시 탄현면 새오리로286번길 48-70,37.713531,126.74641,,KCISA,KCISA
별똥별,퍼스트가든,playground,경기도 파주시 탑삭골길 260,37.7321551,126.793933,,KCISA,KCISA
별똥별,지혜의 숲,playground,경기도 파주시 회동길 145,37.7082492,126.686674,,KCISA,KCISA
별똥별,도산대로,playground,서울특별시 강남구 도산대로 216,37.520434,127.03036,,KCISA,KCISA
별똥별,경희대학교 서울캠퍼스,playground,서울특별시 동대문구 경희대로 26,37.595363,127.05276,,KCISA,KCISA
별똥별,동아디지털미디어센터,playground,서울특별시 마포구 매봉산로 75,37.57832,126.89285,,KCISA,KCISA
별똥별,가온문화공원,playground,서울특별시 마포구 상암동 1594,37.58181,126.88765,,KCISA,KCISA
별똥별,난지한강공원,playground,서울특별시 마포구 한강난지로 162,37.564486,126.87945,,KCISA,KCISA
별똥별,롯데월드,playground,서울특별시 송파구 올림픽로 240,37.5112601,127.097998,,KCISA,KCISA
별똥별,올림픽공원,playground,서울특별시 송파구 올림픽로 424,37.5209657,127.116064,,KCISA,KCISA
별똥별,샛강다리,playground,서울특별시 영등포구 여의도동 39,37.518835,126.91898,,KCISA,KCISA
별똥별,N서울타워,playground,서울특별시 용산구 남산공원길 105,37.551168,126.98824,,KCISA,KCISA
별똥별,덕수궁 돌담길,playground,서울특별시 중구 세종대로 99,37.565924,126.97501,,KCISA,KCISA
별똥별,CGV 명동역 씨네라이브러리,playground,서울특별시 중구 퇴계로 123,37.561238,126.98536,,KCISA,KCISA
별똥별,인천국제공항,playground,인천광역시 중구 공항로 272,37.44919,126.4514,,KCISA,KCISA
별똥별,제주국제공항,playground,제주특별자치도 제주시 공항로 2,33.506548,126.49304,,KCISA,KCISA
별똥별,비밀의숲,playground,제주특별자치도 제주시 구좌읍 송당리 2173,33.453582,126.75564,,KCISA,KCISA
별별 며느리,지혜의 숲,playground,경기도 파주시 회동길 145,37.7082492,126.686674,,KCISA,KCISA
별에서 온 그대,쁘띠프랑스,playground,경기도 가평군 청평면 호반로 1063,37.714908,127.490287,,KCISA,KCISA
별에서 온 그대,일산 비버리 힐스,playground,경기도 고양시 일산동구 강송로218번길 40,37.658382,126.78377,,KCISA,KCISA
별에서 온 그대,일산호수공원,playground,경기도 고양시 일산동구 호수로 731,37.658769,126.76252,,KCISA,KCISA
별에서 온 그대,양평 두물머리,playground,경기도 양평군 양서면 양수리,37.532869,127.31599,,KCISA,KCISA
별에서 온 그대,장암저수지,playground,경기도 포천시 이동면 장암리,38.028088,127.395624,,KCISA,KCISA
별에서 온 그대,한림대학교 동탄성심병원,playground,경기도 화성시 큰재봉길 7,37.2166485,127.079989,,KCISA,KCISA
별에서 온 그대,통도환타지아,playground,경상남도 양산시 하북면 통도7길 68,35.499991,129.08314,,KCISA,KCISA
별에서 온 그대,장사도 해상공원 까멜리아,playground,경상남도 통영시 한산면 장사도길 55,34.713673,128.55885,,KCISA,KCISA
별에서 온 그대,서울특별시 보라매병원,playground,서울특별시 동작구 보라매로5길 20,37.493287,126.92424,,KCISA,KCISA
별에서 온 그대,GT타워,playground,서울특별시 서초구 서초대로 411,37.498034,127.02599,,KCISA,KCISA
별에서 온 그대,한강 공원 여의도 지구,playground,서울특별시 영등포구 여의동로 290,37.5290674,126.936218,,KCISA,KCISA
별에서 온 그대,N서울타워,playground,서울특별시 용산구 남산공원길 105,37.551168,126.98824,,KCISA,KCISA
별에서 온 그대,일민미술관,playground,서울특별시 종로구 세종대로 152,37.569866,126.97765,,KCISA,KCISA
별에서 온 그대,원서공원,playground,서울특별시 종로구 창덕궁길 19,37.578426,126.98864,,KCISA,KCISA
별에서 온 그대,덕수궁 돌담길,playground,서울특별시 중구 세종대로 99,37.565924,126.97501,,KCISA,KCISA
별에서 온 그대,국립극장,playground,서울특별시 중구 장충단로 59,37.552549,126.999648,,KCISA,KCISA
별에서 온 그대,인천대학교 송도캠퍼스,playground,인천광역시 연수구 송도동 아카데미로 119,37.375106,126.63314,,KCISA,KCISA
별에서 온 그대,을왕리해수욕장,playground,인천광역시 중구 용유서로302번길 16-15,37.447737,126.372515,,KCISA,KCISA
병원선,대우병원,playground,경상남도 거제시 두모길 16,34.871977,128.72219,,KCISA,KCISA
병원선,외도 보타니아,playground,경상남도 거제시 일운면 외도길 17,34.769699,128.70886,,KCISA,KCISA
병원선,창원경상대학교병원,playground,경상남도 창원시 성산구 삼정자로 11 창원경상대학교병원,35.198769,128.70813,,KCISA,KCISA
병원선,가톨릭대학교 서울성모병원,playground,서울특별시 서초구 반포대로 222,37.501777,127.00477,,KCISA,KCISA
보건교사 안은영,봉은사,playground,서울특별시 강남구 봉은사로 531,37.5151248,127.056921,,KCISA,KCISA
보건교사 안은영,N서울타워,playground,서울특별시 용산구 남산공원길 105,37.551168,126.98824,,KCISA,KCISA
보건교사 안은영,포스코타워송도,playground,인천광역시 연수구 컨벤시아대로 165,37.389269,126.64424,,KCISA,KCISA
보고싶다,노들섬,playground,서울 용산구 양녕로 445,37.51766014,126.9580339,https://ys-dl.tistory.com/entry/%EB%B3%B4%EA%B3%A0%EC%8B%B6%EB%8B%A4-%EC%B4%AC%EC%98%81%EC%A7%80-%EC%84%9C%EC%9A%B8-5%EA%B3%B3%EC%9D%84-%EC%95%8C%EB%A0%A4%EB%93%9C%EB%A6%BD%EB%8B%88%EB%8B%A4,YSDL,KAKAO
보라 데보라,가온문화공원,playground,서울 마포구 상암동 1594,37.58191481,126.8876787,https://ys-dl.tistory.com/entry/%EB%B3%B4%EB%9D%BC-%EB%8D%B0%EB%B3%B4%EB%9D%BC-%EC%B4%AC%EC%98%81%EC%A7%80-7%EA%B3%B3%EC%9D%84-%EC%95%8C%EB%A0%A4%EB%93%9C%EB%A6%BD%EB%8B%88%EB%8B%A4,YSDL,KAKAO
보라 데보라,경의선숲길,playground,서울 마포구 동교동 190-1,37.55880348,126.9253385,https://ys-dl.tistory.com/entry/%EB%B3%B4%EB%9D%BC-%EB%8D%B0%EB%B3%B4%EB%9D%BC-%EC%B4%AC%EC%98%81%EC%A7%80-7%EA%B3%B3%EC%9D%84-%EC%95%8C%EB%A0%A4%EB%93%9C%EB%A6%BD%EB%8B%88%EB%8B%A4,YSDL,KAKAO
보라 데보라,연남장,playground,서울 서대문구 연희로5길 22,37.56432979,126.9275831,https://ys-dl.tistory.com/entry/%EB%B3%B4%EB%9D%BC-%EB%8D%B0%EB%B3%B4%EB%9D%BC-%EC%B4%AC%EC%98%81%EC%A7%80-7%EA%B3%B3%EC%9D%84-%EC%95%8C%EB%A0%A4%EB%93%9C%EB%A6%BD%EB%8B%88%EB%8B%A4,YSDL,KAKAO
보라 데보라,홍대땡땡거리,playground,서울 마포구 와우산로35길 50-4,37.55469878,126.9317028,https://ys-dl.tistory.com/entry/%EB%B3%B4%EB%9D%BC-%EB%8D%B0%EB%B3%B4%EB%9D%BC-%EC%B4%AC%EC%98%81%EC%A7%80-7%EA%B3%B3%EC%9D%84-%EC%95%8C%EB%A0%A4%EB%93%9C%EB%A6%BD%EB%8B%88%EB%8B%A4,YSDL,KAKAO
보라 데보라,여의도한강공원,playground,서울 영등포구 여의도동 85,37.5263886,126.9351293,https://ys-dl.tistory.com/entry/%EB%B3%B4%EB%9D%BC-%EB%8D%B0%EB%B3%B4%EB%9D%BC-%EC%B4%AC%EC%98%81%EC%A7%80-7%EA%B3%B3%EC%9D%84-%EC%95%8C%EB%A0%A4%EB%93%9C%EB%A6%BD%EB%8B%88%EB%8B%A4,YSDL,KAKAO
보라 데보라,열린송현녹지광장,playground,서울 종로구 송현동 48-9,37.57656808,126.9817151,https://ys-dl.tistory.com/entry/%EB%B3%B4%EB%9D%BC-%EB%8D%B0%EB%B3%B4%EB%9D%BC-%EC%B4%AC%EC%98%81%EC%A7%80-7%EA%B3%B3%EC%9D%84-%EC%95%8C%EB%A0%A4%EB%93%9C%EB%A6%BD%EB%8B%88%EB%8B%A4,YSDL,KAKAO
보라 데보라,안중근의사기념관,playground,서울 중구 소월로 91,37.55348074,126.9803989,https://ys-dl.tistory.com/entry/%EB%B3%B4%EB%9D%BC-%EB%8D%B0%EB%B3%B4%EB%9D%BC-%EC%B4%AC%EC%98%81%EC%A7%80-7%EA%B3%B3%EC%9D%84-%EC%95%8C%EB%A0%A4%EB%93%9C%EB%A6%BD%EB%8B%88%EB%8B%A4,YSDL,KAKAO
보라 데보라,한양도성유적전시관,playground,서울 중구 회현동1가 100-267,37.55390443,126.9817761,https://ys-dl.tistory.com/entry/%EB%B3%B4%EB%9D%BC-%EB%8D%B0%EB%B3%B4%EB%9D%BC-%EC%B4%AC%EC%98%81%EC%A7%80-7%EA%B3%B3%EC%9D%84-%EC%95%8C%EB%A0%A4%EB%93%9C%EB%A6%BD%EB%8B%88%EB%8B%A4,YSDL,KAKAO
보라 데보라,롯데시네마 파주운정,playground,경기 파주시 청암로17번길 17,37.72987997,126.7365171,https://ys-dl.tistory.com/entry/%EB%B3%B4%EB%9D%BC-%EB%8D%B0%EB%B3%B4%EB%9D%BC-%EC%B4%AC%EC%98%81%EC%A7%80-7%EA%B3%B3%EC%9D%84-%EC%95%8C%EB%A0%A4%EB%93%9C%EB%A6%BD%EB%8B%88%EB%8B%A4,YSDL,KAKAO
보라 데보라,산본로데오거리,playground,경기 군포시 산본로323번길 지하 16-20,37.35929817,126.9320067,https://ys-dl.tistory.com/entry/%EB%B3%B4%EB%9D%BC-%EB%8D%B0%EB%B3%B4%EB%9D%BC-%EC%B4%AC%EC%98%81%EC%A7%80-7%EA%B3%B3%EC%9D%84-%EC%95%8C%EB%A0%A4%EB%93%9C%EB%A6%BD%EB%8B%88%EB%8B%A4,YSDL,KAKAO
보물섬,서소문역사공원,playground,서울 중구 칠패로 5,37.56128103,126.9693729,https://ys-dl.tistory.com/entry/%EB%B3%B4%EB%AC%BC%EC%84%AC-%EC%B4%AC%EC%98%81%EC%A7%80-9%EA%B3%B3%EC%9D%84-%EC%95%8C%EB%A0%A4%EB%93%9C%EB%A6%BD%EB%8B%88%EB%8B%A4%EC%97%85%EB%8D%B0%EC%9D%B4%ED%8A%B8%EC%A4%91,YSDL,KAKAO
보물섬,글샘공원,playground,서울 송파구 문정동 625,37.47888497,127.1217949,https://ys-dl.tistory.com/entry/%EB%B3%B4%EB%AC%BC%EC%84%AC-%EC%B4%AC%EC%98%81%EC%A7%80-9%EA%B3%B3%EC%9D%84-%EC%95%8C%EB%A0%A4%EB%93%9C%EB%A6%BD%EB%8B%88%EB%8B%A4%EC%97%85%EB%8D%B0%EC%9D%B4%ED%8A%B8%EC%A4%91,YSDL,KAKAO
보물섬,연풍순교성지,playground,충북 괴산군 연풍면 중앙로괴정1길 14,36.76247652,127.9944499,https://ys-dl.tistory.com/entry/%EB%B3%B4%EB%AC%BC%EC%84%AC-%EC%B4%AC%EC%98%81%EC%A7%80-9%EA%B3%B3%EC%9D%84-%EC%95%8C%EB%A0%A4%EB%93%9C%EB%A6%BD%EB%8B%88%EB%8B%A4%EC%97%85%EB%8D%B0%EC%9D%B4%ED%8A%B8%EC%A4%91,YSDL,KAKAO
보물섬,노자산 윤슬전망대,playground,경남 거제시 동부면 율포리 산 52-63,34.77831741,128.6174709,https://ys-dl.tistory.com/entry/%EB%B3%B4%EB%AC%BC%EC%84%AC-%EC%B4%AC%EC%98%81%EC%A7%80-9%EA%B3%B3%EC%9D%84-%EC%95%8C%EB%A0%A4%EB%93%9C%EB%A6%BD%EB%8B%88%EB%8B%A4%EC%97%85%EB%8D%B0%EC%9D%B4%ED%8A%B8%EC%A4%91,YSDL,KAKAO
보스를 지켜라,무궁화로,playground,경기도 고양시 일산동구 무궁화로,37.667115,126.77439,,KCISA,KCISA
보스를 지켜라,오보코갤러리,playground,서울특별시 성북구 선잠로5길 15,37.596848,126.99576,,KCISA,KCISA
보스를 지켜라,63스퀘어,playground,서울특별시 영등포구 63로 50,37.519811,126.94017,,KCISA,KCISA
보쌈-운명을 훔치다,황매산,playground,경상남도 산청군 차황면 법평리 산 1,35.486018,127.97475,,KCISA,KCISA
보이스,더라빌 아트센터,playground,서울특별시 강남구 봉은사로 531,37.5151248,127.056921,,KCISA,KCISA
보이스,월미문화의거리,playground,인천광역시 중구 북성동1가 98-57,37.475057,126.59747,,KCISA,KCISA
보이스,더 컨벤션웨딩,playground,경기도 여주시 세종로 10 영무스카이빌딩 7층,37.297349,127.636877,,KCISA,KCISA
보이스,국립대전현충원,playground,대전광역시 유성구 현충원로 251,36.369464,127.294854,,KCISA,KCISA
보이스,황산도 어판장,playground,인천광역시 강화군 길상면 해안남로65번길 35-33,37.624668,126.538239,,KCISA,KCISA
보이스,인천종합버스터미널,playground,인천광역시 미추홀구 연남로 35,37.441537,126.701492,,KCISA,KCISA
보이스,아로마 모텔,playground,인천광역시 중구 연안부두로43번길 9,37.454317,126.602405,,KCISA,KCISA
보이스,왕산마리나,playground,인천광역시 중구 을왕동,37.458339,126.358813,,KCISA,KCISA
보이스,남항유어선부두,playground,인천광역시 중구 항동7가,37.453975,126.61272,,KCISA,KCISA
보좌관: 세상을 움직이는 사람들,국회둔치주차장 아치형다리,playground,서울특별시 영등포구 여의도동 81-8,37.533705,126.9147,,KCISA,KCISA
보좌관: 세상을 움직이는 사람들,국회의사당,playground,서울특별시 영등포구 의사당대로 1,37.531847,126.91411,,KCISA,KCISA
보좌관: 세상을 움직이는 사람들,담양레이나CC,playground,전라남도 담양군 담양읍 깊은실길 169,35.310369,127.01734,,KCISA,KCISA
보통의 재화,화이트블럭,playground,경기도 파주시 탄현면 헤이리마을길 72,37.7889189,126.699592,,KCISA,KCISA
보통의 재화,구룡근린공원,playground,서울특별시 마포구 월드컵북로 456,37.582996,126.88385,,KCISA,KCISA
보통의 재화,두무개다리,playground,서울특별시 용산구 한남동 서빙고로,37.530592,127.01111,,KCISA,KCISA
보통의 재화,계동길,playground,서울특별시 종로구 계동길,37.580528,126.98678,,KCISA,KCISA
복수가 돌아왔다,오산고등학교,playground,서울특별시 용산구 보광로7길 17,37.523475,126.99958,,KCISA,KCISA
복수가 돌아왔다,율곡로19길,playground,서울특별시 종로구 율곡로19길 68-64,37.5774144,127.007971,,KCISA,KCISA
복수가 돌아왔다,안국동 We Are Young 벽화,playground,서울특별시 종로구 율곡로3길 64 육교 밑,37.578366,126.98219,,KCISA,KCISA
복수가 돌아왔다,신명여자고등학교,playground,인천광역시 남동구 용천로205번길 42,37.46947,126.71324,,KCISA,KCISA
복수가 돌아왔다,인천국제공항,playground,인천광역시 중구 공항로 272,37.44919,126.4514,,KCISA,KCISA
복수가 돌아왔다,중앙탑 사적공원,playground,충청북도 충주시 중앙탑면 중앙탑길 112-28 일원,37.016768,127.8665,,KCISA,KCISA
복수해라,쁘띠프랑스,playground,경기도 가평군 청평면 호반로 1063,37.714908,127.490287,,KCISA,KCISA
복수해라,지혜의 숲,playground,경기도 파주시 회동길 145,37.7082492,126.686674,,KCISA,KCISA
복수해라,폴라리온 스퀘어,playground,경기도 화성시 동탄지성로 316,37.221745,127.05135,,KCISA,KCISA
복수해라,서울중앙지방법원,playground,서울특별시 서초구 서초중앙로 157,37.496068,127.01148,,KCISA,KCISA
복수해라,청계산입구,playground,서울특별시 서초구 청계산로 지하 179,37.448334,127.05471,,KCISA,KCISA
복수해라,여의도공원,playground,서울특별시 영등포구 여의공원로 68,37.5281241,126.925754,,KCISA,KCISA
복수해라,포스코타워송도,playground,인천광역시 연수구 컨벤시아대로 165,37.389269,126.64424,,KCISA,KCISA
본 대로 말하라,라페스타,playground,경기도 고양시 일산동구 중앙로 1305-56,37.661839,126.76796,,KCISA,KCISA
본 대로 말하라,용마랜드,playground,서울특별시 중랑구 망우로70길 118,37.594468,127.105556,,KCISA,KCISA
본 대로 말하라,차이나타운로44번길,playground,인천광역시 중구 차이나타운로44번길,37.475644,126.61754,,KCISA,KCISA
본 어게인,구룡근린공원,playground,서울특별시 마포구 월드컵북로 456,37.582996,126.88385,,KCISA,KCISA
본 어게인,역사책방,playground,서울특별시 종로구 자하문로10길 24,37.579291,126.97281,,KCISA,KCISA
본 어게인,한미서점,playground,인천광역시 동구 금곡로9,37.472555,126.63665,,KCISA,KCISA
봄밤,쁘띠프랑스,playground,경기도 가평군 청평면 호반로 1063,37.714908,127.490287,,KCISA,KCISA
봄밤,의정부미술도서관,playground,경기도 의정부시 민락로 248,37.7442371,127.106934,,KCISA,KCISA
봄밤,재화스퀘어,playground,서울특별시 마포구 독막로 311,37.543978,126.94742,,KCISA,KCISA
봄밤,어울마당로,playground,서울특별시 마포구 어울마당로,37.55003,126.92113,,KCISA,KCISA
봄밤,서대문독립공원,playground,서울특별시 서대문구 통일로 247,37.574139,126.956368,,KCISA,KCISA
봄밤,성동구립도서관,playground,서울특별시 성동구 고산자로10길 9,37.559202,127.03497,,KCISA,KCISA
봄밤,가야랑빌딩,playground,서울특별시 용산구 회나무로 66,37.540098,126.99385,,KCISA,KCISA
봄밤,소월로,playground,서울특별시 용산구 후암동 소월로,37.544714,126.99091,,KCISA,KCISA
봄밤,내를건너서숲으로도서관,playground,서울특별시 은평구 증산로17길 50,37.591596,126.90819,,KCISA,KCISA
봄밤,광화문 광장,playground,서울특별시 종로구 세종대로 175,37.5706546,126.976661,,KCISA,KCISA
봄밤,평창사 세탁,playground,서울특별시 종로구 평창30길 21,37.65215,127.01433,,KCISA,KCISA
봄밤,서울시립미술관,playground,서울특별시 중구 덕수궁길 61,37.564042,126.97376,,KCISA,KCISA
봄밤,덕수궁 돌담길,playground,서울특별시 중구 세종대로 99,37.565924,126.97501,,KCISA,KCISA
봄밤,한국의 집,playground,서울특별시 중구 퇴계로36길 10,37.560304,126.99471,,KCISA,KCISA
봄이 오나 봄,상암문화광장,playground,서울특별시 마포구 성암로 255,37.580159,126.89138,,KCISA,KCISA
봄이 오나 봄,MBC문화방송 본사,playground,서울특별시 마포구 성암로 267,37.58105,126.89056,,KCISA,KCISA
봄이 오나 봄,어울마당로,playground,서울특별시 마포구 어울마당로,37.55003,126.92113,,KCISA,KCISA
봄이 오나 봄,WM 엔터테인먼트,playground,서울특별시 마포구 월드컵로15길 8,37.556601,126.90887,,KCISA,KCISA
부부의 세계,하조대 해수욕장,playground,강원도 양양군 현북면 하광정리,38.024387,128.724074,,KCISA,KCISA
부부의 세계,원당종마목장,playground,경기도 고양시 덕양구 서삼릉길 233-112,37.664249,126.87342,,KCISA,KCISA
부부의 세계,동화컬처빌리지,playground,경기도 남양주시 화도읍 북한강로 1708-38,37.659675,127.37391,,KCISA,KCISA
부부의 세계,카레클린트 분당용인점,playground,경기도 용인시 기흥구 죽전로15번길 15-15 지하1층,37.321834,127.10917,,KCISA,KCISA
부부의 세계,지혜의 숲,playground,경기도 파주시 회동길 145,37.7082492,126.686674,,KCISA,KCISA
부부의 세계,루비나빌딩,playground,서울특별시 강남구 도산대로 502,37.523935,127.0479,,KCISA,KCISA
부부의 세계,한옥카페 선운각,playground,서울특별시 강북구 우이동 265-16,37.6549982,126.999365,,KCISA,KCISA
부부의 세계,서울시립대학교,playground,서울특별시 동대문구 서울시립대로 163,37.583383,127.059971,,KCISA,KCISA
부부의 세계,서울파이낸스센터,playground,서울특별시 중구 세종대로 136,37.5684113,126.977714,,KCISA,KCISA
부암동 복수자들,아이디뷰티,playground,경기도 고양시 일산동구 중앙로1275번길 60-21,37.659738,126.76887,,KCISA,KCISA
부암동 복수자들,조공시장,playground,경기도 부천시 경인옛로118번길 27,37.4796,126.80553,,KCISA,KCISA
부암동 복수자들,화이트블럭,playground,경기도 파주시 탄현면 헤이리마을길 72,37.7889189,126.699592,,KCISA,KCISA
부암동 복수자들,지혜의 숲,playground,경기도 파주시 회동길 145,37.7082492,126.686674,,KCISA,KCISA
부암동 복수자들,서대문형무소역사관,playground,서울특별시 서대문구 통일로 251,37.574692,126.95649,,KCISA,KCISA
부암동 복수자들,오산고등학교,playground,서울특별시 용산구 보광로7길 17,37.523475,126.99958,,KCISA,KCISA
부암동 복수자들,청라스파렉스,playground,인천광역시 서구 청라커낼로260번길 15,37.531979,126.64634,,KCISA,KCISA
부암동 복수자들,인천국제공항,playground,인천광역시 중구 공항로 272,37.44919,126.4514,,KCISA,KCISA
부잣집 아들,일산호수공원,playground,경기도 고양시 일산동구 호수로 731,37.658769,126.76252,,KCISA,KCISA
부잣집 아들,건국대학교,playground,서울특별시 광진구 능동로 120,37.5425241,127.073699,,KCISA,KCISA
부잣집 아들,퍼니랜드,playground,서울특별시 마포구 어울마당로 46-1,37.549144,126.920989,,KCISA,KCISA
부잣집 아들,명물길,playground,서울특별시 서대문구 명물길 17,37.557856,126.93749,,KCISA,KCISA
부잣집 아들,한강 공원 여의도 지구,playground,서울특별시 영등포구 여의동로 290,37.5290674,126.936218,,KCISA,KCISA
부잣집 아들,한강철교,playground,서울특별시 용산구 이촌동 한강철교,37.51938,126.9512,,KCISA,KCISA
부잣집 아들,계동길,playground,서울특별시 종로구 계동길,37.580528,126.98678,,KCISA,KCISA
북극성,노들섬,playground,서울 용산구 양녕로 445,37.51766014,126.9580339,https://ys-dl.tistory.com/entry/%EB%B6%81%EA%B7%B9%EC%84%B1-%EC%B4%AC%EC%98%81%EC%A7%80-10%EA%B3%B3%EC%9D%84-%EC%95%8C%EB%A0%A4%EB%93%9C%EB%A6%BD%EB%8B%88%EB%8B%A4%EC%97%85%EB%8D%B0%EC%9D%B4%ED%8A%B8%EC%A4%91,YSDL,KAKAO
북극성,광화문광장,playground,서울 종로구 세종로 1-68,37.57260286,126.9769164,https://ys-dl.tistory.com/entry/%EB%B6%81%EA%B7%B9%EC%84%B1-%EC%B4%AC%EC%98%81%EC%A7%80-10%EA%B3%B3%EC%9D%84-%EC%95%8C%EB%A0%A4%EB%93%9C%EB%A6%BD%EB%8B%88%EB%8B%A4%EC%97%85%EB%8D%B0%EC%9D%B4%ED%8A%B8%EC%A4%91,YSDL,KAKAO
북극성,코엑스,playground,서울 강남구 영동대로 513,37.51182418,127.0591586,https://ys-dl.tistory.com/entry/%EB%B6%81%EA%B7%B9%EC%84%B1-%EC%B4%AC%EC%98%81%EC%A7%80-10%EA%B3%B3%EC%9D%84-%EC%95%8C%EB%A0%A4%EB%93%9C%EB%A6%BD%EB%8B%88%EB%8B%A4%EC%97%85%EB%8D%B0%EC%9D%B4%ED%8A%B8%EC%A4%91,YSDL,KAKAO
북극성,효원공원 월화원,playground,경기 수원시 팔달구 인계동 1117,37.26524908,127.0377333,https://ys-dl.tistory.com/entry/%EB%B6%81%EA%B7%B9%EC%84%B1-%EC%B4%AC%EC%98%81%EC%A7%80-10%EA%B3%B3%EC%9D%84-%EC%95%8C%EB%A0%A4%EB%93%9C%EB%A6%BD%EB%8B%88%EB%8B%A4%EC%97%85%EB%8D%B0%EC%9D%B4%ED%8A%B8%EC%A4%91,YSDL,KAKAO
북극성,청남대,playground,충북 청주시 상당구 문의면 청남대길 646,36.46284608,127.4917654,https://ys-dl.tistory.com/entry/%EB%B6%81%EA%B7%B9%EC%84%B1-%EC%B4%AC%EC%98%81%EC%A7%80-10%EA%B3%B3%EC%9D%84-%EC%95%8C%EB%A0%A4%EB%93%9C%EB%A6%BD%EB%8B%88%EB%8B%A4%EC%97%85%EB%8D%B0%EC%9D%B4%ED%8A%B8%EC%A4%91,YSDL,KAKAO
북극성,온빛자연휴양림,playground,충남 논산시 벌곡면 황룡재로 480-113,36.20283719,127.2525054,https://ys-dl.tistory.com/entry/%EB%B6%81%EA%B7%B9%EC%84%B1-%EC%B4%AC%EC%98%81%EC%A7%80-10%EA%B3%B3%EC%9D%84-%EC%95%8C%EB%A0%A4%EB%93%9C%EB%A6%BD%EB%8B%88%EB%8B%A4%EC%97%85%EB%8D%B0%EC%9D%B4%ED%8A%B8%EC%A4%91,YSDL,KAKAO
북극성,기림사,playground,경북 경주시 문무대왕면 기림로 437-17,35.83801097,129.4028567,https://ys-dl.tistory.com/entry/%EB%B6%81%EA%B7%B9%EC%84%B1-%EC%B4%AC%EC%98%81%EC%A7%80-10%EA%B3%B3%EC%9D%84-%EC%95%8C%EB%A0%A4%EB%93%9C%EB%A6%BD%EB%8B%88%EB%8B%A4%EC%97%85%EB%8D%B0%EC%9D%B4%ED%8A%B8%EC%A4%91,YSDL,KAKAO
불가살,바우지움 조각미술관,playground,강원도 고성군 토성면 원암온천3길 37,38.2129043,128.5154873,,KCISA,KCISA
불가살,한강7경(봉황경)-능암리섬,playground,충청북도 충주시 중앙탑면 가흥리 720,37.080653,127.8383511,,KCISA,KCISA
불야성,루쏘소 분당판교점,playground,경기도 성남시 분당구 판교역로2번길 1 1층,37.383628,127.11247,,KCISA,KCISA
불야성,성산대교,playground,서울특별시 마포구 망원동 성산대교,37.552775,126.89155,,KCISA,KCISA
붉은 단심,용인 대장금 파크,playground,경기도 용인시 처인구 백암면 용천드라마길 25,37.1209396,127.337296,,KCISA,KCISA
붉은 단심,반곡지,playground,경상북도 경산시 남산면 반곡리 246,35.780498,128.806454,,KCISA,KCISA
붉은 단심,창덕궁,playground,서울특별시 종로구 율곡로 99,37.582757,126.991295,,KCISA,KCISA
붉은 단심,반야사,playground,충청남도 논산시 가야곡면 삼전길 104,36.111069,127.17345,,KCISA,KCISA
붉은 단심,백제문화단지,playground,충청남도 부여군 규암면 백제문로 455,36.3069,126.9066,,KCISA,KCISA
붉은 단심,궁남지,playground,충청남도 부여군 부여읍 궁남로 52,36.269619,126.91224,,KCISA,KCISA
뷰티 인사이드,쁘띠프랑스,playground,경기도 가평군 청평면 호반로 1063,37.714908,127.490287,,KCISA,KCISA
뷰티 인사이드,일산호수공원,playground,경기도 고양시 일산동구 호수로 731,37.658769,126.76252,,KCISA,KCISA
뷰티 인사이드,동화컬처빌리지,playground,경기도 남양주시 화도읍 북한강로 1708-38,37.659675,127.37391,,KCISA,KCISA
뷰티 인사이드,두물머리,playground,경기도 양평군 양서면 두물머리길,37.532916,127.315783,,KCISA,KCISA
뷰티 인사이드,양평 두물머리,playground,경기도 양평군 양서면 양수리,37.532869,127.31599,,KCISA,KCISA
뷰티 인사이드,약천사,playground,경기도 파주시 교하로681번길 118,37.7057376,126.701279,,KCISA,KCISA
뷰티 인사이드,경기영어마을 파주캠퍼스,playground,경기도 파주시 탄현면 얼음실로 40,37.7852355,126.703739,,KCISA,KCISA
뷰티 인사이드,화이트블럭,playground,경기도 파주시 탄현면 헤이리마을길 72,37.7889189,126.699592,,KCISA,KCISA
뷰티 인사이드,청려수련원,playground,경기도 화성시 풀무골로110번길 69,37.20499,127.145909,,KCISA,KCISA
뷰티 인사이드,동궁과 월지,playground,경상북도 경주시 원화로 102,35.83429,129.226584,,KCISA,KCISA
뷰티 인사이드,코엑스,playground,서울특별시 강남구 영동대로 513,37.510177,127.05866,,KCISA,KCISA
뷰티 인사이드,덕성여자대학교,playground,서울특별시 도봉구 삼양로144길 39,37.65247,127.0158,,KCISA,KCISA
뷰티 인사이드,월드컵대교,playground,서울특별시 마포구 마포나루길 316,37.55988,126.8871,,KCISA,KCISA
뷰티 인사이드,동아디지털미디어센터,playground,서울특별시 마포구 매봉산로 75,37.57832,126.89285,,KCISA,KCISA
뷰티 인사이드,가온문화공원,playground,서울특별시 마포구 상암동 1594,37.58181,126.88765,,KCISA,KCISA
뷰티 인사이드,YTN 뉴스퀘어,playground,서울특별시 마포구 상암산로 76,37.579146,126.89229,,KCISA,KCISA
뷰티 인사이드,서강대교,playground,서울특별시 영등포구 여의도동 서강대교,37.536911,126.92495,,KCISA,KCISA
뷰티 인사이드,더리버,playground,서울특별시 용산구 용산동6가 451,37.507108,126.98472,,KCISA,KCISA
뷰티 인사이드,동작대교,playground,서울특별시 용산구 이촌동 동작대교,37.51041,126.981893,,KCISA,KCISA
뷰티 인사이드,드레이,playground,서울특별시 용산구 회나무로26길 12 101호,37.51139,127.03239,,KCISA,KCISA
뷰티 인사이드,부암동 7번지,playground,서울특별시 종로구 북악산로 147,37.598022,126.97348,,KCISA,KCISA
뷰티 인사이드,덕수궁 돌담길,playground,서울특별시 중구 세종대로 99,37.565924,126.97501,,KCISA,KCISA
뷰티 인사이드,베어트리파크,playground,세종특별자치시 전동면 신송로 217,36.670592,127.209267,,KCISA,KCISA
뷰티 인사이드,엔씨큐브,playground,인천광역시 연수구 아트센터대로 87,37.402243,126.64027,,KCISA,KCISA
뷰티 인사이드,트라이보울,playground,인천광역시 연수구 인천타워대로 250,37.394084,126.63504,,KCISA,KCISA
뷰티 인사이드,송도센트럴파크,playground,인천광역시 연수구 컨벤시아대로 160,37.3924167,126.639565,,KCISA,KCISA
뷰티 인사이드,포스코타워송도,playground,인천광역시 연수구 컨벤시아대로 165,37.389269,126.64424,,KCISA,KCISA
뷰티 인사이드,인천국제공항,playground,인천광역시 중구 공항로 272,37.44919,126.4514,,KCISA,KCISA
뷰티풀 마인드,가톨릭대학교 서울성모병원,playground,서울특별시 서초구 반포대로 222,37.501777,127.00477,,KCISA,KCISA
뷰티풀 마인드,여의도공원,playground,서울특별시 영등포구 여의공원로 68,37.5281241,126.925754,,KCISA,KCISA
브람스를 좋아하세요,현담원빌딩,playground,서울특별시 강남구 언주로168길 6,37.526357,127.03394,,KCISA,KCISA
브람스를 좋아하세요,예술의전당,playground,서울특별시 서초구 남부순환로 2406,37.479115,127.01057,,KCISA,KCISA
브람스를 좋아하세요,서울마리나 클럽&요트,playground,서울특별시 영등포구 여의서로 160,37.534829,126.91157,,KCISA,KCISA
브람스를 좋아하세요,갤러리 비선재,playground,서울특별시 용산구 유엔빌리지3길 54-14,37.535736,127.01425,,KCISA,KCISA
브람스를 좋아하세요,동작대교,playground,서울특별시 용산구 이촌동 동작대교,37.51041,126.981893,,KCISA,KCISA
브람스를 좋아하세요,경희궁,playground,서울특별시 종로구 새문안로 45,37.571157,126.96824,,KCISA,KCISA
브람스를 좋아하세요,청계천,playground,서울특별시 종로구 서린동 148,37.569205,126.97791,,KCISA,KCISA
브람스를 좋아하세요,율곡로3길,playground,서울특별시 종로구 율곡로3길,37.577811,126.98239,,KCISA,KCISA
브람스를 좋아하세요,HW컨벤션센터,playground,서울특별시 종로구 자하문로 255,37.597064,126.96244,,KCISA,KCISA
브람스를 좋아하세요,서울한양도성 서울성곽길 남산(목멱산)구간,playground,서울특별시 중구 남창동 205-179,37.564486,127.01016,,KCISA,KCISA
브람스를 좋아하세요,덕수궁 돌담길,playground,서울특별시 중구 세종대로 99,37.565924,126.97501,,KCISA,KCISA
브람스를 좋아하세요,인천국제공항,playground,인천광역시 중구 공항로 272,37.44919,126.4514,,KCISA,KCISA
블랙,아침고요수목원,playground,경기도 가평군 상면 수목원로 432,37.742485,127.35173,,KCISA,KCISA
블랙,동작대교,playground,서울특별시 용산구 이촌동 동작대교,37.51041,126.981893,,KCISA,KCISA
블러드,가톨릭관동대학교 국제성모병원,playground,인천광역시 서구 심곡로100번길 25,37.542425,126.68384,,KCISA,KCISA
블러디 플라워,광화문광장,playground,서울 종로구 세종로 1-68,37.57260286,126.9769164,https://ys-dl.tistory.com/entry/%EB%B8%94%EB%9F%AC%EB%94%94%ED%94%8C%EB%9D%BC%EC%9B%8C-%EC%B4%AC%EC%98%81%EC%A7%80-32%EA%B3%B3%EC%9D%84-%EC%95%8C%EB%A0%A4%EB%93%9C%EB%A6%BD%EB%8B%88%EB%8B%A4%EC%97%85%EB%8D%B0%EC%9D%B4%ED%8A%B8%EC%A4%91,YSDL,KAKAO
블러디 플라워,익산 교도소 세트장,playground,전북특별자치도 익산시 성당면 함낭로 207,36.06945155,126.930603,https://ys-dl.tistory.com/entry/%EB%B8%94%EB%9F%AC%EB%94%94%ED%94%8C%EB%9D%BC%EC%9B%8C-%EC%B4%AC%EC%98%81%EC%A7%80-32%EA%B3%B3%EC%9D%84-%EC%95%8C%EB%A0%A4%EB%93%9C%EB%A6%BD%EB%8B%88%EB%8B%A4%EC%97%85%EB%8D%B0%EC%9D%B4%ED%8A%B8%EC%A4%91,YSDL,KAKAO
비밀은 없어,밤섬공원,playground,서울 마포구 신정동 76-1,37.54286156,126.9318675,https://ys-dl.tistory.com/entry/%EB%B9%84%EB%B0%80%EC%9D%80-%EC%97%86%EC%96%B4-%EC%B4%AC%EC%98%81%EC%A7%80-5%EA%B3%B3%EC%9D%84-%EC%95%8C%EB%A0%A4%EB%93%9C%EB%A6%BD%EB%8B%88%EB%8B%A4%EC%97%85%EB%8D%B0%EC%9D%B4%ED%8A%B8%EC%A4%91,YSDL,KAKAO
비밀은 없어,백범광장,playground,서울 중구 회현동1가 100-115,37.55482844,126.9792487,https://ys-dl.tistory.com/entry/%EB%B9%84%EB%B0%80%EC%9D%80-%EC%97%86%EC%96%B4-%EC%B4%AC%EC%98%81%EC%A7%80-5%EA%B3%B3%EC%9D%84-%EC%95%8C%EB%A0%A4%EB%93%9C%EB%A6%BD%EB%8B%88%EB%8B%A4%EC%97%85%EB%8D%B0%EC%9D%B4%ED%8A%B8%EC%A4%91,YSDL,KAKAO
비밀은 없어,창신동족발골목,playground,서울 종로구 종로51길 23,37.57281356,127.0118362,https://ys-dl.tistory.com/entry/%EB%B9%84%EB%B0%80%EC%9D%80-%EC%97%86%EC%96%B4-%EC%B4%AC%EC%98%81%EC%A7%80-5%EA%B3%B3%EC%9D%84-%EC%95%8C%EB%A0%A4%EB%93%9C%EB%A6%BD%EB%8B%88%EB%8B%A4%EC%97%85%EB%8D%B0%EC%9D%B4%ED%8A%B8%EC%A4%91,YSDL,KAKAO
비밀은 없어,예단포둘레길,playground,인천 영종구 운북동 1264-1,37.53118664,126.5019626,https://ys-dl.tistory.com/entry/%EB%B9%84%EB%B0%80%EC%9D%80-%EC%97%86%EC%96%B4-%EC%B4%AC%EC%98%81%EC%A7%80-5%EA%B3%B3%EC%9D%84-%EC%95%8C%EB%A0%A4%EB%93%9C%EB%A6%BD%EB%8B%88%EB%8B%A4%EC%97%85%EB%8D%B0%EC%9D%B4%ED%8A%B8%EC%A4%91,YSDL,KAKAO
비밀은 없어,씨사이드파크,playground,인천 영종구 큰말로 23,37.47426041,126.5261964,https://ys-dl.tistory.com/entry/%EB%B9%84%EB%B0%80%EC%9D%80-%EC%97%86%EC%96%B4-%EC%B4%AC%EC%98%81%EC%A7%80-5%EA%B3%B3%EC%9D%84-%EC%95%8C%EB%A0%A4%EB%93%9C%EB%A6%BD%EB%8B%88%EB%8B%A4%EC%97%85%EB%8D%B0%EC%9D%B4%ED%8A%B8%EC%A4%91,YSDL,KAKAO
비밀은 없어,회암사약수터,playground,경기 양주시 회암동 산 8-1,37.84992092,127.108384,https://ys-dl.tistory.com/entry/%EB%B9%84%EB%B0%80%EC%9D%80-%EC%97%86%EC%96%B4-%EC%B4%AC%EC%98%81%EC%A7%80-5%EA%B3%B3%EC%9D%84-%EC%95%8C%EB%A0%A4%EB%93%9C%EB%A6%BD%EB%8B%88%EB%8B%A4%EC%97%85%EB%8D%B0%EC%9D%B4%ED%8A%B8%EC%A4%91,YSDL,KAKAO
비밀은 없어,동강,playground,강원특별자치도 정선군 신동읍 운치리 1165,37.28064417,128.6135377,https://ys-dl.tistory.com/entry/%EB%B9%84%EB%B0%80%EC%9D%80-%EC%97%86%EC%96%B4-%EC%B4%AC%EC%98%81%EC%A7%80-5%EA%B3%B3%EC%9D%84-%EC%95%8C%EB%A0%A4%EB%93%9C%EB%A6%BD%EB%8B%88%EB%8B%A4%EC%97%85%EB%8D%B0%EC%9D%B4%ED%8A%B8%EC%A4%91,YSDL,KAKAO
비밀은 없어,새천년해안도로,playground,강원특별자치도 삼척시 정하동 산 3-15,37.4441138,129.1909312,https://ys-dl.tistory.com/entry/%EB%B9%84%EB%B0%80%EC%9D%80-%EC%97%86%EC%96%B4-%EC%B4%AC%EC%98%81%EC%A7%80-5%EA%B3%B3%EC%9D%84-%EC%95%8C%EB%A0%A4%EB%93%9C%EB%A6%BD%EB%8B%88%EB%8B%A4%EC%97%85%EB%8D%B0%EC%9D%B4%ED%8A%B8%EC%A4%91,YSDL,KAKAO
비밀은 없어,신남해수욕장,playground,강원특별자치도 삼척시 원덕읍 갈남리,37.264717,129.3270724,https://ys-dl.tistory.com/entry/%EB%B9%84%EB%B0%80%EC%9D%80-%EC%97%86%EC%96%B4-%EC%B4%AC%EC%98%81%EC%A7%80-5%EA%B3%B3%EC%9D%84-%EC%95%8C%EB%A0%A4%EB%93%9C%EB%A6%BD%EB%8B%88%EB%8B%A4%EC%97%85%EB%8D%B0%EC%9D%B4%ED%8A%B8%EC%A4%91,YSDL,KAKAO
비밀은 없어,먼동해변,playground,충남 태안군 원북면 황촌리 906-1,36.883835,126.1870013,https://ys-dl.tistory.com/entry/%EB%B9%84%EB%B0%80%EC%9D%80-%EC%97%86%EC%96%B4-%EC%B4%AC%EC%98%81%EC%A7%80-5%EA%B3%B3%EC%9D%84-%EC%95%8C%EB%A0%A4%EB%93%9C%EB%A6%BD%EB%8B%88%EB%8B%A4%EC%97%85%EB%8D%B0%EC%9D%B4%ED%8A%B8%EC%A4%91,YSDL,KAKAO
비밀은 없어,삽교호놀이동산 은산희귀조각전시관,playground,충남 당진시 신평면 삽교천3길 15,36.88984304,126.8226295,https://ys-dl.tistory.com/entry/%EB%B9%84%EB%B0%80%EC%9D%80-%EC%97%86%EC%96%B4-%EC%B4%AC%EC%98%81%EC%A7%80-5%EA%B3%B3%EC%9D%84-%EC%95%8C%EB%A0%A4%EB%93%9C%EB%A6%BD%EB%8B%88%EB%8B%A4%EC%97%85%EB%8D%B0%EC%9D%B4%ED%8A%B8%EC%A4%91,YSDL,KAKAO
비밀은 없어,낭도,playground,전남광주통합특별시 여수시 화정면 낭도리 산 197,34.60744915,127.5470033,https://ys-dl.tistory.com/entry/%EB%B9%84%EB%B0%80%EC%9D%80-%EC%97%86%EC%96%B4-%EC%B4%AC%EC%98%81%EC%A7%80-5%EA%B3%B3%EC%9D%84-%EC%95%8C%EB%A0%A4%EB%93%9C%EB%A6%BD%EB%8B%88%EB%8B%A4%EC%97%85%EB%8D%B0%EC%9D%B4%ED%8A%B8%EC%A4%91,YSDL,KAKAO
비밀의 문,창덕궁,playground,서울특별시 종로구 율곡로 99,37.582757,126.991295,,KCISA,KCISA
비밀의 숲,대림상가,playground,서울특별시 중구 을지로 157,37.5675035,126.995406,,KCISA,KCISA
비밀의 숲,인하대학교,playground,인천광역시 남구 인하로 100,37.44949,126.6531,,KCISA,KCISA
비트윈,사이더스HQ타워,playground,서울특별시 강남구 선릉로 629,37.512832,127.04252,,KCISA,KCISA
비트윈,반포대교,playground,서울특별시 서초구 반포동 반포대교,37.512187,126.9976,,KCISA,KCISA
비트윈,동작대교,playground,서울특별시 용산구 이촌동 동작대교,37.51041,126.981893,,KCISA,KCISA
비트윈,가야랑빌딩,playground,서울특별시 용산구 회나무로 66,37.540098,126.99385,,KCISA,KCISA
비트윈,조계사앞사거리,playground,서울특별시 종로구 견지동,37.572008,126.98301,,KCISA,KCISA
비트윈,덕수궁 돌담길,playground,서울특별시 중구 세종대로 99,37.565924,126.97501,,KCISA,KCISA
빅,이태원랜드,playground,서울특별시 용산구 우사단로14길 34,37.534093,126.99727,,KCISA,KCISA
빅,영락교회,playground,서울특별시 중구 수표로 33,37.563982,126.98894,,KCISA,KCISA
빅마우스,예천 스타디움,playground,경상북도 예천군 예천읍 충효로 395,36.6581916,128.46413,,KCISA,KCISA
빅마우스,한국의 집,playground,서울특별시 중구 퇴계로36길 10,37.560304,126.99471,,KCISA,KCISA
빅마우스,세종특별자치시청,playground,세종특별자치시 한누리대로 2130,36.479931,127.289047,,KCISA,KCISA
빅마우스,순천만 국가정원,playground,전라남도 순천시 국가정원1호길 47,34.929045,127.498897,,KCISA,KCISA
빅마우스,전남 장흥교도소 세트장,playground,전라남도 장흥군 용산면 장흥대로 2667,34.6284613,126.899453,,KCISA,KCISA
빅마우스,익산 교도소 세트장,playground,전라북도 익산시 성당면 함낭로 207,36.069334,126.93158,,KCISA,KCISA
빅이슈,국립교통재활병원,playground,경기도 양평군 양평읍 중앙로 260,37.4897334,127.518454,,KCISA,KCISA
빈센조,강촌레일파크,playground,강원도 춘천시 남산면 서백길 57,37.8428025,127.550584,,KCISA,KCISA
빈센조,아난티 클럽 서울,playground,경기도 가평군 설악면 유명로 961-34,37.619609,127.48216,,KCISA,KCISA
빈센조,백현동카페거리,playground,경기도 성남시 분당구 백현동 567-1,37.385271,127.11082,,KCISA,KCISA
빈센조,두리랜드,playground,경기도 양주시 장흥면 권율로 120,37.724732,126.950441,,KCISA,KCISA
빈센조,마임비전빌리지,playground,경기도 여주시 능서면 용은리 443,37.2925249,127.539781,,KCISA,KCISA
빈센조,벽초지수목원,playground,경기도 파주시 광탄면 부흥로 242,37.800977,126.873712,,KCISA,KCISA
빈센조,카메라타아트스페이스,playground,경기도 파주시 탄현면 헤이리마을길 83,37.790019,126.69965,,KCISA,KCISA
빈센조,김천 한국보건대 (폐교),playground,경상북도 김천시 어모면 옥율1길 94,36.174427,128.10956,,KCISA,KCISA
빈센조,대구오페라하우스,playground,대구광역시 북구 호암로 15,35.88348,128.59216,,KCISA,KCISA
빈센조,삼성리,playground,서울특별시 강남구 봉은사로86길 28,37.511571,127.05676,,KCISA,KCISA
빈센조,커먼 그라운드,playground,서울특별시 광진구 아차산로 200,37.541164,127.06608,,KCISA,KCISA
빈센조,회기로28길,playground,서울특별시 동대문구 회기로28길,37.588936,127.05699,,KCISA,KCISA
빈센조,서대문형무소역사관,playground,서울특별시 서대문구 통일로 251,37.574692,126.95649,,KCISA,KCISA
빈센조,언더스탠드 에비뉴,playground,서울특별시 성동구 왕십리로 63,37.543534,127.043785,,KCISA,KCISA
빈센조,IFC서울,playground,서울특별시 영등포구 국제금융로 10,37.525023,126.92565,,KCISA,KCISA
빈센조,서울시티클럽,playground,서울특별시 영등포구 여의공원로 101 C.C.M.M빌딩,37.529282,126.92486,,KCISA,KCISA
빈센조,노들섬,playground,서울특별시 용산구 양녕로 445,37.5181029,126.957064,,KCISA,KCISA
빈센조,동작대교,playground,서울특별시 용산구 이촌동 동작대교,37.51041,126.981893,,KCISA,KCISA
빈센조,명보빌딩,playground,서울특별시 용산구 이태원로 251 스트라디움빌딩,37.537287,127.00047,,KCISA,KCISA
빈센조,부암동 7번지,playground,서울특별시 종로구 북악산로 147,37.598022,126.97348,,KCISA,KCISA
빈센조,청계천,playground,서울특별시 종로구 서린동 148,37.569205,126.97791,,KCISA,KCISA
빈센조,우정국로2길,playground,서울특별시 종로구 우정국로2길,37.569547,126.98445,,KCISA,KCISA
빈센조,장안빌딩,playground,서울특별시 종로구 종로 65,37.570472,126.98468,,KCISA,KCISA
빈센조,한국은행화폐박물관,playground,서울특별시 중구 남대문로 39,37.5621318,126.979968,,KCISA,KCISA
빈센조,서울디자인재단,playground,서울특별시 중구 을지로 281,37.566752,127.0101,,KCISA,KCISA
빈센조,청계상가,playground,서울특별시 중구 청계천로 160,37.568177,126.99533,,KCISA,KCISA
빈센조,서울로7017,playground,서울특별시 중구 청파로 432,37.556524,126.97375,,KCISA,KCISA
빈센조,한국의 집,playground,서울특별시 중구 퇴계로36길 10,37.560304,126.99471,,KCISA,KCISA
빈센조,인천국제공항,playground,인천광역시 중구 공항로 272,37.44919,126.4514,,KCISA,KCISA
빈센조,선문대학교 천안캠퍼스,playground,충청남도 천안시 동남구 천안대로 277,36.77042,127.16443,,KCISA,KCISA
빌런의 나라,KBS홀 본관,playground,서울 영등포구 여의공원로 13,37.52582728,126.9152214,https://ys-dl.tistory.com/entry/%EB%B9%8C%EB%9F%B0%EC%9D%98-%EB%82%98%EB%9D%BC-%EC%B4%AC%EC%98%81%EC%A7%80-10%EA%B3%B3%EC%9D%84-%EC%95%8C%EB%A0%A4%EB%93%9C%EB%A6%BD%EB%8B%88%EB%8B%A4%EC%97%85%EB%8D%B0%EC%9D%B4%ED%8A%B8%EC%A4%91,YSDL,KAKAO
빌런의 나라,자매도시공원,playground,강원특별자치도 동해시 발한동 377-11,37.56116432,129.1014866,https://ys-dl.tistory.com/entry/%EB%B9%8C%EB%9F%B0%EC%9D%98-%EB%82%98%EB%9D%BC-%EC%B4%AC%EC%98%81%EC%A7%80-10%EA%B3%B3%EC%9D%84-%EC%95%8C%EB%A0%A4%EB%93%9C%EB%A6%BD%EB%8B%88%EB%8B%A4%EC%97%85%EB%8D%B0%EC%9D%B4%ED%8A%B8%EC%A4%91,YSDL,KAKAO
빌런의 나라,하나개해수욕장,playground,인천 영종구 무의동 산 189,37.3848327,126.4098518,https://ys-dl.tistory.com/entry/%EB%B9%8C%EB%9F%B0%EC%9D%98-%EB%82%98%EB%9D%BC-%EC%B4%AC%EC%98%81%EC%A7%80-10%EA%B3%B3%EC%9D%84-%EC%95%8C%EB%A0%A4%EB%93%9C%EB%A6%BD%EB%8B%88%EB%8B%A4%EC%97%85%EB%8D%B0%EC%9D%B4%ED%8A%B8%EC%A4%91,YSDL,KAKAO
빌런의 나라,두레뜰공원,playground,경기 수원시 권선구 금곡동 1092,37.27138512,126.9439468,https://ys-dl.tistory.com/entry/%EB%B9%8C%EB%9F%B0%EC%9D%98-%EB%82%98%EB%9D%BC-%EC%B4%AC%EC%98%81%EC%A7%80-10%EA%B3%B3%EC%9D%84-%EC%95%8C%EB%A0%A4%EB%93%9C%EB%A6%BD%EB%8B%88%EB%8B%A4%EC%97%85%EB%8D%B0%EC%9D%B4%ED%8A%B8%EC%A4%91,YSDL,KAKAO
빌런의 나라,롯데시네마 북수원,playground,경기 수원시 장안구 천천로 100,37.30058826,126.9839781,https://ys-dl.tistory.com/entry/%EB%B9%8C%EB%9F%B0%EC%9D%98-%EB%82%98%EB%9D%BC-%EC%B4%AC%EC%98%81%EC%A7%80-10%EA%B3%B3%EC%9D%84-%EC%95%8C%EB%A0%A4%EB%93%9C%EB%A6%BD%EB%8B%88%EB%8B%A4%EC%97%85%EB%8D%B0%EC%9D%B4%ED%8A%B8%EC%A4%91,YSDL,KAKAO
빌런의 나라,예술공원,playground,경기 수원시 팔달구 동수원로 335,37.25861789,127.0361856,https://ys-dl.tistory.com/entry/%EB%B9%8C%EB%9F%B0%EC%9D%98-%EB%82%98%EB%9D%BC-%EC%B4%AC%EC%98%81%EC%A7%80-10%EA%B3%B3%EC%9D%84-%EC%95%8C%EB%A0%A4%EB%93%9C%EB%A6%BD%EB%8B%88%EB%8B%A4%EC%97%85%EB%8D%B0%EC%9D%B4%ED%8A%B8%EC%A4%91,YSDL,KAKAO
빌런즈,홍제천,playground,서울 서대문구 홍제동,37.59632056,126.9526224,https://ys-dl.tistory.com/entry/%EB%B9%8C%EB%9F%B0%EC%A6%88-%EC%B4%AC%EC%98%81%EC%A7%80-14%EA%B3%B3%EC%9D%84-%EC%95%8C%EB%A0%A4%EB%93%9C%EB%A6%BD%EB%8B%88%EB%8B%A4%EC%97%85%EB%8D%B0%EC%9D%B4%ED%8A%B8%EC%A4%91,YSDL,KAKAO
빌런즈,청계천,playground,서울 종로구 서린동 148,37.56914697,126.9786471,https://ys-dl.tistory.com/entry/%EB%B9%8C%EB%9F%B0%EC%A6%88-%EC%B4%AC%EC%98%81%EC%A7%80-14%EA%B3%B3%EC%9D%84-%EC%95%8C%EB%A0%A4%EB%93%9C%EB%A6%BD%EB%8B%88%EB%8B%A4%EC%97%85%EB%8D%B0%EC%9D%B4%ED%8A%B8%EC%A4%91,YSDL,KAKAO
빌런즈,아름다운청년전태일기념관,playground,서울 종로구 청계천로 105,37.56842042,126.9893825,https://ys-dl.tistory.com/entry/%EB%B9%8C%EB%9F%B0%EC%A6%88-%EC%B4%AC%EC%98%81%EC%A7%80-14%EA%B3%B3%EC%9D%84-%EC%95%8C%EB%A0%A4%EB%93%9C%EB%A6%BD%EB%8B%88%EB%8B%A4%EC%97%85%EB%8D%B0%EC%9D%B4%ED%8A%B8%EC%A4%91,YSDL,KAKAO
빌런즈,도담공원,playground,서울 강남구 세곡동 548,37.46730874,127.0986786,https://ys-dl.tistory.com/entry/%EB%B9%8C%EB%9F%B0%EC%A6%88-%EC%B4%AC%EC%98%81%EC%A7%80-14%EA%B3%B3%EC%9D%84-%EC%95%8C%EB%A0%A4%EB%93%9C%EB%A6%BD%EB%8B%88%EB%8B%A4%EC%97%85%EB%8D%B0%EC%9D%B4%ED%8A%B8%EC%A4%91,YSDL,KAKAO
빛나는 로맨스,스포엔샤웨딩,playground,서울특별시 강남구 도산대로81길 16-6,37.5255713,127.047991,,KCISA,KCISA
빠담빠담…. 그와 그녀의 심장박동소리,동피랑 벽화마을,playground,경상남도 통영시 동피랑1길 6-18,34.845641,128.427523,,KCISA,KCISA
빠스껫 볼,운보의 집,playground,충청북도 청주시 청원구 내수읍 형동2길 92-41,36.692197,127.5651,,KCISA,KCISA
빨강 구두,청아공원기독교전용관,playground,경기도 고양시 일산동구 은마길 129,37.719031,126.80572,,KCISA,KCISA
빨강 구두,중림동약현성당,playground,서울특별시 중구 청파로 447-1,37.559115,126.96744,,KCISA,KCISA
뿌리 깊은 나무,경복궁,playground,서울특별시 종로구 사직로 161,37.5806736,126.976952,,KCISA,KCISA
사계의 봄,MBC 문화동산,playground,경기 양주시 만송로 394-104,37.79144207,127.1007849,https://ys-dl.tistory.com/entry/%EC%82%AC%EA%B3%84%EC%9D%98-%EB%B4%84-%EC%B4%AC%EC%98%81%EC%A7%80-8%EA%B3%B3%EC%9D%84-%EC%95%8C%EB%A0%A4%EB%93%9C%EB%A6%BD%EB%8B%88%EB%8B%A4%EC%97%85%EB%8D%B0%EC%9D%B4%ED%8A%B8%EC%A4%91,YSDL,KAKAO
사계의 봄,일산호수공원,playground,경기 고양시 일산동구 호수로 595,37.65613604,126.7641415,https://ys-dl.tistory.com/entry/%EC%82%AC%EA%B3%84%EC%9D%98-%EB%B4%84-%EC%B4%AC%EC%98%81%EC%A7%80-8%EA%B3%B3%EC%9D%84-%EC%95%8C%EB%A0%A4%EB%93%9C%EB%A6%BD%EB%8B%88%EB%8B%A4%EC%97%85%EB%8D%B0%EC%9D%B4%ED%8A%B8%EC%A4%91,YSDL,KAKAO
사계의 봄,화랑의언덕,playground,경북 경주시 산내면 내일리 산 261-1,35.77017701,129.0891184,https://ys-dl.tistory.com/entry/%EC%82%AC%EA%B3%84%EC%9D%98-%EB%B4%84-%EC%B4%AC%EC%98%81%EC%A7%80-8%EA%B3%B3%EC%9D%84-%EC%95%8C%EB%A0%A4%EB%93%9C%EB%A6%BD%EB%8B%88%EB%8B%A4%EC%97%85%EB%8D%B0%EC%9D%B4%ED%8A%B8%EC%A4%91,YSDL,KAKAO
사계의 봄,내원사계곡,playground,경남 양산시 하북면 용연리,35.43527324,129.0999982,https://ys-dl.tistory.com/entry/%EC%82%AC%EA%B3%84%EC%9D%98-%EB%B4%84-%EC%B4%AC%EC%98%81%EC%A7%80-8%EA%B3%B3%EC%9D%84-%EC%95%8C%EB%A0%A4%EB%93%9C%EB%A6%BD%EB%8B%88%EB%8B%A4%EC%97%85%EB%8D%B0%EC%9D%B4%ED%8A%B8%EC%A4%91,YSDL,KAKAO
사내맞선,화랑육교,playground,경기도 성남시 분당구 삼평동 화랑육교,37.40165,127.1052,,KCISA,KCISA
사내맞선,이포보편의점,playground,경기도 여주시 금사면 금사로 48,37.405143,127.53593,,KCISA,KCISA
사내맞선,메이크샵,playground,경기도 파주시 광인사길 209,37.716759,126.68768,,KCISA,KCISA
사내맞선,로케이션 이음 (구 로얄퀘스트),playground,경기도 파주시 탄현면 새오리로286번길 48-70,37.713531,126.74641,,KCISA,KCISA
사내맞선,경기영어마을 파주캠퍼스,playground,경기도 파주시 탄현면 얼음실로 40,37.7852355,126.703739,,KCISA,KCISA
사내맞선,퍼스트가든,playground,경기도 파주시 탑삭골길 260,37.7321551,126.793933,,KCISA,KCISA
사내맞선,대구은행 제2본점,playground,대구광역시 북구 옥산로 111,35.884382,128.58824,,KCISA,KCISA
사내맞선,코엑스,playground,서울특별시 강남구 영동대로 513,37.510177,127.05866,,KCISA,KCISA
사내맞선,가온문화공원,playground,서울특별시 마포구 상암동 1594,37.58181,126.88765,,KCISA,KCISA
사내맞선,롯데월드,playground,서울특별시 송파구 올림픽로 240,37.5112601,127.097998,,KCISA,KCISA
사내맞선,더리버,playground,서울특별시 용산구 용산동6가 451,37.507108,126.98472,,KCISA,KCISA
사내맞선,동작대교,playground,서울특별시 용산구 이촌동 동작대교,37.51041,126.981893,,KCISA,KCISA
사내맞선,소월로,playground,서울특별시 용산구 후암동 소월로,37.544714,126.99091,,KCISA,KCISA
사내맞선,율곡로3길,playground,서울특별시 종로구 율곡로3길,37.577811,126.98239,,KCISA,KCISA
사내맞선,한국의 집,playground,서울특별시 중구 퇴계로36길 10,37.560304,126.99471,,KCISA,KCISA
사내맞선,인천국제공항,playground,인천광역시 중구 공항로 272,37.44919,126.4514,,KCISA,KCISA
사내맞선,인천자유공원,playground,인천광역시 중구 송학동1가 1-1,37.474776,126.62373,,KCISA,KCISA
사내맞선,인천아트플랫폼,playground,인천광역시 중구 제물량로218번길 3,37.472906,126.62001,,KCISA,KCISA
사냥개들,한강,playground,서울 영등포구 여의도동,37.52508922,126.9475451,https://ys-dl.tistory.com/entry/%EC%82%AC%EB%83%A5%EA%B0%9C%EB%93%A42-%EC%B4%AC%EC%98%81%EC%A7%80-9%EA%B3%B3%EC%9D%84-%EC%95%8C%EB%A0%A4%EB%93%9C%EB%A6%BD%EB%8B%88%EB%8B%A4%EC%97%85%EB%8D%B0%EC%9D%B4%ED%8A%B8%EC%A4%91,YSDL,KAKAO
사랑비,제이드가든,playground,강원도 춘천시 남산면 햇골길 80,37.834632,127.53786,,KCISA,KCISA
사랑비,영주 무섬마을,playground,경상북도 영주시 문수면 무섬로 238-2,36.732678,128.62112,,KCISA,KCISA
사랑비,계명대학교 대명캠퍼스,playground,대구광역시 남구 명덕로 104,35.85427,128.580543,,KCISA,KCISA
사랑비,홍대놀이터공원,playground,서울특별시 마포구 와우산로21길 19-3,37.552212,126.92334,,KCISA,KCISA
사랑비,순천드라마촬영장,playground,전라남도 순천시 비례골길 24,34.957729,127.53832,,KCISA,KCISA
사랑은 뷰티풀 인생은 원더풀,벌툰 장기점,playground,경기도 김포시 김포한강4로 113 신한프라자 4층 401호,37.644046,126.66838,,KCISA,KCISA
사랑은 뷰티풀 인생은 원더풀,신동수변공원,playground,경기도 수원시 영통구 신동 550-2,37.248503,127.04055,,KCISA,KCISA
사랑은 뷰티풀 인생은 원더풀,신동카페거리,playground,경기도 수원시 영통구 신동 신동카페거리,37.247646,127.04307,,KCISA,KCISA
사랑은 뷰티풀 인생은 원더풀,경희대국제캠퍼스,playground,경기도 용인시 기흥구 덕영대로 1732,37.240921,127.07958,,KCISA,KCISA
사랑은 뷰티풀 인생은 원더풀,명성교회,playground,서울특별시 강동구 구천면로 452,37.548296,127.1481,,KCISA,KCISA
사랑은 뷰티풀 인생은 원더풀,성미산로29길,playground,서울특별시 마포구 성미산로29길 3,37.564235,126.92285,,KCISA,KCISA
사랑은 뷰티풀 인생은 원더풀,구룡근린공원,playground,서울특별시 마포구 월드컵북로 456,37.582996,126.88385,,KCISA,KCISA
사랑은 뷰티풀 인생은 원더풀,예술의전당,playground,서울특별시 서초구 남부순환로 2406,37.479115,127.01057,,KCISA,KCISA
사랑은 뷰티풀 인생은 원더풀,가톨릭대학교 서울성모병원,playground,서울특별시 서초구 반포대로 222,37.501777,127.00477,,KCISA,KCISA
사랑은 뷰티풀 인생은 원더풀,서울중앙지방법원,playground,서울특별시 서초구 서초중앙로 157,37.496068,127.01148,,KCISA,KCISA
사랑은 뷰티풀 인생은 원더풀,반포한강공원,playground,서울특별시 서초구 신반포로11길 40,37.510507,126.996054,,KCISA,KCISA
사랑은 뷰티풀 인생은 원더풀,세빛섬,playground,서울특별시 서초구 올림픽대로 683,37.512019,126.9953,,KCISA,KCISA
사랑은 뷰티풀 인생은 원더풀,여의도 KBS방송국,playground,서울특별시 영등포구 여의공원로 13,37.52563,126.91633,,KCISA,KCISA
사랑은 뷰티풀 인생은 원더풀,여의도공원,playground,서울특별시 영등포구 여의공원로 68,37.5281241,126.925754,,KCISA,KCISA
사랑은 뷰티풀 인생은 원더풀,샛강다리,playground,서울특별시 영등포구 여의도동 39,37.518835,126.91898,,KCISA,KCISA
사랑은 뷰티풀 인생은 원더풀,원효대교,playground,서울특별시 영등포구 여의도동 원효대교,37.527046,126.94571,,KCISA,KCISA
사랑은 뷰티풀 인생은 원더풀,한강 공원 여의도 지구,playground,서울특별시 영등포구 여의동로 290,37.5290674,126.936218,,KCISA,KCISA
사랑은 뷰티풀 인생은 원더풀,중소기업중앙회,playground,서울특별시 영등포구 은행로 30,37.52816,126.9227,,KCISA,KCISA
사랑은 뷰티풀 인생은 원더풀,낙산공원,playground,서울특별시 종로구 낙산길 41,37.580667,127.00746,,KCISA,KCISA
사랑을 믿어요,영은미술관,playground,경기도 광주시 청석로 300,37.413056,127.268916,,KCISA,KCISA
사랑의 불시착,별마로천문대,playground,강원도 영월군 영월읍 천문대길 397,37.198816,128.486792,,KCISA,KCISA
사랑의 불시착,홍삼스파 참숯가마 사우나,playground,경기 파주시 탄현면 갈현리 654-7,37.773824,126.717309,,KCISA,KCISA
사랑의 불시착,미리내 성지,playground,경기도 안성시 양성면 미리내성지로 420,37.146102,127.25865,,KCISA,KCISA
사랑의 불시착,한탄강 하늘다리,playground,경기도 포천시 영북면 비둘기낭길 207,38.084174,127.219169,,KCISA,KCISA
사랑의 불시착,코모도호텔 부산,playground,부산광역시 중구 중구로 151,35.109159,129.035447,,KCISA,KCISA
사랑의 불시착,동아디지털미디어센터,playground,서울특별시 마포구 매봉산로 75,37.57832,126.89285,,KCISA,KCISA
사랑의 불시착,부암동 7번지,playground,서울특별시 종로구 북악산로 147,37.598022,126.97348,,KCISA,KCISA
사랑의 불시착,신제물포구락부,playground,인천광역시 미추홀구 석정로 200 지하1층,37.467645,126.65749,,KCISA,KCISA
사랑의 불시착,선녀바위 해수욕장,playground,인천광역시 중구 선녀바위로 70,37.444186,126.379942,,KCISA,KCISA
사랑의 불시착,담양레이나CC,playground,전라남도 담양군 담양읍 깊은실길 169,35.310369,127.01734,,KCISA,KCISA
사랑의 불시착,치유의 숲,playground,제주특별자치도 서귀포시 산록남로 2271,33.292027,126.529407,,KCISA,KCISA
사랑의 불시착,청산수목원,playground,충청남도 태안군 연꽃길 70,36.68861,126.2968,,KCISA,KCISA
사랑의 불시착,비내섬,playground,충청북도 충주시 소태면 복탄리 908,37.105907,127.815528,,KCISA,KCISA
사랑의 불시착,중앙탑 사적공원,playground,충청북도 충주시 중앙탑면 중앙탑길 112-28 일원,37.016768,127.866499,,KCISA,KCISA
사랑의 불시착,탄금호 무지개길,playground,충청북도 충주시 중앙탑면 중앙탑길 150,37.022702,127.863486,,KCISA,KCISA
사랑의 안단테,고성통일전망타워,playground,강원특별자치도 고성군 현내면 통일전망대로 457,38.58668705,128.3748882,https://ys-dl.tistory.com/entry/%EC%82%AC%EB%9E%91%EC%9D%98-%EC%95%88%EB%8B%A8%ED%85%8C-%EC%B4%AC%EC%98%81%EC%A7%80-4%EA%B3%B3%EC%9D%84-%EC%95%8C%EB%A0%A4%EB%93%9C%EB%A6%BD%EB%8B%88%EB%8B%A4%EC%97%85%EB%8D%B0%EC%9D%B4%ED%8A%B8%EC%A4%91,YSDL,KAKAO
사랑의 안단테,DMZ박물관,playground,강원특별자치도 고성군 현내면 통일전망대로 369,38.5762556,128.382568,https://ys-dl.tistory.com/entry/%EC%82%AC%EB%9E%91%EC%9D%98-%EC%95%88%EB%8B%A8%ED%85%8C-%EC%B4%AC%EC%98%81%EC%A7%80-4%EA%B3%B3%EC%9D%84-%EC%95%8C%EB%A0%A4%EB%93%9C%EB%A6%BD%EB%8B%88%EB%8B%A4%EC%97%85%EB%8D%B0%EC%9D%B4%ED%8A%B8%EC%A4%91,YSDL,KAKAO
사랑의 안단테,공현진2리해변,playground,강원특별자치도 고성군 죽왕면 공현진리 431-8,38.35840545,128.5084694,https://ys-dl.tistory.com/entry/%EC%82%AC%EB%9E%91%EC%9D%98-%EC%95%88%EB%8B%A8%ED%85%8C-%EC%B4%AC%EC%98%81%EC%A7%80-4%EA%B3%B3%EC%9D%84-%EC%95%8C%EB%A0%A4%EB%93%9C%EB%A6%BD%EB%8B%88%EB%8B%A4%EC%97%85%EB%8D%B0%EC%9D%B4%ED%8A%B8%EC%A4%91,YSDL,KAKAO
사랑의 안단테,삼포리해변 행정봉사실,playground,강원특별자치도 고성군 죽왕면 삼포해변길 15-4,38.31715685,128.5324267,https://ys-dl.tistory.com/entry/%EC%82%AC%EB%9E%91%EC%9D%98-%EC%95%88%EB%8B%A8%ED%85%8C-%EC%B4%AC%EC%98%81%EC%A7%80-4%EA%B3%B3%EC%9D%84-%EC%95%8C%EB%A0%A4%EB%93%9C%EB%A6%BD%EB%8B%88%EB%8B%A4%EC%97%85%EB%8D%B0%EC%9D%B4%ED%8A%B8%EC%A4%91,YSDL,KAKAO
사랑의 안단테,삼포해수욕장,playground,강원특별자치도 고성군 죽왕면 삼포리,38.31537437,128.5350966,https://ys-dl.tistory.com/entry/%EC%82%AC%EB%9E%91%EC%9D%98-%EC%95%88%EB%8B%A8%ED%85%8C-%EC%B4%AC%EC%98%81%EC%A7%80-4%EA%B3%B3%EC%9D%84-%EC%95%8C%EB%A0%A4%EB%93%9C%EB%A6%BD%EB%8B%88%EB%8B%A4%EC%97%85%EB%8D%B0%EC%9D%B4%ED%8A%B8%EC%A4%91,YSDL,KAKAO
사랑의 온도,킨텍스제1전시장,playground,경기 고양시 일산서구 킨텍스로 217-60,37.669337,126.746033,,KCISA,KCISA
사랑의 온도,37.5 고양삼송점,playground,경기도 고양시 덕양구 동산1로 36,37.642646,126.88357,,KCISA,KCISA
사랑의 온도,SBS일산제작센터,playground,경기도 고양시 일산서구 일현로 111,37.696799,126.76338,,KCISA,KCISA
사랑의 온도,AK플라자 수원점,playground,경기도 수원시 팔달구 덕영대로 924,37.265512,127.00042,,KCISA,KCISA
사랑의 온도,플라워카페 라플로르,playground,경기도 파주시 직지길 522,37.717173,126.68928,,KCISA,KCISA
사랑의 온도,로케이션 이음 (구 로얄퀘스트),playground,경기도 파주시 탄현면 새오리로286번길 48-70,37.713531,126.74641,,KCISA,KCISA
사랑의 온도,뜨인돌출판사,playground,경기도 파주시 회동길 337-9,37.716021,126.69167,,KCISA,KCISA
사랑의 온도,은행어린이공원,playground,서울특별시 마포구 성미산로29길 17-3,37.564575,126.92228,,KCISA,KCISA
사랑의 온도,서울숲,playground,서울특별시 성동구 뚝섬로 273,37.544046,127.040414,,KCISA,KCISA
사랑의 온도,서강대교,playground,서울특별시 영등포구 여의도동 서강대교,37.536911,126.92495,,KCISA,KCISA
사랑의 온도,원효대교,playground,서울특별시 영등포구 여의도동 원효대교,37.527046,126.94571,,KCISA,KCISA
사랑의 온도,한강 공원 여의도 지구,playground,서울특별시 영등포구 여의동로 290,37.5290674,126.936218,,KCISA,KCISA
사랑의 온도,계동길,playground,서울특별시 종로구 계동길,37.580528,126.98678,,KCISA,KCISA
사랑의 온도,와이컨설팅그룹,playground,서울특별시 종로구 북촌로 12길 33,37.582781,126.98581,,KCISA,KCISA
사랑의 온도,경복궁,playground,서울특별시 종로구 사직로 161,37.5806736,126.976952,,KCISA,KCISA
사랑의 온도,윤보선길,playground,서울특별시 종로구 윤보선길,37.577559,126.98376,,KCISA,KCISA
사랑의 온도,안국동 윤보선가,playground,서울특별시 종로구 윤보선길 62,37.57853,126.9834,,KCISA,KCISA
사랑의 온도,송원아트센터,playground,서울특별시 종로구 윤보선길 75,37.579297,126.98342,,KCISA,KCISA
사랑의 온도,중앙고등학교,playground,서울특별시 종로구 창덕궁길 164,37.584081,126.986846,,KCISA,KCISA
사랑의 온도,인천국제공항,playground,인천광역시 중구 공항로 272,37.44919,126.4514,,KCISA,KCISA
사랑의 온도,순천만습지,playground,전라남도 순천시 순천만길 513-25,34.88597,127.50903,,KCISA,KCISA
사랑의 온도,향일암,playground,전라남도 여수시 돌산읍 향일암로 60,34.591599,127.80385,,KCISA,KCISA
사랑이 오네요,라비돌웨딩,playground,서울특별시 강남구 논현로79길 72,37.495992,127.03287,,KCISA,KCISA
사랑이 오네요,유삼빌딩,playground,서울특별시 마포구 월드컵로10길 9,37.554635,126.91221,,KCISA,KCISA
사랑이 오네요,원효대교,playground,서울특별시 영등포구 여의도동 원효대교,37.527046,126.94571,,KCISA,KCISA
사랑한다고 말해줘,가온문화공원,playground,서울 마포구 상암동 1594,37.58191481,126.8876787,https://ys-dl.tistory.com/entry/%EC%82%AC%EB%9E%91%ED%95%9C%EB%8B%A4%EA%B3%A0-%EB%A7%90%ED%95%B4%EC%A4%98-%EC%B4%AC%EC%98%81%EC%A7%80-20%EA%B3%B3%EC%9D%84-%EC%95%8C%EB%A0%A4%EB%93%9C%EB%A6%BD%EB%8B%88%EB%8B%A4%EC%97%85%EB%8D%B0%EC%9D%B4%ED%8A%B8%EC%A4%91,YSDL,KAKAO
사랑한다고 말해줘,인사1010,playground,서울 종로구 인사동10길 10,37.57398817,126.9856325,https://ys-dl.tistory.com/entry/%EC%82%AC%EB%9E%91%ED%95%9C%EB%8B%A4%EA%B3%A0-%EB%A7%90%ED%95%B4%EC%A4%98-%EC%B4%AC%EC%98%81%EC%A7%80-20%EA%B3%B3%EC%9D%84-%EC%95%8C%EB%A0%A4%EB%93%9C%EB%A6%BD%EB%8B%88%EB%8B%A4%EC%97%85%EB%8D%B0%EC%9D%B4%ED%8A%B8%EC%A4%91,YSDL,KAKAO
사랑한다고 말해줘,공근혜갤러리,playground,서울 종로구 삼청로7길 38,37.58404598,126.9796187,https://ys-dl.tistory.com/entry/%EC%82%AC%EB%9E%91%ED%95%9C%EB%8B%A4%EA%B3%A0-%EB%A7%90%ED%95%B4%EC%A4%98-%EC%B4%AC%EC%98%81%EC%A7%80-20%EA%B3%B3%EC%9D%84-%EC%95%8C%EB%A0%A4%EB%93%9C%EB%A6%BD%EB%8B%88%EB%8B%A4%EC%97%85%EB%8D%B0%EC%9D%B4%ED%8A%B8%EC%A4%91,YSDL,KAKAO
사랑한다고 말해줘,마로니에공원,playground,서울 종로구 대학로 104,37.58028876,127.0028257,https://ys-dl.tistory.com/entry/%EC%82%AC%EB%9E%91%ED%95%9C%EB%8B%A4%EA%B3%A0-%EB%A7%90%ED%95%B4%EC%A4%98-%EC%B4%AC%EC%98%81%EC%A7%80-20%EA%B3%B3%EC%9D%84-%EC%95%8C%EB%A0%A4%EB%93%9C%EB%A6%BD%EB%8B%88%EB%8B%A4%EC%97%85%EB%8D%B0%EC%9D%B4%ED%8A%B8%EC%A4%91,YSDL,KAKAO
사랑한다고 말해줘,JTN아트홀,playground,서울 종로구 이화장길 26,37.57664511,127.0039305,https://ys-dl.tistory.com/entry/%EC%82%AC%EB%9E%91%ED%95%9C%EB%8B%A4%EA%B3%A0-%EB%A7%90%ED%95%B4%EC%A4%98-%EC%B4%AC%EC%98%81%EC%A7%80-20%EA%B3%B3%EC%9D%84-%EC%95%8C%EB%A0%A4%EB%93%9C%EB%A6%BD%EB%8B%88%EB%8B%A4%EC%97%85%EB%8D%B0%EC%9D%B4%ED%8A%B8%EC%A4%91,YSDL,KAKAO
사랑한다고 말해줘,이화달팽이길,playground,서울 종로구 이화동 9-244,37.57689902,127.0075735,https://ys-dl.tistory.com/entry/%EC%82%AC%EB%9E%91%ED%95%9C%EB%8B%A4%EA%B3%A0-%EB%A7%90%ED%95%B4%EC%A4%98-%EC%B4%AC%EC%98%81%EC%A7%80-20%EA%B3%B3%EC%9D%84-%EC%95%8C%EB%A0%A4%EB%93%9C%EB%A6%BD%EB%8B%88%EB%8B%A4%EC%97%85%EB%8D%B0%EC%9D%B4%ED%8A%B8%EC%A4%91,YSDL,KAKAO
사랑한다고 말해줘,창신동족발골목,playground,서울 종로구 종로51길 23,37.57281356,127.0118362,https://ys-dl.tistory.com/entry/%EC%82%AC%EB%9E%91%ED%95%9C%EB%8B%A4%EA%B3%A0-%EB%A7%90%ED%95%B4%EC%A4%98-%EC%B4%AC%EC%98%81%EC%A7%80-20%EA%B3%B3%EC%9D%84-%EC%95%8C%EB%A0%A4%EB%93%9C%EB%A6%BD%EB%8B%88%EB%8B%A4%EC%97%85%EB%8D%B0%EC%9D%B4%ED%8A%B8%EC%A4%91,YSDL,KAKAO
사랑한다고 말해줘,경춘선숲길,playground,서울 노원구 공릉동 320-2,37.62069181,127.078706,https://ys-dl.tistory.com/entry/%EC%82%AC%EB%9E%91%ED%95%9C%EB%8B%A4%EA%B3%A0-%EB%A7%90%ED%95%B4%EC%A4%98-%EC%B4%AC%EC%98%81%EC%A7%80-20%EA%B3%B3%EC%9D%84-%EC%95%8C%EB%A0%A4%EB%93%9C%EB%A6%BD%EB%8B%88%EB%8B%A4%EC%97%85%EB%8D%B0%EC%9D%B4%ED%8A%B8%EC%A4%91,YSDL,KAKAO
사랑한다고 말해줘,아쿠아플라넷 일산,playground,경기 고양시 일산서구 한류월드로 282,37.66378755,126.7554856,https://ys-dl.tistory.com/entry/%EC%82%AC%EB%9E%91%ED%95%9C%EB%8B%A4%EA%B3%A0-%EB%A7%90%ED%95%B4%EC%A4%98-%EC%B4%AC%EC%98%81%EC%A7%80-20%EA%B3%B3%EC%9D%84-%EC%95%8C%EB%A0%A4%EB%93%9C%EB%A6%BD%EB%8B%88%EB%8B%A4%EC%97%85%EB%8D%B0%EC%9D%B4%ED%8A%B8%EC%A4%91,YSDL,KAKAO
사랑한다고 말해줘,천주교 미리내성지,playground,경기 안성시 양성면 미리내성지로 416,37.14175538,127.2593075,https://ys-dl.tistory.com/entry/%EC%82%AC%EB%9E%91%ED%95%9C%EB%8B%A4%EA%B3%A0-%EB%A7%90%ED%95%B4%EC%A4%98-%EC%B4%AC%EC%98%81%EC%A7%80-20%EA%B3%B3%EC%9D%84-%EC%95%8C%EB%A0%A4%EB%93%9C%EB%A6%BD%EB%8B%88%EB%8B%A4%EC%97%85%EB%8D%B0%EC%9D%B4%ED%8A%B8%EC%A4%91,YSDL,KAKAO
"사랑해, 울지마",무궁화로,playground,경기도 고양시 일산동구 무궁화로,37.667115,126.77439,,KCISA,KCISA
"사랑해, 울지마",MBC일산드림센터,playground,경기도 고양시 일산동구 호수로 596,37.6547819,126.770815,,KCISA,KCISA
"사랑해, 울지마",영동대로,playground,서울특별시 강남구 삼성동,37.51369,127.0605,,KCISA,KCISA
"사랑해, 울지마",망원한강공원,playground,서울특별시 마포구 마포나루길 467,37.55347,126.89816,,KCISA,KCISA
"사랑해, 울지마",장호빌딩,playground,서울특별시 마포구 와우산로19길 27,37.551204,126.92165,,KCISA,KCISA
"사랑해, 울지마",양화한강공원,playground,서울특별시 영등포구 노들로 221,37.541386,126.89806,,KCISA,KCISA
"사랑해, 울지마",이랜드크루즈,playground,서울특별시 영등포구 여의동로 280,37.5290674,126.936218,,KCISA,KCISA
"사랑해, 울지마",인천국제공항,playground,인천광역시 중구 공항로 272,37.44919,126.4514,,KCISA,KCISA
"사랑해, 울지마 ",선유도공원,playground,서울특별시 영등포구 선유로 343,37.543688,126.899705,,KCISA,KCISA
사생활,호현로 빌딩,playground,경기도 부천시 호현로 425,37.475764,126.79209,,KCISA,KCISA
사생활,로케이션 이음 (구 로얄퀘스트),playground,경기도 파주시 탄현면 새오리로286번길 48-70,37.713531,126.74641,,KCISA,KCISA
사생활,배재대학교,playground,대전광역시 서구 배재로 155-40,36.320593,127.36621,,KCISA,KCISA
사생활,청담빌딩,playground,서울특별시 강남구 도산대로81길 41,37.526862,127.04658,,KCISA,KCISA
사생활,파르나스타워,playground,서울특별시 강남구 테헤란로 521,37.50947,127.0614,,KCISA,KCISA
사생활,홍익로3길,playground,서울특별시 마포구 홍익로3길 1,37.554252,126.92245,,KCISA,KCISA
사생활,신촌벽화터널,playground,서울특별시 서대문구 대신동 143-28,37.560188,126.94127,,KCISA,KCISA
사생활,대림동차이나타운,playground,서울특별시 영등포구 대림동 1050-43,37.491577,126.89784,,KCISA,KCISA
사생활,서강대교,playground,서울특별시 영등포구 여의도동 서강대교,37.536911,126.92495,,KCISA,KCISA
사생활,이촌로29길,playground,서울특별시 용산구 이촌로29길,37.525257,126.96103,,KCISA,KCISA
사생활,용산전자랜드,playground,서울특별시 용산구 청파로 74,37.532841,126.95967,,KCISA,KCISA
사생활,두무개다리,playground,서울특별시 용산구 한남동 서빙고로,37.530592,127.01111,,KCISA,KCISA
사생활,윤보선길,playground,서울특별시 종로구 윤보선길,37.577559,126.98376,,KCISA,KCISA
사생활,율곡로3길,playground,서울특별시 종로구 율곡로3길,37.577811,126.98239,,KCISA,KCISA
사생활,무광빌딩,playground,서울특별시 중구 을지로18길 5,37.566164,126.99489,,KCISA,KCISA
사생활,인현시장,playground,서울특별시 중구 인현동2가 192-1,37.563866,126.99529,,KCISA,KCISA
사생활,스테이트 타워 남산,playground,서울특별시 중구 퇴계로 100,37.560342,126.98297,,KCISA,KCISA
사생활,한국의 집,playground,서울특별시 중구 퇴계로36길 10,37.560304,126.99471,,KCISA,KCISA
사생활,계산전통시장,playground,인천광역시 계양구 계산동 1040,37.540048,126.72451,,KCISA,KCISA
사생활,인천국제공항,playground,인천광역시 중구 공항로 272,37.44919,126.4514,,KCISA,KCISA
사생활,삼흥전자,playground,인천광역시 중구 홍예문로 98번길7,37.476046,126.63044,,KCISA,KCISA
사생활,익산 교도소 세트장,playground,전라북도 익산시 성당면 함낭로 207,36.069334,126.93158,,KCISA,KCISA
사운드트랙 #1,사이더스HQ타워,playground,서울특별시 강남구 선릉로 629,37.512832,127.04252,,KCISA,KCISA
사운드트랙 #1,에코넷센터,playground,서울특별시 성동구 아차산로 78,37.545065,127.05271,,KCISA,KCISA
사운드트랙 #2,서울도시건축전시관,playground,서울 중구 세종대로 119,37.56690492,126.9767054,https://ys-dl.tistory.com/entry/%EC%82%AC%EC%9A%B4%EB%93%9C%ED%8A%B8%EB%9E%99-2-%EC%B4%AC%EC%98%81%EC%A7%80-9%EA%B3%B3%EC%9D%84-%EC%95%8C%EB%A0%A4%EB%93%9C%EB%A6%BD%EB%8B%88%EB%8B%A4%EC%97%85%EB%8D%B0%EC%9D%B4%ED%8A%B8%EC%A4%91,YSDL,KAKAO
사운드트랙 #2,반포한강공원,playground,서울 서초구 반포동 115-5,37.51081993,126.997161,https://ys-dl.tistory.com/entry/%EC%82%AC%EC%9A%B4%EB%93%9C%ED%8A%B8%EB%9E%99-2-%EC%B4%AC%EC%98%81%EC%A7%80-9%EA%B3%B3%EC%9D%84-%EC%95%8C%EB%A0%A4%EB%93%9C%EB%A6%BD%EB%8B%88%EB%8B%A4%EC%97%85%EB%8D%B0%EC%9D%B4%ED%8A%B8%EC%A4%91,YSDL,KAKAO
사운드트랙 #2,예술의전당 오페라하우스,playground,서울 서초구 남부순환로 2406,37.4793614,127.0138067,https://ys-dl.tistory.com/entry/%EC%82%AC%EC%9A%B4%EB%93%9C%ED%8A%B8%EB%9E%99-2-%EC%B4%AC%EC%98%81%EC%A7%80-9%EA%B3%B3%EC%9D%84-%EC%95%8C%EB%A0%A4%EB%93%9C%EB%A6%BD%EB%8B%88%EB%8B%A4%EC%97%85%EB%8D%B0%EC%9D%B4%ED%8A%B8%EC%A4%91,YSDL,KAKAO
사운드트랙 #2,구리아트홀,playground,경기 구리시 아차산로 453,37.59554862,127.129884,https://ys-dl.tistory.com/entry/%EC%82%AC%EC%9A%B4%EB%93%9C%ED%8A%B8%EB%9E%99-2-%EC%B4%AC%EC%98%81%EC%A7%80-9%EA%B3%B3%EC%9D%84-%EC%95%8C%EB%A0%A4%EB%93%9C%EB%A6%BD%EB%8B%88%EB%8B%A4%EC%97%85%EB%8D%B0%EC%9D%B4%ED%8A%B8%EC%A4%91,YSDL,KAKAO
사운드트랙 #2,화서공원,playground,경기 수원시 팔달구 화서동 26-35,37.28470829,127.0078486,https://ys-dl.tistory.com/entry/%EC%82%AC%EC%9A%B4%EB%93%9C%ED%8A%B8%EB%9E%99-2-%EC%B4%AC%EC%98%81%EC%A7%80-9%EA%B3%B3%EC%9D%84-%EC%95%8C%EB%A0%A4%EB%93%9C%EB%A6%BD%EB%8B%88%EB%8B%A4%EC%97%85%EB%8D%B0%EC%9D%B4%ED%8A%B8%EC%A4%91,YSDL,KAKAO
사운드트랙 #2,아야진해수욕장,playground,강원특별자치도 고성군 토성면 아야진리,38.27683501,128.553373,https://ys-dl.tistory.com/entry/%EC%82%AC%EC%9A%B4%EB%93%9C%ED%8A%B8%EB%9E%99-2-%EC%B4%AC%EC%98%81%EC%A7%80-9%EA%B3%B3%EC%9D%84-%EC%95%8C%EB%A0%A4%EB%93%9C%EB%A6%BD%EB%8B%88%EB%8B%A4%EC%97%85%EB%8D%B0%EC%9D%B4%ED%8A%B8%EC%A4%91,YSDL,KAKAO
사이코메트리 그녀석,엔씨소프트 R&D센터,playground,경기도 성남시 분당구 대왕판교로644번길 12,37.399502,127.10848,,KCISA,KCISA
사이코메트리 그녀석,동안육교,playground,경기도 성남시 분당구 삼평동 동안육교,37.40171,127.1096,,KCISA,KCISA
사이코메트리 그녀석,신설동역 유령 승강장,playground,서울특별시 동대문구 왕산로 1,37.575891,127.02453,,KCISA,KCISA
사이코메트리 그녀석,서강대교,playground,서울특별시 영등포구 여의도동 서강대교,37.536911,126.92495,,KCISA,KCISA
사이코메트리 그녀석,서울로7017,playground,서울특별시 중구 청파로 432,37.556524,126.97375,,KCISA,KCISA
사이코메트리 그녀석,엔씨큐브,playground,인천광역시 연수구 아트센터대로 87,37.402243,126.64027,,KCISA,KCISA
사이코지만 괜찮아,심곡항,playground,강원도 강릉시 강동면 심곡리 157-1,37.665245,129.053082,,KCISA,KCISA
사이코지만 괜찮아,헌화로드라이브코스,playground,강원도 강릉시 강동면 심곡리 헌화로,37.664267,129.05459,,KCISA,KCISA
사이코지만 괜찮아,설악한옥민박,playground,강원도 속초시 상도문길 58,38.16512,128.55112,,KCISA,KCISA
사이코지만 괜찮아,설악해변,playground,강원도 양양군 강현면 뒷나루2길 5-8,38.131216,128.62292,,KCISA,KCISA
사이코지만 괜찮아,옥정중앙공원,playground,경기도 양주시 옥정동 864-798,37.824418,127.09729,,KCISA,KCISA
사이코지만 괜찮아,의정부미술도서관,playground,경기도 의정부시 민락로 248,37.7442371,127.106934,,KCISA,KCISA
사이코지만 괜찮아,뜨인돌출판사,playground,경기도 파주시 회동길 337-9,37.716021,126.69167,,KCISA,KCISA
사이코지만 괜찮아,디큐브시티,playground,서울특별시 구로구 경인로 662,37.508892,126.88942,,KCISA,KCISA
사이코지만 괜찮아,한강대교,playground,서울특별시 용산구 이촌동 한강대교,37.517492,126.95897,,KCISA,KCISA
사이코지만 괜찮아,송학로,playground,인천광역시 중구 송학동3가,37.473037,126.62606,,KCISA,KCISA
사이코지만 괜찮아,옥정호,playground,전라북도 임실군 운암면 운종리 473-9,35.602023,127.11288,,KCISA,KCISA
"사임당, 빛의 일기",하슬라아트월드,playground,강원도 강릉시 강동면 율곡로 1441,37.706127,129.00911,,KCISA,KCISA
"사임당, 빛의 일기",오봉산 마당바위,playground,경상북도 경주시 서면 천촌리,35.853269,129.05014,,KCISA,KCISA
사춘기 메들리,분당추모공원 휴,playground,경기도 광주시 오포읍 오포로 211-49,37.354236,127.18315,,KCISA,KCISA
사춘기 메들리,연기복싱체육관,playground,세종특별자치시 조치원읍 새내13길 7,36.602961,127.2973,,KCISA,KCISA
산후조리원,일산문화공원,playground,경기도 고양시 일산동구 장항동 845,37.65839,126.7704,,KCISA,KCISA
산후조리원,일산문화광장,playground,경기도 고양시 일산동구 중앙로 1271-4,37.65839,126.7704,,KCISA,KCISA
산후조리원,구리암사대교,playground,경기도 구리시 토평동 947-1 구리암사대교,37.568719,127.13228,,KCISA,KCISA
산후조리원,서강대교,playground,서울특별시 영등포구 여의도동 서강대교,37.536911,126.92495,,KCISA,KCISA
산후조리원,더리버,playground,서울특별시 용산구 용산동6가 451,37.507108,126.98472,,KCISA,KCISA
살롱 드 홈즈,진선2공원,playground,강원특별자치도 춘천시 후석로228번길 24,37.87356263,127.755631,https://ys-dl.tistory.com/entry/%EC%82%B4%EB%A1%B1-%EB%93%9C-%ED%99%88%EC%A6%88-%EC%B4%AC%EC%98%81%EC%A7%80-6%EA%B3%B3%EC%9D%84-%EC%95%8C%EB%A0%A4%EB%93%9C%EB%A6%BD%EB%8B%88%EB%8B%A4%EC%97%85%EB%8D%B0%EC%9D%B4%ED%8A%B8%EC%A4%91,YSDL,KAKAO
살인자 난감,매탄공원,playground,경기 수원시 영통구 매탄로 185,37.26823605,127.0453674,https://ys-dl.tistory.com/entry/%EC%82%B4%EC%9D%B8%EC%9E%90-%EB%82%9C%EA%B0%90-%EC%B4%AC%EC%98%81%EC%A7%80-6%EA%B3%B3%EC%9D%84-%EC%95%8C%EB%A0%A4%EB%93%9C%EB%A6%BD%EB%8B%88%EB%8B%A4%EC%97%85%EB%8D%B0%EC%9D%B4%ED%8A%B8%EC%A4%91,YSDL,KAKAO
살인자 난감,청남대,playground,충북 청주시 상당구 문의면 청남대길 646,36.46284608,127.4917654,https://ys-dl.tistory.com/entry/%EC%82%B4%EC%9D%B8%EC%9E%90-%EB%82%9C%EA%B0%90-%EC%B4%AC%EC%98%81%EC%A7%80-6%EA%B3%B3%EC%9D%84-%EC%95%8C%EB%A0%A4%EB%93%9C%EB%A6%BD%EB%8B%88%EB%8B%A4%EC%97%85%EB%8D%B0%EC%9D%B4%ED%8A%B8%EC%A4%91,YSDL,KAKAO
살인자 난감,마치광장,playground,대전 서구 관저동 1534,36.29778629,127.3375013,https://ys-dl.tistory.com/entry/%EC%82%B4%EC%9D%B8%EC%9E%90-%EB%82%9C%EA%B0%90-%EC%B4%AC%EC%98%81%EC%A7%80-6%EA%B3%B3%EC%9D%84-%EC%95%8C%EB%A0%A4%EB%93%9C%EB%A6%BD%EB%8B%88%EB%8B%A4%EC%97%85%EB%8D%B0%EC%9D%B4%ED%8A%B8%EC%A4%91,YSDL,KAKAO
살인자 난감,송정해수욕장,playground,부산 해운대구 송정동,35.17859143,129.1997055,https://ys-dl.tistory.com/entry/%EC%82%B4%EC%9D%B8%EC%9E%90-%EB%82%9C%EA%B0%90-%EC%B4%AC%EC%98%81%EC%A7%80-6%EA%B3%B3%EC%9D%84-%EC%95%8C%EB%A0%A4%EB%93%9C%EB%A6%BD%EB%8B%88%EB%8B%A4%EC%97%85%EB%8D%B0%EC%9D%B4%ED%8A%B8%EC%A4%91,YSDL,KAKAO
삼남매가 용감하게,기계산업진흥회 (구 기계회관 본관),playground,서울특별시 영등포구 은행로 37,37.529414,126.9226,,KCISA,KCISA
삼식이 삼촌,운보의집,playground,충북 청주시 청원구 내수읍 형동2길 92-41,36.69223114,127.5651097,https://ys-dl.tistory.com/entry/%EC%82%BC%EC%8B%9D%EC%9D%B4-%EC%82%BC%EC%B4%8C-%EC%B4%AC%EC%98%81%EC%A7%80-3%EA%B3%B3%EC%9D%84-%EC%95%8C%EB%A0%A4%EB%93%9C%EB%A6%BD%EB%8B%88%EB%8B%A4%EC%97%85%EB%8D%B0%EC%9D%B4%ED%8A%B8%EC%A4%91,YSDL,KAKAO
삼식이 삼촌,공림사,playground,충북 괴산군 청천면 괴산로공림길 104,36.63126006,127.8169943,https://ys-dl.tistory.com/entry/%EC%82%BC%EC%8B%9D%EC%9D%B4-%EC%82%BC%EC%B4%8C-%EC%B4%AC%EC%98%81%EC%A7%80-3%EA%B3%B3%EC%9D%84-%EC%95%8C%EB%A0%A4%EB%93%9C%EB%A6%BD%EB%8B%88%EB%8B%A4%EC%97%85%EB%8D%B0%EC%9D%B4%ED%8A%B8%EC%A4%91,YSDL,KAKAO
삼식이 삼촌,대전근현대사전시관,playground,대전 중구 중앙로 101,36.32679753,127.420891,https://ys-dl.tistory.com/entry/%EC%82%BC%EC%8B%9D%EC%9D%B4-%EC%82%BC%EC%B4%8C-%EC%B4%AC%EC%98%81%EC%A7%80-3%EA%B3%B3%EC%9D%84-%EC%95%8C%EB%A0%A4%EB%93%9C%EB%A6%BD%EB%8B%88%EB%8B%A4%EC%97%85%EB%8D%B0%EC%9D%B4%ED%8A%B8%EC%A4%91,YSDL,KAKAO
삼식이 삼촌,순천드라마촬영장,playground,전남광주통합특별시 순천시 비례골길 24,34.9570842,127.5380338,https://ys-dl.tistory.com/entry/%EC%82%BC%EC%8B%9D%EC%9D%B4-%EC%82%BC%EC%B4%8C-%EC%B4%AC%EC%98%81%EC%A7%80-3%EA%B3%B3%EC%9D%84-%EC%95%8C%EB%A0%A4%EB%93%9C%EB%A6%BD%EB%8B%88%EB%8B%A4%EC%97%85%EB%8D%B0%EC%9D%B4%ED%8A%B8%EC%A4%91,YSDL,KAKAO
삼식이 삼촌,송평해수욕장,playground,전남광주통합특별시 해남군 화산면 평호길 450,34.43550097,126.47115,https://ys-dl.tistory.com/entry/%EC%82%BC%EC%8B%9D%EC%9D%B4-%EC%82%BC%EC%B4%8C-%EC%B4%AC%EC%98%81%EC%A7%80-3%EA%B3%B3%EC%9D%84-%EC%95%8C%EB%A0%A4%EB%93%9C%EB%A6%BD%EB%8B%88%EB%8B%A4%EC%97%85%EB%8D%B0%EC%9D%B4%ED%8A%B8%EC%A4%91,YSDL,KAKAO
"상두야, 학교가자!",오산고등학교,playground,서울특별시 용산구 보광로7길 17,37.523475,126.99958,,KCISA,KCISA
상류사회,청운공원,playground,서울 종로구 청운동 7-4,37.59100222,126.9663579,https://ys-dl.tistory.com/entry/%EC%83%81%EB%A5%98%EC%82%AC%ED%9A%8C-%EC%B4%AC%EC%98%81%EC%A7%80-%EC%84%9C%EC%9A%B8-6%EA%B3%B3%EC%9D%84-%EC%95%8C%EB%A0%A4%EB%93%9C%EB%A6%BD%EB%8B%88%EB%8B%A4,YSDL,KAKAO
상류사회,여의도공원,playground,서울 영등포구 여의공원로 68,37.52613492,126.9223482,https://ys-dl.tistory.com/entry/%EC%83%81%EB%A5%98%EC%82%AC%ED%9A%8C-%EC%B4%AC%EC%98%81%EC%A7%80-%EC%84%9C%EC%9A%B8-6%EA%B3%B3%EC%9D%84-%EC%95%8C%EB%A0%A4%EB%93%9C%EB%A6%BD%EB%8B%88%EB%8B%A4,YSDL,KAKAO
상속자들,동해 논골담길,playground,강원도 동해시 논골1길 2,37.5528045,129.116572,,KCISA,KCISA
상속자들,아난티 클럽 서울,playground,경기도 가평군 설악면 유명로 961-34,37.619609,127.48216,,KCISA,KCISA
상속자들,일산문화광장,playground,경기도 고양시 일산동구 중앙로 1271-4,37.65839,126.7704,,KCISA,KCISA
상속자들,일산호수공원,playground,경기도 고양시 일산동구 호수로 731,37.658769,126.76252,,KCISA,KCISA
상속자들,아시아나 컨트리클럽,playground,경기도 용인시 처인구 양지면 양대로 290,37.25445,127.2891,,KCISA,KCISA
상속자들,경기영어마을 파주캠퍼스,playground,경기도 파주시 탄현면 얼음실로 40,37.7852355,126.703739,,KCISA,KCISA
상속자들,동탄국제고등학교,playground,경기도 화성시 동탄나루로 27,37.1891856,127.078496,,KCISA,KCISA
상속자들,최재훈스튜디오,playground,서울특별시 강남구 논현로 612,37.508379,127.03371,,KCISA,KCISA
상속자들,모노빌딩,playground,서울특별시 마포구 독막로7길 40,37.549465,126.91958,,KCISA,KCISA
상속자들,왕자만화방,playground,서울특별시 종로구 윤보선길 31,37.57737,126.9837,,KCISA,KCISA
상속자들,스테이트 타워 남산,playground,서울특별시 중구 퇴계로 100,37.560342,126.98297,,KCISA,KCISA
상속자들,인천국제공항,playground,인천광역시 중구 공항로 272,37.44919,126.4514,,KCISA,KCISA
상어,고석정,playground,강원도 철원군 동송읍 태봉로 1825,38.186301,127.287536,,KCISA,KCISA
상어,라움,playground,서울특별시 강남구 언주로 564,37.508252,127.0397,,KCISA,KCISA
상어,월드컵공원,playground,서울특별시 마포구 하늘공원로 86,37.5708905,126.878429,,KCISA,KCISA
상어,서강대교,playground,서울특별시 영등포구 여의도동 서강대교,37.536911,126.92495,,KCISA,KCISA
상어,한강대교,playground,서울특별시 용산구 이촌동 한강대교,37.517492,126.95897,,KCISA,KCISA
상어,대오 서점,playground,서울특별시 종로구 자하문로7길 55,37.579716,126.96934,,KCISA,KCISA
샤이닝,안풍습지,playground,전남광주통합특별시 순천시 안풍동 1176,34.8754837,127.4930073,https://ys-dl.tistory.com/entry/%EC%83%A4%EC%9D%B4%EB%8B%9D-%EC%B4%AC%EC%98%81%EC%A7%80-13%EA%B3%B3%EC%9D%84-%EC%95%8C%EB%A0%A4%EB%93%9C%EB%A6%BD%EB%8B%88%EB%8B%A4%EC%97%85%EB%8D%B0%EC%9D%B4%ED%8A%B8%EC%A4%91,YSDL,KAKAO
샤크 더 스톰,한강,playground,서울 영등포구 여의도동,37.52508922,126.9475451,https://ys-dl.tistory.com/entry/%EC%83%A4%ED%81%AC-%EB%8D%94-%EC%8A%A4%ED%86%B0-%EC%B4%AC%EC%98%81%EC%A7%80-16%EA%B3%B3%EC%9D%84-%EC%95%8C%EB%A0%A4%EB%93%9C%EB%A6%BD%EB%8B%88%EB%8B%A4,YSDL,KAKAO
샤크 더 스톰,낙산공원,playground,서울 종로구 낙산길 41,37.58056967,127.0075218,https://ys-dl.tistory.com/entry/%EC%83%A4%ED%81%AC-%EB%8D%94-%EC%8A%A4%ED%86%B0-%EC%B4%AC%EC%98%81%EC%A7%80-16%EA%B3%B3%EC%9D%84-%EC%95%8C%EB%A0%A4%EB%93%9C%EB%A6%BD%EB%8B%88%EB%8B%A4,YSDL,KAKAO
서류상 아빠,바람뜰,playground,경기도 파주시 탄현면 법흥로 100-1,37.776558,126.70661,,KCISA,KCISA
"서른, 아홉",분당메모리얼파크,playground,경기도 서남시 분당구새나리로 79,37.403669,127.16401,,KCISA,KCISA
"서른, 아홉",놋토 갤러리숍 1호점,playground,서울특별시 강남구 도산대로17길 29,37.520609,127.0241,,KCISA,KCISA
"서른, 아홉",봉은사,playground,서울특별시 강남구 봉은사로 531,37.5151248,127.056921,,KCISA,KCISA
"서른, 아홉",월드컵로10길,playground,서울특별시 마포구 월드컵로10길 48,37.555355,126.91408,,KCISA,KCISA
"서른, 아홉",월드컵북로54길,playground,서울특별시 마포구 월드컵북로54길 25 상암DMC 푸르지오시티,37.581631,126.88829,,KCISA,KCISA
"서른, 아홉",롯데콘서트홀,playground,서울특별시 송파구 올림픽로 300 롯데월드몰 8층 롯데콘서트홀,37.5126,127.1027,,KCISA,KCISA
"서른, 아홉",역사책방,playground,서울특별시 종로구 자하문로10길 24,37.579291,126.97281,,KCISA,KCISA
"서른, 아홉",장흥교도소 세트장,playground,전라남도 장흥군 장흥읍 원도리 191,34.686804,126.91329,,KCISA,KCISA
서른이지만 열일곱입니다,고양아람누리,playground,경기도 고양시 일산동구 중앙로 1286 고양아람누리,37.661427,126.77433,,KCISA,KCISA
서른이지만 열일곱입니다,분당메모리얼파크,playground,경기도 서남시 분당구새나리로 79,37.403669,127.16401,,KCISA,KCISA
서른이지만 열일곱입니다,엔씨소프트 R&D센터,playground,경기도 성남시 분당구 대왕판교로644번길 12,37.399502,127.10848,,KCISA,KCISA
서른이지만 열일곱입니다,백현동카페거리,playground,경기도 성남시 분당구 백현동 567-1,37.385271,127.11082,,KCISA,KCISA
서른이지만 열일곱입니다,정자목어린이공원,playground,경기도 성남시 분당구 백현동 571,37.384882,127.11052,,KCISA,KCISA
서른이지만 열일곱입니다,동안육교,playground,경기도 성남시 분당구 삼평동 동안육교,37.40171,127.1096,,KCISA,KCISA
서른이지만 열일곱입니다,탄천 지하보도,playground,경기도 성남시 분당구 이매동 144,37.39706,127.1235,,KCISA,KCISA
서른이지만 열일곱입니다,너른들 어린이공원,playground,경기도 성남시 분당구 판교동,37.390176,127.09914,,KCISA,KCISA
서른이지만 열일곱입니다,리치투게더센터,playground,경기도 성남시 분당구 판교역로192번길 14,37.397389,127.11135,,KCISA,KCISA
서른이지만 열일곱입니다,경희대국제캠퍼스,playground,경기도 용인시 기흥구 덕영대로 1732,37.240921,127.07958,,KCISA,KCISA
서른이지만 열일곱입니다,운정호수공원,playground,경기도 파주시 경의로 1151,37.71896,126.7552,,KCISA,KCISA
서른이지만 열일곱입니다,임진각평화누리,playground,경기도 파주시 문산읍 마정리 1355,37.892963,126.74435,,KCISA,KCISA
서른이지만 열일곱입니다,교하중앙공원,playground,경기도 파주시 숲속노을로 256,37.724024,126.71688,,KCISA,KCISA
서른이지만 열일곱입니다,홍원연수원,playground,경기도 파주시 조리읍 삼릉로 53,37.741032,126.82675,,KCISA,KCISA
서른이지만 열일곱입니다,화이트블럭,playground,경기도 파주시 탄현면 헤이리마을길 72,37.7889189,126.699592,,KCISA,KCISA
서른이지만 열일곱입니다,미사리조정경기장,playground,경기도 하남시 미사대로 505,37.553606,127.21324,,KCISA,KCISA
서른이지만 열일곱입니다,영동대로128길,playground,서울특별시 강남구 영동대로128길 59,37.51853,127.06196,,KCISA,KCISA
서초동,광진광장,playground,서울 광진구 광나루로 389,37.54775789,127.0736411,https://ys-dl.tistory.com/entry/%EC%84%9C%EC%B4%88%EB%8F%99-%EC%B4%AC%EC%98%81%EC%A7%80-20%EA%B3%B3%EC%9D%84-%EC%95%8C%EB%A0%A4%EB%93%9C%EB%A6%BD%EB%8B%88%EB%8B%A4%EC%97%85%EB%8D%B0%EC%9D%B4%ED%8A%B8%EC%A4%91,YSDL,KAKAO
서초동,로케이션 이음,playground,경기 파주시 탄현면 새오리로286번길 48-70,37.80403407,126.6931158,https://ys-dl.tistory.com/entry/%EC%84%9C%EC%B4%88%EB%8F%99-%EC%B4%AC%EC%98%81%EC%A7%80-20%EA%B3%B3%EC%9D%84-%EC%95%8C%EB%A0%A4%EB%93%9C%EB%A6%BD%EB%8B%88%EB%8B%A4%EC%97%85%EB%8D%B0%EC%9D%B4%ED%8A%B8%EC%A4%91,YSDL,KAKAO
선덕여왕,비둘기낭폭포,playground,경기도 포천시 영북면 대회산리 415-2,38.079827,127.217505,,KCISA,KCISA
"선배, 그 립스틱 바르지 마요",아일랜드컨트리클럽,playground,경기도 안산시 단원구 대선로 466,37.229112,126.56727,,KCISA,KCISA
"선배, 그 립스틱 바르지 마요",영동대로,playground,서울특별시 강남구 삼성동,37.51369,127.0605,,KCISA,KCISA
"선배, 그 립스틱 바르지 마요",신사동 가로수길,playground,서울특별시 강남구 신사동 가로수길,37.521306,127.02283,,KCISA,KCISA
"선배, 그 립스틱 바르지 마요",라움,playground,서울특별시 강남구 언주로 564,37.508252,127.0397,,KCISA,KCISA
"선배, 그 립스틱 바르지 마요",KT&G서울사옥,playground,서울특별시 강남구 영동대로 416,37.506558,127.06523,,KCISA,KCISA
"선배, 그 립스틱 바르지 마요",파르나스타워,playground,서울특별시 강남구 테헤란로 521,37.50947,127.0614,,KCISA,KCISA
"선배, 그 립스틱 바르지 마요",리더스퀘어,playground,서울특별시 강서구 마곡중앙6로 45,37.560648,126.83276,,KCISA,KCISA
"선배, 그 립스틱 바르지 마요",얼띵,playground,서울특별시 마포구 토정로5길 22,37.546417,126.91856,,KCISA,KCISA
"선배, 그 립스틱 바르지 마요",올림픽공원,playground,서울특별시 송파구 올림픽로 424,37.5209657,127.116064,,KCISA,KCISA
"선배, 그 립스틱 바르지 마요",서울시티클럽,playground,서울특별시 영등포구 여의공원로 101 C.C.M.M빌딩,37.529282,126.92486,,KCISA,KCISA
"선배, 그 립스틱 바르지 마요",샛강다리,playground,서울특별시 영등포구 여의도동 39,37.518835,126.91898,,KCISA,KCISA
"선배, 그 립스틱 바르지 마요",더리버,playground,서울특별시 용산구 용산동6가 451,37.507108,126.98472,,KCISA,KCISA
"선배, 그 립스틱 바르지 마요",명동쇼핑거리,playground,서울특별시 중구 명동길 명동쇼핑거리,37.564111,126.98609,,KCISA,KCISA
"선배, 그 립스틱 바르지 마요",덕수궁 돌담길,playground,서울특별시 중구 세종대로 99,37.565924,126.97501,,KCISA,KCISA
"선배, 그 립스틱 바르지 마요",라비두스,playground,서울특별시 중구 필동로5길 7,37.556652,126.99638,,KCISA,KCISA
선의의 경쟁,삼성해맞이공원,playground,서울 강남구 삼성동 82,37.5196741,127.0619385,https://ys-dl.tistory.com/entry/%EC%84%A0%EC%9D%98%EC%9D%98-%EA%B2%BD%EC%9F%81-%EC%B4%AC%EC%98%81%EC%A7%80-5%EA%B3%B3%EC%9D%84-%EC%95%8C%EB%A0%A4%EB%93%9C%EB%A6%BD%EB%8B%88%EB%8B%A4%EC%97%85%EB%8D%B0%EC%9D%B4%ED%8A%B8%EC%A4%91,YSDL,KAKAO
선의의 경쟁,동탄센트럴파크 X게임장,playground,경기 화성시 동탄구 반송동 59,37.20595045,127.0628617,https://ys-dl.tistory.com/entry/%EC%84%A0%EC%9D%98%EC%9D%98-%EA%B2%BD%EC%9F%81-%EC%B4%AC%EC%98%81%EC%A7%80-5%EA%B3%B3%EC%9D%84-%EC%95%8C%EB%A0%A4%EB%93%9C%EB%A6%BD%EB%8B%88%EB%8B%A4%EC%97%85%EB%8D%B0%EC%9D%B4%ED%8A%B8%EC%A4%91,YSDL,KAKAO
선의의 경쟁,고사포해수욕장,playground,전북특별자치도 부안군 변산면 노루목길 28,35.65958859,126.5043178,https://ys-dl.tistory.com/entry/%EC%84%A0%EC%9D%98%EC%9D%98-%EA%B2%BD%EC%9F%81-%EC%B4%AC%EC%98%81%EC%A7%80-5%EA%B3%B3%EC%9D%84-%EC%95%8C%EB%A0%A4%EB%93%9C%EB%A6%BD%EB%8B%88%EB%8B%A4%EC%97%85%EB%8D%B0%EC%9D%B4%ED%8A%B8%EC%A4%91,YSDL,KAKAO
선의의 경쟁,빛고을시민문화관,playground,전남광주통합특별시 남구 천변좌로338번길 7,35.14798462,126.9086778,https://ys-dl.tistory.com/entry/%EC%84%A0%EC%9D%98%EC%9D%98-%EA%B2%BD%EC%9F%81-%EC%B4%AC%EC%98%81%EC%A7%80-5%EA%B3%B3%EC%9D%84-%EC%95%8C%EB%A0%A4%EB%93%9C%EB%A6%BD%EB%8B%88%EB%8B%A4%EC%97%85%EB%8D%B0%EC%9D%B4%ED%8A%B8%EC%A4%91,YSDL,KAKAO
선의의 경쟁,장길리복합낚시공원,playground,경북 포항시 남구 구룡포읍 장길리 175,35.95214433,129.5474611,https://ys-dl.tistory.com/entry/%EC%84%A0%EC%9D%98%EC%9D%98-%EA%B2%BD%EC%9F%81-%EC%B4%AC%EC%98%81%EC%A7%80-5%EA%B3%B3%EC%9D%84-%EC%95%8C%EB%A0%A4%EB%93%9C%EB%A6%BD%EB%8B%88%EB%8B%A4%EC%97%85%EB%8D%B0%EC%9D%B4%ED%8A%B8%EC%A4%91,YSDL,KAKAO
선재 업고 튀어,성북천,playground,서울 성북구 삼선동4가,37.589637,127.0109013,https://ys-dl.tistory.com/entry/%EC%84%A0%EC%9E%AC-%EC%97%85%EA%B3%A0-%ED%8A%80%EC%96%B4-%EC%B4%AC%EC%98%81%EC%A7%80-8%EA%B3%B3%EC%9D%84-%EC%95%8C%EB%A0%A4%EB%93%9C%EB%A6%BD%EB%8B%88%EB%8B%A4%EC%97%85%EB%8D%B0%EC%9D%B4%ED%8A%B8%EC%A4%91,YSDL,KAKAO
선재 업고 튀어,용연,playground,경기 수원시 장안구 연무동 190,37.28788599,127.0183862,https://ys-dl.tistory.com/entry/%EC%84%A0%EC%9E%AC-%EC%97%85%EA%B3%A0-%ED%8A%80%EC%96%B4-%EC%B4%AC%EC%98%81%EC%A7%80-8%EA%B3%B3%EC%9D%84-%EC%95%8C%EB%A0%A4%EB%93%9C%EB%A6%BD%EB%8B%88%EB%8B%A4%EC%97%85%EB%8D%B0%EC%9D%B4%ED%8A%B8%EC%A4%91,YSDL,KAKAO
선재 업고 튀어,수원천,playground,경기 수원시 팔달구 남수동,37.27846827,127.0187764,https://ys-dl.tistory.com/entry/%EC%84%A0%EC%9E%AC-%EC%97%85%EA%B3%A0-%ED%8A%80%EC%96%B4-%EC%B4%AC%EC%98%81%EC%A7%80-8%EA%B3%B3%EC%9D%84-%EC%95%8C%EB%A0%A4%EB%93%9C%EB%A6%BD%EB%8B%88%EB%8B%A4%EC%97%85%EB%8D%B0%EC%9D%B4%ED%8A%B8%EC%A4%91,YSDL,KAKAO
선재 업고 튀어,수원화성 북동포루,playground,경기 수원시 장안구 영화동 145-12,37.28863954,127.0164513,https://ys-dl.tistory.com/entry/%EC%84%A0%EC%9E%AC-%EC%97%85%EA%B3%A0-%ED%8A%80%EC%96%B4-%EC%B4%AC%EC%98%81%EC%A7%80-8%EA%B3%B3%EC%9D%84-%EC%95%8C%EB%A0%A4%EB%93%9C%EB%A6%BD%EB%8B%88%EB%8B%A4%EC%97%85%EB%8D%B0%EC%9D%B4%ED%8A%B8%EC%A4%91,YSDL,KAKAO
선재 업고 튀어,동탄호수공원,playground,경기 화성시 동탄구 동탄순환대로 69,37.16689551,127.10243,https://ys-dl.tistory.com/entry/%EC%84%A0%EC%9E%AC-%EC%97%85%EA%B3%A0-%ED%8A%80%EC%96%B4-%EC%B4%AC%EC%98%81%EC%A7%80-8%EA%B3%B3%EC%9D%84-%EC%95%8C%EB%A0%A4%EB%93%9C%EB%A6%BD%EB%8B%88%EB%8B%A4%EC%97%85%EB%8D%B0%EC%9D%B4%ED%8A%B8%EC%A4%91,YSDL,KAKAO
선재 업고 튀어,아야진해수욕장,playground,강원특별자치도 고성군 토성면 아야진리,38.27683501,128.553373,https://ys-dl.tistory.com/entry/%EC%84%A0%EC%9E%AC-%EC%97%85%EA%B3%A0-%ED%8A%80%EC%96%B4-%EC%B4%AC%EC%98%81%EC%A7%80-8%EA%B3%B3%EC%9D%84-%EC%95%8C%EB%A0%A4%EB%93%9C%EB%A6%BD%EB%8B%88%EB%8B%A4%EC%97%85%EB%8D%B0%EC%9D%B4%ED%8A%B8%EC%A4%91,YSDL,KAKAO
선재 업고 튀어,마도해안절벽,playground,충남 태안군 근흥면 신진도리,36.6837131,126.1281774,https://ys-dl.tistory.com/entry/%EC%84%A0%EC%9E%AC-%EC%97%85%EA%B3%A0-%ED%8A%80%EC%96%B4-%EC%B4%AC%EC%98%81%EC%A7%80-8%EA%B3%B3%EC%9D%84-%EC%95%8C%EB%A0%A4%EB%93%9C%EB%A6%BD%EB%8B%88%EB%8B%A4%EC%97%85%EB%8D%B0%EC%9D%B4%ED%8A%B8%EC%A4%91,YSDL,KAKAO
선재 업고 튀어,삽교호놀이동산 은산희귀조각전시관,playground,충남 당진시 신평면 삽교천3길 15,36.88984304,126.8226295,https://ys-dl.tistory.com/entry/%EC%84%A0%EC%9E%AC-%EC%97%85%EA%B3%A0-%ED%8A%80%EC%96%B4-%EC%B4%AC%EC%98%81%EC%A7%80-8%EA%B3%B3%EC%9D%84-%EC%95%8C%EB%A0%A4%EB%93%9C%EB%A6%BD%EB%8B%88%EB%8B%A4%EC%97%85%EB%8D%B0%EC%9D%B4%ED%8A%B8%EC%A4%91,YSDL,KAKAO
선재 업고 튀어,CGV 천안,playground,충남 천안시 동남구 명동길 47,36.80765878,127.1483828,https://ys-dl.tistory.com/entry/%EC%84%A0%EC%9E%AC-%EC%97%85%EA%B3%A0-%ED%8A%80%EC%96%B4-%EC%B4%AC%EC%98%81%EC%A7%80-8%EA%B3%B3%EC%9D%84-%EC%95%8C%EB%A0%A4%EB%93%9C%EB%A6%BD%EB%8B%88%EB%8B%A4%EC%97%85%EB%8D%B0%EC%9D%B4%ED%8A%B8%EC%A4%91,YSDL,KAKAO
선재 업고 튀어,금성동체육공원,playground,충남 공주시 금강공원길 26,36.46697628,127.1218488,https://ys-dl.tistory.com/entry/%EC%84%A0%EC%9E%AC-%EC%97%85%EA%B3%A0-%ED%8A%80%EC%96%B4-%EC%B4%AC%EC%98%81%EC%A7%80-8%EA%B3%B3%EC%9D%84-%EC%95%8C%EB%A0%A4%EB%93%9C%EB%A6%BD%EB%8B%88%EB%8B%A4%EC%97%85%EB%8D%B0%EC%9D%B4%ED%8A%B8%EC%A4%91,YSDL,KAKAO
선재 업고 튀어,무등산 편백자연휴양림,playground,전남광주통합특별시 화순군 이서면 안양산로 685,35.0929184,127.0301969,https://ys-dl.tistory.com/entry/%EC%84%A0%EC%9E%AC-%EC%97%85%EA%B3%A0-%ED%8A%80%EC%96%B4-%EC%B4%AC%EC%98%81%EC%A7%80-8%EA%B3%B3%EC%9D%84-%EC%95%8C%EB%A0%A4%EB%93%9C%EB%A6%BD%EB%8B%88%EB%8B%A4%EC%97%85%EB%8D%B0%EC%9D%B4%ED%8A%B8%EC%A4%91,YSDL,KAKAO
설강화 : snowdrop,합천 영상 테마파크,playground,경상남도 합천군 용주면 합천호수로 757,35.5489346,128.072475,,KCISA,KCISA
설강화 : snowdrop,계명대학교 성서캠퍼스,playground,대구광역시 달서구 달구벌대로 1095,35.8555794,128.484165,,KCISA,KCISA
설강화 : snowdrop,김포국제공항,playground,서울특별시 강서구 하늘길 112,37.558655,126.79228,,KCISA,KCISA
설강화 : snowdrop,연세대학교 신촌캠퍼스,playground,서울특별시 서대문구 연세로 50,37.5637563,126.937546,,KCISA,KCISA
설강화 : snowdrop,선문대학교 천안캠퍼스,playground,충청남도 천안시 동남구 천안대로 277,36.77042,127.16443,,KCISA,KCISA
설강화 : snowdrop,청남대,playground,충청북도 청주시 상당구 문의면 청남대길 646,36.46255,127.4906,,KCISA,KCISA
설렘주의보,인사이트빌딩,playground,서울특별시 강남구 논현로99길 23,37.503251,127.03342,,KCISA,KCISA
설렘주의보,세빛섬,playground,서울특별시 서초구 올림픽대로 683,37.512019,126.9953,,KCISA,KCISA
설렘주의보,서울의료원,playground,서울특별시 중랑구 신내로 156,37.612739,127.09819,,KCISA,KCISA
세가지색 판타지,노량진로,playground,서울특별시 동작구 노량진로,37.513432,126.94016,,KCISA,KCISA
세가지색 판타지,YTN 뉴스퀘어,playground,서울특별시 마포구 상암산로 76,37.579146,126.89229,,KCISA,KCISA
세가지색 판타지,홍대놀이터공원,playground,서울특별시 마포구 와우산로21길 19-3,37.552212,126.92334,,KCISA,KCISA
세가지색 판타지,난지한강공원,playground,서울특별시 마포구 한강난지로 162,37.564486,126.87945,,KCISA,KCISA
세가지색 판타지,서래섬,playground,서울특별시 서초구 반포동 137-41,37.507809,126.9896,,KCISA,KCISA
세가지색 판타지,세빛섬,playground,서울특별시 서초구 올림픽대로 683,37.512019,126.9953,,KCISA,KCISA
세가지색 판타지,롯데월드,playground,서울특별시 송파구 올림픽로 240,37.5112601,127.097998,,KCISA,KCISA
세가지색 판타지,이화벽화마을,playground,서울특별시 종로구 낙산성곽서1길 28,37.578224,127.008009,,KCISA,KCISA
세가지색 판타지,이화마을,playground,서울특별시 종로구 이화장길 70-11,37.577994,127.00719,,KCISA,KCISA
세가지색 판타지,서울한양도성 서울성곽길 남산(목멱산)구간,playground,서울특별시 중구 남창동 205-179,37.564486,127.01016,,KCISA,KCISA
세가지색 판타지,인천자유공원,playground,인천광역시 중구 송학동1가 1-1,37.474776,126.62373,,KCISA,KCISA
세상 어디에도 없는 착한남자,추암해수욕장,playground,강원도 동해시 촛대바위길 2,37.47755,129.1595,,KCISA,KCISA
세상 어디에도 없는 착한남자,동피랑 벽화마을,playground,경상남도 통영시 동피랑1길 6-18,34.845641,128.427523,,KCISA,KCISA
세상 어디에도 없는 착한남자,서대문형무소역사관,playground,서울특별시 서대문구 통일로 251,37.574692,126.95649,,KCISA,KCISA
세상 어디에도 없는 착한남자,정릉골,playground,서울특별시 성북구 정릉동 정릉골주택재개발지역,37.603161,127.01374,,KCISA,KCISA
세상 어디에도 없는 착한남자,오동근린공원,playground,서울특별시 성북구 화랑로13가길 100,37.61005,127.0435,,KCISA,KCISA
세상 어디에도 없는 착한남자,원효대교,playground,서울특별시 영등포구 여의도동 원효대교,37.527046,126.94571,,KCISA,KCISA
세상 잘 사는 지은씨,서울숲,playground,서울특별시 성동구 뚝섬로 273,37.544046,127.040414,,KCISA,KCISA
세상 잘 사는 지은씨,한성대학교,playground,서울특별시 성북구 삼선교로16길 116,37.581754,127.01039,,KCISA,KCISA
세상에서 가장 아름다운 이별,인사아트 프라자,playground,서울특별시 종로구 인사동길 34-1,37.57381,126.9856,,KCISA,KCISA
세상에서 제일 예쁜 내 딸,남이섬,playground,강원도 춘천시 남산면 남이섬길 1,37.789935,127.52581,,KCISA,KCISA
세상에서 제일 예쁜 내 딸,거례리 사랑나무,playground,강원도 화천군 하남면 거례리 484-2,38.07271,127.6875,,KCISA,KCISA
세상에서 제일 예쁜 내 딸,청아공원기독교전용관,playground,경기도 고양시 일산동구 은마길 129,37.719031,126.80572,,KCISA,KCISA
세상에서 제일 예쁜 내 딸,아이앤씨테크놀로지,playground,경기도 성남시 분당구 판교로255번길 24,37.405082,127.10111,,KCISA,KCISA
세상에서 제일 예쁜 내 딸,루쏘소 분당판교점,playground,경기도 성남시 분당구 판교역로2번길 1 1층,37.38363,127.1125,,KCISA,KCISA
세상에서 제일 예쁜 내 딸,아일랜드컨트리클럽,playground,경기도 안산시 단원구 대선로 466,37.229112,126.56727,,KCISA,KCISA
세상에서 제일 예쁜 내 딸,로케이션 이음 (구 로얄퀘스트),playground,경기도 파주시 탄현면 새오리로286번길 48-70,37.713531,126.74641,,KCISA,KCISA
세상에서 제일 예쁜 내 딸,딜라이트 스퀘어 안주야,playground,서울특별시 마포구 월드컵로1길 14 B117-1호,37.54967,126.9122,,KCISA,KCISA
세상에서 제일 예쁜 내 딸,롯데월드,playground,서울특별시 송파구 올림픽로 240,37.5112601,127.097998,,KCISA,KCISA
세상에서 제일 예쁜 내 딸,원효대교,playground,서울특별시 영등포구 여의도동 원효대교,37.527046,126.94571,,KCISA,KCISA
세상에서 제일 예쁜 내 딸,한강 공원 여의도 지구,playground,서울특별시 영등포구 여의동로 290,37.5290674,126.936218,,KCISA,KCISA
세상에서 제일 예쁜 내 딸,용산더프라임,playground,서울특별시 용산구 원효로90길 11,37.540149,126.97006,,KCISA,KCISA
세상에서 제일 예쁜 내 딸,경복궁,playground,서울특별시 종로구 사직로 161,37.5806736,126.976952,,KCISA,KCISA
세상에서 제일 예쁜 내 딸,탑골공원,playground,서울특별시 종로구 종로 99,37.57139,126.98877,,KCISA,KCISA
세상에서 제일 예쁜 내 딸,인천국제공항,playground,인천광역시 중구 공항로 272,37.44919,126.4514,,KCISA,KCISA
세이렌,인왕산,playground,서울 종로구 옥인동 산 3-39,37.58489976,126.9578444,https://ys-dl.tistory.com/entry/%EC%84%B8%EC%9D%B4%EB%A0%8C-%EC%B4%AC%EC%98%81%EC%A7%80-12%EA%B3%B3%EC%9D%84-%EC%95%8C%EB%A0%A4%EB%93%9C%EB%A6%BD%EB%8B%88%EB%8B%A4%EC%97%85%EB%8D%B0%EC%9D%B4%ED%8A%B8%EC%A4%91,YSDL,KAKAO
세이렌,사성암,playground,전남광주통합특별시 구례군 문척면 사성암길 303,35.18012007,127.4806295,https://ys-dl.tistory.com/entry/%EC%84%B8%EC%9D%B4%EB%A0%8C-%EC%B4%AC%EC%98%81%EC%A7%80-12%EA%B3%B3%EC%9D%84-%EC%95%8C%EB%A0%A4%EB%93%9C%EB%A6%BD%EB%8B%88%EB%8B%A4%EC%97%85%EB%8D%B0%EC%9D%B4%ED%8A%B8%EC%A4%91,YSDL,KAKAO
소년시대,공지천유원지,playground,강원특별자치도 춘천시 근화동 694,37.87440157,127.7103108,https://ys-dl.tistory.com/entry/%EC%86%8C%EB%85%84%EC%8B%9C%EB%8C%80-%EC%B4%AC%EC%98%81%EC%A7%80-12%EA%B3%B3%EC%9D%84-%EC%95%8C%EB%A0%A4%EB%93%9C%EB%A6%BD%EB%8B%88%EB%8B%A4%EC%97%85%EB%8D%B0%EC%9D%B4%ED%8A%B8%EC%A4%91,YSDL,KAKAO
소년시대,의암공원,playground,강원특별자치도 춘천시 수변공원길 18,37.87359875,127.7080823,https://ys-dl.tistory.com/entry/%EC%86%8C%EB%85%84%EC%8B%9C%EB%8C%80-%EC%B4%AC%EC%98%81%EC%A7%80-12%EA%B3%B3%EC%9D%84-%EC%95%8C%EB%A0%A4%EB%93%9C%EB%A6%BD%EB%8B%88%EB%8B%A4%EC%97%85%EB%8D%B0%EC%9D%B4%ED%8A%B8%EC%A4%91,YSDL,KAKAO
소년심판,라베니체 마치에비뉴,playground,경기도 김포시 김포한강4로 12,37.6406462,126.678802,,KCISA,KCISA
소년심판,조이마당스튜디오,playground,경기도 파주시 파주읍 봉서산로 243,37.83256,126.8035,,KCISA,KCISA
소년심판,동탄호수공원,playground,경기도 화성시 동탄순환대로 69,37.16782,127.102858,,KCISA,KCISA
소년심판,YTN 뉴스퀘어,playground,서울특별시 마포구 상암산로 76,37.579146,126.89229,,KCISA,KCISA
소년심판,스테이트 타워 남산,playground,서울특별시 중구 퇴계로 100,37.560342,126.98297,,KCISA,KCISA
소년심판,한국의 집,playground,서울특별시 중구 퇴계로36길 10,37.560304,126.99471,,KCISA,KCISA
소년심판,전주지방법원,playground,전라북도 전주시 덕진구 가인로 33,35.84275,127.0744,,KCISA,KCISA
소년심판,전주대학교,playground,전라북도 전주시 완산구 천잠로 303,35.81393,127.0901,,KCISA,KCISA
소방서 옆 경찰서,응봉근린공원,playground,서울 성동구 금호동2가 산 9-3,37.55268379,127.0167773,https://ys-dl.tistory.com/entry/%EC%86%8C%EB%B0%A9%EC%84%9C-%EC%98%86-%EA%B2%BD%EC%B0%B0%EC%84%9C-%EA%B7%B8%EB%A6%AC%EA%B3%A0-%EA%B5%AD%EA%B3%BC%EC%88%98-%EC%B4%AC%EC%98%81%EC%A7%80-14%EA%B3%B3%EC%9D%84-%EC%95%8C%EB%A0%A4%EB%93%9C%EB%A6%BD%EB%8B%88%EB%8B%A4%EC%97%85%EB%8D%B0%EC%9D%B4%ED%8A%B8%EC%A4%91,YSDL,KAKAO
소방서 옆 경찰서,다도박물관,playground,경기 김포시 월곶면 애기봉로275번길 187-49,37.7375528,126.5744364,https://ys-dl.tistory.com/entry/%EC%86%8C%EB%B0%A9%EC%84%9C-%EC%98%86-%EA%B2%BD%EC%B0%B0%EC%84%9C-%EA%B7%B8%EB%A6%AC%EA%B3%A0-%EA%B5%AD%EA%B3%BC%EC%88%98-%EC%B4%AC%EC%98%81%EC%A7%80-14%EA%B3%B3%EC%9D%84-%EC%95%8C%EB%A0%A4%EB%93%9C%EB%A6%BD%EB%8B%88%EB%8B%A4%EC%97%85%EB%8D%B0%EC%9D%B4%ED%8A%B8%EC%A4%91,YSDL,KAKAO
소용없어 거짓말,경의선숲길,playground,서울 마포구 동교동 190-1,37.55880348,126.9253385,https://ys-dl.tistory.com/entry/%EC%86%8C%EC%9A%A9%EC%97%86%EC%96%B4-%EA%B1%B0%EC%A7%93%EB%A7%90-%EC%B4%AC%EC%98%81%EC%A7%80-15%EA%B3%B3%EC%9D%84-%EC%95%8C%EB%A0%A4%EB%93%9C%EB%A6%BD%EB%8B%88%EB%8B%A4%EC%97%85%EB%8D%B0%EC%9D%B4%ED%8A%B8%EC%A4%91,YSDL,KAKAO
소용없어 거짓말,연남장,playground,서울 서대문구 연희로5길 22,37.56432979,126.9275831,https://ys-dl.tistory.com/entry/%EC%86%8C%EC%9A%A9%EC%97%86%EC%96%B4-%EA%B1%B0%EC%A7%93%EB%A7%90-%EC%B4%AC%EC%98%81%EC%A7%80-15%EA%B3%B3%EC%9D%84-%EC%95%8C%EB%A0%A4%EB%93%9C%EB%A6%BD%EB%8B%88%EB%8B%A4%EC%97%85%EB%8D%B0%EC%9D%B4%ED%8A%B8%EC%A4%91,YSDL,KAKAO
소용없어 거짓말,약천사,playground,제주특별자치도 서귀포시 이어도로 293-28,33.24623622,126.4494585,https://ys-dl.tistory.com/entry/%EC%86%8C%EC%9A%A9%EC%97%86%EC%96%B4-%EA%B1%B0%EC%A7%93%EB%A7%90-%EC%B4%AC%EC%98%81%EC%A7%80-15%EA%B3%B3%EC%9D%84-%EC%95%8C%EB%A0%A4%EB%93%9C%EB%A6%BD%EB%8B%88%EB%8B%A4%EC%97%85%EB%8D%B0%EC%9D%B4%ED%8A%B8%EC%A4%91,YSDL,KAKAO
소용없어 거짓말,밤가시공원 일산15-2호어린이공원,playground,경기 고양시 일산동구 일산로380번길 36,37.67037693,126.7839005,https://ys-dl.tistory.com/entry/%EC%86%8C%EC%9A%A9%EC%97%86%EC%96%B4-%EA%B1%B0%EC%A7%93%EB%A7%90-%EC%B4%AC%EC%98%81%EC%A7%80-15%EA%B3%B3%EC%9D%84-%EC%95%8C%EB%A0%A4%EB%93%9C%EB%A6%BD%EB%8B%88%EB%8B%A4%EC%97%85%EB%8D%B0%EC%9D%B4%ED%8A%B8%EC%A4%91,YSDL,KAKAO
소용없어 거짓말,맹방해수욕장,playground,강원특별자치도 삼척시 근덕면 하맹방리 12-1,37.390182,129.2323351,https://ys-dl.tistory.com/entry/%EC%86%8C%EC%9A%A9%EC%97%86%EC%96%B4-%EA%B1%B0%EC%A7%93%EB%A7%90-%EC%B4%AC%EC%98%81%EC%A7%80-15%EA%B3%B3%EC%9D%84-%EC%95%8C%EB%A0%A4%EB%93%9C%EB%A6%BD%EB%8B%88%EB%8B%A4%EC%97%85%EB%8D%B0%EC%9D%B4%ED%8A%B8%EC%A4%91,YSDL,KAKAO
손: The Guest,새창로49길,playground,서울특별시 용산구 새창로49길 17,37.534304,126.96373,,KCISA,KCISA
쇼핑왕 루이,광안리해수욕장,playground,부산광역시 수영구 광안해변로 219,35.153308,129.118862,,KCISA,KCISA
쇼핑왕 루이,보수동 책방 골목,playground,부산광역시 중구 대청로 67-1,35.10332,129.026803,,KCISA,KCISA
쇼핑왕 루이,동백섬,playground,부산광역시 해운대구 동백로 99,35.154498,129.152555,,KCISA,KCISA
쇼핑왕 루이,KT&G서울사옥,playground,서울특별시 강남구 영동대로 416,37.506558,127.06523,,KCISA,KCISA
쇼핑왕 루이,세종문화회관,playground,서울특별시 종로구 세종대로 175,37.572139,126.97634,,KCISA,KCISA
수상한 그녀,여의도한강공원,playground,서울 영등포구 여의도동 85,37.5263886,126.9351293,https://ys-dl.tistory.com/entry/%EC%88%98%EC%83%81%ED%95%9C-%EA%B7%B8%EB%85%80-%EC%B4%AC%EC%98%81%EC%A7%80-17%EA%B3%B3%EC%9D%84-%EC%95%8C%EB%A0%A4%EB%93%9C%EB%A6%BD%EB%8B%88%EB%8B%A4%EC%97%85%EB%8D%B0%EC%9D%B4%ED%8A%B8%EC%A4%91,YSDL,KAKAO
수상한 그녀,용마랜드,playground,서울 중랑구 망우로70길 118,37.59477741,127.1054538,https://ys-dl.tistory.com/entry/%EC%88%98%EC%83%81%ED%95%9C-%EA%B7%B8%EB%85%80-%EC%B4%AC%EC%98%81%EC%A7%80-17%EA%B3%B3%EC%9D%84-%EC%95%8C%EB%A0%A4%EB%93%9C%EB%A6%BD%EB%8B%88%EB%8B%A4%EC%97%85%EB%8D%B0%EC%9D%B4%ED%8A%B8%EC%A4%91,YSDL,KAKAO
수상한 그녀,예스24라이브홀,playground,서울 광진구 구천면로 20,37.54573487,127.1079715,https://ys-dl.tistory.com/entry/%EC%88%98%EC%83%81%ED%95%9C-%EA%B7%B8%EB%85%80-%EC%B4%AC%EC%98%81%EC%A7%80-17%EA%B3%B3%EC%9D%84-%EC%95%8C%EB%A0%A4%EB%93%9C%EB%A6%BD%EB%8B%88%EB%8B%A4%EC%97%85%EB%8D%B0%EC%9D%B4%ED%8A%B8%EC%A4%91,YSDL,KAKAO
수상한 그녀,제물포구락부,playground,인천 제물포구 자유공원남로 25,37.47463623,126.6225221,https://ys-dl.tistory.com/entry/%EC%88%98%EC%83%81%ED%95%9C-%EA%B7%B8%EB%85%80-%EC%B4%AC%EC%98%81%EC%A7%80-17%EA%B3%B3%EC%9D%84-%EC%95%8C%EB%A0%A4%EB%93%9C%EB%A6%BD%EB%8B%88%EB%8B%A4%EC%97%85%EB%8D%B0%EC%9D%B4%ED%8A%B8%EC%A4%91,YSDL,KAKAO
수상한 그녀,킨텍스 제2전시장,playground,경기 고양시 일산서구 킨텍스로 217-59,37.664472,126.7418147,https://ys-dl.tistory.com/entry/%EC%88%98%EC%83%81%ED%95%9C-%EA%B7%B8%EB%85%80-%EC%B4%AC%EC%98%81%EC%A7%80-17%EA%B3%B3%EC%9D%84-%EC%95%8C%EB%A0%A4%EB%93%9C%EB%A6%BD%EB%8B%88%EB%8B%A4%EC%97%85%EB%8D%B0%EC%9D%B4%ED%8A%B8%EC%A4%91,YSDL,KAKAO
수상한 그녀,수정공원,playground,경기 고양시 일산동구 정발산동 1329,37.66834177,126.7786337,https://ys-dl.tistory.com/entry/%EC%88%98%EC%83%81%ED%95%9C-%EA%B7%B8%EB%85%80-%EC%B4%AC%EC%98%81%EC%A7%80-17%EA%B3%B3%EC%9D%84-%EC%95%8C%EB%A0%A4%EB%93%9C%EB%A6%BD%EB%8B%88%EB%8B%A4%EC%97%85%EB%8D%B0%EC%9D%B4%ED%8A%B8%EC%A4%91,YSDL,KAKAO
수상한 그녀,일산호수공원,playground,경기 고양시 일산동구 호수로 595,37.65613604,126.7641415,https://ys-dl.tistory.com/entry/%EC%88%98%EC%83%81%ED%95%9C-%EA%B7%B8%EB%85%80-%EC%B4%AC%EC%98%81%EC%A7%80-17%EA%B3%B3%EC%9D%84-%EC%95%8C%EB%A0%A4%EB%93%9C%EB%A6%BD%EB%8B%88%EB%8B%A4%EC%97%85%EB%8D%B0%EC%9D%B4%ED%8A%B8%EC%A4%91,YSDL,KAKAO
수상한 그녀,젊은달와이파크,playground,강원특별자치도 영월군 주천면 송학주천로 1467-9,37.27387553,128.2692946,https://ys-dl.tistory.com/entry/%EC%88%98%EC%83%81%ED%95%9C-%EA%B7%B8%EB%85%80-%EC%B4%AC%EC%98%81%EC%A7%80-17%EA%B3%B3%EC%9D%84-%EC%95%8C%EB%A0%A4%EB%93%9C%EB%A6%BD%EB%8B%88%EB%8B%A4%EC%97%85%EB%8D%B0%EC%9D%B4%ED%8A%B8%EC%A4%91,YSDL,KAKAO
수상한 그녀,양양작은영화관,playground,강원특별자치도 양양군 양양읍 일출로 570,38.07437225,128.6245167,https://ys-dl.tistory.com/entry/%EC%88%98%EC%83%81%ED%95%9C-%EA%B7%B8%EB%85%80-%EC%B4%AC%EC%98%81%EC%A7%80-17%EA%B3%B3%EC%9D%84-%EC%95%8C%EB%A0%A4%EB%93%9C%EB%A6%BD%EB%8B%88%EB%8B%A4%EC%97%85%EB%8D%B0%EC%9D%B4%ED%8A%B8%EC%A4%91,YSDL,KAKAO
수상한 그녀,망상해변,playground,강원특별자치도 동해시 동해대로 6270-10,37.59337394,129.0904735,https://ys-dl.tistory.com/entry/%EC%88%98%EC%83%81%ED%95%9C-%EA%B7%B8%EB%85%80-%EC%B4%AC%EC%98%81%EC%A7%80-17%EA%B3%B3%EC%9D%84-%EC%95%8C%EB%A0%A4%EB%93%9C%EB%A6%BD%EB%8B%88%EB%8B%A4%EC%97%85%EB%8D%B0%EC%9D%B4%ED%8A%B8%EC%A4%91,YSDL,KAKAO
수상한 그녀,용두산공원,playground,부산 중구 용두산길 37-55,35.1009305,129.0324434,https://ys-dl.tistory.com/entry/%EC%88%98%EC%83%81%ED%95%9C-%EA%B7%B8%EB%85%80-%EC%B4%AC%EC%98%81%EC%A7%80-17%EA%B3%B3%EC%9D%84-%EC%95%8C%EB%A0%A4%EB%93%9C%EB%A6%BD%EB%8B%88%EB%8B%A4%EC%97%85%EB%8D%B0%EC%9D%B4%ED%8A%B8%EC%A4%91,YSDL,KAKAO
수상한 파트너,일산호수공원,playground,경기도 고양시 일산동구 호수로 731,37.658769,126.76252,,KCISA,KCISA
수상한 파트너,화이트블럭,playground,경기도 파주시 탄현면 헤이리마을길 72,37.7889189,126.699592,,KCISA,KCISA
수상한 파트너,서울동부지방법원,playground,서울특별시 송파구 법원로 101,37.4834805,127.119727,,KCISA,KCISA
수상한 파트너,서강대교,playground,서울특별시 영등포구 여의도동 서강대교,37.536911,126.92495,,KCISA,KCISA
수상한 파트너,큐라인,playground,서울특별시 중구 필동로 76-6,37.55517,126.9963,,KCISA,KCISA
수상한 파트너,인천대학교 송도캠퍼스,playground,인천광역시 연수구 송도동 아카데미로 119,37.375106,126.63314,,KCISA,KCISA
순정복서,서울식물원,playground,서울 강서구 마곡동로 161,37.56939585,126.8350372,https://ys-dl.tistory.com/entry/%EC%88%9C%EC%A0%95%EB%B3%B5%EC%84%9C-%EC%B4%AC%EC%98%81%EC%A7%80-9%EA%B3%B3%EC%9D%84-%EC%95%8C%EB%A0%A4%EB%93%9C%EB%A6%BD%EB%8B%88%EB%8B%A4%EC%97%85%EB%8D%B0%EC%9D%B4%ED%8A%B8%EC%A4%91,YSDL,KAKAO
순정복서,불광천,playground,서울 은평구 응암동,37.58806325,126.9134163,https://ys-dl.tistory.com/entry/%EC%88%9C%EC%A0%95%EB%B3%B5%EC%84%9C-%EC%B4%AC%EC%98%81%EC%A7%80-9%EA%B3%B3%EC%9D%84-%EC%95%8C%EB%A0%A4%EB%93%9C%EB%A6%BD%EB%8B%88%EB%8B%A4%EC%97%85%EB%8D%B0%EC%9D%B4%ED%8A%B8%EC%A4%91,YSDL,KAKAO
순정복서,여의도한강공원,playground,서울 영등포구 여의도동 85,37.5263886,126.9351293,https://ys-dl.tistory.com/entry/%EC%88%9C%EC%A0%95%EB%B3%B5%EC%84%9C-%EC%B4%AC%EC%98%81%EC%A7%80-9%EA%B3%B3%EC%9D%84-%EC%95%8C%EB%A0%A4%EB%93%9C%EB%A6%BD%EB%8B%88%EB%8B%A4%EC%97%85%EB%8D%B0%EC%9D%B4%ED%8A%B8%EC%A4%91,YSDL,KAKAO
순정복서,대원정사,playground,서울 용산구 두텁바위로60길 49,37.54894377,126.9833876,https://ys-dl.tistory.com/entry/%EC%88%9C%EC%A0%95%EB%B3%B5%EC%84%9C-%EC%B4%AC%EC%98%81%EC%A7%80-9%EA%B3%B3%EC%9D%84-%EC%95%8C%EB%A0%A4%EB%93%9C%EB%A6%BD%EB%8B%88%EB%8B%A4%EC%97%85%EB%8D%B0%EC%9D%B4%ED%8A%B8%EC%A4%91,YSDL,KAKAO
순정복서,뚝섬한강공원,playground,서울 광진구 자양동 427-6,37.52929744,127.0689211,https://ys-dl.tistory.com/entry/%EC%88%9C%EC%A0%95%EB%B3%B5%EC%84%9C-%EC%B4%AC%EC%98%81%EC%A7%80-9%EA%B3%B3%EC%9D%84-%EC%95%8C%EB%A0%A4%EB%93%9C%EB%A6%BD%EB%8B%88%EB%8B%A4%EC%97%85%EB%8D%B0%EC%9D%B4%ED%8A%B8%EC%A4%91,YSDL,KAKAO
순정복서,운정호수공원,playground,경기 파주시 와동동,37.71988717,126.7578737,https://ys-dl.tistory.com/entry/%EC%88%9C%EC%A0%95%EB%B3%B5%EC%84%9C-%EC%B4%AC%EC%98%81%EC%A7%80-9%EA%B3%B3%EC%9D%84-%EC%95%8C%EB%A0%A4%EB%93%9C%EB%A6%BD%EB%8B%88%EB%8B%A4%EC%97%85%EB%8D%B0%EC%9D%B4%ED%8A%B8%EC%A4%91,YSDL,KAKAO
순정복서,순포해수욕장,playground,강원특별자치도 강릉시 사천면 산대월리 산 1,37.8222615,128.8869842,https://ys-dl.tistory.com/entry/%EC%88%9C%EC%A0%95%EB%B3%B5%EC%84%9C-%EC%B4%AC%EC%98%81%EC%A7%80-9%EA%B3%B3%EC%9D%84-%EC%95%8C%EB%A0%A4%EB%93%9C%EB%A6%BD%EB%8B%88%EB%8B%A4%EC%97%85%EB%8D%B0%EC%9D%B4%ED%8A%B8%EC%A4%91,YSDL,KAKAO
순정에 반하다,청아공원기독교전용관,playground,경기도 고양시 일산동구 은마길 129,37.719031,126.80572,,KCISA,KCISA
순정에 반하다,반석빌딩,playground,경기도 고양시 일산서구 원일로 88,37.68574,126.7719,,KCISA,KCISA
순정에 반하다,국립교통재활병원,playground,경기도 양평군 양평읍 중앙로 260,37.4897334,127.518454,,KCISA,KCISA
순정에 반하다,더그림,playground,경기도 양평군 옥천면 사나사길 175,37.52907,127.4971,,KCISA,KCISA
순정에 반하다,로케이션 이음 (구 로얄퀘스트),playground,경기도 파주시 탄현면 새오리로286번길 48-70,37.713531,126.74641,,KCISA,KCISA
순정에 반하다,월드컵대교,playground,서울특별시 마포구 마포나루길 316,37.55988,126.8871,,KCISA,KCISA
순정에 반하다,성산대교,playground,서울특별시 마포구 망원동 성산대교,37.552775,126.89155,,KCISA,KCISA
순정에 반하다,별나무 합주실,playground,서울특별시 마포구 양화로12길 23,37.55204,126.9184,,KCISA,KCISA
순정에 반하다,월드컵공원,playground,서울특별시 마포구 하늘공원로 86,37.5708905,126.878429,,KCISA,KCISA
순정에 반하다,도림로125가길,playground,서울특별시 영등포구 도림로133길 12,37.51337,126.8942,,KCISA,KCISA
순정에 반하다,자매근린공원,playground,서울특별시 영등포구 여의대방로 372-1,37.517512,126.93019,,KCISA,KCISA
순정에 반하다,서강대교,playground,서울특별시 영등포구 여의도동 서강대교,37.536911,126.92495,,KCISA,KCISA
순정에 반하다,손놀림 공방,playground,서울특별시 종로구 낙산성곽서1길 19-1,37.57789,127.007932,,KCISA,KCISA
순정에 반하다,부영송도타워,playground,인천광역시 연수구 타워대로 241,37.392364,126.63434,,KCISA,KCISA
순정에 반하다,인천국제공항,playground,인천광역시 중구 공항로 272,37.44919,126.4514,,KCISA,KCISA
술꾼도시여자들,중소기업중앙회,playground,서울특별시 영등포구 은행로 30,37.52816,126.9227,,KCISA,KCISA
숨바꼭질,화전동벽화마을,playground,경기도 고양시 덕양구 중앙로78번안길 88,37.600647,126.876864,,KCISA,KCISA
숨바꼭질,라페스타,playground,경기도 고양시 일산동구 중앙로 1305-56,37.661839,126.76796,,KCISA,KCISA
숨바꼭질,아이앤씨테크놀로지,playground,경기도 성남시 분당구 판교로255번길 24,37.405082,127.10111,,KCISA,KCISA
숨바꼭질,약천사,playground,경기도 파주시 교하로681번길 118,37.7057376,126.701279,,KCISA,KCISA
숨바꼭질,루비나빌딩,playground,서울특별시 강남구 도산대로 502,37.523935,127.0479,,KCISA,KCISA
숨바꼭질,MBC문화방송 본사,playground,서울특별시 마포구 성암로 267,37.58105,126.89056,,KCISA,KCISA
숨바꼭질,월드컵북로44길,playground,서울특별시 마포구 월드컵북로44길,37.577895,126.89328,,KCISA,KCISA
숨바꼭질,서대문형무소역사관,playground,서울특별시 서대문구 통일로 251,37.574692,126.95649,,KCISA,KCISA
숨바꼭질,세빛섬,playground,서울특별시 서초구 올림픽대로 683,37.512019,126.9953,,KCISA,KCISA
숨바꼭질,윈저노래방,playground,서울특별시 영등포구 국제금융로8길 34 오륜빌딩,37.52021,126.9273,,KCISA,KCISA
숨바꼭질,동작대교,playground,서울특별시 용산구 이촌동 동작대교,37.51041,126.981893,,KCISA,KCISA
숨바꼭질,청계천,playground,서울특별시 종로구 서린동 148,37.569205,126.97791,,KCISA,KCISA
슈츠,쉴낙원 김포장례식장,playground,경기도 김포시 승가로58번길 7,37.607202,126.71541,,KCISA,KCISA
슈츠,화랑육교,playground,경기도 성남시 분당구 삼평동 화랑육교,37.40165,127.1052,,KCISA,KCISA
슈츠,압구정나들목,playground,서울특별시 강남구 압구정동 압구정나들목,37.373988,126.43924,,KCISA,KCISA
슈츠,세라믹팔레스홀,playground,서울특별시 강남구 일원로 90,37.485848,127.08239,,KCISA,KCISA
슈츠,제기로9길,playground,서울특별시 동대문구 제기로9길 18,37.587529,127.03732,,KCISA,KCISA
슈츠,응봉산 팔각정,playground,서울특별시 성동구 독서당로60길 13-1,37.547805,127.029886,,KCISA,KCISA
슈츠,서강대교,playground,서울특별시 영등포구 여의도동 서강대교,37.536911,126.92495,,KCISA,KCISA
슈츠,원효대교,playground,서울특별시 영등포구 여의도동 원효대교,37.527046,126.94571,,KCISA,KCISA
슈츠,더리버,playground,서울특별시 용산구 용산동6가 451,37.507108,126.98472,,KCISA,KCISA
슈츠,청계천,playground,서울특별시 종로구 서린동 148,37.569205,126.97791,,KCISA,KCISA
슈츠,서울파이낸스센터,playground,서울특별시 중구 세종대로 136,37.5684113,126.977714,,KCISA,KCISA
슈츠,CGV 명동역 씨네라이브러리,playground,서울특별시 중구 퇴계로 123,37.561238,126.98536,,KCISA,KCISA
슈츠,씨사이드파크,playground,인천광역시 중구 하늘달빛로2번길 6,37.4832771,126.568135,,KCISA,KCISA
슈츠,익산 교도소 세트장,playground,전라북도 익산시 성당면 함낭로 207,36.069334,126.93158,,KCISA,KCISA
슈퍼대디 열,가톨릭관동대학교 국제성모병원,playground,인천광역시 서구 심곡로100번길 25,37.542425,126.68384,,KCISA,KCISA
스마일 어게인,문화역서울284,playground,서울특별시 중구 통일로 1,37.555944,126.971594,,KCISA,KCISA
스물다섯 스물하나,주문리,playground,강원도 강릉시 주문진읍 소돌길 42-23,37.9042484,128.828234,,KCISA,KCISA
스물다섯 스물하나,동해 논골담길,playground,강원도 동해시 논골1길 2,37.5528045,129.116572,,KCISA,KCISA
스물다섯 스물하나,춘천대교,playground,강원도 춘천시 근화동 609,37.88869,127.7085,,KCISA,KCISA
스물다섯 스물하나,동두천 문화극장,playground,경기도 동두천시 동광로 66,37.908291,127.055827,,KCISA,KCISA
스물다섯 스물하나,압구정나들목,playground,서울특별시 강남구 압구정동 압구정나들목,37.373988,126.43924,,KCISA,KCISA
스물다섯 스물하나,오동근린공원,playground,서울특별시 성북구 화랑로13가길 100,37.61005,127.0435,,KCISA,KCISA
스물다섯 스물하나,새창로49길,playground,서울특별시 용산구 새창로49길 17,37.534304,126.96373,,KCISA,KCISA
스물다섯 스물하나,마로니에 공원,playground,서울특별시 종로구 대학로 104,37.580499,127.00244,,KCISA,KCISA
스물다섯 스물하나,와룡공원,playground,서울특별시 종로구 와룡공원길 192,37.5890547,126.989313,,KCISA,KCISA
스물다섯 스물하나,보신각터,playground,서울특별시 종로구 종로 54,37.569751,126.98369,,KCISA,KCISA
스물다섯 스물하나,세종대로,playground,서울특별시 중구 세종대로 86-1,37.563835,126.97677,,KCISA,KCISA
스물다섯 스물하나,월미문화의거리,playground,인천광역시 중구 북성동1가 98-57,37.475057,126.59747,,KCISA,KCISA
스물다섯 스물하나,한벽굴,playground,전라북도 전주시 완산구 교동,35.8118781,127.1608628,,KCISA,KCISA
스물다섯 스물하나,맹꽁이 오락실,playground,전라북도 전주시 완산구 동문길 6,35.8195707,127.153426,,KCISA,KCISA
스물다섯 스물하나,오목대길,playground,전라북도 전주시 완산구 오목대길 27-26,35.81267,127.155,,KCISA,KCISA
스물다섯 스물하나,논산여자상업고등학교,playground,충청남도 논산시 시민로 197,36.183587,127.09533,,KCISA,KCISA
스웨덴 세탁소,일산호수공원,playground,경기도 고양시 일산동구 호수로 731,37.658769,126.76252,,KCISA,KCISA
스위치,여의도한강공원,playground,서울 영등포구 여의도동 85,37.5263886,126.9351293,https://ys-dl.tistory.com/entry/%EC%8A%A4%EC%9C%84%EC%B9%98-%EC%B4%AC%EC%98%81%EC%A7%80-%EC%9D%B8%EC%B2%9C-9%EA%B3%B3-%EC%84%9C%EC%9A%B8-17%EA%B3%B3%EC%9D%84-%EC%95%8C%EB%A0%A4%EB%93%9C%EB%A6%BD%EB%8B%88%EB%8B%A4,YSDL,KAKAO
스위치,일산호수공원,playground,경기도 고양시 일산동구 호수로 731,37.658769,126.76252,,KCISA,KCISA
스위치,국립교통재활병원,playground,경기도 양평군 양평읍 중앙로 260,37.4897334,127.518454,,KCISA,KCISA
스위치,로케이션 이음 (구 로얄퀘스트),playground,경기도 파주시 탄현면 새오리로286번길 48-70,37.713531,126.74641,,KCISA,KCISA
스위치,지혜의 숲,playground,경기도 파주시 회동길 145,37.7082492,126.686674,,KCISA,KCISA
스위치,SBS방송센터,playground,서울특별시 양천구 목동서로 161,37.529043,126.87417,,KCISA,KCISA
스위치,원효대교,playground,서울특별시 영등포구 여의도동 원효대교,37.527046,126.94571,,KCISA,KCISA
스위치,한강 공원 여의도 지구,playground,서울특별시 영등포구 여의동로 290,37.5290674,126.936218,,KCISA,KCISA
스위치,해든뮤지움,playground,인천광역시 강화군 길상면 장흥로101번길 44,37.61204,126.5089,,KCISA,KCISA
스위치,월미문화의거리,playground,인천광역시 중구 북성동1가 98-57,37.475057,126.59747,,KCISA,KCISA
스위치,인천아트플랫폼,playground,인천광역시 중구 제물량로218번길 3,37.472906,126.62001,,KCISA,KCISA
스위치,선문대학교 아산캠퍼스,playground,충청남도 아산시 탕정면 선문로221번길 70,36.798952,127.07489,,KCISA,KCISA
스위트홈,강촌레일파크,playground,강원도 춘천시 남산면 서백길 57,37.8428025,127.550584,,KCISA,KCISA
스타의 연인,서울대학교,playground,서울특별시 관악구 관악로 1,37.462256,126.95428,,KCISA,KCISA
스타의 연인,엘타워,playground,서울특별시 서초구 강남대로 213,37.48284,127.035,,KCISA,KCISA
스타의 연인,서강대교,playground,서울특별시 영등포구 여의도동 서강대교,37.536911,126.92495,,KCISA,KCISA
스타일,더리버,playground,서울특별시 용산구 용산동6가 451,37.507108,126.98472,,KCISA,KCISA
스타트업,주천강 섶다리,playground,강원도 영월군 주천면 판운리 479,37.29314,128.3256,,KCISA,KCISA
스타트업,일산문화광장,playground,경기도 고양시 일산동구 중앙로 1271-4,37.65839,126.7704,,KCISA,KCISA
스타트업,김포 금파로,playground,경기도 김포시 고촌읍 금파로,37.62524,126.7272,,KCISA,KCISA
스타트업,유스페이스,playground,경기도 성남시 분당구 판교역로 233-1,37.4015815,127.107411,,KCISA,KCISA
스타트업,수원컨벤션센터,playground,경기도 수원시 영통구 광교중앙로 140,37.285809,127.05932,,KCISA,KCISA
스타트업,의정부주교좌성당,playground,경기도 의정부시 신흥로265번길 27,37.739676,127.04144,,KCISA,KCISA
스타트업,어반하이브,playground,서울특별시 강남구 강남대로 476,37.50487,127.0248,,KCISA,KCISA
스타트업,신영빌딩,playground,서울특별시 강남구 영동대로 731,37.52322,127.055,,KCISA,KCISA
스타트업,파르나스타워,playground,서울특별시 강남구 테헤란로 521,37.50947,127.0614,,KCISA,KCISA
스타트업,범한기술원,playground,서울특별시 강서구 마곡중앙8로 68,37.56091,126.8348,,KCISA,KCISA
스타트업,DMC문화공원,playground,서울특별시 마포구 월드컵북로 366,37.577736,126.89216,,KCISA,KCISA
스타트업,연세로 9길 빌딩 14,playground,서울특별시 서대문구 연세로9길 14,37.5586108,126.935989,,KCISA,KCISA
스타트업,에이스빌딩,playground,서울특별시 서초구 서초대로41길 19,37.49361,127.0075,,KCISA,KCISA
스타트업,서강대교,playground,서울특별시 영등포구 여의도동 서강대교,37.536911,126.92495,,KCISA,KCISA
스타트업,노들섬,playground,서울특별시 용산구 양녕로 445,37.5181029,126.957064,,KCISA,KCISA
스타트업,동작대교,playground,서울특별시 용산구 이촌동 동작대교,37.51041,126.981893,,KCISA,KCISA
스타트업,한강대교,playground,서울특별시 용산구 이촌동 한강대교,37.517492,126.95897,,KCISA,KCISA
스타트업,한강철교,playground,서울특별시 용산구 이촌동 한강철교,37.51938,126.9512,,KCISA,KCISA
스타트업,동대문B동신발종합상가,playground,서울특별시 종로구 청계천로 307,37.57005,127.0123,,KCISA,KCISA
스타트업,서울파이낸스센터,playground,서울특별시 중구 세종대로 136,37.5684113,126.977714,,KCISA,KCISA
스타트업,스테이트 타워 남산,playground,서울특별시 중구 퇴계로 100,37.560342,126.98297,,KCISA,KCISA
스타트업,호수1교,playground,인천광역시 연수구 송도동,37.394678,126.63407,,KCISA,KCISA
스타트업,인천국제공항,playground,인천광역시 중구 공항로 272,37.44919,126.4514,,KCISA,KCISA
스터디그룹,월미도,playground,인천 제물포구 북성동1가 125,37.47173758,126.5992311,https://ys-dl.tistory.com/entry/%EC%8A%A4%ED%84%B0%EB%94%94%EA%B7%B8%EB%A3%B9-%EC%B4%AC%EC%98%81%EC%A7%80-12%EA%B3%B3%EC%9D%84-%EC%95%8C%EB%A0%A4%EB%93%9C%EB%A6%BD%EB%8B%88%EB%8B%A4%EC%97%85%EB%8D%B0%EC%9D%B4%ED%8A%B8%EC%A4%91,YSDL,KAKAO
스터디그룹,거북섬,playground,경기 시흥시 거북섬로 120,37.32081415,126.6788059,https://ys-dl.tistory.com/entry/%EC%8A%A4%ED%84%B0%EB%94%94%EA%B7%B8%EB%A3%B9-%EC%B4%AC%EC%98%81%EC%A7%80-12%EA%B3%B3%EC%9D%84-%EC%95%8C%EB%A0%A4%EB%93%9C%EB%A6%BD%EB%8B%88%EB%8B%A4%EC%97%85%EB%8D%B0%EC%9D%B4%ED%8A%B8%EC%A4%91,YSDL,KAKAO
스토브리그,운정 비어드짐,playground,경기도 파주시 와석순환로 125 현대프라자 3층,37.709033,126.738005,,KCISA,KCISA
스토브리그,대가야문화누리,playground,경상북도 고령군 대가야읍 왕릉로 30,35.723602,128.26315,,KCISA,KCISA
스토브리그,인천SK행복드림구장,playground,인천광역시 미추홀구 매소홀로 618,37.436766,126.693323,,KCISA,KCISA
스토브리그,인천국제공항,playground,인천광역시 중구 공항로 272,37.44919,126.4514,,KCISA,KCISA
스토브리그,월미문화의거리,playground,인천광역시 중구 북성동1가 98-57,37.475057,126.59747,,KCISA,KCISA
스토브리그,공주고등학교 야구장,playground,충청남도 공주시 공주고담길 2,36.447404,127.122905,,KCISA,KCISA
스틸러: 일곱 개의 조선통보,새누리어린이공원,playground,서울 마포구 상암동 1619,37.57553449,126.8981755,https://ys-dl.tistory.com/entry/%EC%8A%A4%ED%8B%B8%EB%9F%AC-%EC%B4%AC%EC%98%81%EC%A7%80-11%EA%B3%B3%EC%9D%84-%EC%95%8C%EB%A0%A4%EB%93%9C%EB%A6%BD%EB%8B%88%EB%8B%A4,YSDL,KAKAO
스틸러: 일곱 개의 조선통보,가온문화공원,playground,서울 마포구 상암동 1594,37.58191481,126.8876787,https://ys-dl.tistory.com/entry/%EC%8A%A4%ED%8B%B8%EB%9F%AC-%EC%B4%AC%EC%98%81%EC%A7%80-11%EA%B3%B3%EC%9D%84-%EC%95%8C%EB%A0%A4%EB%93%9C%EB%A6%BD%EB%8B%88%EB%8B%A4,YSDL,KAKAO
스틸러: 일곱 개의 조선통보,전등사,playground,인천 강화군 길상면 전등사로 37-41,37.63214569,126.4847789,https://ys-dl.tistory.com/entry/%EC%8A%A4%ED%8B%B8%EB%9F%AC-%EC%B4%AC%EC%98%81%EC%A7%80-11%EA%B3%B3%EC%9D%84-%EC%95%8C%EB%A0%A4%EB%93%9C%EB%A6%BD%EB%8B%88%EB%8B%A4,YSDL,KAKAO
스틸러: 일곱 개의 조선통보,형제해안도로,playground,제주특별자치도 서귀포시 안덕면 사계리,33.21675421,126.2933526,https://ys-dl.tistory.com/entry/%EC%8A%A4%ED%8B%B8%EB%9F%AC-%EC%B4%AC%EC%98%81%EC%A7%80-11%EA%B3%B3%EC%9D%84-%EC%95%8C%EB%A0%A4%EB%93%9C%EB%A6%BD%EB%8B%88%EB%8B%A4,YSDL,KAKAO
스틸러: 일곱 개의 조선통보,안덕계곡,playground,제주특별자치도 서귀포시 안덕면 감산리 1946,33.25720217,126.3525826,https://ys-dl.tistory.com/entry/%EC%8A%A4%ED%8B%B8%EB%9F%AC-%EC%B4%AC%EC%98%81%EC%A7%80-11%EA%B3%B3%EC%9D%84-%EC%95%8C%EB%A0%A4%EB%93%9C%EB%A6%BD%EB%8B%88%EB%8B%A4,YSDL,KAKAO
스포트라이트,청계천,playground,서울특별시 종로구 서린동 148,37.569205,126.97791,,KCISA,KCISA
스폰서,MBC일산드림센터,playground,경기도 고양시 일산동구 호수로 596,37.6547819,126.770815,,KCISA,KCISA
스폰서,운정호수공원,playground,경기도 파주시 경의로 1151,37.71896,126.7552,,KCISA,KCISA
스폰서,로케이션 이음 (구 로얄퀘스트),playground,경기도 파주시 탄현면 새오리로286번길 48-70,37.713531,126.74641,,KCISA,KCISA
스프링 피버,여의도한강공원,playground,서울 영등포구 여의도동 85,37.5263886,126.9351293,https://ys-dl.tistory.com/entry/%EC%8A%A4%ED%94%84%EB%A7%81%ED%94%BC%EB%B2%84-%EC%B4%AC%EC%98%81%EC%A7%80-18%EA%B3%B3%EC%9D%84-%EC%95%8C%EB%A0%A4%EB%93%9C%EB%A6%BD%EB%8B%88%EB%8B%A4%EC%97%85%EB%8D%B0%EC%9D%B4%ED%8A%B8%EC%A4%91,YSDL,KAKAO
스프링 피버,삽교호놀이공원,playground,충남 당진시 신평면 삽교천3길 15,36.89022833,126.8223773,https://ys-dl.tistory.com/entry/%EC%8A%A4%ED%94%84%EB%A7%81%ED%94%BC%EB%B2%84-%EC%B4%AC%EC%98%81%EC%A7%80-18%EA%B3%B3%EC%9D%84-%EC%95%8C%EB%A0%A4%EB%93%9C%EB%A6%BD%EB%8B%88%EB%8B%A4%EC%97%85%EB%8D%B0%EC%9D%B4%ED%8A%B8%EC%A4%91,YSDL,KAKAO
스프링 피버,삽교호바다공원,playground,충남 당진시 신평면 삽교천3길 57,36.89177606,126.823343,https://ys-dl.tistory.com/entry/%EC%8A%A4%ED%94%84%EB%A7%81%ED%94%BC%EB%B2%84-%EC%B4%AC%EC%98%81%EC%A7%80-18%EA%B3%B3%EC%9D%84-%EC%95%8C%EB%A0%A4%EB%93%9C%EB%A6%BD%EB%8B%88%EB%8B%A4%EC%97%85%EB%8D%B0%EC%9D%B4%ED%8A%B8%EC%A4%91,YSDL,KAKAO
스프링 피버,화진해수욕장,playground,경북 포항시 북구 송라면 지경리,36.25139931,129.3738978,https://ys-dl.tistory.com/entry/%EC%8A%A4%ED%94%84%EB%A7%81%ED%94%BC%EB%B2%84-%EC%B4%AC%EC%98%81%EC%A7%80-18%EA%B3%B3%EC%9D%84-%EC%95%8C%EB%A0%A4%EB%93%9C%EB%A6%BD%EB%8B%88%EB%8B%A4%EC%97%85%EB%8D%B0%EC%9D%B4%ED%8A%B8%EC%A4%91,YSDL,KAKAO
스프링 피버,사방기념공원,playground,경북 포항시 북구 흥해읍 해안로 1801,36.16482202,129.3958588,https://ys-dl.tistory.com/entry/%EC%8A%A4%ED%94%84%EB%A7%81%ED%94%BC%EB%B2%84-%EC%B4%AC%EC%98%81%EC%A7%80-18%EA%B3%B3%EC%9D%84-%EC%95%8C%EB%A0%A4%EB%93%9C%EB%A6%BD%EB%8B%88%EB%8B%A4%EC%97%85%EB%8D%B0%EC%9D%B4%ED%8A%B8%EC%A4%91,YSDL,KAKAO
스프링 피버,포항운하관,playground,경북 포항시 남구 희망대로 1040,36.02373822,129.3775729,https://ys-dl.tistory.com/entry/%EC%8A%A4%ED%94%84%EB%A7%81%ED%94%BC%EB%B2%84-%EC%B4%AC%EC%98%81%EC%A7%80-18%EA%B3%B3%EC%9D%84-%EC%95%8C%EB%A0%A4%EB%93%9C%EB%A6%BD%EB%8B%88%EB%8B%A4%EC%97%85%EB%8D%B0%EC%9D%B4%ED%8A%B8%EC%A4%91,YSDL,KAKAO
스프링 피버,철길숲,playground,경북 포항시 남구 대잠동 171-5,36.01267611,129.3413062,https://ys-dl.tistory.com/entry/%EC%8A%A4%ED%94%84%EB%A7%81%ED%94%BC%EB%B2%84-%EC%B4%AC%EC%98%81%EC%A7%80-18%EA%B3%B3%EC%9D%84-%EC%95%8C%EB%A0%A4%EB%93%9C%EB%A6%BD%EB%8B%88%EB%8B%A4%EC%97%85%EB%8D%B0%EC%9D%B4%ED%8A%B8%EC%A4%91,YSDL,KAKAO
스프링 피버,호미곶 해맞이광장,playground,경북 포항시 남구 호미곶면 해맞이로 136,36.07676157,129.5679279,https://ys-dl.tistory.com/entry/%EC%8A%A4%ED%94%84%EB%A7%81%ED%94%BC%EB%B2%84-%EC%B4%AC%EC%98%81%EC%A7%80-18%EA%B3%B3%EC%9D%84-%EC%95%8C%EB%A0%A4%EB%93%9C%EB%A6%BD%EB%8B%88%EB%8B%A4%EC%97%85%EB%8D%B0%EC%9D%B4%ED%8A%B8%EC%A4%91,YSDL,KAKAO
스프링 피버,장기읍성,playground,경북 포항시 남구 장기면 읍내리 127-2,35.89605518,129.4889089,https://ys-dl.tistory.com/entry/%EC%8A%A4%ED%94%84%EB%A7%81%ED%94%BC%EB%B2%84-%EC%B4%AC%EC%98%81%EC%A7%80-18%EA%B3%B3%EC%9D%84-%EC%95%8C%EB%A0%A4%EB%93%9C%EB%A6%BD%EB%8B%88%EB%8B%A4%EC%97%85%EB%8D%B0%EC%9D%B4%ED%8A%B8%EC%A4%91,YSDL,KAKAO
스프링 피버,신창해수욕장,playground,경북 포항시 남구 장기면 신창리,35.89103712,129.5245244,https://ys-dl.tistory.com/entry/%EC%8A%A4%ED%94%84%EB%A7%81%ED%94%BC%EB%B2%84-%EC%B4%AC%EC%98%81%EC%A7%80-18%EA%B3%B3%EC%9D%84-%EC%95%8C%EB%A0%A4%EB%93%9C%EB%A6%BD%EB%8B%88%EB%8B%A4%EC%97%85%EB%8D%B0%EC%9D%B4%ED%8A%B8%EC%A4%91,YSDL,KAKAO
스프링 피버,신창방파제,playground,경북 포항시 남구 장기면 신창리 888-2,35.88632412,129.5285908,https://ys-dl.tistory.com/entry/%EC%8A%A4%ED%94%84%EB%A7%81%ED%94%BC%EB%B2%84-%EC%B4%AC%EC%98%81%EC%A7%80-18%EA%B3%B3%EC%9D%84-%EC%95%8C%EB%A0%A4%EB%93%9C%EB%A6%BD%EB%8B%88%EB%8B%A4%EC%97%85%EB%8D%B0%EC%9D%B4%ED%8A%B8%EC%A4%91,YSDL,KAKAO
스피릿 핑거스,연남장,playground,서울 서대문구 연희로5길 22,37.56432979,126.9275831,https://ys-dl.tistory.com/entry/%EC%8A%A4%ED%94%BC%EB%A6%BF%ED%95%91%EA%B1%B0%EC%8A%A4-%EC%B4%AC%EC%98%81%EC%A7%80-11%EA%B3%B3%EC%9D%84-%EC%95%8C%EB%A0%A4%EB%93%9C%EB%A6%BD%EB%8B%88%EB%8B%A4%EC%97%85%EB%8D%B0%EC%9D%B4%ED%8A%B8%EC%A4%91,YSDL,KAKAO
스피릿 핑거스,아트힐 연희,playground,서울 서대문구 연희로11다길 15,37.56730922,126.9273233,https://ys-dl.tistory.com/entry/%EC%8A%A4%ED%94%BC%EB%A6%BF%ED%95%91%EA%B1%B0%EC%8A%A4-%EC%B4%AC%EC%98%81%EC%A7%80-11%EA%B3%B3%EC%9D%84-%EC%95%8C%EB%A0%A4%EB%93%9C%EB%A6%BD%EB%8B%88%EB%8B%A4%EC%97%85%EB%8D%B0%EC%9D%B4%ED%8A%B8%EC%A4%91,YSDL,KAKAO
스피릿 핑거스,윗잔다리어린이공원,playground,서울 마포구 양화로18안길 21,37.5572074,126.9261142,https://ys-dl.tistory.com/entry/%EC%8A%A4%ED%94%BC%EB%A6%BF%ED%95%91%EA%B1%B0%EC%8A%A4-%EC%B4%AC%EC%98%81%EC%A7%80-11%EA%B3%B3%EC%9D%84-%EC%95%8C%EB%A0%A4%EB%93%9C%EB%A6%BD%EB%8B%88%EB%8B%A4%EC%97%85%EB%8D%B0%EC%9D%B4%ED%8A%B8%EC%A4%91,YSDL,KAKAO
스피릿 핑거스,홍익문화공원,playground,경기 의정부시 의정부동 546-2,37.73383839,127.0394185,https://ys-dl.tistory.com/entry/%EC%8A%A4%ED%94%BC%EB%A6%BF%ED%95%91%EA%B1%B0%EC%8A%A4-%EC%B4%AC%EC%98%81%EC%A7%80-11%EA%B3%B3%EC%9D%84-%EC%95%8C%EB%A0%A4%EB%93%9C%EB%A6%BD%EB%8B%88%EB%8B%A4%EC%97%85%EB%8D%B0%EC%9D%B4%ED%8A%B8%EC%A4%91,YSDL,KAKAO
스피릿 핑거스,홍대예술의거리,playground,서울 마포구 서교동,37.55204345,126.9214115,https://ys-dl.tistory.com/entry/%EC%8A%A4%ED%94%BC%EB%A6%BF%ED%95%91%EA%B1%B0%EC%8A%A4-%EC%B4%AC%EC%98%81%EC%A7%80-11%EA%B3%B3%EC%9D%84-%EC%95%8C%EB%A0%A4%EB%93%9C%EB%A6%BD%EB%8B%88%EB%8B%A4%EC%97%85%EB%8D%B0%EC%9D%B4%ED%8A%B8%EC%A4%91,YSDL,KAKAO
스피릿 핑거스,여의도한강공원,playground,서울 영등포구 여의도동 85,37.5263886,126.9351293,https://ys-dl.tistory.com/entry/%EC%8A%A4%ED%94%BC%EB%A6%BF%ED%95%91%EA%B1%B0%EC%8A%A4-%EC%B4%AC%EC%98%81%EC%A7%80-11%EA%B3%B3%EC%9D%84-%EC%95%8C%EB%A0%A4%EB%93%9C%EB%A6%BD%EB%8B%88%EB%8B%A4%EC%97%85%EB%8D%B0%EC%9D%B4%ED%8A%B8%EC%A4%91,YSDL,KAKAO
스피릿 핑거스,남산골한옥마을,playground,서울 중구 퇴계로34길 28,37.55954236,126.9947383,https://ys-dl.tistory.com/entry/%EC%8A%A4%ED%94%BC%EB%A6%BF%ED%95%91%EA%B1%B0%EC%8A%A4-%EC%B4%AC%EC%98%81%EC%A7%80-11%EA%B3%B3%EC%9D%84-%EC%95%8C%EB%A0%A4%EB%93%9C%EB%A6%BD%EB%8B%88%EB%8B%A4%EC%97%85%EB%8D%B0%EC%9D%B4%ED%8A%B8%EC%A4%91,YSDL,KAKAO
스피릿 핑거스,꿈나래어린이공원,playground,서울 강동구 아리수로64길 29,37.5609072,127.1538953,https://ys-dl.tistory.com/entry/%EC%8A%A4%ED%94%BC%EB%A6%BF%ED%95%91%EA%B1%B0%EC%8A%A4-%EC%B4%AC%EC%98%81%EC%A7%80-11%EA%B3%B3%EC%9D%84-%EC%95%8C%EB%A0%A4%EB%93%9C%EB%A6%BD%EB%8B%88%EB%8B%A4%EC%97%85%EB%8D%B0%EC%9D%B4%ED%8A%B8%EC%A4%91,YSDL,KAKAO
스피릿 핑거스,물향기 공원,playground,경기 고양시 덕양구 향동동 550,37.59814037,126.8920729,https://ys-dl.tistory.com/entry/%EC%8A%A4%ED%94%BC%EB%A6%BF%ED%95%91%EA%B1%B0%EC%8A%A4-%EC%B4%AC%EC%98%81%EC%A7%80-11%EA%B3%B3%EC%9D%84-%EC%95%8C%EB%A0%A4%EB%93%9C%EB%A6%BD%EB%8B%88%EB%8B%A4%EC%97%85%EB%8D%B0%EC%9D%B4%ED%8A%B8%EC%A4%91,YSDL,KAKAO
슬기로운 감빵생활,장흥교도소 세트장,playground,전라남도 장흥군 장흥읍 원도리 191,34.686804,126.91329,,KCISA,KCISA
슬기로운 의사생활,소리야 노래연습장,playground,경기도 고양시 덕양구 화신로 260번길 47,37.632835,126.832576,,KCISA,KCISA
슬기로운 의사생활,우신프라자,playground,경기도 고양시 일산동구 장백로 184,37.6512534,126.777172,,KCISA,KCISA
슬기로운 의사생활,나리여성병원,playground,경기도 김포시 돌문로 99,37.62189,126.7128,,KCISA,KCISA
슬기로운 의사생활,서원밸리CC,playground,경기도 파주시 광탄면 서원길 333,37.821049,126.888979,,KCISA,KCISA
슬기로운 의사생활,한림대학교 동탄성심병원,playground,경기도 화성시 큰재봉길 7,37.2166485,127.079989,,KCISA,KCISA
슬기로운 의사생활,이대서울병원,playground,서울특별시 강서구 공항대로 260,37.557347,126.83612,,KCISA,KCISA
슬기로운 의사생활,수노래연습장 럭셔리 홍대점,playground,서울특별시 마포구 어울마당로 67,37.551119,126.921113,,KCISA,KCISA
슬기로운 의사생활,경의선숲길공원,playground,서울특별시 마포구 연남동 연남로 80,37.5661595,126.919015,,KCISA,KCISA
슬기로운 의사생활,드빌스튜디오(구 스튜디오언아더),playground,서울특별시 서대문구 연희로11바길 24,37.569537,126.92723,,KCISA,KCISA
슬기로운 의사생활,중소기업중앙회,playground,서울특별시 영등포구 은행로 30,37.52816,126.9227,,KCISA,KCISA
슬플 때 사랑한다,퍼스트가든,playground,경기도 파주시 탑삭골길 260,37.7321551,126.793933,,KCISA,KCISA
시간,국립교통재활병원,playground,경기도 양평군 양평읍 중앙로 260,37.4897334,127.518454,,KCISA,KCISA
시간,용인공원,playground,경기도 용인시 처인구 모현읍 새래로 158-33,37.298496,127.2542,,KCISA,KCISA
시간,아셈타워,playground,서울특별시 강남구 영동대로 517,37.513147,127.05974,,KCISA,KCISA
시간,가온문화공원,playground,서울특별시 마포구 상암동 1594,37.58181,126.88765,,KCISA,KCISA
시간,반포대교,playground,서울특별시 서초구 반포동 반포대교,37.512187,126.9976,,KCISA,KCISA
시간,운현궁 양관,playground,서울특별시 종로구 삼일대로 460,37.576111,126.987749,,KCISA,KCISA
시간,세종마을 음식문화거리,playground,서울특별시 종로구 자하문로1길 24,37.576455,126.97107,,KCISA,KCISA
시간,엔씨큐브,playground,인천광역시 연수구 아트센터대로 87,37.402243,126.64027,,KCISA,KCISA
시그널,심곡항,playground,강원도 강릉시 강동면 심곡리 157-1,37.665245,129.053082,,KCISA,KCISA
시그널,헌화로드라이브코스,playground,강원도 강릉시 강동면 심곡리 헌화로,37.664267,129.05459,,KCISA,KCISA
시그널,동광극장,playground,경기도 동두천시 동광로 33,37.9087871,127.051996,,KCISA,KCISA
시그널,국립교통재활병원,playground,경기도 양평군 양평읍 중앙로 260,37.4897334,127.518454,,KCISA,KCISA
시그널,국회의사당,playground,서울특별시 영등포구 의사당대로 1,37.531847,126.91411,,KCISA,KCISA
시그널,전진사,playground,서울특별시 종로구 서순라길 25,37.57187,126.9937,,KCISA,KCISA
시그널,익산 교도소 세트장,playground,전라북도 익산시 성당면 함낭로 207,36.069334,126.93158,,KCISA,KCISA
시그널,국립법무병원,playground,충청남도 공주시 반포면 봉곡리 반포초교길 253,36.412694,127.2387,,KCISA,KCISA
시를 잊은 그대에게,벽초지수목원,playground,경기도 파주시 광탄면 부흥로 242,37.800977,126.873712,,KCISA,KCISA
시를 잊은 그대에게,윤동주문학관,playground,서울특별시 종로구 창의문로 119,37.5919695,126.966814,,KCISA,KCISA
시맨틱 에러,뚝섬한강공원,playground,서울특별시 광진구 강변북로 139,37.5293514,127.073958,,KCISA,KCISA
시지프스: the myth,아브뉴프랑 판교,playground,경기도 성남시 분당구 동판교로177번길 25,37.397269,127.113515,,KCISA,KCISA
시지프스: the myth,수원컨벤션센터,playground,경기도 수원시 영통구 광교중앙로 140,37.285809,127.05932,,KCISA,KCISA
시지프스: the myth,배곧한울공원,playground,경기도 시흥시 해송십리로 61,37.3526512,126.702781,,KCISA,KCISA
시지프스: the myth,에버랜드,playground,경기도 용인시 처인구 포곡읍 에버랜드로 199,37.2896511,127.217242,,KCISA,KCISA
시지프스: the myth,로케이션 이음 (구 로얄퀘스트),playground,경기도 파주시 탄현면 새오리로286번길 48-70,37.713531,126.74641,,KCISA,KCISA
시지프스: the myth,광안대교,playground,부산광역시 수영구 민락동 광안대교,35.147603,129.130119,,KCISA,KCISA
시지프스: the myth,벡스코,playground,부산광역시 해운대구 APEC로 55,35.1688706,129.135456,,KCISA,KCISA
시지프스: the myth,오스템임플란트 중앙연구소,playground,서울특별시 강서구 마곡중앙12로 3,37.56771,126.8291,,KCISA,KCISA
시지프스: the myth,월드컵대교,playground,서울특별시 마포구 마포나루길 316,37.55988,126.8871,,KCISA,KCISA
시지프스: the myth,반포대교,playground,서울특별시 서초구 반포동 반포대교,37.512187,126.9976,,KCISA,KCISA
시지프스: the myth,서울웨이브아트센터,playground,서울특별시 서초구 잠원동 149-2,37.518782,127.00698,,KCISA,KCISA
시지프스: the myth,롯데콘서트홀,playground,서울특별시 송파구 올림픽로 300 롯데월드몰 8층 롯데콘서트홀,37.5126,127.1027,,KCISA,KCISA
시지프스: the myth,노들섬,playground,서울특별시 용산구 양녕로 445,37.5181029,126.957064,,KCISA,KCISA
시지프스: the myth,서부이촌동보행육교,playground,서울특별시 용산구 이촌동 서부이촌동보행육교,37.52973,126.9527,,KCISA,KCISA
시지프스: the myth,한강철교,playground,서울특별시 용산구 이촌동 한강철교,37.51938,126.9512,,KCISA,KCISA
시지프스: the myth,덕수궁 돌담길,playground,서울특별시 중구 세종대로 99,37.565924,126.97501,,KCISA,KCISA
시지프스: the myth,용마랜드,playground,서울특별시 중랑구 망우로70길 118,37.594468,127.105556,,KCISA,KCISA
시지프스: the myth,엔씨큐브,playground,인천광역시 연수구 아트센터대로 87,37.402243,126.64027,,KCISA,KCISA
시지프스: the myth,송도센트럴파크,playground,인천광역시 연수구 컨벤시아대로 160,37.3924167,126.639565,,KCISA,KCISA
시지프스: the myth,공세리성당,playground,충청남도 아산시 인주면 공세리성당길 10,36.883404,126.914041,,KCISA,KCISA
시카고 타자기,장욱진미술문화재단,playground,경기도 용인시 기흥구 마북로 119-8,37.301062,127.120499,,KCISA,KCISA
시카고 타자기,지혜의 숲,playground,경기도 파주시 회동길 145,37.7082492,126.686674,,KCISA,KCISA
시카고 타자기,합천 영상 테마파크,playground,경상남도 합천군 용주면 합천호수로 757,35.5489346,128.072475,,KCISA,KCISA
시카고 타자기,강서YD동물의료센터,playground,서울특별시 강서구 화곡로 371,37.556933,126.85223,,KCISA,KCISA
시카고 타자기,건국대학교,playground,서울특별시 광진구 능동로 120,37.5425241,127.073699,,KCISA,KCISA
시카고 타자기,명물길,playground,서울특별시 서대문구 명물길 17,37.557856,126.93749,,KCISA,KCISA
시카고 타자기,이태원로 254,playground,서울특별시 용산구 이태원로 254,37.53721,127.0012,,KCISA,KCISA
시카고 타자기,경복궁,playground,서울특별시 종로구 사직로 161,37.5806736,126.976952,,KCISA,KCISA
시카고 타자기,청계천,playground,서울특별시 종로구 서린동 148,37.569205,126.97791,,KCISA,KCISA
시카고 타자기,남대문실탄사격장,playground,"서울특별시 중구 남대문시장길 25-8, 4층",37.5605491,126.9775087,,KCISA,KCISA
시카고 타자기,할리스 무교점,playground,서울특별시 중구 무교로 28,37.56847,126.9795,,KCISA,KCISA
시카고 타자기,숭례문,playground,서울특별시 중구 세종대로 40,37.559956,126.97529,,KCISA,KCISA
시카고 타자기,CGV 명동역 씨네라이브러리,playground,서울특별시 중구 퇴계로 123,37.561238,126.98536,,KCISA,KCISA
시크릿 가든,쁘띠프랑스,playground,경기도 가평군 청평면 호반로 1063,37.714908,127.490287,,KCISA,KCISA
시크릿 가든,원당종마목장,playground,경기도 고양시 덕양구 서삼릉길 233-112,37.664249,126.87342,,KCISA,KCISA
시크릿 가든,청아공원기독교전용관,playground,경기도 고양시 일산동구 은마길 129,37.719031,126.80572,,KCISA,KCISA
시크릿 가든,국립현대미술관 과천,playground,경기도 과천시 광명로 313,37.431232,127.02017,,KCISA,KCISA
시크릿 가든,마임비전빌리지,playground,경기도 여주시 능서면 용은리 443,37.2925249,127.539781,,KCISA,KCISA
시크릿 가든,여주경찰서,playground,경기도 여주시 세종로 50,37.29364,127.6347,,KCISA,KCISA
시크릿 가든,경기영어마을 파주캠퍼스,playground,경기도 파주시 탄현면 얼음실로 40,37.7852355,126.703739,,KCISA,KCISA
시크릿 가든,서울액션스쿨,playground,경기도 파주시 탄현면 헤이리마을길 18-61,37.787373,126.69478,,KCISA,KCISA
시크릿 가든,반포대교,playground,서울특별시 서초구 반포동 반포대교,37.512187,126.9976,,KCISA,KCISA
시크릿 가든,주한앙골라대사관저,playground,서울특별시 성북구 선잠로2길 211,37.59926,127.0012,,KCISA,KCISA
시크릿 가든,여의서로,playground,서울특별시 영등포구 여의도동,37.533522,126.91482,,KCISA,KCISA
시크릿 가든,창신6나길 17,playground,서울특별시 종로구 창신6나길 17,37.57601,127.012,,KCISA,KCISA
시크릿 가든,영은미술관,playground,경기도 광주시 청석로 300,37.413056,127.268916,,KCISA,KCISA
시크릿 가든,고구려 대장간 마을,playground,경기도 구리시 우미내길 41,37.560594,127.110997,,KCISA,KCISA
시크릿 가든,사려니 숲길,playground,제주특별자치도 제주시 조천읍 교래리 산 137-1,33.423076,126.626845,,KCISA,KCISA
시크릿 부티크,미리내 성지,playground,경기도 안성시 양성면 미리내성지로 420,37.146102,127.25865,,KCISA,KCISA
시크릿 부티크,도장포방파제,playground,경상남도 거제시 남부면 갈곶리 도장포방파제,34.74193,128.662,,KCISA,KCISA
시크릿 부티크,바람의언덕,playground,경상남도 거제시 남부면 갈곶리 산 14-47 도장포마을,34.74336,128.6633,,KCISA,KCISA
시크릿 부티크,반포대교,playground,서울특별시 서초구 반포동 반포대교,37.512187,126.9976,,KCISA,KCISA
시크릿 부티크,이촌 한강공원,playground,서울특별시 용산구 서빙고동 287-4,37.5176063,126.992288,,KCISA,KCISA
시크릿 부티크,이촌로29길,playground,서울특별시 용산구 이촌로29길,37.525257,126.96103,,KCISA,KCISA
시크릿 부티크,스테이트 타워 남산,playground,서울특별시 중구 퇴계로 100,37.560342,126.98297,,KCISA,KCISA
시크릿 부티크,대룡시장,playground,인천광역시 강화군 교동면 대룡리 1103-11,37.782373,126.28007,,KCISA,KCISA
시크릿 부티크,G타워,playground,인천광역시 연수구 아트센터대로 175,37.396166,126.63419,,KCISA,KCISA
시티헌터,마포대교,playground,서울특별시 영등포구 여의도동 84-5,37.533709,126.9367,,KCISA,KCISA
시티헌터,물빛광장(여의도),playground,서울특별시 영등포구 여의도동 84-9,37.530806,126.92831,,KCISA,KCISA
시티헌터,서울마리나 클럽&요트,playground,서울특별시 영등포구 여의서로 160,37.534829,126.91157,,KCISA,KCISA
시티헌터,광화문 광장,playground,서울특별시 종로구 세종대로 175,37.5706546,126.976661,,KCISA,KCISA
시티홀,국회의사당,playground,서울특별시 영등포구 의사당대로 1,37.531847,126.91411,,KCISA,KCISA
시티홀,운보의 집,playground,충청북도 청주시 청원구 내수읍 형동2길 92-41,36.692197,127.5651,,KCISA,KCISA
식샤를 합시다,청계천,playground,서울 종로구 서린동 148,37.56914697,126.9786471,https://ys-dl.tistory.com/entry/%EC%8B%9D%EC%82%AC%EB%A5%BC%ED%95%A9%EC%8B%9C%EB%8B%A4-%EC%8B%9C%EC%A6%8C123-%EC%B4%AC%EC%98%81%EC%A7%80-%EC%84%9C%EC%9A%B8-28%EA%B3%B3%EC%9D%84-%EC%95%8C%EB%A0%A4%EB%93%9C%EB%A6%BD%EB%8B%88%EB%8B%A4,YSDL,KAKAO
식샤를 합시다,안산봉수대,playground,서울특별시 서대문구 봉원동 산1,37.576892,126.947204,,KCISA,KCISA
식샤를 합시다,두물머리,playground,경기도 양평군 양서면 두물머리길,37.532916,127.315783,,KCISA,KCISA
식샤를 합시다,광안리해수욕장,playground,부산광역시 수영구 광안해변로 219,35.153308,129.118862,,KCISA,KCISA
식샤를 합시다,광안대교,playground,부산광역시 수영구 민락동 광안대교,35.147603,129.130119,,KCISA,KCISA
식샤를 합시다,화곡본동시장,playground,서울특별시 강서구 까치산로 35,37.542844,126.844004,,KCISA,KCISA
식샤를 합시다,덕성여자대학교,playground,서울특별시 도봉구 삼양로144길 39,37.65247,127.0158,,KCISA,KCISA
식샤를 합시다,청계천,playground,서울특별시 종로구 서린동 148,37.569205,126.97791,,KCISA,KCISA
신기생뎐,로얄새들승마클럽,playground,경기도 고양시 일산동구 견달산로 40,37.699723,126.82508,,KCISA,KCISA
신기생뎐,운경재단,playground,서울특별시 종로구 인왕산로 7,37.575038,126.96676,,KCISA,KCISA
신데렐라와 네 명의 기사,대관령 양떼목장,playground,강원도 평창군 대관령면 대관령마루길 483-32,37.689736,128.753045,,KCISA,KCISA
신데렐라와 네 명의 기사,아난티 클럽 서울,playground,경기도 가평군 설악면 유명로 961-34,37.619609,127.48216,,KCISA,KCISA
신데렐라와 네 명의 기사,아쿠아플라넷 일산,playground,경기도 고양시 일산서구 한류월드로 282,37.66383,126.75556,,KCISA,KCISA
신데렐라와 네 명의 기사,벽초지수목원,playground,경기도 파주시 광탄면 부흥로 242,37.800977,126.873712,,KCISA,KCISA
신데렐라와 네 명의 기사,로케이션 이음 (구 로얄퀘스트),playground,경기도 파주시 탄현면 새오리로286번길 48-70,37.713531,126.74641,,KCISA,KCISA
신데렐라와 네 명의 기사,사우스케이프오너스클럽,playground,경상남도 남해군 창선면 흥선로 1545,34.836501,128.07449,,KCISA,KCISA
신데렐라와 네 명의 기사,서울특별시 보라매병원,playground,서울특별시 동작구 보라매로5길 20,37.493287,126.92424,,KCISA,KCISA
신데렐라와 네 명의 기사,원효대교,playground,서울특별시 영등포구 여의도동 원효대교,37.527046,126.94571,,KCISA,KCISA
신데렐라와 네 명의 기사,트라이보울,playground,인천광역시 연수구 인천타워대로 250,37.394084,126.63504,,KCISA,KCISA
신데렐라와 네 명의 기사,각원사,playground,충청남도 천안시 동남구 각원사길 245,36.83441,127.1968,,KCISA,KCISA
신들의 만찬,낙산공원,playground,서울특별시 종로구 낙산길 41,37.580667,127.00746,,KCISA,KCISA
신병,자인사,playground,경기 포천시 영북면 산정호수로 808,38.07380486,127.3275739,https://ys-dl.tistory.com/entry/%EC%8B%A0%EB%B3%913-%EC%B4%AC%EC%98%81%EC%A7%80-3%EA%B3%B3%EC%9D%84-%EC%95%8C%EB%A0%A4%EB%93%9C%EB%A6%BD%EB%8B%88%EB%8B%A4%EC%97%85%EB%8D%B0%EC%9D%B4%ED%8A%B8%EC%A4%91,YSDL,KAKAO
신사와 아가씨,춘천대교,playground,강원도 춘천시 근화동 609,37.88869,127.7085,,KCISA,KCISA
신사와 아가씨,제이드가든,playground,강원도 춘천시 남산면 햇골길 80,37.834632,127.53786,,KCISA,KCISA
신사와 아가씨,킨텍스,playground,경기도 고양시 일산서구 킨텍스로 217-60,37.668805,126.74593,,KCISA,KCISA
신사와 아가씨,광명동굴,playground,경기도 광명시 가학로85번길 142,37.4246505,126.863428,,KCISA,KCISA
신사와 아가씨,라베니체 마치에비뉴,playground,경기도 김포시 김포한강4로 12,38.6406462,127.678802,,KCISA,KCISA
신사와 아가씨,벽초지수목원,playground,경기도 파주시 광탄면 부흥로 242,37.800977,126.873712,,KCISA,KCISA
신사와 아가씨,화이트블럭,playground,경기도 파주시 탄현면 헤이리마을길 72,37.7889189,126.699592,,KCISA,KCISA
신사와 아가씨,지혜의 숲,playground,경기도 파주시 회동길 145,37.7082492,126.686674,,KCISA,KCISA
신사와 아가씨,이월드,playground,대구광역시 달서구 두류공원로 200,35.853468,128.563918,,KCISA,KCISA
신사와 아가씨,성신여자대학교 운정그린캠퍼스,playground,서울특별시 강북구 도봉로76가길 55,37.632219,127.0273,,KCISA,KCISA
신사와 아가씨,오스템임플란트 중앙연구소,playground,서울특별시 강서구 마곡중앙12로 3,37.56771,126.8291,,KCISA,KCISA
신사와 아가씨,원효대교,playground,서울특별시 영등포구 여의도동 원효대교,37.527046,126.94571,,KCISA,KCISA
신사와 아가씨,더리버,playground,서울특별시 용산구 용산동6가 451,37.507108,126.98472,,KCISA,KCISA
신사와 아가씨,우리사진관,playground,인천광역시 동구 송현공원로 100,37.480605,126.64237,,KCISA,KCISA
신사와 아가씨,우각로문화마을,playground,인천광역시 미추홀구 우각로122번길 19,37.468936,126.64468,,KCISA,KCISA
신사의 품격,라플뢰르디유,playground,경기 성남시 분당구 판교역로2번길 9-1 1F,37.321687,127.10998,,KCISA,KCISA
신사의 품격,일산스프링힐스CC,playground,경기도 고양시 덕양구 산황로 62,37.657825,126.813148,,KCISA,KCISA
신사의 품격,일산호수공원,playground,경기도 고양시 일산동구 호수로 731,37.658769,126.76252,,KCISA,KCISA
신사의 품격,안성팜랜드,playground,경기도 안성시 공도읍 대신두길 28,36.9904684,127.194467,,KCISA,KCISA
신사의 품격,보정동 카페거리,playground,경기도 용인시 기흥구 보정로15번길 ,37.321569,127.1091461,,KCISA,KCISA
신사의 품격,프로방스마을,playground,경기도 파주시 탄현면 새오리로 69,37.790808,126.685104,,KCISA,KCISA
신사의 품격,중아트갤러리,playground,경기도 하남시 미사강변한강로 209,37.571083,127.194777,,KCISA,KCISA
신사의 품격,홍대놀이터공원,playground,서울특별시 마포구 와우산로21길 19-3,37.552212,126.92334,,KCISA,KCISA
신사의 품격,연희숲속쉼터,playground,서울특별시 서대문구 연희동 산2-128,37.579665,126.938391,,KCISA,KCISA
신사의 품격,중앙보훈회관,playground,서울특별시 영등포구 국회대로76길 33,37.529444,126.9241,,KCISA,KCISA
신사의 품격,여의도공원,playground,서울특별시 영등포구 여의공원로 68,37.5281241,126.925754,,KCISA,KCISA
신사의 품격,하나고등학교,playground,서울특별시 은평구 연서로 535,37.64155,126.9372,,KCISA,KCISA
신사의 품격,아라리오뮤지엄 인 스페이스,playground,서울특별시 종로구 가회동 율곡로 83,37.577646,126.988552,,KCISA,KCISA
신사의 품격,아라리오 뮤지엄,playground,서울특별시 종로구 율곡로 83,37.57771,126.9885,,KCISA,KCISA
신사장 프로젝트,청련사,playground,인천 강화군 강화읍 고비고개로188번길 112,37.74612301,126.4484309,https://ys-dl.tistory.com/entry/%EC%8B%A0%EC%82%AC%EC%9E%A5-%ED%94%84%EB%A1%9C%EC%A0%9D%ED%8A%B8-%EC%B4%AC%EC%98%81%EC%A7%80-13%EA%B3%B3%EC%9D%84-%EC%95%8C%EB%A0%A4%EB%93%9C%EB%A6%BD%EB%8B%88%EB%8B%A4%EC%97%85%EB%8D%B0%EC%9D%B4%ED%8A%B8%EC%A4%91,YSDL,KAKAO
신사장 프로젝트,동막해변,playground,인천 강화군 화도면 동막리 7-3,37.59289609,126.4575804,https://ys-dl.tistory.com/entry/%EC%8B%A0%EC%82%AC%EC%9E%A5-%ED%94%84%EB%A1%9C%EC%A0%9D%ED%8A%B8-%EC%B4%AC%EC%98%81%EC%A7%80-13%EA%B3%B3%EC%9D%84-%EC%95%8C%EB%A0%A4%EB%93%9C%EB%A6%BD%EB%8B%88%EB%8B%A4%EC%97%85%EB%8D%B0%EC%9D%B4%ED%8A%B8%EC%A4%91,YSDL,KAKAO
신사장 프로젝트,커널웨이수변공원,playground,인천 서해구 청라동 162-12,37.53283095,126.6515432,https://ys-dl.tistory.com/entry/%EC%8B%A0%EC%82%AC%EC%9E%A5-%ED%94%84%EB%A1%9C%EC%A0%9D%ED%8A%B8-%EC%B4%AC%EC%98%81%EC%A7%80-13%EA%B3%B3%EC%9D%84-%EC%95%8C%EB%A0%A4%EB%93%9C%EB%A6%BD%EB%8B%88%EB%8B%A4%EC%97%85%EB%8D%B0%EC%9D%B4%ED%8A%B8%EC%A4%91,YSDL,KAKAO
신사장 프로젝트,초롱공원,playground,인천 영종구 운서동 2725-2,37.49935945,126.4894065,https://ys-dl.tistory.com/entry/%EC%8B%A0%EC%82%AC%EC%9E%A5-%ED%94%84%EB%A1%9C%EC%A0%9D%ED%8A%B8-%EC%B4%AC%EC%98%81%EC%A7%80-13%EA%B3%B3%EC%9D%84-%EC%95%8C%EB%A0%A4%EB%93%9C%EB%A6%BD%EB%8B%88%EB%8B%A4%EC%97%85%EB%8D%B0%EC%9D%B4%ED%8A%B8%EC%A4%91,YSDL,KAKAO
신사장 프로젝트,월미짱랜드,playground,인천 제물포구 월미문화로 81,37.47145021,126.5963341,https://ys-dl.tistory.com/entry/%EC%8B%A0%EC%82%AC%EC%9E%A5-%ED%94%84%EB%A1%9C%EC%A0%9D%ED%8A%B8-%EC%B4%AC%EC%98%81%EC%A7%80-13%EA%B3%B3%EC%9D%84-%EC%95%8C%EB%A0%A4%EB%93%9C%EB%A6%BD%EB%8B%88%EB%8B%A4%EC%97%85%EB%8D%B0%EC%9D%B4%ED%8A%B8%EC%A4%91,YSDL,KAKAO
신사장 프로젝트,월미도,playground,인천 제물포구 북성동1가 125,37.47173758,126.5992311,https://ys-dl.tistory.com/entry/%EC%8B%A0%EC%82%AC%EC%9E%A5-%ED%94%84%EB%A1%9C%EC%A0%9D%ED%8A%B8-%EC%B4%AC%EC%98%81%EC%A7%80-13%EA%B3%B3%EC%9D%84-%EC%95%8C%EB%A0%A4%EB%93%9C%EB%A6%BD%EB%8B%88%EB%8B%A4%EC%97%85%EB%8D%B0%EC%9D%B4%ED%8A%B8%EC%A4%91,YSDL,KAKAO
신사장 프로젝트,자유공원,playground,인천 제물포구 송학동1가 11-1,37.47550304,126.6219706,https://ys-dl.tistory.com/entry/%EC%8B%A0%EC%82%AC%EC%9E%A5-%ED%94%84%EB%A1%9C%EC%A0%9D%ED%8A%B8-%EC%B4%AC%EC%98%81%EC%A7%80-13%EA%B3%B3%EC%9D%84-%EC%95%8C%EB%A0%A4%EB%93%9C%EB%A6%BD%EB%8B%88%EB%8B%A4%EC%97%85%EB%8D%B0%EC%9D%B4%ED%8A%B8%EC%A4%91,YSDL,KAKAO
신사장 프로젝트,수봉공원,playground,인천 미추홀구 숭의동 8-193,37.45948705,126.6625469,https://ys-dl.tistory.com/entry/%EC%8B%A0%EC%82%AC%EC%9E%A5-%ED%94%84%EB%A1%9C%EC%A0%9D%ED%8A%B8-%EC%B4%AC%EC%98%81%EC%A7%80-13%EA%B3%B3%EC%9D%84-%EC%95%8C%EB%A0%A4%EB%93%9C%EB%A6%BD%EB%8B%88%EB%8B%A4%EC%97%85%EB%8D%B0%EC%9D%B4%ED%8A%B8%EC%A4%91,YSDL,KAKAO
신사장 프로젝트,로케이션 이음,playground,경기 파주시 탄현면 새오리로286번길 48-70,37.80403407,126.6931158,https://ys-dl.tistory.com/entry/%EC%8B%A0%EC%82%AC%EC%9E%A5-%ED%94%84%EB%A1%9C%EC%A0%9D%ED%8A%B8-%EC%B4%AC%EC%98%81%EC%A7%80-13%EA%B3%B3%EC%9D%84-%EC%95%8C%EB%A0%A4%EB%93%9C%EB%A6%BD%EB%8B%88%EB%8B%A4%EC%97%85%EB%8D%B0%EC%9D%B4%ED%8A%B8%EC%A4%91,YSDL,KAKAO
신사장 프로젝트,춘천인형극장,playground,강원특별자치도 춘천시 영서로 3017,37.92155576,127.720156,https://ys-dl.tistory.com/entry/%EC%8B%A0%EC%82%AC%EC%9E%A5-%ED%94%84%EB%A1%9C%EC%A0%9D%ED%8A%B8-%EC%B4%AC%EC%98%81%EC%A7%80-13%EA%B3%B3%EC%9D%84-%EC%95%8C%EB%A0%A4%EB%93%9C%EB%A6%BD%EB%8B%88%EB%8B%A4%EC%97%85%EB%8D%B0%EC%9D%B4%ED%8A%B8%EC%A4%91,YSDL,KAKAO
신사장 프로젝트,청주청소년문화존,playground,충북 청주시 상당구 북문로2가 105-3,36.63940783,127.4883969,https://ys-dl.tistory.com/entry/%EC%8B%A0%EC%82%AC%EC%9E%A5-%ED%94%84%EB%A1%9C%EC%A0%9D%ED%8A%B8-%EC%B4%AC%EC%98%81%EC%A7%80-13%EA%B3%B3%EC%9D%84-%EC%95%8C%EB%A0%A4%EB%93%9C%EB%A6%BD%EB%8B%88%EB%8B%A4%EC%97%85%EB%8D%B0%EC%9D%B4%ED%8A%B8%EC%A4%91,YSDL,KAKAO
신사장 프로젝트,안동태사묘,playground,경북 안동시 태사길 13,36.56703247,128.7316465,https://ys-dl.tistory.com/entry/%EC%8B%A0%EC%82%AC%EC%9E%A5-%ED%94%84%EB%A1%9C%EC%A0%9D%ED%8A%B8-%EC%B4%AC%EC%98%81%EC%A7%80-13%EA%B3%B3%EC%9D%84-%EC%95%8C%EB%A0%A4%EB%93%9C%EB%A6%BD%EB%8B%88%EB%8B%A4%EC%97%85%EB%8D%B0%EC%9D%B4%ED%8A%B8%EC%A4%91,YSDL,KAKAO
신사장 프로젝트,월영교,playground,경북 안동시 석주로 203,36.57661204,128.760926,https://ys-dl.tistory.com/entry/%EC%8B%A0%EC%82%AC%EC%9E%A5-%ED%94%84%EB%A1%9C%EC%A0%9D%ED%8A%B8-%EC%B4%AC%EC%98%81%EC%A7%80-13%EA%B3%B3%EC%9D%84-%EC%95%8C%EB%A0%A4%EB%93%9C%EB%A6%BD%EB%8B%88%EB%8B%A4%EC%97%85%EB%8D%B0%EC%9D%B4%ED%8A%B8%EC%A4%91,YSDL,KAKAO
신사장 프로젝트,안동민속촌,playground,경북 안동시 민속촌길 13,36.57675374,128.765295,https://ys-dl.tistory.com/entry/%EC%8B%A0%EC%82%AC%EC%9E%A5-%ED%94%84%EB%A1%9C%EC%A0%9D%ED%8A%B8-%EC%B4%AC%EC%98%81%EC%A7%80-13%EA%B3%B3%EC%9D%84-%EC%95%8C%EB%A0%A4%EB%93%9C%EB%A6%BD%EB%8B%88%EB%8B%A4%EC%97%85%EB%8D%B0%EC%9D%B4%ED%8A%B8%EC%A4%91,YSDL,KAKAO
신성한 이혼,똘고랑문화공원,playground,서울 강서구 마곡동 295-4,37.57078613,126.8281224,https://ys-dl.tistory.com/entry/%EC%8B%A0%EC%84%B1%ED%95%9C-%EC%9D%B4%ED%98%BC-%EC%B4%AC%EC%98%81%EC%A7%80-3%EA%B3%B3%EC%9D%84-%EC%95%8C%EB%A0%A4%EB%93%9C%EB%A6%BD%EB%8B%88%EB%8B%A4%EC%97%85%EB%8D%B0%EC%9D%B4%ED%8A%B8%EC%A4%91,YSDL,KAKAO
신성한 이혼,여의도한강공원,playground,서울 영등포구 여의도동 85,37.5263886,126.9351293,https://ys-dl.tistory.com/entry/%EC%8B%A0%EC%84%B1%ED%95%9C-%EC%9D%B4%ED%98%BC-%EC%B4%AC%EC%98%81%EC%A7%80-3%EA%B3%B3%EC%9D%84-%EC%95%8C%EB%A0%A4%EB%93%9C%EB%A6%BD%EB%8B%88%EB%8B%A4%EC%97%85%EB%8D%B0%EC%9D%B4%ED%8A%B8%EC%A4%91,YSDL,KAKAO
신성한 이혼,청계천,playground,서울 종로구 서린동 148,37.56914697,126.9786471,https://ys-dl.tistory.com/entry/%EC%8B%A0%EC%84%B1%ED%95%9C-%EC%9D%B4%ED%98%BC-%EC%B4%AC%EC%98%81%EC%A7%80-3%EA%B3%B3%EC%9D%84-%EC%95%8C%EB%A0%A4%EB%93%9C%EB%A6%BD%EB%8B%88%EB%8B%A4%EC%97%85%EB%8D%B0%EC%9D%B4%ED%8A%B8%EC%A4%91,YSDL,KAKAO
신성한 이혼,운정호수공원,playground,경기 파주시 와동동,37.71988717,126.7578737,https://ys-dl.tistory.com/entry/%EC%8B%A0%EC%84%B1%ED%95%9C-%EC%9D%B4%ED%98%BC-%EC%B4%AC%EC%98%81%EC%A7%80-3%EA%B3%B3%EC%9D%84-%EC%95%8C%EB%A0%A4%EB%93%9C%EB%A6%BD%EB%8B%88%EB%8B%A4%EC%97%85%EB%8D%B0%EC%9D%B4%ED%8A%B8%EC%A4%91,YSDL,KAKAO
신성한 이혼,능안공원,playground,경기 고양시 일산동구 마두동 958,37.6599254,126.7833132,https://ys-dl.tistory.com/entry/%EC%8B%A0%EC%84%B1%ED%95%9C-%EC%9D%B4%ED%98%BC-%EC%B4%AC%EC%98%81%EC%A7%80-3%EA%B3%B3%EC%9D%84-%EC%95%8C%EB%A0%A4%EB%93%9C%EB%A6%BD%EB%8B%88%EB%8B%A4%EC%97%85%EB%8D%B0%EC%9D%B4%ED%8A%B8%EC%A4%91,YSDL,KAKAO
신성한 이혼,CGV 김포운양,playground,경기 김포시 김포한강11로 288-31,37.65471278,126.684126,https://ys-dl.tistory.com/entry/%EC%8B%A0%EC%84%B1%ED%95%9C-%EC%9D%B4%ED%98%BC-%EC%B4%AC%EC%98%81%EC%A7%80-3%EA%B3%B3%EC%9D%84-%EC%95%8C%EB%A0%A4%EB%93%9C%EB%A6%BD%EB%8B%88%EB%8B%A4%EC%97%85%EB%8D%B0%EC%9D%B4%ED%8A%B8%EC%A4%91,YSDL,KAKAO
신성한 이혼,미소공원,playground,전남광주통합특별시 완도군 군외면 당인리 산 57-2,34.3281233,126.6586081,https://ys-dl.tistory.com/entry/%EC%8B%A0%EC%84%B1%ED%95%9C-%EC%9D%B4%ED%98%BC-%EC%B4%AC%EC%98%81%EC%A7%80-3%EA%B3%B3%EC%9D%84-%EC%95%8C%EB%A0%A4%EB%93%9C%EB%A6%BD%EB%8B%88%EB%8B%A4%EC%97%85%EB%8D%B0%EC%9D%B4%ED%8A%B8%EC%A4%91,YSDL,KAKAO
신의,대조사,playground,충청남도 부여군 임천면 성흥로197번길 112,36.19095,126.9007,,KCISA,KCISA
신의,성흥산 사랑나무,playground,충청남도 부여군 임천면 성흥로97번길 167,36.1971825,126.898347,,KCISA,KCISA
신이라 불리운 사나이,주한앙골라대사관저,playground,서울특별시 성북구 선잠로2길 211,37.59926,127.0012,,KCISA,KCISA
신이라 불리운 사나이,N서울타워,playground,서울특별시 용산구 남산공원길 105,37.551168,126.98824,,KCISA,KCISA
신이라 불리운 사나이,운현궁 양관,playground,서울특별시 종로구 삼일대로 460,37.576111,126.987749,,KCISA,KCISA
신이라 불리운 사나이,서울신문사,playground,서울특별시 중구 세종대로 124,37.567385,126.97784,,KCISA,KCISA
신이라 불리운 사나이,세종대로,playground,서울특별시 중구 세종대로 86-1,37.563835,126.97677,,KCISA,KCISA
신입사관 구해령,용인 대장금 파크,playground,경기도 용인시 처인구 백암면 용천드라마길 25,37.1209396,127.337296,,KCISA,KCISA
신입사관 구해령,영주소수서원,playground,경상북도 영주시 순흥면 소백로 2740,36.925493,128.58029,,KCISA,KCISA
신입사관 구해령,창덕궁,playground,서울특별시 종로구 율곡로 99,37.582757,126.991295,,KCISA,KCISA
신입사관 구해령,광한루원,playground,전라북도 남원시 요천로 1447,35.403918,127.379758,,KCISA,KCISA
신입사원 강회장,청계천,playground,서울 종로구 서린동 148,37.56914697,126.9786471,https://ys-dl.tistory.com/entry/%EC%8B%A0%EC%9E%85%EC%82%AC%EC%9B%90-%EA%B0%95%ED%9A%8C%EC%9E%A5-%EC%B4%AC%EC%98%81%EC%A7%80-7%EA%B3%B3%EC%9D%84-%EC%95%8C%EB%A0%A4%EB%93%9C%EB%A6%BD%EB%8B%88%EB%8B%A4%EC%97%85%EB%8D%B0%EC%9D%B4%ED%8A%B8%EC%A4%91,YSDL,KAKAO
신입사원 강회장,연풍순교성지,playground,충북 괴산군 연풍면 중앙로괴정1길 14,36.76247652,127.9944499,https://ys-dl.tistory.com/entry/%EC%8B%A0%EC%9E%85%EC%82%AC%EC%9B%90-%EA%B0%95%ED%9A%8C%EC%9E%A5-%EC%B4%AC%EC%98%81%EC%A7%80-7%EA%B3%B3%EC%9D%84-%EC%95%8C%EB%A0%A4%EB%93%9C%EB%A6%BD%EB%8B%88%EB%8B%A4%EC%97%85%EB%8D%B0%EC%9D%B4%ED%8A%B8%EC%A4%91,YSDL,KAKAO
신입사원 강회장,황등석산,playground,전북특별자치도 익산시 황등면 황등리 452-5,36.00386281,126.9462795,https://ys-dl.tistory.com/entry/%EC%8B%A0%EC%9E%85%EC%82%AC%EC%9B%90-%EA%B0%95%ED%9A%8C%EC%9E%A5-%EC%B4%AC%EC%98%81%EC%A7%80-7%EA%B3%B3%EC%9D%84-%EC%95%8C%EB%A0%A4%EB%93%9C%EB%A6%BD%EB%8B%88%EB%8B%A4%EC%97%85%EB%8D%B0%EC%9D%B4%ED%8A%B8%EC%A4%91,YSDL,KAKAO
실버벨이 울리면,오동근린공원,playground,서울 성북구 화랑로13가길 100,37.60997441,127.0419681,https://ys-dl.tistory.com/entry/%EC%8B%A4%EB%B2%84%EB%B2%A8%EC%9D%B4-%EC%9A%B8%EB%A6%AC%EB%A9%B4-%EC%B4%AC%EC%98%81%EC%A7%80-13%EA%B3%B3%EC%9D%84-%EC%95%8C%EB%A0%A4%EB%93%9C%EB%A6%BD%EB%8B%88%EB%8B%A4%EC%97%85%EB%8D%B0%EC%9D%B4%ED%8A%B8%EC%A4%91,YSDL,KAKAO
실버벨이 울리면,속초아이 대관람차,playground,강원특별자치도 속초시 청호해안길 2,38.19081498,128.6027798,https://ys-dl.tistory.com/entry/%EC%8B%A4%EB%B2%84%EB%B2%A8%EC%9D%B4-%EC%9A%B8%EB%A6%AC%EB%A9%B4-%EC%B4%AC%EC%98%81%EC%A7%80-13%EA%B3%B3%EC%9D%84-%EC%95%8C%EB%A0%A4%EB%93%9C%EB%A6%BD%EB%8B%88%EB%8B%A4%EC%97%85%EB%8D%B0%EC%9D%B4%ED%8A%B8%EC%A4%91,YSDL,KAKAO
심우면 연리리,문경에코월드,playground,경북 문경시 가은읍 왕능길 114,36.6541931,128.0598267,https://ys-dl.tistory.com/entry/%EC%8B%AC%EC%9A%B0%EB%A9%B4%EC%97%B0%EB%A6%AC%EB%A6%AC-%EC%B4%AC%EC%98%81%EC%A7%80-7%EA%B3%B3%EC%9D%84-%EC%95%8C%EB%A0%A4%EB%93%9C%EB%A6%BD%EB%8B%88%EB%8B%A4%EC%97%85%EB%8D%B0%EC%9D%B4%ED%8A%B8%EC%A4%91,YSDL,KAKAO
심우면 연리리,문경오미자테마터널,playground,경북 문경시 마성면 신현리 산 35-6,36.66060167,128.1287656,https://ys-dl.tistory.com/entry/%EC%8B%AC%EC%9A%B0%EB%A9%B4%EC%97%B0%EB%A6%AC%EB%A6%AC-%EC%B4%AC%EC%98%81%EC%A7%80-7%EA%B3%B3%EC%9D%84-%EC%95%8C%EB%A0%A4%EB%93%9C%EB%A6%BD%EB%8B%88%EB%8B%A4%EC%97%85%EB%8D%B0%EC%9D%B4%ED%8A%B8%EC%A4%91,YSDL,KAKAO
십시일반,중림동약현성당,playground,서울특별시 중구 청파로 447-1,37.559115,126.96744,,KCISA,KCISA
싸우자 귀신아,국립교통재활병원,playground,경기도 양평군 양평읍 중앙로 260,37.4897334,127.518454,,KCISA,KCISA
싸우자 귀신아,무명교,playground,경기도 파주시 탄현면 오금리,37.78882,126.6988,,KCISA,KCISA
싸우자 귀신아,삼순이 계단,playground,서울특별시 중구 남산공원길 649,37.554717,126.98177,,KCISA,KCISA
싸우자 귀신아,월미테마파크,playground,인천광역시 중구 월미문화로 81,37.471305,126.59629,,KCISA,KCISA
싸이코패스 다이어리,익산 교도소 세트장,playground,전라북도 익산시 성당면 함낭로 207,36.069334,126.93158,,KCISA,KCISA
쌈 마이웨이,아이앤씨테크놀로지,playground,경기도 성남시 분당구 판교로255번길 24,37.405082,127.10111,,KCISA,KCISA
쌈 마이웨이,부산 한성주택,playground,부산광역시 남구 문현동 산96-9,35.137028,129.076445,,KCISA,KCISA
쌈 마이웨이,호천문화플랫폼,playground,부산광역시 부산진구 엄광로 491,35.144303,129.051203,,KCISA,KCISA
쌈 마이웨이,앤드트리메타,playground,서울특별시 강남구 도산대로51길 19,37.5244126,127.037639,,KCISA,KCISA
쌈 마이웨이,서울김포공항 우리들병원,playground,서울특별시 강서구 하늘길 70,37.5619,126.7964,,KCISA,KCISA
쌈 마이웨이,와우산로22길,playground,서울특별시 마포구 와우산로22길 34,37.55098,126.9241,,KCISA,KCISA
쌈 마이웨이,드림타워,playground,서울특별시 마포구 월드컵북로56길 19,37.58222,126.8883,,KCISA,KCISA
쌈 마이웨이,여의도 KBS방송국,playground,서울특별시 영등포구 여의공원로 13,37.52563,126.91633,,KCISA,KCISA
쌈 마이웨이,참샘골공원,playground,서울특별시 종로구 평창동 470,37.614899,126.97453,,KCISA,KCISA
쌈 마이웨이,장충체육관,playground,서울특별시 중구 동호로 241,37.558206,127.00672,,KCISA,KCISA
쌈 마이웨이,서울도서관,playground,서울특별시 중구 세종대로 110 ,37.566291,126.977931,,KCISA,KCISA
쌈 마이웨이,세종대로,playground,서울특별시 중구 세종대로 86-1,37.563835,126.97677,,KCISA,KCISA
쌈 마이웨이,서울로7017,playground,서울특별시 중구 청파로 432,37.556524,126.97375,,KCISA,KCISA
쌈 마이웨이,가톨릭관동대학교 국제성모병원,playground,인천광역시 서구 심곡로100번길 25,37.542425,126.68384,,KCISA,KCISA
쌍갑포차,고석정,playground,강원도 철원군 동송읍 태봉로 1825,38.186301,127.287536,,KCISA,KCISA
쌍갑포차,좋은아침 연수원,playground,경기도 가평군 하면 상판리 291-2,37.886772,127.360827,,KCISA,KCISA
쌍갑포차,서울대공원,playground,경기도 과천시 대공원광장로 102,37.427542,127.01701,,KCISA,KCISA
쌍갑포차,용인 대장금 파크,playground,경기도 용인시 처인구 백암면 용천드라마길 25,37.1209396,127.337296,,KCISA,KCISA
쌍갑포차,약천사,playground,경기도 파주시 교하로681번길 118,37.7057376,126.701279,,KCISA,KCISA
쌍갑포차,가온문화공원,playground,서울특별시 마포구 상암동 1594,37.58181,126.88765,,KCISA,KCISA
쌍갑포차,오라카이 송도파크호텔,playground,인천광역시 연수구 테크노파크로 151,37.38809,126.6408,,KCISA,KCISA
쌍갑포차,경암동 철길마을,playground,전라북도 군산시 경촌4길 14,35.981291,126.737028,,KCISA,KCISA
쌍갑포차,구룡마을 대나무숲,playground,전라북도 익산시 금마면 신용리 560,36.014599,127.046024,,KCISA,KCISA
쌍갑포차,성흥산 사랑나무,playground,충청남도 부여군 임천면 성흥로97번길 167,36.1971825,126.898347,,KCISA,KCISA
써클: 이어진 두 세계,트라이보울,playground,인천광역시 연수구 인천타워대로 250,37.394084,126.63504,,KCISA,KCISA
썸머가이즈,제주국제공항,playground,제주특별자치도 제주시 공항로 2,33.506548,126.49304,,KCISA,KCISA
아기가 생겼어요,가온문화공원,playground,서울 마포구 상암동 1594,37.58191481,126.8876787,https://ys-dl.tistory.com/entry/%EC%95%84%EA%B8%B0%EA%B0%80-%EC%83%9D%EA%B2%BC%EC%96%B4%EC%9A%94-%EC%B4%AC%EC%98%81%EC%A7%80-22%EA%B3%B3%EC%9D%84-%EC%95%8C%EB%A0%A4%EB%93%9C%EB%A6%BD%EB%8B%88%EB%8B%A4%EC%97%85%EB%8D%B0%EC%9D%B4%ED%8A%B8%EC%A4%91,YSDL,KAKAO
아기가 생겼어요,메가박스 상암월드컵경기장점,playground,서울 마포구 월드컵로 240,37.56918791,126.8982158,https://ys-dl.tistory.com/entry/%EC%95%84%EA%B8%B0%EA%B0%80-%EC%83%9D%EA%B2%BC%EC%96%B4%EC%9A%94-%EC%B4%AC%EC%98%81%EC%A7%80-22%EA%B3%B3%EC%9D%84-%EC%95%8C%EB%A0%A4%EB%93%9C%EB%A6%BD%EB%8B%88%EB%8B%A4%EC%97%85%EB%8D%B0%EC%9D%B4%ED%8A%B8%EC%A4%91,YSDL,KAKAO
아기가 생겼어요,여의도물빛광장,playground,서울 영등포구 여의도동 84-9,37.53068366,126.9288375,https://ys-dl.tistory.com/entry/%EC%95%84%EA%B8%B0%EA%B0%80-%EC%83%9D%EA%B2%BC%EC%96%B4%EC%9A%94-%EC%B4%AC%EC%98%81%EC%A7%80-22%EA%B3%B3%EC%9D%84-%EC%95%8C%EB%A0%A4%EB%93%9C%EB%A6%BD%EB%8B%88%EB%8B%A4%EC%97%85%EB%8D%B0%EC%9D%B4%ED%8A%B8%EC%A4%91,YSDL,KAKAO
아기가 생겼어요,주시경마당,playground,서울 종로구 당주동 108,37.57219303,126.9732285,https://ys-dl.tistory.com/entry/%EC%95%84%EA%B8%B0%EA%B0%80-%EC%83%9D%EA%B2%BC%EC%96%B4%EC%9A%94-%EC%B4%AC%EC%98%81%EC%A7%80-22%EA%B3%B3%EC%9D%84-%EC%95%8C%EB%A0%A4%EB%93%9C%EB%A6%BD%EB%8B%88%EB%8B%A4%EC%97%85%EB%8D%B0%EC%9D%B4%ED%8A%B8%EC%A4%91,YSDL,KAKAO
아기가 생겼어요,반포한강공원,playground,서울 서초구 반포동 115-5,37.51081993,126.997161,https://ys-dl.tistory.com/entry/%EC%95%84%EA%B8%B0%EA%B0%80-%EC%83%9D%EA%B2%BC%EC%96%B4%EC%9A%94-%EC%B4%AC%EC%98%81%EC%A7%80-22%EA%B3%B3%EC%9D%84-%EC%95%8C%EB%A0%A4%EB%93%9C%EB%A6%BD%EB%8B%88%EB%8B%A4%EC%97%85%EB%8D%B0%EC%9D%B4%ED%8A%B8%EC%A4%91,YSDL,KAKAO
아기가 생겼어요,송도한옥마을,playground,인천 연수구 테크노파크로 180,37.39086441,126.6388695,https://ys-dl.tistory.com/entry/%EC%95%84%EA%B8%B0%EA%B0%80-%EC%83%9D%EA%B2%BC%EC%96%B4%EC%9A%94-%EC%B4%AC%EC%98%81%EC%A7%80-22%EA%B3%B3%EC%9D%84-%EC%95%8C%EB%A0%A4%EB%93%9C%EB%A6%BD%EB%8B%88%EB%8B%A4%EC%97%85%EB%8D%B0%EC%9D%B4%ED%8A%B8%EC%A4%91,YSDL,KAKAO
아기가 생겼어요,로케이션 이음,playground,경기 파주시 탄현면 새오리로286번길 48-70,37.80403407,126.6931158,https://ys-dl.tistory.com/entry/%EC%95%84%EA%B8%B0%EA%B0%80-%EC%83%9D%EA%B2%BC%EC%96%B4%EC%9A%94-%EC%B4%AC%EC%98%81%EC%A7%80-22%EA%B3%B3%EC%9D%84-%EC%95%8C%EB%A0%A4%EB%93%9C%EB%A6%BD%EB%8B%88%EB%8B%A4%EC%97%85%EB%8D%B0%EC%9D%B4%ED%8A%B8%EC%A4%91,YSDL,KAKAO
아기가 생겼어요,미메시스 아트 뮤지엄,playground,경기 파주시 문발로 253,37.71679273,126.6889188,https://ys-dl.tistory.com/entry/%EC%95%84%EA%B8%B0%EA%B0%80-%EC%83%9D%EA%B2%BC%EC%96%B4%EC%9A%94-%EC%B4%AC%EC%98%81%EC%A7%80-22%EA%B3%B3%EC%9D%84-%EC%95%8C%EB%A0%A4%EB%93%9C%EB%A6%BD%EB%8B%88%EB%8B%A4%EC%97%85%EB%8D%B0%EC%9D%B4%ED%8A%B8%EC%A4%91,YSDL,KAKAO
아기가 생겼어요,서울랜드,playground,경기 과천시 광명로 181,37.43390283,127.0187021,https://ys-dl.tistory.com/entry/%EC%95%84%EA%B8%B0%EA%B0%80-%EC%83%9D%EA%B2%BC%EC%96%B4%EC%9A%94-%EC%B4%AC%EC%98%81%EC%A7%80-22%EA%B3%B3%EC%9D%84-%EC%95%8C%EB%A0%A4%EB%93%9C%EB%A6%BD%EB%8B%88%EB%8B%A4%EC%97%85%EB%8D%B0%EC%9D%B4%ED%8A%B8%EC%A4%91,YSDL,KAKAO
아는 와이프,낙산 해수욕장,playground,강원도 양양군 강현면 해맞이길 59,38.1164806,128.63426,,KCISA,KCISA
아는 와이프,일산문화광장,playground,경기도 고양시 일산동구 중앙로 1271-4,37.65839,126.7704,,KCISA,KCISA
아는 와이프,라메리트,playground,경기도 파주시 문발로 139,37.706906,126.68603,,KCISA,KCISA
아는 와이프,로케이션 이음 (구 로얄퀘스트),playground,경기도 파주시 탄현면 새오리로286번길 48-70,37.713531,126.74641,,KCISA,KCISA
아는 와이프,김포국제공항,playground,서울특별시 강서구 하늘길 112,37.558655,126.79228,,KCISA,KCISA
아는 와이프,서울시립대학교,playground,서울특별시 동대문구 서울시립대로 163,37.583383,127.059971,,KCISA,KCISA
아는 와이프,동아디지털미디어센터,playground,서울특별시 마포구 매봉산로 75,37.57832,126.89285,,KCISA,KCISA
아는 와이프,상암IT타워,playground,서울특별시 마포구 월드컵북로 434,37.58157,126.886,,KCISA,KCISA
아는 와이프,반포대교,playground,서울특별시 서초구 반포동 반포대교,37.512187,126.9976,,KCISA,KCISA
아는 와이프,서울동부지방법원,playground,서울특별시 송파구 법원로 101,37.4834805,127.119727,,KCISA,KCISA
아는 와이프,롯데월드,playground,서울특별시 송파구 올림픽로 240,37.5112601,127.097998,,KCISA,KCISA
아는 와이프,인천대입구역,playground,인천광역시 연수구 타워대로 155,37.37834,126.6452,,KCISA,KCISA
아랑사또전,한국민속촌,playground,경기도 용인시 기흥구 민속촌로 90,37.260092,127.12036,,KCISA,KCISA
아랑사또전,부용대,playground,경상북도 안동시 풍천면 광덕솔밭길 72,36.542914,128.51663,,KCISA,KCISA
아름다운 그대에게,동탄국제고등학교,playground,경기도 화성시 동탄나루로 27,37.1891856,127.078496,,KCISA,KCISA
아름다운 날들,일산호수공원,playground,경기도 고양시 일산동구 호수로 731,37.658769,126.76252,,KCISA,KCISA
아름다운 날들,에버랜드,playground,경기도 용인시 처인구 포곡읍 에버랜드로 199,37.2896511,127.217242,,KCISA,KCISA
아름다운 날들,원방빌딩,playground,서울특별시 강남구 선릉로157길 18 1~3층,37.526193,127.03838,,KCISA,KCISA
아름다운 날들,코엑스,playground,서울특별시 강남구 영동대로 513,37.510177,127.05866,,KCISA,KCISA
아름다운 날들,코엑스 아쿠아리움,playground,서울특별시 강남구 영동대로 513,37.510177,127.05866,,KCISA,KCISA
아름다운 날들,와우산로,playground,서울특별시 마포구 서교동 406,37.552359,126.92372,,KCISA,KCISA
아름다운 날들,반포대교,playground,서울특별시 서초구 반포동 반포대교,37.512187,126.9976,,KCISA,KCISA
아름다운 날들,롯데월드,playground,서울특별시 송파구 올림픽로 240,37.5112601,127.097998,,KCISA,KCISA
아름다운 날들,올림픽공원,playground,서울특별시 송파구 올림픽로 424,37.5209657,127.116064,,KCISA,KCISA
아름다운 날들,서강대교,playground,서울특별시 영등포구 여의도동 서강대교,37.536911,126.92495,,KCISA,KCISA
아름다운 날들,이랜드크루즈,playground,서울특별시 영등포구 여의동로 280,37.5290674,126.936218,,KCISA,KCISA
아름다운 날들,한강 공원 여의도 지구,playground,서울특별시 영등포구 여의동로 290,37.5290674,126.936218,,KCISA,KCISA
아름다운 날들,N서울타워,playground,서울특별시 용산구 남산공원길 105,37.551168,126.98824,,KCISA,KCISA
아름다운 날들,동작대교,playground,서울특별시 용산구 이촌동 동작대교,37.51041,126.981893,,KCISA,KCISA
아름다운 날들,한강대교,playground,서울특별시 용산구 이촌동 한강대교,37.517492,126.95897,,KCISA,KCISA
아름다운 날들,천주교 서울대교구 주교좌명동대성당,playground,서울특별시 중구 명동길 74,37.5632772,126.986827,,KCISA,KCISA
아름다운 날들,명동밀리오레,playground,서울특별시 중구 퇴계로 115,37.56106,126.9845,,KCISA,KCISA
아름다운 날들,남산공원분수대,playground,서울특별시 중구 회현동1가 100-267,37.554107,126.98194,,KCISA,KCISA
아름다운 날들,인천국제공항,playground,인천광역시 중구 공항로 272,37.44919,126.4514,,KCISA,KCISA
아름다웠던 우리에게,영프라자,playground,경기도 고양시 덕양구 화신로272번길 58,37.63367,126.8323,,KCISA,KCISA
아름다웠던 우리에게,수원월드컵경기장,playground,경기도 수원시 팔달구 월드컵로 310,37.28648,127.0369,,KCISA,KCISA
아름다웠던 우리에게,성미산로29길,playground,서울특별시 마포구 성미산로29길 3,37.564235,126.92285,,KCISA,KCISA
아름다웠던 우리에게,신촌 파랑고래,playground,서울특별시 서대문구 연세로5나길 19,37.55683,126.9352,,KCISA,KCISA
아름다웠던 우리에게,남산예술원웨딩홀,playground,서울특별시 용산구 소월로 375,37.5447,127.0004,,KCISA,KCISA
아름다웠던 우리에게,율곡로3길,playground,서울특별시 종로구 율곡로3길,37.577811,126.98239,,KCISA,KCISA
아름다웠던 우리에게,하도리1구 복지회관,playground,충청남도 논산시 노성면 하도1길 110,36.25568,127.1316,,KCISA,KCISA
아름다웠던 우리에게,탑정호수변생태공원,playground,충청남도 논산시 부적면 충곡리 287-8,36.19184,127.1724,,KCISA,KCISA
아름다웠던 우리에게,논산여자상업고등학교,playground,충청남도 논산시 시민로 197,36.183587,127.09533,,KCISA,KCISA
아버님 제가 모실게요,주문리,playground,강원도 강릉시 주문진읍 소돌길 42-23,37.9042484,128.828234,,KCISA,KCISA
아버님 제가 모실게요,강릉 소돌항,playground,강원도 강릉시 주문진읍 주문리 791-23,37.90507,128.8305,,KCISA,KCISA
아버님 제가 모실게요,교하중앙공원,playground,경기도 파주시 숲속노을로 256,37.724024,126.71688,,KCISA,KCISA
아버님 제가 모실게요,지혜의 숲,playground,경기도 파주시 회동길 145,37.7082492,126.686674,,KCISA,KCISA
아버님 제가 모실게요,KstarROAD,playground,서울특별시 강남구 압구정동 516,37.52756,127.0423,,KCISA,KCISA
아버님 제가 모실게요,압구정로,playground,서울특별시 강남구 압구정로 436,37.526557,127.04465,,KCISA,KCISA
아버님 제가 모실게요,세라믹팔레스홀,playground,서울특별시 강남구 일원로 90,37.485848,127.08239,,KCISA,KCISA
아버님 제가 모실게요,난지한강공원,playground,서울특별시 마포구 한강난지로 162,37.564486,126.87945,,KCISA,KCISA
아버지가 이상해,원효대교,playground,서울특별시 영등포구 여의도동 원효대교,37.527046,126.94571,,KCISA,KCISA
아버지가 이상해,한강 공원 여의도 지구,playground,서울특별시 영등포구 여의동로 290,37.5290674,126.936218,,KCISA,KCISA
아스달 연대기,아스달 연대기 드라마세트장,playground,경기도 오산시 내삼미동 240,37.17935,127.0638,,KCISA,KCISA
아스달 연대기,반곡지,playground,경상북도 경산시 남산면 반곡리 246,35.780498,128.806454,,KCISA,KCISA
아이가 다섯,예술의전당,playground,서울특별시 서초구 남부순환로 2406,37.479115,127.01057,,KCISA,KCISA
아이가 다섯,휘트니스 바빌론,playground,서울특별시 영등포구 은행로 11,37.52785,126.9202,,KCISA,KCISA
아이가 다섯,N서울타워,playground,서울특별시 용산구 남산공원길 105,37.551168,126.98824,,KCISA,KCISA
아이가 다섯,청계천,playground,서울특별시 종로구 서린동 148,37.569205,126.97791,,KCISA,KCISA
아이돌아이,경의선숲길,playground,서울 마포구 동교동 190-1,37.55880348,126.9253385,https://ys-dl.tistory.com/entry/%EC%95%84%EC%9D%B4%EB%8F%8C%EC%95%84%EC%9D%B4-%EC%B4%AC%EC%98%81%EC%A7%80-11%EA%B3%B3%EC%9D%84-%EC%95%8C%EB%A0%A4%EB%93%9C%EB%A6%BD%EB%8B%88%EB%8B%A4%EC%97%85%EB%8D%B0%EC%9D%B4%ED%8A%B8%EC%A4%91,YSDL,KAKAO
아이돌아이,대원정사,playground,서울 용산구 두텁바위로60길 49,37.54894377,126.9833876,https://ys-dl.tistory.com/entry/%EC%95%84%EC%9D%B4%EB%8F%8C%EC%95%84%EC%9D%B4-%EC%B4%AC%EC%98%81%EC%A7%80-11%EA%B3%B3%EC%9D%84-%EC%95%8C%EB%A0%A4%EB%93%9C%EB%A6%BD%EB%8B%88%EB%8B%A4%EC%97%85%EB%8D%B0%EC%9D%B4%ED%8A%B8%EC%A4%91,YSDL,KAKAO
아이돌아이,잠수교 북단쉼터,playground,서울 용산구 서빙고동 287-4,37.51893786,126.9941405,https://ys-dl.tistory.com/entry/%EC%95%84%EC%9D%B4%EB%8F%8C%EC%95%84%EC%9D%B4-%EC%B4%AC%EC%98%81%EC%A7%80-11%EA%B3%B3%EC%9D%84-%EC%95%8C%EB%A0%A4%EB%93%9C%EB%A6%BD%EB%8B%88%EB%8B%A4%EC%97%85%EB%8D%B0%EC%9D%B4%ED%8A%B8%EC%A4%91,YSDL,KAKAO
아이돌아이,반포한강공원,playground,서울 서초구 반포동 115-5,37.51081993,126.997161,https://ys-dl.tistory.com/entry/%EC%95%84%EC%9D%B4%EB%8F%8C%EC%95%84%EC%9D%B4-%EC%B4%AC%EC%98%81%EC%A7%80-11%EA%B3%B3%EC%9D%84-%EC%95%8C%EB%A0%A4%EB%93%9C%EB%A6%BD%EB%8B%88%EB%8B%A4%EC%97%85%EB%8D%B0%EC%9D%B4%ED%8A%B8%EC%A4%91,YSDL,KAKAO
아이돌아이,송도센트럴파크,playground,인천 연수구 송도동 24-5,37.39306396,126.6386297,https://ys-dl.tistory.com/entry/%EC%95%84%EC%9D%B4%EB%8F%8C%EC%95%84%EC%9D%B4-%EC%B4%AC%EC%98%81%EC%A7%80-11%EA%B3%B3%EC%9D%84-%EC%95%8C%EB%A0%A4%EB%93%9C%EB%A6%BD%EB%8B%88%EB%8B%A4%EC%97%85%EB%8D%B0%EC%9D%B4%ED%8A%B8%EC%A4%91,YSDL,KAKAO
아이돌아이,아쿠아플라넷 일산,playground,경기 고양시 일산서구 한류월드로 282,37.66378755,126.7554856,https://ys-dl.tistory.com/entry/%EC%95%84%EC%9D%B4%EB%8F%8C%EC%95%84%EC%9D%B4-%EC%B4%AC%EC%98%81%EC%A7%80-11%EA%B3%B3%EC%9D%84-%EC%95%8C%EB%A0%A4%EB%93%9C%EB%A6%BD%EB%8B%88%EB%8B%A4%EC%97%85%EB%8D%B0%EC%9D%B4%ED%8A%B8%EC%A4%91,YSDL,KAKAO
아이돌아이,일산호수공원,playground,경기 고양시 일산동구 호수로 595,37.65613604,126.7641415,https://ys-dl.tistory.com/entry/%EC%95%84%EC%9D%B4%EB%8F%8C%EC%95%84%EC%9D%B4-%EC%B4%AC%EC%98%81%EC%A7%80-11%EA%B3%B3%EC%9D%84-%EC%95%8C%EB%A0%A4%EB%93%9C%EB%A6%BD%EB%8B%88%EB%8B%A4%EC%97%85%EB%8D%B0%EC%9D%B4%ED%8A%B8%EC%A4%91,YSDL,KAKAO
아이돌아이,청심평화월드센터,playground,경기 가평군 설악면 미사리로 258,37.68376298,127.5204254,https://ys-dl.tistory.com/entry/%EC%95%84%EC%9D%B4%EB%8F%8C%EC%95%84%EC%9D%B4-%EC%B4%AC%EC%98%81%EC%A7%80-11%EA%B3%B3%EC%9D%84-%EC%95%8C%EB%A0%A4%EB%93%9C%EB%A6%BD%EB%8B%88%EB%8B%A4%EC%97%85%EB%8D%B0%EC%9D%B4%ED%8A%B8%EC%A4%91,YSDL,KAKAO
아이돌아이,자라섬,playground,경기 가평군 가평읍 달전리 30,37.81575236,127.5279467,https://ys-dl.tistory.com/entry/%EC%95%84%EC%9D%B4%EB%8F%8C%EC%95%84%EC%9D%B4-%EC%B4%AC%EC%98%81%EC%A7%80-11%EA%B3%B3%EC%9D%84-%EC%95%8C%EB%A0%A4%EB%93%9C%EB%A6%BD%EB%8B%88%EB%8B%A4%EC%97%85%EB%8D%B0%EC%9D%B4%ED%8A%B8%EC%A4%91,YSDL,KAKAO
아이돌아이,광한루원,playground,전북특별자치도 남원시 요천로 1447,35.40391878,127.3797814,https://ys-dl.tistory.com/entry/%EC%95%84%EC%9D%B4%EB%8F%8C%EC%95%84%EC%9D%B4-%EC%B4%AC%EC%98%81%EC%A7%80-11%EA%B3%B3%EC%9D%84-%EC%95%8C%EB%A0%A4%EB%93%9C%EB%A6%BD%EB%8B%88%EB%8B%A4%EC%97%85%EB%8D%B0%EC%9D%B4%ED%8A%B8%EC%A4%91,YSDL,KAKAO
아이돌아이,천개의향나무숲,playground,전남광주통합특별시 구례군 광의면 천변길 12,35.22673709,127.4603279,https://ys-dl.tistory.com/entry/%EC%95%84%EC%9D%B4%EB%8F%8C%EC%95%84%EC%9D%B4-%EC%B4%AC%EC%98%81%EC%A7%80-11%EA%B3%B3%EC%9D%84-%EC%95%8C%EB%A0%A4%EB%93%9C%EB%A6%BD%EB%8B%88%EB%8B%A4%EC%97%85%EB%8D%B0%EC%9D%B4%ED%8A%B8%EC%A4%91,YSDL,KAKAO
아이리스,북서울 꿈의 숲,playground,서울특별시 강북구 월계로 173,37.62228,127.03987,,KCISA,KCISA
아이리스,연세대학교 신촌캠퍼스,playground,서울특별시 서대문구 연세로 50,37.5637563,126.937546,,KCISA,KCISA
아이리스,광화문 광장,playground,서울특별시 종로구 세종대로 175,37.5706546,126.976661,,KCISA,KCISA
아이리스,중림동약현성당,playground,서울특별시 중구 청파로 447-1,37.559115,126.96744,,KCISA,KCISA
아이리스,컨벤시아대로,playground,인천광역시 연수구 컨벤시아대로,37.392001,126.64628,,KCISA,KCISA
아이리스,표선 등대,playground,제주특별자치도 서귀포시 표선면 민속해안로 532,33.3209829,126.846909,,KCISA,KCISA
아이리스 2,동숭길,playground,서울특별시 종로구 동숭길,37.58256,127.0043,,KCISA,KCISA
아이쇼핑,용마랜드,playground,서울 중랑구 망우로70길 118,37.59477741,127.1054538,https://ys-dl.tistory.com/entry/%EC%95%84%EC%9D%B4%EC%87%BC%ED%95%91-%EC%B4%AC%EC%98%81%EC%A7%80-7%EA%B3%B3%EC%9D%84-%EC%95%8C%EB%A0%A4%EB%93%9C%EB%A6%BD%EB%8B%88%EB%8B%A4%EC%97%85%EB%8D%B0%EC%9D%B4%ED%8A%B8%EC%A4%91,YSDL,KAKAO
아이쇼핑,네이처스케이프 플러스,playground,경기 화성시 동탄구 동탄대로5길 21,37.1670794,127.1054252,https://ys-dl.tistory.com/entry/%EC%95%84%EC%9D%B4%EC%87%BC%ED%95%91-%EC%B4%AC%EC%98%81%EC%A7%80-7%EA%B3%B3%EC%9D%84-%EC%95%8C%EB%A0%A4%EB%93%9C%EB%A6%BD%EB%8B%88%EB%8B%A4%EC%97%85%EB%8D%B0%EC%9D%B4%ED%8A%B8%EC%A4%91,YSDL,KAKAO
아이쇼핑,상무광장,playground,전남광주통합특별시 서구 치평동 1228-3,35.15341608,126.853442,https://ys-dl.tistory.com/entry/%EC%95%84%EC%9D%B4%EC%87%BC%ED%95%91-%EC%B4%AC%EC%98%81%EC%A7%80-7%EA%B3%B3%EC%9D%84-%EC%95%8C%EB%A0%A4%EB%93%9C%EB%A6%BD%EB%8B%88%EB%8B%A4%EC%97%85%EB%8D%B0%EC%9D%B4%ED%8A%B8%EC%A4%91,YSDL,KAKAO
아이쇼핑,지산유원지,playground,전남광주통합특별시 동구 지호로164번길 35-1,35.14940005,126.9491012,https://ys-dl.tistory.com/entry/%EC%95%84%EC%9D%B4%EC%87%BC%ED%95%91-%EC%B4%AC%EC%98%81%EC%A7%80-7%EA%B3%B3%EC%9D%84-%EC%95%8C%EB%A0%A4%EB%93%9C%EB%A6%BD%EB%8B%88%EB%8B%A4%EC%97%85%EB%8D%B0%EC%9D%B4%ED%8A%B8%EC%A4%91,YSDL,KAKAO
아이언맨,에버랜드,playground,경기도 용인시 처인구 포곡읍 에버랜드로 199,37.2896511,127.217242,,KCISA,KCISA
아이언맨,사우스케이프오너스클럽,playground,경상남도 남해군 창선면 흥선로 1545,34.836501,128.07449,,KCISA,KCISA
아이템,아난티 클럽 서울,playground,경기도 가평군 설악면 유명로 961-34,37.619609,127.48216,,KCISA,KCISA
아이템,동피랑 벽화마을,playground,경상남도 통영시 동피랑1길 6-18,34.845641,128.427523,,KCISA,KCISA
아이템,계명대학교 성서캠퍼스,playground,대구광역시 달서구 달구벌대로 1095,35.8555794,128.484165,,KCISA,KCISA
아직 낫서른,백현동카페거리,playground,경기도 성남시 분당구 백현동 567-1,37.385271,127.11082,,KCISA,KCISA
아직 낫서른,에리아,playground,경기도 성남시 분당구 판교역로18번길 12,37.3845761,127.110967,,KCISA,KCISA
아직 낫서른,워시엔조이 셀프빨래방 성남위례점,playground,경기도 성남시 수정구 위례서일로1길 8-22,37.46674,127.1384,,KCISA,KCISA
아직 낫서른,경희대학교 서울캠퍼스,playground,서울특별시 동대문구 경희대로 26,37.595363,127.05276,,KCISA,KCISA
아직 낫서른,경의선광장,playground,서울특별시 마포구 백범로28길 17,37.544913,126.94684,,KCISA,KCISA
아직 낫서른,구룡근린공원,playground,서울특별시 마포구 월드컵북로 456,37.582996,126.88385,,KCISA,KCISA
아직도 결혼하고 싶은 여자,MBC일산드림센터,playground,경기도 고양시 일산동구 호수로 596,37.6547819,126.770815,,KCISA,KCISA
아테나: 전쟁의 여신,롯데월드,playground,서울특별시 송파구 올림픽로 240,37.5112601,127.097998,,KCISA,KCISA
아파트,와우산,playground,서울 마포구 와우산로30길 87,37.55135243,126.9285779,https://ys-dl.tistory.com/entry/%EC%95%84%ED%8C%8C%ED%8A%B8-%EC%B4%AC%EC%98%81%EC%A7%80-12%EA%B3%B3%EC%9D%84-%EC%95%8C%EB%A0%A4%EB%93%9C%EB%A6%BD%EB%8B%88%EB%8B%A4%EC%97%85%EB%8D%B0%EC%9D%B4%ED%8A%B8%EC%A4%91,YSDL,KAKAO
아파트,아트센터 인천,playground,인천 연수구 아트센터대로 222,37.39324161,126.6262146,https://ys-dl.tistory.com/entry/%EC%95%84%ED%8C%8C%ED%8A%B8-%EC%B4%AC%EC%98%81%EC%A7%80-12%EA%B3%B3%EC%9D%84-%EC%95%8C%EB%A0%A4%EB%93%9C%EB%A6%BD%EB%8B%88%EB%8B%A4%EC%97%85%EB%8D%B0%EC%9D%B4%ED%8A%B8%EC%A4%91,YSDL,KAKAO
아파트,사패산,playground,경기 양주시 장흥면 울대리 산 52-1,37.72234182,127.0103502,https://ys-dl.tistory.com/entry/%EC%95%84%ED%8C%8C%ED%8A%B8-%EC%B4%AC%EC%98%81%EC%A7%80-12%EA%B3%B3%EC%9D%84-%EC%95%8C%EB%A0%A4%EB%93%9C%EB%A6%BD%EB%8B%88%EB%8B%A4%EC%97%85%EB%8D%B0%EC%9D%B4%ED%8A%B8%EC%A4%91,YSDL,KAKAO
아파트,로케이션 이음,playground,경기 파주시 탄현면 새오리로286번길 48-70,37.80403407,126.6931158,https://ys-dl.tistory.com/entry/%EC%95%84%ED%8C%8C%ED%8A%B8-%EC%B4%AC%EC%98%81%EC%A7%80-12%EA%B3%B3%EC%9D%84-%EC%95%8C%EB%A0%A4%EB%93%9C%EB%A6%BD%EB%8B%88%EB%8B%A4%EC%97%85%EB%8D%B0%EC%9D%B4%ED%8A%B8%EC%A4%91,YSDL,KAKAO
아파트,베어트리파크,playground,세종특별자치시 전동면 신송로 217,36.6719859,127.2101124,https://ys-dl.tistory.com/entry/%EC%95%84%ED%8C%8C%ED%8A%B8-%EC%B4%AC%EC%98%81%EC%A7%80-12%EA%B3%B3%EC%9D%84-%EC%95%8C%EB%A0%A4%EB%93%9C%EB%A6%BD%EB%8B%88%EB%8B%A4%EC%97%85%EB%8D%B0%EC%9D%B4%ED%8A%B8%EC%A4%91,YSDL,KAKAO
아홉수 소년,정동진해수욕장,playground,강원도 강릉시 강동면 정동진리 257-2,37.690392,129.03358,,KCISA,KCISA
아홉수 소년,동해 논골담길,playground,강원도 동해시 논골1길 2,37.5528045,129.116572,,KCISA,KCISA
아홉수 소년,묵호등대전망대,playground,강원도 동해시 해맞이길 289,37.554268,129.1185,,KCISA,KCISA
아홉수 소년,대관령 양떼목장,playground,강원도 평창군 대관령면 대관령마루길 483-32,37.689736,128.753045,,KCISA,KCISA
악귀,용암사,playground,경기 파주시 광탄면 혜음로 742-28,37.75354598,126.8652151,https://ys-dl.tistory.com/entry/%EC%95%85%EA%B7%80-%EC%B4%AC%EC%98%81%EC%A7%80-28%EA%B3%B3%EC%9D%84-%EC%95%8C%EB%A0%A4%EB%93%9C%EB%A6%BD%EB%8B%88%EB%8B%A4%EC%97%85%EB%8D%B0%EC%9D%B4%ED%8A%B8%EC%A4%91,YSDL,KAKAO
악귀,법천사,playground,경기 안성시 금광면 상촌새말길 50,36.9459791,127.3114778,https://ys-dl.tistory.com/entry/%EC%95%85%EA%B7%80-%EC%B4%AC%EC%98%81%EC%A7%80-28%EA%B3%B3%EC%9D%84-%EC%95%8C%EB%A0%A4%EB%93%9C%EB%A6%BD%EB%8B%88%EB%8B%A4%EC%97%85%EB%8D%B0%EC%9D%B4%ED%8A%B8%EC%A4%91,YSDL,KAKAO
악귀,의림지파크랜드,playground,충북 제천시 의림지로 24,37.17509314,128.2086214,https://ys-dl.tistory.com/entry/%EC%95%85%EA%B7%80-%EC%B4%AC%EC%98%81%EC%A7%80-28%EA%B3%B3%EC%9D%84-%EC%95%8C%EB%A0%A4%EB%93%9C%EB%A6%BD%EB%8B%88%EB%8B%A4%EC%97%85%EB%8D%B0%EC%9D%B4%ED%8A%B8%EC%A4%91,YSDL,KAKAO
악귀,영인산자연휴양림,playground,충남 아산시 영인면 아산온천로 16-26,36.84104589,126.9501439,https://ys-dl.tistory.com/entry/%EC%95%85%EA%B7%80-%EC%B4%AC%EC%98%81%EC%A7%80-28%EA%B3%B3%EC%9D%84-%EC%95%8C%EB%A0%A4%EB%93%9C%EB%A6%BD%EB%8B%88%EB%8B%A4%EC%97%85%EB%8D%B0%EC%9D%B4%ED%8A%B8%EC%A4%91,YSDL,KAKAO
악귀,순천드라마촬영장,playground,전남광주통합특별시 순천시 비례골길 24,34.9570842,127.5380338,https://ys-dl.tistory.com/entry/%EC%95%85%EA%B7%80-%EC%B4%AC%EC%98%81%EC%A7%80-28%EA%B3%B3%EC%9D%84-%EC%95%8C%EB%A0%A4%EB%93%9C%EB%A6%BD%EB%8B%88%EB%8B%A4%EC%97%85%EB%8D%B0%EC%9D%B4%ED%8A%B8%EC%A4%91,YSDL,KAKAO
악귀,안동군자마을,playground,경북 안동시 와룡면 군자리길 29,36.67374521,128.8022828,https://ys-dl.tistory.com/entry/%EC%95%85%EA%B7%80-%EC%B4%AC%EC%98%81%EC%A7%80-28%EA%B3%B3%EC%9D%84-%EC%95%8C%EB%A0%A4%EB%93%9C%EB%A6%BD%EB%8B%88%EB%8B%A4%EC%97%85%EB%8D%B0%EC%9D%B4%ED%8A%B8%EC%A4%91,YSDL,KAKAO
악귀,부용대,playground,경북 안동시 풍천면 광덕솔밭길 72,36.54285157,128.5166155,https://ys-dl.tistory.com/entry/%EC%95%85%EA%B7%80-%EC%B4%AC%EC%98%81%EC%A7%80-28%EA%B3%B3%EC%9D%84-%EC%95%8C%EB%A0%A4%EB%93%9C%EB%A6%BD%EB%8B%88%EB%8B%A4%EC%97%85%EB%8D%B0%EC%9D%B4%ED%8A%B8%EC%A4%91,YSDL,KAKAO
악마가 너의 이름을 부를 때,춘천대교,playground,강원도 춘천시 근화동 609,37.88869,127.7085,,KCISA,KCISA
악마가 너의 이름을 부를 때,아이앤씨테크놀로지,playground,경기도 성남시 분당구 판교로255번길 24,37.405082,127.10111,,KCISA,KCISA
악마가 너의 이름을 부를 때,로케이션 이음 (구 로얄퀘스트),playground,경기도 파주시 탄현면 새오리로286번길 48-70,37.713531,126.74641,,KCISA,KCISA
악마가 너의 이름을 부를 때,더북컴퍼니빌딩,playground,서울특별시 강남구 봉은사로 226,37.50804,127.0372,,KCISA,KCISA
악마가 너의 이름을 부를 때,동아디지털미디어센터,playground,서울특별시 마포구 매봉산로 75,37.57832,126.89285,,KCISA,KCISA
악마가 너의 이름을 부를 때,어울마당로,playground,서울특별시 마포구 어울마당로,37.55003,126.92113,,KCISA,KCISA
악마가 너의 이름을 부를 때,샛강다리,playground,서울특별시 영등포구 여의도동 39,37.518835,126.91898,,KCISA,KCISA
악마가 너의 이름을 부를 때,서강대교,playground,서울특별시 영등포구 여의도동 서강대교,37.536911,126.92495,,KCISA,KCISA
악마가 너의 이름을 부를 때,동작대교,playground,서울특별시 용산구 이촌동 동작대교,37.51041,126.981893,,KCISA,KCISA
악마판사,국제전시장보도육교,playground,경기도 고양시 일산서구 대화동 2607-4,37.666929,126.74945,,KCISA,KCISA
악마판사,킨텍스,playground,경기도 고양시 일산서구 킨텍스로 217-60,37.668805,126.74593,,KCISA,KCISA
악마판사,아쿠아플라넷 일산,playground,경기도 고양시 일산서구 한류월드로 282,37.66383,126.75556,,KCISA,KCISA
악마판사,아트벙커 B39,playground,경기도 부천시 삼작로 53,37.521593,126.76734,,KCISA,KCISA
악마판사,단국대학교 죽전캠퍼스,playground,경기도 용인시 수지구 죽전로 152,37.321846,127.12658,,KCISA,KCISA
악마판사,운정호수공원,playground,경기도 파주시 경의로 1151,37.71896,126.7552,,KCISA,KCISA
악마판사,로케이션 이음 (구 로얄퀘스트),playground,경기도 파주시 탄현면 새오리로286번길 48-70,37.713531,126.74641,,KCISA,KCISA
악마판사,지혜의 숲,playground,경기도 파주시 회동길 145,37.7082492,126.686674,,KCISA,KCISA
악마판사,어울마당로,playground,서울특별시 마포구 어울마당로,37.55003,126.92113,,KCISA,KCISA
악마판사,동호대교,playground,서울특별시 성동구 옥수동,37.535804,127.02145,,KCISA,KCISA
악마판사,한강대교,playground,서울특별시 용산구 이촌동 한강대교,37.517492,126.95897,,KCISA,KCISA
악마판사,용산전자상가,playground,서울특별시 용산구 청파로 100,37.532849,126.96235,,KCISA,KCISA
악마판사,광화문 광장,playground,서울특별시 종로구 세종대로 175,37.5706546,126.976661,,KCISA,KCISA
악마판사,윤보선길,playground,서울특별시 종로구 윤보선길,37.577559,126.98376,,KCISA,KCISA
악마판사,율곡로3길,playground,서울특별시 종로구 율곡로3길,37.577811,126.98239,,KCISA,KCISA
악마판사,서울디자인재단,playground,서울특별시 중구 을지로 281,37.566752,127.0101,,KCISA,KCISA
악마판사,스테이트 타워 남산,playground,서울특별시 중구 퇴계로 100,37.560342,126.98297,,KCISA,KCISA
악마판사,대통령기록관,playground,세종특별자치시 다솜로 250 대통령기록관,36.501678,127.27309,,KCISA,KCISA
악마판사,호수1교,playground,인천광역시 연수구 송도동,37.394678,126.63407,,KCISA,KCISA
악마판사,장흥교도소 세트장,playground,전라남도 장흥군 장흥읍 원도리 191,34.686804,126.91329,,KCISA,KCISA
악마판사,선문대학교 아산캠퍼스,playground,충청남도 아산시 탕정면 선문로221번길 70,36.798952,127.07489,,KCISA,KCISA
악마판사,청남대,playground,충청북도 청주시 상당구 문의면 청남대길 646,36.46255,127.4906,,KCISA,KCISA
악연,전곡근린공원,playground,경기 연천군 전곡읍 전곡리 355-54,38.02847528,127.0732997,https://ys-dl.tistory.com/entry/%EC%95%85%EC%97%B0-%EC%B4%AC%EC%98%81%EC%A7%80-19%EA%B3%B3%EC%9D%84-%EC%95%8C%EB%A0%A4%EB%93%9C%EB%A6%BD%EB%8B%88%EB%8B%A4%EC%97%85%EB%8D%B0%EC%9D%B4%ED%8A%B8%EC%A4%91,YSDL,KAKAO
악연,운정호수공원,playground,경기 파주시 와동동,37.71988717,126.7578737,https://ys-dl.tistory.com/entry/%EC%95%85%EC%97%B0-%EC%B4%AC%EC%98%81%EC%A7%80-19%EA%B3%B3%EC%9D%84-%EC%95%8C%EB%A0%A4%EB%93%9C%EB%A6%BD%EB%8B%88%EB%8B%A4%EC%97%85%EB%8D%B0%EC%9D%B4%ED%8A%B8%EC%A4%91,YSDL,KAKAO
악의 꽃,단국대학교 죽전캠퍼스,playground,경기도 용인시 수지구 죽전로 152,37.321846,127.12658,,KCISA,KCISA
악의 꽃,한성교회,playground,서울특별시 양천구 신정로13길 21,37.51116,126.8426,,KCISA,KCISA
악의 꽃,서강대교,playground,서울특별시 영등포구 여의도동 서강대교,37.536911,126.92495,,KCISA,KCISA
악의 꽃,북촌로5나길,playground,서울특별시 종로구 북촌로5나길 3-15,37.581058,126.9819,,KCISA,KCISA
악의 꽃,스테이트 타워 남산,playground,서울특별시 중구 퇴계로 100,37.560342,126.98297,,KCISA,KCISA
악의 꽃,선갑도,playground,인천광역시 옹진군 자월면 승봉리 산240,37.09755,126.0772,,KCISA,KCISA
악의 마음을 읽는 자들,직탕폭포,playground,강원도 철원군 동송읍 장흥리 336-1,38.20945,127.2655,,KCISA,KCISA
악의 마음을 읽는 자들,일민미술관,playground,서울특별시 종로구 세종대로 152,37.569866,126.97765,,KCISA,KCISA
악의 마음을 읽는 자들,중림동약현성당,playground,서울특별시 중구 청파로 447-1,37.559115,126.96744,,KCISA,KCISA
악의 마음을 읽는 자들,익산 교도소 세트장,playground,전라북도 익산시 성당면 함낭로 207,36.069334,126.93158,,KCISA,KCISA
악의 마음을 읽는 자들,의림지,playground,충청북도 제천시 모산동 241,37.17197,128.2093,,KCISA,KCISA
악인전기,강변체육공원,playground,경북 포항시 남구 해도동,36.01875712,129.3748679,https://ys-dl.tistory.com/entry/%EC%95%85%EC%9D%B8%EC%A0%84%EA%B8%B0-%EC%B4%AC%EC%98%81%EC%A7%80-15%EA%B3%B3%EC%9D%84-%EC%95%8C%EB%A0%A4%EB%93%9C%EB%A6%BD%EB%8B%88%EB%8B%A4%EC%97%85%EB%8D%B0%EC%9D%B4%ED%8A%B8%EC%A4%91,YSDL,KAKAO
안나라수마나라,안성팜랜드,playground,경기도 안성시 공도읍 대신두길 28,36.9904684,127.194467,,KCISA,KCISA
안나라수마나라,연세대학교 신촌캠퍼스,playground,서울특별시 서대문구 연세로 50,37.5637563,126.937546,,KCISA,KCISA
안나라수마나라,중앙고등학교,playground,서울특별시 종로구 창덕궁길 164,37.584081,126.986846,,KCISA,KCISA
안녕 나야!,소풍정원,playground,경기도 평택시 고덕면 궁리 424-25,37.01151,127.0214,,KCISA,KCISA
안녕 나야!,평택호관광단지,playground,경기도 평택시 현덕면 권관리 315-2,36.92122,126.9236,,KCISA,KCISA
안녕 나야!,신촌벽화터널,playground,서울특별시 서대문구 대신동 143-28,37.560188,126.94127,,KCISA,KCISA
안녕 나야!,서강대교,playground,서울특별시 영등포구 여의도동 서강대교,37.536911,126.92495,,KCISA,KCISA
안녕 나야!,더리버,playground,서울특별시 용산구 용산동6가 451,37.507108,126.98472,,KCISA,KCISA
안녕 나야!,동작대교,playground,서울특별시 용산구 이촌동 동작대교,37.51041,126.981893,,KCISA,KCISA
안녕 나야!,인생네컷 종로익선동한옥거리점,playground,서울특별시 종로구 수표로28길 17-34,37.57362,126.9896,,KCISA,KCISA
안녕 나야!,용마폭포공원,playground,서울특별시 중랑구 용마산로 250-12,37.57344,127.0901,,KCISA,KCISA
안녕 나야!,미추홀타워,playground,인천광역시 연수구 갯벌로 12,37.381795,126.65339,,KCISA,KCISA
안녕 나야!,엔씨큐브,playground,인천광역시 연수구 아트센터대로 87,37.402243,126.64027,,KCISA,KCISA
안투라지,엔투라지 바버샵,playground,서울특별시 강남구 논현로26길 27,37.48301,127.0445,,KCISA,KCISA
안투라지,상암문화광장,playground,서울특별시 마포구 성암로 255,37.580159,126.89138,,KCISA,KCISA
알고있지만,일산호수공원,playground,경기도 고양시 일산동구 호수로 731,37.658769,126.76252,,KCISA,KCISA
알고있지만,국립 안동대학교,playground,경상북도 안동시 경동로 1375,36.542259,128.79688,,KCISA,KCISA
알고있지만,와우산로,playground,서울특별시 마포구 서교동 406,37.552359,126.92372,,KCISA,KCISA
알고있지만,은행어린이공원,playground,서울특별시 마포구 성미산로29길 17-3,37.564575,126.92228,,KCISA,KCISA
알고있지만,성미산로29길,playground,서울특별시 마포구 성미산로29길 3,37.564235,126.92285,,KCISA,KCISA
알고있지만,와우산로22길,playground,서울특별시 마포구 와우산로22길 34,37.55098,126.9241,,KCISA,KCISA
알고있지만,트랙,playground,서울특별시 마포구 잔다리로 20-5,37.551131,126.9206,,KCISA,KCISA
알고있지만,소월로 계단 3번,playground,서울특별시 용산구 소월로 168,37.547514,126.98424,,KCISA,KCISA
알고있지만,현대카드 뮤직 라이브러리,playground,서울특별시 용산구 이태원로 246,37.53665,127.00059,,KCISA,KCISA
알고있지만,북파크라운지,playground,서울특별시 용산구 이태원로 294,37.540857,127.0024,,KCISA,KCISA
알고있지만,율곡로3길,playground,서울특별시 종로구 율곡로3길,37.577811,126.98239,,KCISA,KCISA
알고있지만,울산대학교,playground,울산광역시 남구 대학로 93,35.543776,129.25628,,KCISA,KCISA
알고있지만,인천국제공항,playground,인천광역시 중구 공항로 272,37.44919,126.4514,,KCISA,KCISA
알고있지만,홀통캠핑장,playground,전라남도 무안군 현경면 홀통길 183,35.0605698,126.3311024,,KCISA,KCISA
알고있지만,여유도예공방,playground,전라남도 여수시 만성리길 53,34.7794371,127.7431953,,KCISA,KCISA
알고있지만,여수 전통시장,playground,전라남도 여수시 서교동 중앙로3,34.740533,127.72817,,KCISA,KCISA
알고있지만,만성리 해수욕장,playground,전라남도 여수시 서교연등천길 43,34.7773829,127.736133,,KCISA,KCISA
알랑말랑,건국대학교,playground,서울특별시 광진구 능동로 120,37.5425241,127.073699,,KCISA,KCISA
알랑말랑,루프탑 카페하루,playground,서울특별시 서대문구 수색로 134-5,37.574824,126.905949,,KCISA,KCISA
알함브라 궁전의 추억,이아이티서비스,playground,경기도 고양시 일산동구 햇살로41번길 13-6,37.66543,126.7746,,KCISA,KCISA
알함브라 궁전의 추억,경기영어마을 파주캠퍼스,playground,경기도 파주시 탄현면 얼음실로 40,37.7852355,126.703739,,KCISA,KCISA
알함브라 궁전의 추억,침례병원,playground,부산광역시 금정구 금단로 200,35.26681,129.0942,,KCISA,KCISA
알함브라 궁전의 추억,파르나스타워,playground,서울특별시 강남구 테헤란로 521,37.50947,127.0614,,KCISA,KCISA
알함브라 궁전의 추억,여의도공원,playground,서울특별시 영등포구 여의공원로 68,37.5281241,126.925754,,KCISA,KCISA
알함브라 궁전의 추억,이랜드크루즈,playground,서울특별시 영등포구 여의동로 280,37.5290674,126.936218,,KCISA,KCISA
알함브라 궁전의 추억,광화문 광장 이순신장군동상,playground,서울특별시 종로구 세종대로 175,37.5706546,126.976661,,KCISA,KCISA
알함브라 궁전의 추억,흥인지문,playground,서울특별시 종로구 종로 288,37.57112,127.0096,,KCISA,KCISA
알함브라 궁전의 추억,인천대공원,playground,인천광역시 남동구 무네미로 236,37.45671,126.7579,,KCISA,KCISA
알함브라 궁전의 추억,인천국제공항,playground,인천광역시 중구 공항로 272,37.44919,126.4514,,KCISA,KCISA
알함브라 궁전의 추억,사천동성당,playground,충청북도 청주시 청원구 주성로 147,36.6717983,127.482591,,KCISA,KCISA
앙큼한 돌싱녀,여의서로,playground,서울특별시 영등포구 여의도동,37.533522,126.91482,,KCISA,KCISA
앙큼한 돌싱녀,한강시민공원 오리배탑승장,playground,서울특별시 영등포구 여의동로 252,37.522982,126.94144,,KCISA,KCISA
애간장,물미수상레저,playground,경기도 가평군 설악면 미사리로645번길 258,37.72464,127.5238,,KCISA,KCISA
애간장,일산문화광장,playground,경기도 고양시 일산동구 중앙로 1271-4,37.65839,126.7704,,KCISA,KCISA
애간장,고일프라자,playground,경기도 고양시 일산동구 중앙로1275번길 60-14,37.659573,126.76944,,KCISA,KCISA
애간장,백현동카페거리,playground,경기도 성남시 분당구 백현동 567-1,37.385271,127.11082,,KCISA,KCISA
애간장,에리아,playground,경기도 성남시 분당구 판교역로18번길 12,37.3845761,127.110967,,KCISA,KCISA
애인 있어요,일산호수공원,playground,경기도 고양시 일산동구 호수로 731,37.658769,126.76252,,KCISA,KCISA
애인 있어요,난지한강공원,playground,서울특별시 마포구 한강난지로 162,37.564486,126.87945,,KCISA,KCISA
애인 있어요,동작대교,playground,서울특별시 용산구 이촌동 동작대교,37.51041,126.981893,,KCISA,KCISA
애정만만세,인천국제공항,playground,인천광역시 중구 공항로 272,37.44919,126.4514,,KCISA,KCISA
애타는 로맨스,묵호등대전망대,playground,강원도 동해시 해맞이길 289,37.554268,129.1185,,KCISA,KCISA
애타는 로맨스,네오위즈,playground,경기도 성남시 분당구 대왕판교로645번길 14,37.400557,127.104395,,KCISA,KCISA
애타는 로맨스,응봉산 팔각정,playground,서울특별시 성동구 독서당로60길 13-1,37.547805,127.029886,,KCISA,KCISA
앨리스,라베니체 마치에비뉴,playground,경기도 김포시 김포한강4로 12,41.6406462,130.678802,,KCISA,KCISA
앨리스,로케이션 이음 (구 로얄퀘스트),playground,경기도 파주시 탄현면 새오리로286번길 48-70,37.713531,126.74641,,KCISA,KCISA
앨리스,지혜의 숲,playground,경기도 파주시 회동길 145,37.7082492,126.686674,,KCISA,KCISA
앨리스,합천 영상 테마파크,playground,경상남도 합천군 용주면 합천호수로 757,35.5489346,128.072475,,KCISA,KCISA
앨리스,중앙대학교 서울캠퍼스,playground,서울특별시 동작구 흑석로 84,37.504878,126.958,,KCISA,KCISA
앨리스,롯데월드,playground,서울특별시 송파구 올림픽로 240,37.5112601,127.097998,,KCISA,KCISA
앨리스,서강대교,playground,서울특별시 영등포구 여의도동 서강대교,37.536911,126.92495,,KCISA,KCISA
앨리스,부암동 7번지,playground,서울특별시 종로구 북악산로 147,37.598022,126.97348,,KCISA,KCISA
앨리스,CGV 명동역 씨네라이브러리,playground,서울특별시 중구 퇴계로 123,37.561238,126.98536,,KCISA,KCISA
앨리스,용마랜드,playground,서울특별시 중랑구 망우로70길 118,37.594468,127.105556,,KCISA,KCISA
야식남녀,돈화문로11나길,playground,서울특별시 종로구 돈화문로11나길 16,37.57353,126.9907,,KCISA,KCISA
야한 사진관,봉원사,playground,서울 서대문구 봉원사길 120,37.57200974,126.9478155,https://ys-dl.tistory.com/entry/%EC%95%BC%ED%95%9C-%EC%82%AC%EC%A7%84%EA%B4%80-%EC%B4%AC%EC%98%81%EC%A7%80-12%EA%B3%B3%EC%9D%84-%EC%95%8C%EB%A0%A4%EB%93%9C%EB%A6%BD%EB%8B%88%EB%8B%A4%EC%97%85%EB%8D%B0%EC%9D%B4%ED%8A%B8%EC%A4%91,YSDL,KAKAO
야한 사진관,열린송현녹지광장,playground,서울 종로구 송현동 48-9,37.57656808,126.9817151,https://ys-dl.tistory.com/entry/%EC%95%BC%ED%95%9C-%EC%82%AC%EC%A7%84%EA%B4%80-%EC%B4%AC%EC%98%81%EC%A7%80-12%EA%B3%B3%EC%9D%84-%EC%95%8C%EB%A0%A4%EB%93%9C%EB%A6%BD%EB%8B%88%EB%8B%A4%EC%97%85%EB%8D%B0%EC%9D%B4%ED%8A%B8%EC%A4%91,YSDL,KAKAO
야한 사진관,선녀바위해변,playground,인천 영종구 을왕동 678-188,37.43947594,126.3787082,https://ys-dl.tistory.com/entry/%EC%95%BC%ED%95%9C-%EC%82%AC%EC%A7%84%EA%B4%80-%EC%B4%AC%EC%98%81%EC%A7%80-12%EA%B3%B3%EC%9D%84-%EC%95%8C%EB%A0%A4%EB%93%9C%EB%A6%BD%EB%8B%88%EB%8B%A4%EC%97%85%EB%8D%B0%EC%9D%B4%ED%8A%B8%EC%A4%91,YSDL,KAKAO
야한 사진관,제물포구락부,playground,인천 제물포구 자유공원남로 25,37.47463623,126.6225221,https://ys-dl.tistory.com/entry/%EC%95%BC%ED%95%9C-%EC%82%AC%EC%A7%84%EA%B4%80-%EC%B4%AC%EC%98%81%EC%A7%80-12%EA%B3%B3%EC%9D%84-%EC%95%8C%EB%A0%A4%EB%93%9C%EB%A6%BD%EB%8B%88%EB%8B%A4%EC%97%85%EB%8D%B0%EC%9D%B4%ED%8A%B8%EC%A4%91,YSDL,KAKAO
야한 사진관,아트센터 화이트블럭,playground,경기 파주시 탄현면 헤이리마을길 72,37.78888344,126.6993578,https://ys-dl.tistory.com/entry/%EC%95%BC%ED%95%9C-%EC%82%AC%EC%A7%84%EA%B4%80-%EC%B4%AC%EC%98%81%EC%A7%80-12%EA%B3%B3%EC%9D%84-%EC%95%8C%EB%A0%A4%EB%93%9C%EB%A6%BD%EB%8B%88%EB%8B%A4%EC%97%85%EB%8D%B0%EC%9D%B4%ED%8A%B8%EC%A4%91,YSDL,KAKAO
야한 사진관,중앙광장,playground,경기 파주시 금촌동 986-3,37.75166862,126.7662578,https://ys-dl.tistory.com/entry/%EC%95%BC%ED%95%9C-%EC%82%AC%EC%A7%84%EA%B4%80-%EC%B4%AC%EC%98%81%EC%A7%80-12%EA%B3%B3%EC%9D%84-%EC%95%8C%EB%A0%A4%EB%93%9C%EB%A6%BD%EB%8B%88%EB%8B%A4%EC%97%85%EB%8D%B0%EC%9D%B4%ED%8A%B8%EC%A4%91,YSDL,KAKAO
야한 사진관,일산호수공원,playground,경기 고양시 일산동구 호수로 595,37.65613604,126.7641415,https://ys-dl.tistory.com/entry/%EC%95%BC%ED%95%9C-%EC%82%AC%EC%A7%84%EA%B4%80-%EC%B4%AC%EC%98%81%EC%A7%80-12%EA%B3%B3%EC%9D%84-%EC%95%8C%EB%A0%A4%EB%93%9C%EB%A6%BD%EB%8B%88%EB%8B%A4%EC%97%85%EB%8D%B0%EC%9D%B4%ED%8A%B8%EC%A4%91,YSDL,KAKAO
야한 사진관,용호별빛공원,playground,부산 남구 용호동 5-5,35.13281786,129.1200264,https://ys-dl.tistory.com/entry/%EC%95%BC%ED%95%9C-%EC%82%AC%EC%A7%84%EA%B4%80-%EC%B4%AC%EC%98%81%EC%A7%80-12%EA%B3%B3%EC%9D%84-%EC%95%8C%EB%A0%A4%EB%93%9C%EB%A6%BD%EB%8B%88%EB%8B%A4%EC%97%85%EB%8D%B0%EC%9D%B4%ED%8A%B8%EC%A4%91,YSDL,KAKAO
야한 사진관,흰여울문화마을,playground,부산 영도구 영선동4가 605-3,35.07944375,129.0437541,https://ys-dl.tistory.com/entry/%EC%95%BC%ED%95%9C-%EC%82%AC%EC%A7%84%EA%B4%80-%EC%B4%AC%EC%98%81%EC%A7%80-12%EA%B3%B3%EC%9D%84-%EC%95%8C%EB%A0%A4%EB%93%9C%EB%A6%BD%EB%8B%88%EB%8B%A4%EC%97%85%EB%8D%B0%EC%9D%B4%ED%8A%B8%EC%A4%91,YSDL,KAKAO
야한 사진관,사천아이,playground,경남 사천시 늑도동 460,34.92658968,128.043631,https://ys-dl.tistory.com/entry/%EC%95%BC%ED%95%9C-%EC%82%AC%EC%A7%84%EA%B4%80-%EC%B4%AC%EC%98%81%EC%A7%80-12%EA%B3%B3%EC%9D%84-%EC%95%8C%EB%A0%A4%EB%93%9C%EB%A6%BD%EB%8B%88%EB%8B%A4%EC%97%85%EB%8D%B0%EC%9D%B4%ED%8A%B8%EC%A4%91,YSDL,KAKAO
약한영웅,서울역사박물관,playground,서울 종로구 새문안로 55,37.57050032,126.9705464,https://ys-dl.tistory.com/entry/%EC%95%BD%ED%95%9C%EC%98%81%EC%9B%852-%EC%B4%AC%EC%98%81%EC%A7%80-6%EA%B3%B3%EC%9D%84-%EC%95%8C%EB%A0%A4%EB%93%9C%EB%A6%BD%EB%8B%88%EB%8B%A4%EC%97%85%EB%8D%B0%EC%9D%B4%ED%8A%B8%EC%A4%91,YSDL,KAKAO
얄미운 사랑,난지한강공원,playground,서울 마포구 상암동 495-72,37.56703991,126.8756078,https://ys-dl.tistory.com/entry/%EC%96%84%EB%AF%B8%EC%9A%B4-%EC%82%AC%EB%9E%91-%EC%B4%AC%EC%98%81%EC%A7%80-23%EA%B3%B3%EC%9D%84-%EC%95%8C%EB%A0%A4%EB%93%9C%EB%A6%BD%EB%8B%88%EB%8B%A4%EC%97%85%EB%8D%B0%EC%9D%B4%ED%8A%B8%EC%A4%91,YSDL,KAKAO
얄미운 사랑,여의도한강공원,playground,서울 영등포구 여의도동 85,37.5263886,126.9351293,https://ys-dl.tistory.com/entry/%EC%96%84%EB%AF%B8%EC%9A%B4-%EC%82%AC%EB%9E%91-%EC%B4%AC%EC%98%81%EC%A7%80-23%EA%B3%B3%EC%9D%84-%EC%95%8C%EB%A0%A4%EB%93%9C%EB%A6%BD%EB%8B%88%EB%8B%A4%EC%97%85%EB%8D%B0%EC%9D%B4%ED%8A%B8%EC%A4%91,YSDL,KAKAO
얄미운 사랑,씨네Q 신도림,playground,서울 구로구 새말로 97,37.50751615,126.8900387,https://ys-dl.tistory.com/entry/%EC%96%84%EB%AF%B8%EC%9A%B4-%EC%82%AC%EB%9E%91-%EC%B4%AC%EC%98%81%EC%A7%80-23%EA%B3%B3%EC%9D%84-%EC%95%8C%EB%A0%A4%EB%93%9C%EB%A6%BD%EB%8B%88%EB%8B%A4%EC%97%85%EB%8D%B0%EC%9D%B4%ED%8A%B8%EC%A4%91,YSDL,KAKAO
얄미운 사랑,삼순이계단,playground,서울 중구 소파로 46,37.55452971,126.9816933,https://ys-dl.tistory.com/entry/%EC%96%84%EB%AF%B8%EC%9A%B4-%EC%82%AC%EB%9E%91-%EC%B4%AC%EC%98%81%EC%A7%80-23%EA%B3%B3%EC%9D%84-%EC%95%8C%EB%A0%A4%EB%93%9C%EB%A6%BD%EB%8B%88%EB%8B%A4%EC%97%85%EB%8D%B0%EC%9D%B4%ED%8A%B8%EC%A4%91,YSDL,KAKAO
얄미운 사랑,세실마루,playground,서울 중구 세종대로19길 16,37.56672282,126.9761734,https://ys-dl.tistory.com/entry/%EC%96%84%EB%AF%B8%EC%9A%B4-%EC%82%AC%EB%9E%91-%EC%B4%AC%EC%98%81%EC%A7%80-23%EA%B3%B3%EC%9D%84-%EC%95%8C%EB%A0%A4%EB%93%9C%EB%A6%BD%EB%8B%88%EB%8B%A4%EC%97%85%EB%8D%B0%EC%9D%B4%ED%8A%B8%EC%A4%91,YSDL,KAKAO
얄미운 사랑,을지로인쇄골목,playground,서울 중구 인현동1가 38-10,37.56527809,126.9944447,https://ys-dl.tistory.com/entry/%EC%96%84%EB%AF%B8%EC%9A%B4-%EC%82%AC%EB%9E%91-%EC%B4%AC%EC%98%81%EC%A7%80-23%EA%B3%B3%EC%9D%84-%EC%95%8C%EB%A0%A4%EB%93%9C%EB%A6%BD%EB%8B%88%EB%8B%A4%EC%97%85%EB%8D%B0%EC%9D%B4%ED%8A%B8%EC%A4%91,YSDL,KAKAO
얄미운 사랑,봄날아트홀,playground,서울 종로구 동숭길 39,37.5799968,127.0042477,https://ys-dl.tistory.com/entry/%EC%96%84%EB%AF%B8%EC%9A%B4-%EC%82%AC%EB%9E%91-%EC%B4%AC%EC%98%81%EC%A7%80-23%EA%B3%B3%EC%9D%84-%EC%95%8C%EB%A0%A4%EB%93%9C%EB%A6%BD%EB%8B%88%EB%8B%A4%EC%97%85%EB%8D%B0%EC%9D%B4%ED%8A%B8%EC%A4%91,YSDL,KAKAO
얄미운 사랑,MBC 문화동산,playground,경기 양주시 만송로 394-104,37.79144207,127.1007849,https://ys-dl.tistory.com/entry/%EC%96%84%EB%AF%B8%EC%9A%B4-%EC%82%AC%EB%9E%91-%EC%B4%AC%EC%98%81%EC%A7%80-23%EA%B3%B3%EC%9D%84-%EC%95%8C%EB%A0%A4%EB%93%9C%EB%A6%BD%EB%8B%88%EB%8B%A4%EC%97%85%EB%8D%B0%EC%9D%B4%ED%8A%B8%EC%A4%91,YSDL,KAKAO
얄미운 사랑,대부바다향기테마파크,playground,경기 안산시 단원구 대부황금로 1480-7,37.28627587,126.5745552,https://ys-dl.tistory.com/entry/%EC%96%84%EB%AF%B8%EC%9A%B4-%EC%82%AC%EB%9E%91-%EC%B4%AC%EC%98%81%EC%A7%80-23%EA%B3%B3%EC%9D%84-%EC%95%8C%EB%A0%A4%EB%93%9C%EB%A6%BD%EB%8B%88%EB%8B%A4%EC%97%85%EB%8D%B0%EC%9D%B4%ED%8A%B8%EC%A4%91,YSDL,KAKAO
어게인 마이 라이프,조이마당스튜디오,playground,경기도 파주시 파주읍 봉서산로 243,37.83256,126.8035,,KCISA,KCISA
어게인 마이 라이프,합천 영상 테마파크,playground,경상남도 합천군 용주면 합천호수로 757,35.5489346,128.072475,,KCISA,KCISA
어게인 마이 라이프,성신여자대학교 운정그린캠퍼스,playground,서울특별시 강북구 도봉로76가길 55,37.632219,127.0273,,KCISA,KCISA
어게인 마이 라이프,SBS방송센터,playground,서울특별시 양천구 목동서로 161,37.529043,126.87417,,KCISA,KCISA
어게인 마이 라이프,샛강다리,playground,서울특별시 영등포구 여의도동 39,37.518835,126.91898,,KCISA,KCISA
어게인 마이 라이프,베어트리파크,playground,세종특별자치시 전동면 신송로 217,36.670592,127.209267,,KCISA,KCISA
어게인 마이 라이프,호서대학교 아산캠퍼스,playground,충청남도 아산시 배방읍 호서로79번길 20,36.7354844,127.074099,,KCISA,KCISA
어느 날 우리 집 현관으로 멸망이 들어왔다,놀숲 일산화정점,playground,경기도 고양시 덕양구 중앙로 628 예일프라자 1 4층 402호,37.62751,126.8288,,KCISA,KCISA
어느 날 우리 집 현관으로 멸망이 들어왔다,청아공원기독교전용관,playground,경기도 고양시 일산동구 은마길 129,37.719031,126.80572,,KCISA,KCISA
어느 날 우리 집 현관으로 멸망이 들어왔다,의정부미술도서관,playground,경기도 의정부시 민락로 248,37.7442371,127.106934,,KCISA,KCISA
어느 날 우리 집 현관으로 멸망이 들어왔다,배다리도서관,playground,경기도 평택시 죽백6로 20,37.00231,127.1193,,KCISA,KCISA
어느 날 우리 집 현관으로 멸망이 들어왔다,경주월드,playground,경상북도 경주시 보문로 544,35.835594,129.282884,,KCISA,KCISA
어느 날 우리 집 현관으로 멸망이 들어왔다,충장로,playground,광주광역시 동구 충장로3가,35.14893,126.9153,,KCISA,KCISA
어느 날 우리 집 현관으로 멸망이 들어왔다,청담배수지공원,playground,서울특별시 강남구 삼성동 79-1,37.521,127.0615,,KCISA,KCISA
어느 날 우리 집 현관으로 멸망이 들어왔다,광진교,playground,서울특별시 강동구 천호동 광진교,37.544739,127.11322,,KCISA,KCISA
어느 날 우리 집 현관으로 멸망이 들어왔다,어울마당로,playground,서울특별시 마포구 어울마당로,37.55003,126.92113,,KCISA,KCISA
어느 날 우리 집 현관으로 멸망이 들어왔다,딜라이트 스퀘어 감성타코 합정점,playground,서울특별시 마포구 월드컵로1길 14 지하1층,37.54967,126.9122,,KCISA,KCISA
어느 날 우리 집 현관으로 멸망이 들어왔다,오동근린공원,playground,서울특별시 성북구 화랑로13가길 100,37.61005,127.0435,,KCISA,KCISA
어느 날 우리 집 현관으로 멸망이 들어왔다,오산고등학교,playground,서울특별시 용산구 보광로7길 17,37.523475,126.99958,,KCISA,KCISA
어느 날 우리 집 현관으로 멸망이 들어왔다,인사동길,playground,서울특별시 종로구 인사동길 26-1,37.573114,126.9862,,KCISA,KCISA
어느 날 우리 집 현관으로 멸망이 들어왔다,미스터케이무지개문구,playground,인천광역시 미추홀구 매소홀로446번길 22,37.43863,126.6713,,KCISA,KCISA
어느 날 우리 집 현관으로 멸망이 들어왔다,벤처로,playground,인천광역시 연수구 벤처로100번길 34,37.37349,126.6445,,KCISA,KCISA
어느 날 우리 집 현관으로 멸망이 들어왔다,자유공원남로,playground,인천광역시 중구 자유공원남로 35,37.47403,126.6236,,KCISA,KCISA
어느 날 우리 집 현관으로 멸망이 들어왔다,인천아트플랫폼,playground,인천광역시 중구 제물량로218번길 3,37.472906,126.62001,,KCISA,KCISA
어느 날 우리 집 현관으로 멸망이 들어왔다,외돌개,playground,제주특별자치도 서귀포시 서홍동 791,33.239982,126.545446,,KCISA,KCISA
어느 날 우리 집 현관으로 멸망이 들어왔다,한담해안산책로,playground,제주특별자치도 제주시 애월읍 곽지리 1359,33.45463,126.3074,,KCISA,KCISA
어느 멋진 날,코엑스 아쿠아리움,playground,서울특별시 강남구 영동대로 513,37.510177,127.05866,,KCISA,KCISA
어느 멋진 날,중앙고등학교,playground,서울특별시 종로구 창덕궁길 164,37.584081,126.986846,,KCISA,KCISA
어비스,일산문화광장,playground,경기도 고양시 일산동구 중앙로 1271-4,37.65839,126.7704,,KCISA,KCISA
어비스,로케이션 이음 (구 로얄퀘스트),playground,경기도 파주시 탄현면 새오리로286번길 48-70,37.713531,126.74641,,KCISA,KCISA
어비스,퍼스트가든,playground,경기도 파주시 탑삭골길 260,37.7321551,126.793933,,KCISA,KCISA
어비스,연세대학교 신촌캠퍼스,playground,서울특별시 서대문구 연세로 50,37.5637563,126.937546,,KCISA,KCISA
어비스,국립중앙도서관,playground,서울특별시 서초구 반포대로 201,37.497887,127.00363,,KCISA,KCISA
어비스,한강 공원 여의도 지구,playground,서울특별시 영등포구 여의동로 290,37.5290674,126.936218,,KCISA,KCISA
어비스,문화역서울284,playground,서울특별시 중구 통일로 1,37.555944,126.971594,,KCISA,KCISA
어서와,삼성전원마을,playground,경기도 용인시 처인구 양지면 학촌로70번길 41,37.24197,127.3081,,KCISA,KCISA
어서와,가온문화공원,playground,서울특별시 마포구 상암동 1594,37.58181,126.88765,,KCISA,KCISA
어서와,어울마당로,playground,서울특별시 마포구 어울마당로,37.55003,126.92113,,KCISA,KCISA
어서와,에코넷센터,playground,서울특별시 성동구 아차산로 78,37.545065,127.05271,,KCISA,KCISA
어서와,소월로 계단 3번,playground,서울특별시 용산구 소월로 168,37.547514,126.98424,,KCISA,KCISA
어서와,서부이촌동보행육교,playground,서울특별시 용산구 이촌동 서부이촌동보행육교,37.52973,126.9527,,KCISA,KCISA
어서와,삼순이 계단,playground,서울특별시 중구 남산공원길 649,37.554717,126.98177,,KCISA,KCISA
어서와,담양 관방제림,playground,전라남도 담양군 담양읍 객사7길 37,35.3234778,126.991321,,KCISA,KCISA
어쨌든 서른,무계원,playground,서울 종로구 창의문로5가길 2,37.59190953,126.9633728,https://ys-dl.tistory.com/entry/%EC%96%B4%EC%A8%8C%EB%93%A0-%EC%84%9C%EB%A5%B8-%EC%B4%AC%EC%98%81%EC%A7%80-30%EA%B3%B3%EC%9D%84-%EC%95%8C%EB%A0%A4%EB%93%9C%EB%A6%BD%EB%8B%88%EB%8B%A4,YSDL,KAKAO
어쨌든 서른,숯내광장,playground,서울 송파구 문정동 419-8,37.47935334,127.1165916,https://ys-dl.tistory.com/entry/%EC%96%B4%EC%A8%8C%EB%93%A0-%EC%84%9C%EB%A5%B8-%EC%B4%AC%EC%98%81%EC%A7%80-30%EA%B3%B3%EC%9D%84-%EC%95%8C%EB%A0%A4%EB%93%9C%EB%A6%BD%EB%8B%88%EB%8B%A4,YSDL,KAKAO
어쨌든 서른,오남호수공원,playground,경기 남양주시 오남읍 오남리 산 50-2,37.69403717,127.2249394,https://ys-dl.tistory.com/entry/%EC%96%B4%EC%A8%8C%EB%93%A0-%EC%84%9C%EB%A5%B8-%EC%B4%AC%EC%98%81%EC%A7%80-30%EA%B3%B3%EC%9D%84-%EC%95%8C%EB%A0%A4%EB%93%9C%EB%A6%BD%EB%8B%88%EB%8B%A4,YSDL,KAKAO
어쩌다 발견한 하루,제이드가든,playground,강원도 춘천시 남산면 햇골길 80,37.834632,127.53786,,KCISA,KCISA
어쩌다 발견한 하루,용인공원,playground,경기도 용인시 처인구 모현읍 새래로 158-33,37.298496,127.2542,,KCISA,KCISA
어쩌다 발견한 하루,경기영어마을 파주캠퍼스,playground,경기도 파주시 탄현면 얼음실로 40,37.7852355,126.703739,,KCISA,KCISA
어쩌다 발견한 하루,계명대학교 대명캠퍼스,playground,대구광역시 남구 명덕로 104,35.85427,128.580543,,KCISA,KCISA
어쩌다 발견한 하루,계명대학교 성서캠퍼스,playground,대구광역시 달서구 달구벌대로 1095,35.8555794,128.484165,,KCISA,KCISA
어쩌다 발견한 하루,연세대학교 신촌캠퍼스,playground,서울특별시 서대문구 연세로 50,37.5637563,126.937546,,KCISA,KCISA
어쩌다 발견한 하루,스테이트 타워 남산,playground,서울특별시 중구 퇴계로 100,37.560342,126.98297,,KCISA,KCISA
어쩌다 발견한 하루,옥정호 구절초테마공원,playground,전라북도 정읍시 산내면 매죽리 571,35.55317,127.0191,,KCISA,KCISA
언더더건,송도컨벤시아,playground,인천 연수구 센트럴로 123,37.38870981,126.6468363,https://ys-dl.tistory.com/entry/%EC%96%B8%EB%8D%94%EB%8D%94%EA%B1%B4-%EC%B4%AC%EC%98%81%EC%A7%80-3%EA%B3%B3%EC%9D%84-%EC%95%8C%EB%A0%A4%EB%93%9C%EB%A6%BD%EB%8B%88%EB%8B%A4%EC%97%85%EB%8D%B0%EC%9D%B4%ED%8A%B8%EC%A4%91,YSDL,KAKAO
언더더건,방아머리해변,playground,경기 안산시 단원구 대부북동,37.28915268,126.5767674,https://ys-dl.tistory.com/entry/%EC%96%B8%EB%8D%94%EB%8D%94%EA%B1%B4-%EC%B4%AC%EC%98%81%EC%A7%80-3%EA%B3%B3%EC%9D%84-%EC%95%8C%EB%A0%A4%EB%93%9C%EB%A6%BD%EB%8B%88%EB%8B%A4%EC%97%85%EB%8D%B0%EC%9D%B4%ED%8A%B8%EC%A4%91,YSDL,KAKAO
언더커버,양평 두물머리,playground,경기도 양평군 양서면 양수리,37.532869,127.31599,,KCISA,KCISA
언더커버,이월드,playground,대구광역시 달서구 두류공원로 200,35.853468,128.563918,,KCISA,KCISA
언더커버,반포한강공원,playground,서울특별시 서초구 신반포로11길 40,37.510507,126.996054,,KCISA,KCISA
언더커버,IFC서울,playground,서울특별시 영등포구 국제금융로 10,37.525023,126.92565,,KCISA,KCISA
언더커버,서울시티클럽,playground,서울특별시 영등포구 여의공원로 101 C.C.M.M빌딩,37.529282,126.92486,,KCISA,KCISA
언더커버,자매근린공원,playground,서울특별시 영등포구 여의대방로 372-1,37.517512,126.93019,,KCISA,KCISA
언더커버,서강대교,playground,서울특별시 영등포구 여의도동 서강대교,37.536911,126.92495,,KCISA,KCISA
언더커버,낙산공원,playground,서울특별시 종로구 낙산길 41,37.580667,127.00746,,KCISA,KCISA
언더커버 미쓰홍,여의도공원,playground,서울 영등포구 여의공원로 68,37.52613492,126.9223482,https://ys-dl.tistory.com/entry/%EC%96%B8%EB%8D%94%EC%BB%A4%EB%B2%84-%EB%AF%B8%EC%93%B0%ED%99%8D-%EC%B4%AC%EC%98%81%EC%A7%80-14%EA%B3%B3%EC%9D%84-%EC%95%8C%EB%A0%A4%EB%93%9C%EB%A6%BD%EB%8B%88%EB%8B%A4%EC%97%85%EB%8D%B0%EC%9D%B4%ED%8A%B8%EC%A4%91,YSDL,KAKAO
언더커버 미쓰홍,여의도한강공원,playground,서울 영등포구 여의도동 85,37.5263886,126.9351293,https://ys-dl.tistory.com/entry/%EC%96%B8%EB%8D%94%EC%BB%A4%EB%B2%84-%EB%AF%B8%EC%93%B0%ED%99%8D-%EC%B4%AC%EC%98%81%EC%A7%80-14%EA%B3%B3%EC%9D%84-%EC%95%8C%EB%A0%A4%EB%93%9C%EB%A6%BD%EB%8B%88%EB%8B%A4%EC%97%85%EB%8D%B0%EC%9D%B4%ED%8A%B8%EC%A4%91,YSDL,KAKAO
언더커버 미쓰홍,노들섬,playground,서울 용산구 양녕로 445,37.51766014,126.9580339,https://ys-dl.tistory.com/entry/%EC%96%B8%EB%8D%94%EC%BB%A4%EB%B2%84-%EB%AF%B8%EC%93%B0%ED%99%8D-%EC%B4%AC%EC%98%81%EC%A7%80-14%EA%B3%B3%EC%9D%84-%EC%95%8C%EB%A0%A4%EB%93%9C%EB%A6%BD%EB%8B%88%EB%8B%A4%EC%97%85%EB%8D%B0%EC%9D%B4%ED%8A%B8%EC%A4%91,YSDL,KAKAO
언더커버 미쓰홍,이촌한강공원,playground,서울 용산구 이촌로72길 62,37.51724044,126.9705266,https://ys-dl.tistory.com/entry/%EC%96%B8%EB%8D%94%EC%BB%A4%EB%B2%84-%EB%AF%B8%EC%93%B0%ED%99%8D-%EC%B4%AC%EC%98%81%EC%A7%80-14%EA%B3%B3%EC%9D%84-%EC%95%8C%EB%A0%A4%EB%93%9C%EB%A6%BD%EB%8B%88%EB%8B%A4%EC%97%85%EB%8D%B0%EC%9D%B4%ED%8A%B8%EC%A4%91,YSDL,KAKAO
언더커버 미쓰홍,대원정사,playground,서울 용산구 두텁바위로60길 49,37.54894377,126.9833876,https://ys-dl.tistory.com/entry/%EC%96%B8%EB%8D%94%EC%BB%A4%EB%B2%84-%EB%AF%B8%EC%93%B0%ED%99%8D-%EC%B4%AC%EC%98%81%EC%A7%80-14%EA%B3%B3%EC%9D%84-%EC%95%8C%EB%A0%A4%EB%93%9C%EB%A6%BD%EB%8B%88%EB%8B%A4%EC%97%85%EB%8D%B0%EC%9D%B4%ED%8A%B8%EC%A4%91,YSDL,KAKAO
언더커버 미쓰홍,종묘,playground,서울 종로구 종로 157,37.57610804,126.994213,https://ys-dl.tistory.com/entry/%EC%96%B8%EB%8D%94%EC%BB%A4%EB%B2%84-%EB%AF%B8%EC%93%B0%ED%99%8D-%EC%B4%AC%EC%98%81%EC%A7%80-14%EA%B3%B3%EC%9D%84-%EC%95%8C%EB%A0%A4%EB%93%9C%EB%A6%BD%EB%8B%88%EB%8B%A4%EC%97%85%EB%8D%B0%EC%9D%B4%ED%8A%B8%EC%A4%91,YSDL,KAKAO
언더커버 미쓰홍,이화동 벽화마을,playground,서울 종로구 이화동 9-413,37.57797573,127.0071015,https://ys-dl.tistory.com/entry/%EC%96%B8%EB%8D%94%EC%BB%A4%EB%B2%84-%EB%AF%B8%EC%93%B0%ED%99%8D-%EC%B4%AC%EC%98%81%EC%A7%80-14%EA%B3%B3%EC%9D%84-%EC%95%8C%EB%A0%A4%EB%93%9C%EB%A6%BD%EB%8B%88%EB%8B%A4%EC%97%85%EB%8D%B0%EC%9D%B4%ED%8A%B8%EC%A4%91,YSDL,KAKAO
언더커버 미쓰홍,해바라기어린이공원,playground,서울 노원구 하계동 277,37.63486363,127.0712844,https://ys-dl.tistory.com/entry/%EC%96%B8%EB%8D%94%EC%BB%A4%EB%B2%84-%EB%AF%B8%EC%93%B0%ED%99%8D-%EC%B4%AC%EC%98%81%EC%A7%80-14%EA%B3%B3%EC%9D%84-%EC%95%8C%EB%A0%A4%EB%93%9C%EB%A6%BD%EB%8B%88%EB%8B%A4%EC%97%85%EB%8D%B0%EC%9D%B4%ED%8A%B8%EC%A4%91,YSDL,KAKAO
언더커버 미쓰홍,용상사,playground,경기 파주시 월롱면 용상골길 403,37.79823395,126.7662611,https://ys-dl.tistory.com/entry/%EC%96%B8%EB%8D%94%EC%BB%A4%EB%B2%84-%EB%AF%B8%EC%93%B0%ED%99%8D-%EC%B4%AC%EC%98%81%EC%A7%80-14%EA%B3%B3%EC%9D%84-%EC%95%8C%EB%A0%A4%EB%93%9C%EB%A6%BD%EB%8B%88%EB%8B%A4%EC%97%85%EB%8D%B0%EC%9D%B4%ED%8A%B8%EC%A4%91,YSDL,KAKAO
언더커버 미쓰홍,장촌공원,playground,경기 고양시 일산서구 중앙로 1525,37.67344684,126.7524115,https://ys-dl.tistory.com/entry/%EC%96%B8%EB%8D%94%EC%BB%A4%EB%B2%84-%EB%AF%B8%EC%93%B0%ED%99%8D-%EC%B4%AC%EC%98%81%EC%A7%80-14%EA%B3%B3%EC%9D%84-%EC%95%8C%EB%A0%A4%EB%93%9C%EB%A6%BD%EB%8B%88%EB%8B%A4%EC%97%85%EB%8D%B0%EC%9D%B4%ED%8A%B8%EC%A4%91,YSDL,KAKAO
언제나 봄날,서울특별시 보라매병원,playground,서울특별시 동작구 보라매로5길 20,37.493287,126.92424,,KCISA,KCISA
얼어죽을 연애따위,일산호수공원,playground,경기도 고양시 일산동구 호수로 731,37.658769,126.76252,,KCISA,KCISA
얼어죽을 연애따위,YTN 뉴스퀘어,playground,서울특별시 마포구 상암산로 76,37.579146,126.89229,,KCISA,KCISA
얼어죽을 연애따위,이촌 한강공원,playground,서울특별시 용산구 서빙고동 287-4,37.5176063,126.992288,,KCISA,KCISA
엄마친구아들,여의도한강공원,playground,서울 영등포구 여의도동 85,37.5263886,126.9351293,https://ys-dl.tistory.com/entry/%EC%97%84%EB%A7%88%EC%B9%9C%EA%B5%AC%EC%95%84%EB%93%A4-%EC%B4%AC%EC%98%81%EC%A7%80-10%EA%B3%B3%EC%9D%84-%EC%95%8C%EB%A0%A4%EB%93%9C%EB%A6%BD%EB%8B%88%EB%8B%A4%EC%97%85%EB%8D%B0%EC%9D%B4%ED%8A%B8%EC%A4%91,YSDL,KAKAO
엄마친구아들,남산공원,playground,서울 중구 남산공원길 125-54,37.552498,126.9893169,https://ys-dl.tistory.com/entry/%EC%97%84%EB%A7%88%EC%B9%9C%EA%B5%AC%EC%95%84%EB%93%A4-%EC%B4%AC%EC%98%81%EC%A7%80-10%EA%B3%B3%EC%9D%84-%EC%95%8C%EB%A0%A4%EB%93%9C%EB%A6%BD%EB%8B%88%EB%8B%A4%EC%97%85%EB%8D%B0%EC%9D%B4%ED%8A%B8%EC%A4%91,YSDL,KAKAO
엄마친구아들,백범광장,playground,서울 중구 회현동1가 100-115,37.55482844,126.9792487,https://ys-dl.tistory.com/entry/%EC%97%84%EB%A7%88%EC%B9%9C%EA%B5%AC%EC%95%84%EB%93%A4-%EC%B4%AC%EC%98%81%EC%A7%80-10%EA%B3%B3%EC%9D%84-%EC%95%8C%EB%A0%A4%EB%93%9C%EB%A6%BD%EB%8B%88%EB%8B%A4%EC%97%85%EB%8D%B0%EC%9D%B4%ED%8A%B8%EC%A4%91,YSDL,KAKAO
엄마친구아들,청운공원,playground,서울 종로구 청운동 7-4,37.59100222,126.9663579,https://ys-dl.tistory.com/entry/%EC%97%84%EB%A7%88%EC%B9%9C%EA%B5%AC%EC%95%84%EB%93%A4-%EC%B4%AC%EC%98%81%EC%A7%80-10%EA%B3%B3%EC%9D%84-%EC%95%8C%EB%A0%A4%EB%93%9C%EB%A6%BD%EB%8B%88%EB%8B%A4%EC%97%85%EB%8D%B0%EC%9D%B4%ED%8A%B8%EC%A4%91,YSDL,KAKAO
엄마친구아들,서울 한양도성 백악구간,playground,서울 종로구 삼청동,37.59372718,126.9859956,https://ys-dl.tistory.com/entry/%EC%97%84%EB%A7%88%EC%B9%9C%EA%B5%AC%EC%95%84%EB%93%A4-%EC%B4%AC%EC%98%81%EC%A7%80-10%EA%B3%B3%EC%9D%84-%EC%95%8C%EB%A0%A4%EB%93%9C%EB%A6%BD%EB%8B%88%EB%8B%A4%EC%97%85%EB%8D%B0%EC%9D%B4%ED%8A%B8%EC%A4%91,YSDL,KAKAO
엄마친구아들,북악산,playground,서울 종로구 삼청동 산 2-27,37.59299979,126.9737306,https://ys-dl.tistory.com/entry/%EC%97%84%EB%A7%88%EC%B9%9C%EA%B5%AC%EC%95%84%EB%93%A4-%EC%B4%AC%EC%98%81%EC%A7%80-10%EA%B3%B3%EC%9D%84-%EC%95%8C%EB%A0%A4%EB%93%9C%EB%A6%BD%EB%8B%88%EB%8B%A4%EC%97%85%EB%8D%B0%EC%9D%B4%ED%8A%B8%EC%A4%91,YSDL,KAKAO
엄마친구아들,낙산공원,playground,서울 종로구 낙산길 41,37.58056967,127.0075218,https://ys-dl.tistory.com/entry/%EC%97%84%EB%A7%88%EC%B9%9C%EA%B5%AC%EC%95%84%EB%93%A4-%EC%B4%AC%EC%98%81%EC%A7%80-10%EA%B3%B3%EC%9D%84-%EC%95%8C%EB%A0%A4%EB%93%9C%EB%A6%BD%EB%8B%88%EB%8B%A4%EC%97%85%EB%8D%B0%EC%9D%B4%ED%8A%B8%EC%A4%91,YSDL,KAKAO
엄마친구아들,오동근린공원,playground,서울 성북구 화랑로13가길 100,37.60997441,127.0419681,https://ys-dl.tistory.com/entry/%EC%97%84%EB%A7%88%EC%B9%9C%EA%B5%AC%EC%95%84%EB%93%A4-%EC%B4%AC%EC%98%81%EC%A7%80-10%EA%B3%B3%EC%9D%84-%EC%95%8C%EB%A0%A4%EB%93%9C%EB%A6%BD%EB%8B%88%EB%8B%A4%EC%97%85%EB%8D%B0%EC%9D%B4%ED%8A%B8%EC%A4%91,YSDL,KAKAO
엄마친구아들,서래섬,playground,서울 서초구 반포동 137-41,37.50802101,126.9899294,https://ys-dl.tistory.com/entry/%EC%97%84%EB%A7%88%EC%B9%9C%EA%B5%AC%EC%95%84%EB%93%A4-%EC%B4%AC%EC%98%81%EC%A7%80-10%EA%B3%B3%EC%9D%84-%EC%95%8C%EB%A0%A4%EB%93%9C%EB%A6%BD%EB%8B%88%EB%8B%A4%EC%97%85%EB%8D%B0%EC%9D%B4%ED%8A%B8%EC%A4%91,YSDL,KAKAO
엄마친구아들,문화극장,playground,경기 동두천시 동광로 66,37.90828945,127.0558142,https://ys-dl.tistory.com/entry/%EC%97%84%EB%A7%88%EC%B9%9C%EA%B5%AC%EC%95%84%EB%93%A4-%EC%B4%AC%EC%98%81%EC%A7%80-10%EA%B3%B3%EC%9D%84-%EC%95%8C%EB%A0%A4%EB%93%9C%EB%A6%BD%EB%8B%88%EB%8B%A4%EC%97%85%EB%8D%B0%EC%9D%B4%ED%8A%B8%EC%A4%91,YSDL,KAKAO
엄마친구아들,일산호수공원,playground,경기 고양시 일산동구 호수로 595,37.65613604,126.7641415,https://ys-dl.tistory.com/entry/%EC%97%84%EB%A7%88%EC%B9%9C%EA%B5%AC%EC%95%84%EB%93%A4-%EC%B4%AC%EC%98%81%EC%A7%80-10%EA%B3%B3%EC%9D%84-%EC%95%8C%EB%A0%A4%EB%93%9C%EB%A6%BD%EB%8B%88%EB%8B%A4%EC%97%85%EB%8D%B0%EC%9D%B4%ED%8A%B8%EC%A4%91,YSDL,KAKAO
엄마친구아들,능안공원,playground,경기 고양시 일산동구 마두동 958,37.6599254,126.7833132,https://ys-dl.tistory.com/entry/%EC%97%84%EB%A7%88%EC%B9%9C%EA%B5%AC%EC%95%84%EB%93%A4-%EC%B4%AC%EC%98%81%EC%A7%80-10%EA%B3%B3%EC%9D%84-%EC%95%8C%EB%A0%A4%EB%93%9C%EB%A6%BD%EB%8B%88%EB%8B%A4%EC%97%85%EB%8D%B0%EC%9D%B4%ED%8A%B8%EC%A4%91,YSDL,KAKAO
엄마친구아들,석남사,playground,경기 안성시 금광면 상촌새말길 3-120,36.93958564,127.3070738,https://ys-dl.tistory.com/entry/%EC%97%84%EB%A7%88%EC%B9%9C%EA%B5%AC%EC%95%84%EB%93%A4-%EC%B4%AC%EC%98%81%EC%A7%80-10%EA%B3%B3%EC%9D%84-%EC%95%8C%EB%A0%A4%EB%93%9C%EB%A6%BD%EB%8B%88%EB%8B%A4%EC%97%85%EB%8D%B0%EC%9D%B4%ED%8A%B8%EC%A4%91,YSDL,KAKAO
엄마친구아들,송지호해수욕장,playground,강원특별자치도 고성군 죽왕면 오호리 8,38.33068452,128.5279176,https://ys-dl.tistory.com/entry/%EC%97%84%EB%A7%88%EC%B9%9C%EA%B5%AC%EC%95%84%EB%93%A4-%EC%B4%AC%EC%98%81%EC%A7%80-10%EA%B3%B3%EC%9D%84-%EC%95%8C%EB%A0%A4%EB%93%9C%EB%A6%BD%EB%8B%88%EB%8B%A4%EC%97%85%EB%8D%B0%EC%9D%B4%ED%8A%B8%EC%A4%91,YSDL,KAKAO
엄마친구아들,설악산소공원,playground,강원특별자치도 속초시 설악동,38.17298538,128.4925303,https://ys-dl.tistory.com/entry/%EC%97%84%EB%A7%88%EC%B9%9C%EA%B5%AC%EC%95%84%EB%93%A4-%EC%B4%AC%EC%98%81%EC%A7%80-10%EA%B3%B3%EC%9D%84-%EC%95%8C%EB%A0%A4%EB%93%9C%EB%A6%BD%EB%8B%88%EB%8B%A4%EC%97%85%EB%8D%B0%EC%9D%B4%ED%8A%B8%EC%A4%91,YSDL,KAKAO
에이틴,일산문화광장,playground,경기도 고양시 일산동구 중앙로 1271-4,37.65839,126.7704,,KCISA,KCISA
에이틴,봇들육교,playground,경기도 성남시 분당구 삼평동,37.401652,127.10516,,KCISA,KCISA
에이틴,낙원중학교,playground,경기도 성남시 분당구 서판교로132번길 11,37.399214,127.0962,,KCISA,KCISA
에이틴,판교 H스퀘어,playground,경기도 성남시 분당구 판교역로 231,37.401487,127.10914,,KCISA,KCISA
에이틴,미래에셋벤처타워,playground,경기도 성남시 분당구 판교역로241번길 20,37.402765,127.1074,,KCISA,KCISA
에이틴,대현빌딩,playground,경기도 성남시 분당구 황새울로 315,37.385012,127.12045,,KCISA,KCISA
에이틴,더필에듀 국어학원,playground,경기도 성남시 분당구 황새울로360번길 21 5층,37.385756,127.12562,,KCISA,KCISA
에이틴,동탄국제고등학교,playground,경기도 화성시 동탄나루로 27,37.1891856,127.078496,,KCISA,KCISA
에이틴,도곡정보문화도서관,playground,서울특별시 강남구 도곡로18길 57,37.488237,127.03927,,KCISA,KCISA
에이틴,명물길,playground,서울특별시 서대문구 명물길 17,37.557856,126.93749,,KCISA,KCISA
에이틴,개미마을,playground,서울특별시 서대문구 세검정로4길 100-58,37.590219,126.95332,,KCISA,KCISA
에이틴,더라이브러리 이매지점,playground,경기도 성남시 분당구 이매로 47 DNS빌딩 5층,37.394932,127.12613,,KCISA,KCISA
에이틴,동탄국제고등학교,playground,경기도 화성시 동탄나루로 27,37.1891856,127.078496,,KCISA,KCISA
에이틴,롯데월드,playground,서울특별시 송파구 올림픽로 240,37.5112601,127.097998,,KCISA,KCISA
에이틴,인천대학교 송도캠퍼스,playground,인천광역시 연수구 송도동 아카데미로 119,37.375106,126.63314,,KCISA,KCISA
에이틴,문화공원,playground,인천 연수구 연수동 578,37.41764237,126.6814147,https://ys-dl.tistory.com/entry/%EC%97%90%EC%9D%B4%ED%8B%B41-%EC%B4%AC%EC%98%81%EC%A7%80-%EC%84%9C%EC%9A%B8-6%EA%B3%B3%EC%9D%84-%EC%95%8C%EB%A0%A4%EB%93%9C%EB%A6%BD%EB%8B%88%EB%8B%A4,YSDL,KAKAO
에이틴,화랑어린이공원,playground,서울 성북구 석관동 407-6,37.60711487,127.0546915,https://ys-dl.tistory.com/entry/%EC%97%90%EC%9D%B4%ED%8B%B41-%EC%B4%AC%EC%98%81%EC%A7%80-%EC%84%9C%EC%9A%B8-6%EA%B3%B3%EC%9D%84-%EC%95%8C%EB%A0%A4%EB%93%9C%EB%A6%BD%EB%8B%88%EB%8B%A4,YSDL,KAKAO
엑스엑스,성미산로29길,playground,서울특별시 마포구 성미산로29길 3,37.564235,126.92285,,KCISA,KCISA
엑스엑스,더리버,playground,서울특별시 용산구 용산동6가 451,37.507108,126.98472,,KCISA,KCISA
엑스엑스,천광성결교회,playground,인천광역시 서구 장고개로 272 2층 천광교회,37.478516,126.64851,,KCISA,KCISA
엔젤 아이즈,일산 비버리 힐스,playground,경기도 고양시 일산동구 강송로218번길 40,37.658382,126.78377,,KCISA,KCISA
엔젤 아이즈,한림대학교 동탄성심병원,playground,경기도 화성시 큰재봉길 7,37.2166485,127.079989,,KCISA,KCISA
엔젤 아이즈,서울특별시 보라매병원,playground,서울특별시 동작구 보라매로5길 20,37.493287,126.92424,,KCISA,KCISA
엔젤 아이즈,중림동약현성당,playground,서울특별시 중구 청파로 447-1,37.559115,126.96744,,KCISA,KCISA
엔젤 아이즈,용마랜드,playground,서울특별시 중랑구 망우로70길 118,37.594468,127.105556,,KCISA,KCISA
엔젤 아이즈,소무의도 인도교,playground,인천광역시 중구 무의동 산369,37.37399,126.4392,,KCISA,KCISA
엔젤 아이즈,신포로39번길,playground,인천광역시 중구 신포로39번길,37.473405,126.62399,,KCISA,KCISA
여름아 부탁해,난지한강공원,playground,서울특별시 마포구 한강난지로 162,37.564486,126.87945,,KCISA,KCISA
여름향기,세종문화회관,playground,서울특별시 종로구 세종대로 175,37.572139,126.97634,,KCISA,KCISA
여름향기,대한다원보성녹차밭,playground,전라남도 보성군 보성읍 녹차로 763-43,34.714824,127.080926,,KCISA,KCISA
여신강림,KT&G 상상마당 춘천 아트센터,playground,강원도 춘천시 스포츠타운길399번길 25,37.873744,127.70273,,KCISA,KCISA
여신강림,일산문화광장,playground,경기도 고양시 일산동구 중앙로 1271-4,37.65839,126.7704,,KCISA,KCISA
여신강림,킨텍스 온누리공원,playground,경기도 고양시 일산서구 대화동 2721,37.66326,126.7464,,KCISA,KCISA
여신강림,아브뉴프랑 판교,playground,경기도 성남시 분당구 동판교로177번길 25,37.397269,127.113515,,KCISA,KCISA
여신강림,로케이션 이음 (구 로얄퀘스트),playground,경기도 파주시 탄현면 새오리로286번길 48-70,37.713531,126.74641,,KCISA,KCISA
여신강림,설리스카이워크,playground,경상남도 남해군 미조면 송정리 산352-4,34.70878,128.0226,,KCISA,KCISA
여신강림,대전대학교,playground,대전광역시 동구 대학로 62,36.33627,127.4602,,KCISA,KCISA
여신강림,성산빌딩,playground,서울특별시 강남구 도산대로53길 39,37.52584,127.0389,,KCISA,KCISA
여신강림,위드뷰티살롱,playground,서울특별시 강남구 도산대로70길 16,37.52252,127.0451,,KCISA,KCISA
여신강림,어울마당로,playground,서울특별시 마포구 어울마당로,37.55003,126.92113,,KCISA,KCISA
여신강림,구룡근린공원,playground,서울특별시 마포구 월드컵북로 456,37.582996,126.88385,,KCISA,KCISA
여신강림,대현문화공원,playground,서울특별시 서대문구 대현동 146,37.557639,126.94551,,KCISA,KCISA
여신강림,연세대학교 신촌캠퍼스,playground,서울특별시 서대문구 연세로 50,37.5637563,126.937546,,KCISA,KCISA
여신강림,롯데월드,playground,서울특별시 송파구 올림픽로 240,37.5112601,127.097998,,KCISA,KCISA
여신강림,수노래연습장 홍대 본점,playground,서울특별시 와우산로21길 37,37.55227,126.92171,,KCISA,KCISA
여신강림,N서울타워,playground,서울특별시 용산구 남산공원길 105,37.551168,126.98824,,KCISA,KCISA
여신강림,드래곤힐스파,playground,서울특별시 용산구 한강대로21나길 40,37.554719,126.97065,,KCISA,KCISA
여신강림,피카디리국제미술관,playground,서울특별시 종로구 돈화문로5가길 1,37.570962,126.99117,,KCISA,KCISA
여신강림,대학로,playground,서울특별시 종로구 동숭동 대학로,37.60615,126.96815,,KCISA,KCISA
여신강림,소쇼룸,playground,서울특별시 종로구 북촌로6길 32-4,37.58019,126.9863,,KCISA,KCISA
여신강림,북촌로8길,playground,서울특별시 종로구 북촌로8길,37.58101,126.9861,,KCISA,KCISA
여신강림,윤보선길,playground,서울특별시 종로구 윤보선길,37.577559,126.98376,,KCISA,KCISA
여신강림,왕자만화방,playground,서울특별시 종로구 윤보선길 31,37.57737,126.9837,,KCISA,KCISA
여신강림,율곡로3길,playground,서울특별시 종로구 율곡로3길,37.577811,126.98239,,KCISA,KCISA
여신강림,중앙고등학교,playground,서울특별시 종로구 창덕궁길 164,37.584081,126.986846,,KCISA,KCISA
여신강림,창의문로,playground,서울특별시 종로구 청운동,37.59043,126.9705,,KCISA,KCISA
여신강림,명동쇼핑거리,playground,서울특별시 중구 명동길 명동쇼핑거리,37.564111,126.98609,,KCISA,KCISA
여신강림,남산 케이블카,playground,서울특별시 중구 소파로 83,37.556593,126.98404,,KCISA,KCISA
여신강림,대림상가,playground,서울특별시 중구 을지로 157,37.5675035,126.995406,,KCISA,KCISA
여신강림,청계상가,playground,서울특별시 중구 청계천로 160,37.568177,126.99533,,KCISA,KCISA
여신강림,인천국제공항,playground,인천광역시 중구 공항로 272,37.44919,126.4514,,KCISA,KCISA
여우각시별,제기로9길,playground,서울특별시 동대문구 제기로9길 18,37.587529,127.03732,,KCISA,KCISA
여우각시별,도림로141길,playground,서울특별시 영등포구 도림로141길 16,37.51403,126.8921,,KCISA,KCISA
여우각시별,율곡로3길,playground,서울특별시 종로구 율곡로3길,37.577811,126.98239,,KCISA,KCISA
여우각시별,갤러리연우,playground,서울특별시 종로구 평창7길 32,37.6164966,126.976,,KCISA,KCISA
여우각시별,청라호수공원,playground,인천광역시 서구 청라커낼로 135,37.533275,126.63381,,KCISA,KCISA
여우각시별,인천국제공항,playground,인천광역시 중구 공항로 272,37.44919,126.4514,,KCISA,KCISA
여우각시별,씨사이드파크,playground,인천광역시 중구 하늘달빛로2번길 6,37.4832771,126.568135,,KCISA,KCISA
여우각시별,K현대미술관,playground,서울 강남구 선릉로 807,37.52434988,127.0391332,https://ys-dl.tistory.com/entry/%EC%97%AC%EC%9A%B0%EA%B0%81%EC%8B%9C%EB%B3%84-%EC%B4%AC%EC%98%81%EC%8B%9C-%EC%84%9C%EC%9A%B8-8%EA%B3%B3%EC%9D%84-%EC%95%8C%EB%A0%A4%EB%93%9C%EB%A6%BD%EB%8B%88%EB%8B%A4,YSDL,KAKAO
여우야 뭐하니,오이도빨강등대,playground,경기도 시흥시 오이도로 175,37.345438,126.68744,,KCISA,KCISA
여인의 향기,신창풍차해안 등대,playground,제주특별자치도 제주시 한경면 신창리 1481-14,33.34543,126.1693,,KCISA,KCISA
여인천하,경복궁,playground,서울특별시 종로구 사직로 161,37.5806736,126.976952,,KCISA,KCISA
역도요정 김복주,헌화로드라이브코스,playground,강원도 강릉시 강동면 심곡리 헌화로,37.664267,129.05459,,KCISA,KCISA
역도요정 김복주,고양종합운동장,playground,경기도 고양시 일산서구 중앙로 1601,37.67639,126.7431,,KCISA,KCISA
역도요정 김복주,용인대학교,playground,경기도 용인시 처인구 삼가동 470 2층,37.22716,127.1679,,KCISA,KCISA
역도요정 김복주,이월드,playground,대구광역시 달서구 두류공원로 200,35.853468,128.563918,,KCISA,KCISA
역도요정 김복주,서울과학기술대학교,playground,서울특별시 노원구 공릉로 232,37.629632,127.07845,,KCISA,KCISA
역도요정 김복주,태릉선수촌,playground,서울특별시 노원구 화랑로 727,37.63674,127.10344,,KCISA,KCISA
역도요정 김복주,삼육대학교,playground,서울특별시 노원구 화랑로 815,37.64302,127.1055,,KCISA,KCISA
역도요정 김복주,망원한강공원,playground,서울특별시 마포구 마포나루길 467,37.55347,126.89816,,KCISA,KCISA
역도요정 김복주,성산대교,playground,서울특별시 마포구 망원동 성산대교,37.552775,126.89155,,KCISA,KCISA
역도요정 김복주,와우산로22길,playground,서울특별시 마포구 와우산로22길 34,37.55098,126.9241,,KCISA,KCISA
역도요정 김복주,응봉산 팔각정,playground,서울특별시 성동구 독서당로60길 13-1,37.547805,127.029886,,KCISA,KCISA
역도요정 김복주,한국체육대학교,playground,서울특별시 송파구 양재대로 1239,37.51963,127.131,,KCISA,KCISA
역도요정 김복주,원효대교,playground,서울특별시 영등포구 여의도동 원효대교,37.527046,126.94571,,KCISA,KCISA
역도요정 김복주,아이디어빌,playground,서울특별시 종로구 평창16길 29,37.61134,126.9651,,KCISA,KCISA
역도요정 김복주,서울시립미술관,playground,서울특별시 중구 덕수궁길 61,37.564042,126.97376,,KCISA,KCISA
역도요정 김복주,명보사거리,playground,서울특별시 중구 초동 명보사거리,37.56434,126.9928,,KCISA,KCISA
역도요정 김복주,인하대학교,playground,인천광역시 남구 인하로 100,37.44949,126.6531,,KCISA,KCISA
역도요정 김복주,인천국제공항,playground,인천광역시 중구 공항로 272,37.44919,126.4514,,KCISA,KCISA
역도요정 김복주,옥순봉,playground,충청북도 제천시 수산면 옥순봉로 342,36.93968,128.2393,,KCISA,KCISA
연모,죽주산성,playground,경기도 안성시 죽산면 죽양대로 111-71,37.08915,127.4316,,KCISA,KCISA
연모,한국민속촌,playground,경기도 용인시 기흥구 민속촌로 90,37.260092,127.12036,,KCISA,KCISA
연모,용인 대장금 파크,playground,경기도 용인시 처인구 백암면 용천드라마길 25,37.1209396,127.337296,,KCISA,KCISA
연모,이태사랑바위,playground,경상남도 거창군 위천면 황산리 40-1,35.758791,127.8482068,,KCISA,KCISA
연모,거창 이태 사랑바위,playground,경상남도 거창군 위천면 황산리 산40-1,35.75816,127.8343,,KCISA,KCISA
연모,문경새재촬영장 (오픈세트장),playground,경상북도 문경시 문경읍 새재로 1037,36.771097,128.073937,,KCISA,KCISA
연모,성주한개마을,playground,경상북도 성주군 월항면 한개2길 8-5,35.9284529,128.325599,,KCISA,KCISA
연모,만휴정,playground,경상북도 안동시 길안면 묵계하리길 42,36.41043,128.9099,,KCISA,KCISA
연모,영주소수서원,playground,경상북도 영주시 순흥면 소백로 2740,36.925493,128.58029,,KCISA,KCISA
연모,영주선비촌,playground,경상북도 영주시 순흥면 소백로 2796,36.9275125,128.582575,,KCISA,KCISA
연모,광한루원,playground,전라북도 남원시 요천로 1447,35.403918,127.379758,,KCISA,KCISA
연모,부안영상테마파크,playground,전라북도 부안군 반석면 격포로 309-64,35.620633,126.48247,,KCISA,KCISA
연모,경기전,playground,전라북도 전주시 완산구 태조로 44,35.815488,127.149771,,KCISA,KCISA
연모,전주향교,playground,전라북도 전주시 완산구 향교길 139,35.81291,127.1572,,KCISA,KCISA
연모,문헌서원,playground,충청남도 서천군 기산면 서원로172번길 66,36.0918,126.7855,,KCISA,KCISA
연애 말고 결혼,에리아,playground,경기도 성남시 분당구 판교역로18번길 12,37.3845761,127.110967,,KCISA,KCISA
연애 말고 결혼,서울중앙지방법원,playground,서울특별시 서초구 서초중앙로 157,37.496068,127.01148,,KCISA,KCISA
연애는 귀찮지만 외로운 건 싫어!,윤보선길,playground,서울특별시 종로구 윤보선길,37.577559,126.98376,,KCISA,KCISA
연애미수,경복궁,playground,서울특별시 종로구 사직로 161,37.5806736,126.976952,,KCISA,KCISA
연애시대,수원월드컵경기장,playground,경기도 수원시 팔달구 월드컵로 310,37.28648,127.0369,,KCISA,KCISA
연애시대,이랜드크루즈,playground,서울특별시 영등포구 여의동로 280,37.5290674,126.936218,,KCISA,KCISA
연애의 발견,남이섬,playground,강원도 춘천시 남산면 남이섬길 1,37.789935,127.52581,,KCISA,KCISA
연애의 발견,킨텍스,playground,경기도 고양시 일산서구 킨텍스로 217-60,37.668805,126.74593,,KCISA,KCISA
연애의 발견,두물머리,playground,경기도 양평군 양서면 두물머리길,37.532916,127.315783,,KCISA,KCISA
연애의 발견,플럼라인,playground,경기도 파주시 문발로 165,37.709541,126.6854,,KCISA,KCISA
연애의 발견,원과호펜션,playground,경기도 파주시 탄현면 헤이리마을길 48-99,37.786099,126.699964,,KCISA,KCISA
연애의 발견,연화도 출렁다리,playground,경상남도 통영시 욕지면 연화리 산2,34.638922,128.371628,,KCISA,KCISA
연애의 발견,도산공원,playground,서울특별시 강남구 도산대로45길 20 도산전시관,37.524491,127.035323,,KCISA,KCISA
연애의 발견,영동대로,playground,서울특별시 강남구 삼성동,37.51369,127.0605,,KCISA,KCISA
연애의 발견,평화의 공원,playground,서울특별시 마포구 상암동 월드컵로 243-60,37.562336,126.895002,,KCISA,KCISA
연애의 발견,와우산로,playground,서울특별시 마포구 서교동 406,37.552359,126.92372,,KCISA,KCISA
연애의 발견,와우산로22길,playground,서울특별시 마포구 와우산로22길 34,37.55098,126.9241,,KCISA,KCISA
연애의 발견,월드컵공원,playground,서울특별시 마포구 하늘공원로 86,37.5708905,126.878429,,KCISA,KCISA
연애의 발견,성산로22길,playground,서울특별시 서대문구 성산로22길 22,37.559871,126.93404,,KCISA,KCISA
연애의 발견,마포대교,playground,서울특별시 영등포구 여의도동 84-5,37.533709,126.9367,,KCISA,KCISA
연애의 발견,덕수궁 돌담길,playground,서울특별시 중구 세종대로 99,37.565924,126.97501,,KCISA,KCISA
연애조작단: 시라노,N서울타워,playground,서울특별시 용산구 남산공원길 105,37.551168,126.98824,,KCISA,KCISA
연애조작단: 시라노,트라이보울,playground,인천광역시 연수구 인천타워대로 250,37.394084,126.63504,,KCISA,KCISA
연애혁명,경의선숲길공원,playground,서울특별시 마포구 연남동 연남로 80,37.5661595,126.919015,,KCISA,KCISA
연인,화적연,playground,경기 포천시 영북면 자일리 산 115-2,38.11505297,127.2627056,https://ys-dl.tistory.com/entry/%EC%97%B0%EC%9D%B8-%EC%B4%AC%EC%98%81%EC%A7%80-6%EA%B3%B3%EC%9D%84-%EC%95%8C%EB%A0%A4%EB%93%9C%EB%A6%BD%EB%8B%88%EB%8B%A4%EC%97%85%EB%8D%B0%EC%9D%B4%ED%8A%B8%EC%A4%91,YSDL,KAKAO
연인,용인대장금파크 관가,playground,경기 용인시 처인구 백암면 용천드라마길 25,37.12160248,127.3376128,https://ys-dl.tistory.com/entry/%EC%97%B0%EC%9D%B8-%EC%B4%AC%EC%98%81%EC%A7%80-6%EA%B3%B3%EC%9D%84-%EC%95%8C%EB%A0%A4%EB%93%9C%EB%A6%BD%EB%8B%88%EB%8B%A4%EC%97%85%EB%8D%B0%EC%9D%B4%ED%8A%B8%EC%A4%91,YSDL,KAKAO
연인,고석정,playground,강원특별자치도 철원군 동송읍 장흥리 725-13,38.18526249,127.2879543,https://ys-dl.tistory.com/entry/%EC%97%B0%EC%9D%B8-%EC%B4%AC%EC%98%81%EC%A7%80-6%EA%B3%B3%EC%9D%84-%EC%95%8C%EB%A0%A4%EB%93%9C%EB%A6%BD%EB%8B%88%EB%8B%A4%EC%97%85%EB%8D%B0%EC%9D%B4%ED%8A%B8%EC%A4%91,YSDL,KAKAO
연인,무릉계곡,playground,강원특별자치도 동해시 삼화동 산 267-3,37.46307181,129.0148494,https://ys-dl.tistory.com/entry/%EC%97%B0%EC%9D%B8-%EC%B4%AC%EC%98%81%EC%A7%80-6%EA%B3%B3%EC%9D%84-%EC%95%8C%EB%A0%A4%EB%93%9C%EB%A6%BD%EB%8B%88%EB%8B%A4%EC%97%85%EB%8D%B0%EC%9D%B4%ED%8A%B8%EC%A4%91,YSDL,KAKAO
연인,온달관광지,playground,충북 단양군 영춘면 온달로 23,37.0625558,128.4911874,https://ys-dl.tistory.com/entry/%EC%97%B0%EC%9D%B8-%EC%B4%AC%EC%98%81%EC%A7%80-6%EA%B3%B3%EC%9D%84-%EC%95%8C%EB%A0%A4%EB%93%9C%EB%A6%BD%EB%8B%88%EB%8B%A4%EC%97%85%EB%8D%B0%EC%9D%B4%ED%8A%B8%EC%A4%91,YSDL,KAKAO
연인,바람의화원 세트장,playground,충북 괴산군 청천면 송문로덕평1길 44-18,36.72666312,127.8057002,https://ys-dl.tistory.com/entry/%EC%97%B0%EC%9D%B8-%EC%B4%AC%EC%98%81%EC%A7%80-6%EA%B3%B3%EC%9D%84-%EC%95%8C%EB%A0%A4%EB%93%9C%EB%A6%BD%EB%8B%88%EB%8B%A4%EC%97%85%EB%8D%B0%EC%9D%B4%ED%8A%B8%EC%A4%91,YSDL,KAKAO
연인,삼봉해수욕장,playground,충남 태안군 안면읍 삼봉길 209-3,36.57042887,126.3154324,https://ys-dl.tistory.com/entry/%EC%97%B0%EC%9D%B8-%EC%B4%AC%EC%98%81%EC%A7%80-6%EA%B3%B3%EC%9D%84-%EC%95%8C%EB%A0%A4%EB%93%9C%EB%A6%BD%EB%8B%88%EB%8B%A4%EC%97%85%EB%8D%B0%EC%9D%B4%ED%8A%B8%EC%A4%91,YSDL,KAKAO
연인,부여 가림성 느티나무,playground,충남 부여군 임천면 군사리 산 1-1,36.19621911,126.9002155,https://ys-dl.tistory.com/entry/%EC%97%B0%EC%9D%B8-%EC%B4%AC%EC%98%81%EC%A7%80-6%EA%B3%B3%EC%9D%84-%EC%95%8C%EB%A0%A4%EB%93%9C%EB%A6%BD%EB%8B%88%EB%8B%A4%EC%97%85%EB%8D%B0%EC%9D%B4%ED%8A%B8%EC%A4%91,YSDL,KAKAO
연인,서동요테마파크,playground,충남 부여군 충화면 충신로 616,36.14429091,126.8238118,https://ys-dl.tistory.com/entry/%EC%97%B0%EC%9D%B8-%EC%B4%AC%EC%98%81%EC%A7%80-6%EA%B3%B3%EC%9D%84-%EC%95%8C%EB%A0%A4%EB%93%9C%EB%A6%BD%EB%8B%88%EB%8B%A4%EC%97%85%EB%8D%B0%EC%9D%B4%ED%8A%B8%EC%A4%91,YSDL,KAKAO
연인,수선루,playground,전북특별자치도 진안군 마령면 강정리 산 57,35.74567362,127.3439442,https://ys-dl.tistory.com/entry/%EC%97%B0%EC%9D%B8-%EC%B4%AC%EC%98%81%EC%A7%80-6%EA%B3%B3%EC%9D%84-%EC%95%8C%EB%A0%A4%EB%93%9C%EB%A6%BD%EB%8B%88%EB%8B%A4%EC%97%85%EB%8D%B0%EC%9D%B4%ED%8A%B8%EC%A4%91,YSDL,KAKAO
연인,부용대,playground,경북 안동시 풍천면 광덕솔밭길 72,36.54285157,128.5166155,https://ys-dl.tistory.com/entry/%EC%97%B0%EC%9D%B8-%EC%B4%AC%EC%98%81%EC%A7%80-6%EA%B3%B3%EC%9D%84-%EC%95%8C%EB%A0%A4%EB%93%9C%EB%A6%BD%EB%8B%88%EB%8B%A4%EC%97%85%EB%8D%B0%EC%9D%B4%ED%8A%B8%EC%A4%91,YSDL,KAKAO
연인,안동하회마을,playground,경북 안동시 풍천면 하회리 1176-1,36.53898283,128.5181412,https://ys-dl.tistory.com/entry/%EC%97%B0%EC%9D%B8-%EC%B4%AC%EC%98%81%EC%A7%80-6%EA%B3%B3%EC%9D%84-%EC%95%8C%EB%A0%A4%EB%93%9C%EB%A6%BD%EB%8B%88%EB%8B%A4%EC%97%85%EB%8D%B0%EC%9D%B4%ED%8A%B8%EC%A4%91,YSDL,KAKAO
연인,안동군자마을,playground,경북 안동시 와룡면 군자리길 29,36.67374521,128.8022828,https://ys-dl.tistory.com/entry/%EC%97%B0%EC%9D%B8-%EC%B4%AC%EC%98%81%EC%A7%80-6%EA%B3%B3%EC%9D%84-%EC%95%8C%EB%A0%A4%EB%93%9C%EB%A6%BD%EB%8B%88%EB%8B%A4%EC%97%85%EB%8D%B0%EC%9D%B4%ED%8A%B8%EC%A4%91,YSDL,KAKAO
열녀박씨 계약결혼뎐,난지한강공원,playground,서울 마포구 상암동 495-72,37.56703991,126.8756078,https://ys-dl.tistory.com/entry/%EC%97%B4%EB%85%80%EB%B0%95%EC%94%A8-%EA%B3%84%EC%95%BD%EA%B2%B0%ED%98%BC%EB%8E%90-%EC%B4%AC%EC%98%81%EC%A7%80-6%EA%B3%B3%EC%9D%84-%EC%95%8C%EB%A0%A4%EB%93%9C%EB%A6%BD%EB%8B%88%EB%8B%A4%EC%97%85%EB%8D%B0%EC%9D%B4%ED%8A%B8%EC%A4%91,YSDL,KAKAO
열녀박씨 계약결혼뎐,연남장,playground,서울 서대문구 연희로5길 22,37.56432979,126.9275831,https://ys-dl.tistory.com/entry/%EC%97%B4%EB%85%80%EB%B0%95%EC%94%A8-%EA%B3%84%EC%95%BD%EA%B2%B0%ED%98%BC%EB%8E%90-%EC%B4%AC%EC%98%81%EC%A7%80-6%EA%B3%B3%EC%9D%84-%EC%95%8C%EB%A0%A4%EB%93%9C%EB%A6%BD%EB%8B%88%EB%8B%A4%EC%97%85%EB%8D%B0%EC%9D%B4%ED%8A%B8%EC%A4%91,YSDL,KAKAO
열녀박씨 계약결혼뎐,서교어린이공원,playground,서울 마포구 양화로11길 21,37.55187352,126.9154092,https://ys-dl.tistory.com/entry/%EC%97%B4%EB%85%80%EB%B0%95%EC%94%A8-%EA%B3%84%EC%95%BD%EA%B2%B0%ED%98%BC%EB%8E%90-%EC%B4%AC%EC%98%81%EC%A7%80-6%EA%B3%B3%EC%9D%84-%EC%95%8C%EB%A0%A4%EB%93%9C%EB%A6%BD%EB%8B%88%EB%8B%A4%EC%97%85%EB%8D%B0%EC%9D%B4%ED%8A%B8%EC%A4%91,YSDL,KAKAO
열녀박씨 계약결혼뎐,청계천,playground,서울 종로구 서린동 148,37.56914697,126.9786471,https://ys-dl.tistory.com/entry/%EC%97%B4%EB%85%80%EB%B0%95%EC%94%A8-%EA%B3%84%EC%95%BD%EA%B2%B0%ED%98%BC%EB%8E%90-%EC%B4%AC%EC%98%81%EC%A7%80-6%EA%B3%B3%EC%9D%84-%EC%95%8C%EB%A0%A4%EB%93%9C%EB%A6%BD%EB%8B%88%EB%8B%A4%EC%97%85%EB%8D%B0%EC%9D%B4%ED%8A%B8%EC%A4%91,YSDL,KAKAO
열녀박씨 계약결혼뎐,경복궁 건춘문,playground,서울 종로구 사직로 161,37.57814623,126.9793237,https://ys-dl.tistory.com/entry/%EC%97%B4%EB%85%80%EB%B0%95%EC%94%A8-%EA%B3%84%EC%95%BD%EA%B2%B0%ED%98%BC%EB%8E%90-%EC%B4%AC%EC%98%81%EC%A7%80-6%EA%B3%B3%EC%9D%84-%EC%95%8C%EB%A0%A4%EB%93%9C%EB%A6%BD%EB%8B%88%EB%8B%A4%EC%97%85%EB%8D%B0%EC%9D%B4%ED%8A%B8%EC%A4%91,YSDL,KAKAO
열녀박씨 계약결혼뎐,삼성해맞이공원,playground,서울 강남구 삼성동 82,37.5196741,127.0619385,https://ys-dl.tistory.com/entry/%EC%97%B4%EB%85%80%EB%B0%95%EC%94%A8-%EA%B3%84%EC%95%BD%EA%B2%B0%ED%98%BC%EB%8E%90-%EC%B4%AC%EC%98%81%EC%A7%80-6%EA%B3%B3%EC%9D%84-%EC%95%8C%EB%A0%A4%EB%93%9C%EB%A6%BD%EB%8B%88%EB%8B%A4%EC%97%85%EB%8D%B0%EC%9D%B4%ED%8A%B8%EC%A4%91,YSDL,KAKAO
열녀박씨 계약결혼뎐,화적연,playground,경기 포천시 영북면 자일리 산 115-2,38.11505297,127.2627056,https://ys-dl.tistory.com/entry/%EC%97%B4%EB%85%80%EB%B0%95%EC%94%A8-%EA%B3%84%EC%95%BD%EA%B2%B0%ED%98%BC%EB%8E%90-%EC%B4%AC%EC%98%81%EC%A7%80-6%EA%B3%B3%EC%9D%84-%EC%95%8C%EB%A0%A4%EB%93%9C%EB%A6%BD%EB%8B%88%EB%8B%A4%EC%97%85%EB%8D%B0%EC%9D%B4%ED%8A%B8%EC%A4%91,YSDL,KAKAO
열녀박씨 계약결혼뎐,우주공원,playground,경기 성남시 분당구 삼평동 620,37.40402815,127.101357,https://ys-dl.tistory.com/entry/%EC%97%B4%EB%85%80%EB%B0%95%EC%94%A8-%EA%B3%84%EC%95%BD%EA%B2%B0%ED%98%BC%EB%8E%90-%EC%B4%AC%EC%98%81%EC%A7%80-6%EA%B3%B3%EC%9D%84-%EC%95%8C%EB%A0%A4%EB%93%9C%EB%A6%BD%EB%8B%88%EB%8B%A4%EC%97%85%EB%8D%B0%EC%9D%B4%ED%8A%B8%EC%A4%91,YSDL,KAKAO
열녀박씨 계약결혼뎐,용인대장금테마파크,playground,경기 용인시 처인구 백암면 용천드라마길 25,37.12119169,127.3375794,https://ys-dl.tistory.com/entry/%EC%97%B4%EB%85%80%EB%B0%95%EC%94%A8-%EA%B3%84%EC%95%BD%EA%B2%B0%ED%98%BC%EB%8E%90-%EC%B4%AC%EC%98%81%EC%A7%80-6%EA%B3%B3%EC%9D%84-%EC%95%8C%EB%A0%A4%EB%93%9C%EB%A6%BD%EB%8B%88%EB%8B%A4%EC%97%85%EB%8D%B0%EC%9D%B4%ED%8A%B8%EC%A4%91,YSDL,KAKAO
열녀박씨 계약결혼뎐,미술관 자작나무숲,playground,강원특별자치도 횡성군 우천면 한우로두곡5길 186,37.49275154,128.0500514,https://ys-dl.tistory.com/entry/%EC%97%B4%EB%85%80%EB%B0%95%EC%94%A8-%EA%B3%84%EC%95%BD%EA%B2%B0%ED%98%BC%EB%8E%90-%EC%B4%AC%EC%98%81%EC%A7%80-6%EA%B3%B3%EC%9D%84-%EC%95%8C%EB%A0%A4%EB%93%9C%EB%A6%BD%EB%8B%88%EB%8B%A4%EC%97%85%EB%8D%B0%EC%9D%B4%ED%8A%B8%EC%A4%91,YSDL,KAKAO
열녀박씨 계약결혼뎐,바람의화원 세트장,playground,충북 괴산군 청천면 송문로덕평1길 44-18,36.72666312,127.8057002,https://ys-dl.tistory.com/entry/%EC%97%B4%EB%85%80%EB%B0%95%EC%94%A8-%EA%B3%84%EC%95%BD%EA%B2%B0%ED%98%BC%EB%8E%90-%EC%B4%AC%EC%98%81%EC%A7%80-6%EA%B3%B3%EC%9D%84-%EC%95%8C%EB%A0%A4%EB%93%9C%EB%A6%BD%EB%8B%88%EB%8B%A4%EC%97%85%EB%8D%B0%EC%9D%B4%ED%8A%B8%EC%A4%91,YSDL,KAKAO
열녀박씨 계약결혼뎐,문경새재오픈세트장,playground,경북 문경시 문경읍 새재로 1037,36.77139968,128.074072,https://ys-dl.tistory.com/entry/%EC%97%B4%EB%85%80%EB%B0%95%EC%94%A8-%EA%B3%84%EC%95%BD%EA%B2%B0%ED%98%BC%EB%8E%90-%EC%B4%AC%EC%98%81%EC%A7%80-6%EA%B3%B3%EC%9D%84-%EC%95%8C%EB%A0%A4%EB%93%9C%EB%A6%BD%EB%8B%88%EB%8B%A4%EC%97%85%EB%8D%B0%EC%9D%B4%ED%8A%B8%EC%A4%91,YSDL,KAKAO
열녀박씨 계약결혼뎐,고산정,playground,경북 안동시 도산면 가송길 177-42,36.76768703,128.8921228,https://ys-dl.tistory.com/entry/%EC%97%B4%EB%85%80%EB%B0%95%EC%94%A8-%EA%B3%84%EC%95%BD%EA%B2%B0%ED%98%BC%EB%8E%90-%EC%B4%AC%EC%98%81%EC%A7%80-6%EA%B3%B3%EC%9D%84-%EC%95%8C%EB%A0%A4%EB%93%9C%EB%A6%BD%EB%8B%88%EB%8B%A4%EC%97%85%EB%8D%B0%EC%9D%B4%ED%8A%B8%EC%A4%91,YSDL,KAKAO
열녀박씨 계약결혼뎐,부용대,playground,경북 안동시 풍천면 광덕솔밭길 72,36.54285157,128.5166155,https://ys-dl.tistory.com/entry/%EC%97%B4%EB%85%80%EB%B0%95%EC%94%A8-%EA%B3%84%EC%95%BD%EA%B2%B0%ED%98%BC%EB%8E%90-%EC%B4%AC%EC%98%81%EC%A7%80-6%EA%B3%B3%EC%9D%84-%EC%95%8C%EB%A0%A4%EB%93%9C%EB%A6%BD%EB%8B%88%EB%8B%A4%EC%97%85%EB%8D%B0%EC%9D%B4%ED%8A%B8%EC%A4%91,YSDL,KAKAO
열녀박씨 계약결혼뎐,옥연정사,playground,경북 안동시 풍천면 광덕솔밭길 86,36.54344008,128.5179514,https://ys-dl.tistory.com/entry/%EC%97%B4%EB%85%80%EB%B0%95%EC%94%A8-%EA%B3%84%EC%95%BD%EA%B2%B0%ED%98%BC%EB%8E%90-%EC%B4%AC%EC%98%81%EC%A7%80-6%EA%B3%B3%EC%9D%84-%EC%95%8C%EB%A0%A4%EB%93%9C%EB%A6%BD%EB%8B%88%EB%8B%A4%EC%97%85%EB%8D%B0%EC%9D%B4%ED%8A%B8%EC%A4%91,YSDL,KAKAO
열녀박씨 계약결혼뎐,만휴정,playground,경북 안동시 길안면 묵계하리길 42,36.41044601,128.9098517,https://ys-dl.tistory.com/entry/%EC%97%B4%EB%85%80%EB%B0%95%EC%94%A8-%EA%B3%84%EC%95%BD%EA%B2%B0%ED%98%BC%EB%8E%90-%EC%B4%AC%EC%98%81%EC%A7%80-6%EA%B3%B3%EC%9D%84-%EC%95%8C%EB%A0%A4%EB%93%9C%EB%A6%BD%EB%8B%88%EB%8B%A4%EC%97%85%EB%8D%B0%EC%9D%B4%ED%8A%B8%EC%A4%91,YSDL,KAKAO
열녀박씨 계약결혼뎐,함양 일두 정여창 고택,playground,경남 함양군 지곡면 개평길 50-13,35.56632692,127.7681729,https://ys-dl.tistory.com/entry/%EC%97%B4%EB%85%80%EB%B0%95%EC%94%A8-%EA%B3%84%EC%95%BD%EA%B2%B0%ED%98%BC%EB%8E%90-%EC%B4%AC%EC%98%81%EC%A7%80-6%EA%B3%B3%EC%9D%84-%EC%95%8C%EB%A0%A4%EB%93%9C%EB%A6%BD%EB%8B%88%EB%8B%A4%EC%97%85%EB%8D%B0%EC%9D%B4%ED%8A%B8%EC%A4%91,YSDL,KAKAO
열녀박씨 계약결혼뎐,황매산,playground,경남 합천군 가회면 둔내리 산 219,35.49429165,127.9746615,https://ys-dl.tistory.com/entry/%EC%97%B4%EB%85%80%EB%B0%95%EC%94%A8-%EA%B3%84%EC%95%BD%EA%B2%B0%ED%98%BC%EB%8E%90-%EC%B4%AC%EC%98%81%EC%A7%80-6%EA%B3%B3%EC%9D%84-%EC%95%8C%EB%A0%A4%EB%93%9C%EB%A6%BD%EB%8B%88%EB%8B%A4%EC%97%85%EB%8D%B0%EC%9D%B4%ED%8A%B8%EC%A4%91,YSDL,KAKAO
열녀박씨 계약결혼뎐,최참판댁,playground,경남 하동군 악양면 평사리길 66-7,35.15559061,127.6881004,https://ys-dl.tistory.com/entry/%EC%97%B4%EB%85%80%EB%B0%95%EC%94%A8-%EA%B3%84%EC%95%BD%EA%B2%B0%ED%98%BC%EB%8E%90-%EC%B4%AC%EC%98%81%EC%A7%80-6%EA%B3%B3%EC%9D%84-%EC%95%8C%EB%A0%A4%EB%93%9C%EB%A6%BD%EB%8B%88%EB%8B%A4%EC%97%85%EB%8D%B0%EC%9D%B4%ED%8A%B8%EC%A4%91,YSDL,KAKAO
열녀박씨 계약결혼뎐,부산시민공원,playground,부산 부산진구 시민공원로 73,35.1683563,129.0574038,https://ys-dl.tistory.com/entry/%EC%97%B4%EB%85%80%EB%B0%95%EC%94%A8-%EA%B3%84%EC%95%BD%EA%B2%B0%ED%98%BC%EB%8E%90-%EC%B4%AC%EC%98%81%EC%A7%80-6%EA%B3%B3%EC%9D%84-%EC%95%8C%EB%A0%A4%EB%93%9C%EB%A6%BD%EB%8B%88%EB%8B%A4%EC%97%85%EB%8D%B0%EC%9D%B4%ED%8A%B8%EC%A4%91,YSDL,KAKAO
열녀박씨 계약결혼뎐,보수동책방골목,playground,부산 중구 책방골목길 16,35.10336686,129.0266569,https://ys-dl.tistory.com/entry/%EC%97%B4%EB%85%80%EB%B0%95%EC%94%A8-%EA%B3%84%EC%95%BD%EA%B2%B0%ED%98%BC%EB%8E%90-%EC%B4%AC%EC%98%81%EC%A7%80-6%EA%B3%B3%EC%9D%84-%EC%95%8C%EB%A0%A4%EB%93%9C%EB%A6%BD%EB%8B%88%EB%8B%A4%EC%97%85%EB%8D%B0%EC%9D%B4%ED%8A%B8%EC%A4%91,YSDL,KAKAO
열녀박씨 계약결혼뎐,해운대해수욕장,playground,부산 해운대구 우동,35.15852322,129.1598547,https://ys-dl.tistory.com/entry/%EC%97%B4%EB%85%80%EB%B0%95%EC%94%A8-%EA%B3%84%EC%95%BD%EA%B2%B0%ED%98%BC%EB%8E%90-%EC%B4%AC%EC%98%81%EC%A7%80-6%EA%B3%B3%EC%9D%84-%EC%95%8C%EB%A0%A4%EB%93%9C%EB%A6%BD%EB%8B%88%EB%8B%A4%EC%97%85%EB%8D%B0%EC%9D%B4%ED%8A%B8%EC%A4%91,YSDL,KAKAO
열녀박씨 계약결혼뎐,부산엑스더스카이,playground,부산 해운대구 달맞이길 30,35.15958657,129.1697344,https://ys-dl.tistory.com/entry/%EC%97%B4%EB%85%80%EB%B0%95%EC%94%A8-%EA%B3%84%EC%95%BD%EA%B2%B0%ED%98%BC%EB%8E%90-%EC%B4%AC%EC%98%81%EC%A7%80-6%EA%B3%B3%EC%9D%84-%EC%95%8C%EB%A0%A4%EB%93%9C%EB%A6%BD%EB%8B%88%EB%8B%A4%EC%97%85%EB%8D%B0%EC%9D%B4%ED%8A%B8%EC%A4%91,YSDL,KAKAO
열녀박씨 계약결혼뎐,함덕서우봉해변 인증센터,playground,제주특별자치도 제주시 조천읍 함덕리 산 14-53,33.54415564,126.6724563,https://ys-dl.tistory.com/entry/%EC%97%B4%EB%85%80%EB%B0%95%EC%94%A8-%EA%B3%84%EC%95%BD%EA%B2%B0%ED%98%BC%EB%8E%90-%EC%B4%AC%EC%98%81%EC%A7%80-6%EA%B3%B3%EC%9D%84-%EC%95%8C%EB%A0%A4%EB%93%9C%EB%A6%BD%EB%8B%88%EB%8B%A4%EC%97%85%EB%8D%B0%EC%9D%B4%ED%8A%B8%EC%A4%91,YSDL,KAKAO
열녀박씨 계약결혼뎐,금능해수욕장,playground,제주특별자치도 제주시 한림읍 금능길 119-10,33.39044882,126.2358899,https://ys-dl.tistory.com/entry/%EC%97%B4%EB%85%80%EB%B0%95%EC%94%A8-%EA%B3%84%EC%95%BD%EA%B2%B0%ED%98%BC%EB%8E%90-%EC%B4%AC%EC%98%81%EC%A7%80-6%EA%B3%B3%EC%9D%84-%EC%95%8C%EB%A0%A4%EB%93%9C%EB%A6%BD%EB%8B%88%EB%8B%A4%EC%97%85%EB%8D%B0%EC%9D%B4%ED%8A%B8%EC%A4%91,YSDL,KAKAO
열녀박씨 계약결혼뎐,올레길 14코스(저지-한림 올레),playground,제주특별자치도 제주시 한림읍 금능리 2316,33.38940954,126.2274847,https://ys-dl.tistory.com/entry/%EC%97%B4%EB%85%80%EB%B0%95%EC%94%A8-%EA%B3%84%EC%95%BD%EA%B2%B0%ED%98%BC%EB%8E%90-%EC%B4%AC%EC%98%81%EC%A7%80-6%EA%B3%B3%EC%9D%84-%EC%95%8C%EB%A0%A4%EB%93%9C%EB%A6%BD%EB%8B%88%EB%8B%A4%EC%97%85%EB%8D%B0%EC%9D%B4%ED%8A%B8%EC%A4%91,YSDL,KAKAO
열두밤,경기영어마을 파주캠퍼스,playground,경기도 파주시 탄현면 얼음실로 40,37.7852355,126.703739,,KCISA,KCISA
열두밤,화이트블럭,playground,경기도 파주시 탄현면 헤이리마을길 72,37.7889189,126.699592,,KCISA,KCISA
열두밤,서강대교,playground,서울특별시 영등포구 여의도동 서강대교,37.536911,126.92495,,KCISA,KCISA
열두밤,원효대교,playground,서울특별시 영등포구 여의도동 원효대교,37.527046,126.94571,,KCISA,KCISA
열두밤,동작대교,playground,서울특별시 용산구 이촌동 동작대교,37.51041,126.981893,,KCISA,KCISA
열두밤,아야모자공방,playground,서울특별시 종로구 계동길 93,37.58156,126.9867,,KCISA,KCISA
열두밤,낙산공원,playground,서울특별시 종로구 낙산길 41,37.580667,127.00746,,KCISA,KCISA
열두밤,마로니에 공원,playground,서울특별시 종로구 대학로 104,37.580499,127.00244,,KCISA,KCISA
열두밤,북촌로11길,playground,서울특별시 종로구 북촌로11길 52,37.582967,126.98348,,KCISA,KCISA
열두밤,북촌로5가길,playground,서울특별시 종로구 북촌로5가길 12-7,37.580327,126.98237,,KCISA,KCISA
열두밤,북촌마을안내소,playground,서울특별시 종로구 북촌로5길 48,37.57954,126.9832,,KCISA,KCISA
열두밤,북촌로5나길,playground,서울특별시 종로구 북촌로5나길 3-15,37.581058,126.9819,,KCISA,KCISA
열두밤,광화문 광장,playground,서울특별시 종로구 세종대로 175,37.5706546,126.976661,,KCISA,KCISA
열두밤,왕자만화방,playground,서울특별시 종로구 윤보선길 31,37.57737,126.9837,,KCISA,KCISA
열두밤,안국동 윤보선가,playground,서울특별시 종로구 윤보선길 62,37.57853,126.9834,,KCISA,KCISA
열두밤,중앙고등학교,playground,서울특별시 종로구 창덕궁길 164,37.584081,126.986846,,KCISA,KCISA
열두밤,럭키크리닝상사,playground,서울특별시 종로구 창덕궁길 85,37.58131,126.9892,,KCISA,KCISA
열두밤,효자로,playground,서울특별시 종로구 효자로 37,37.57934,126.9738,,KCISA,KCISA
열두밤,남산공원,playground,서울특별시 중구 삼일대로 231,37.551068,126.990858,,KCISA,KCISA
열두밤,인천국제공항,playground,인천광역시 중구 공항로 272,37.44919,126.4514,,KCISA,KCISA
열여덟의 순간,분당메모리얼파크,playground,경기도 서남시 분당구새나리로 79,37.403669,127.16401,,KCISA,KCISA
열여덟의 순간,양재천,playground,서울특별시 강남구 대치동 양재천,37.470194,127.03079,,KCISA,KCISA
열여덟의 순간,영동대로,playground,서울특별시 강남구 삼성동,37.51369,127.0605,,KCISA,KCISA
열여덟의 순간,중앙대학교사범대학부속고등학교,playground,서울특별시 강남구 선릉로 207,37.49196,127.0522,,KCISA,KCISA
열여덟의 순간,환일고등학교,playground,서울특별시 마포구 환일길 47,37.55352,126.9621,,KCISA,KCISA
열여덟의 순간,반포대교,playground,서울특별시 서초구 반포동 반포대교,37.512187,126.9976,,KCISA,KCISA
열여덟의 순간,동호대교,playground,서울특별시 성동구 옥수동,37.535804,127.02145,,KCISA,KCISA
열여덟의 순간,삼경빌딩,playground,서울특별시 중구 필동로 53 라비두스 별관 3층/루프탑,37.556741,126.99589,,KCISA,KCISA
열여덟의 순간,용현1.4동,playground,인천광역시 미추홀구 수봉남로18번길 81-22,37.457023,126.6609,,KCISA,KCISA
열혈사제,쁘띠프랑스,playground,경기도 가평군 청평면 호반로 1063,37.714908,127.490287,,KCISA,KCISA
열혈사제,청아공원기독교전용관,playground,경기도 고양시 일산동구 은마길 129,37.719031,126.80572,,KCISA,KCISA
열혈사제,킨텍스로 육교,playground,경기도 고양시 일산동구 장항1동 킨덱스로 1043-1,37.66714,126.7524,,KCISA,KCISA
열혈사제,일산호수공원,playground,경기도 고양시 일산동구 호수로 731,37.658769,126.76252,,KCISA,KCISA
열혈사제,쉴낙원 김포장례식장,playground,경기도 김포시 승가로58번길 7,37.607202,126.71541,,KCISA,KCISA
열혈사제,벽초지수목원,playground,경기도 파주시 광탄면 부흥로 242,37.800977,126.873712,,KCISA,KCISA
열혈사제,부산 차이나타운,playground,부산광역시 동구 중앙대로179번길 1,35.113839,129.037845,,KCISA,KCISA
열혈사제,대영로243번길,playground,부산광역시 동구 중앙대로195번길 14,35.11505,129.0387,,KCISA,KCISA
열혈사제,망원한강공원,playground,서울특별시 마포구 마포나루길 467,37.55347,126.89816,,KCISA,KCISA
열혈사제,CJ ENM,playground,서울특별시 마포구 상암산로 66,37.578581,126.89189,,KCISA,KCISA
열혈사제,드림타워,playground,서울특별시 마포구 월드컵북로56길 19,37.58222,126.8883,,KCISA,KCISA
열혈사제,국회의사당,playground,서울특별시 영등포구 의사당대로 1,37.531847,126.91411,,KCISA,KCISA
열혈사제,클럽메카,playground,서울특별시 용산구 녹사평대로 140 크라운호텔 지하1층,37.531482,126.99078,,KCISA,KCISA
열혈사제,고바우,playground,서울특별시 용산구 이촌로2가길 25,37.528621,126.954434,,KCISA,KCISA
열혈사제,서울혁신파크,playground,서울특별시 은평구 통일로 684,37.608576,126.933848,,KCISA,KCISA
열혈사제,비토가사진관,playground,서울특별시 종로구 창덕궁5길 8,37.58318,126.98929,,KCISA,KCISA
열혈사제,중림동약현성당,playground,서울특별시 중구 청파로 447-1,37.559115,126.96744,,KCISA,KCISA
열혈사제,소록도성당,playground,전라남도 고흥군 도양읍 소록선창길 55,34.51843,127.13292,,KCISA,KCISA
열혈사제,돌산대교,playground,전라남도 여수시 돌산읍 우두리 816,34.730749,127.734574,,KCISA,KCISA
열혈사제,여수갯벌노을마을,playground,전라남도 여수시 소라면 서부로 785-24 장척마을회관,34.790242,127.568009,,KCISA,KCISA
엽기적인 그녀,화성행궁,playground,경기도 수원시 팔달구 정조로 825,37.2818191,127.013426,,KCISA,KCISA
엽기적인 그녀,경복궁,playground,서울특별시 종로구 사직로 161,37.5806736,126.976952,,KCISA,KCISA
영광의 재인,주한앙골라대사관저,playground,서울특별시 성북구 선잠로2길 211,37.59926,127.0012,,KCISA,KCISA
영광의 재인,공세리성당,playground,충청남도 아산시 인주면 공세리성당길 10,36.883404,126.914041,,KCISA,KCISA
영혼수선공,한국소리터,playground,경기도 평택시 현덕면 평택호길 147,36.92119,126.9207,,KCISA,KCISA
영혼수선공,서울중앙지방법원,playground,서울특별시 서초구 서초중앙로 157,37.496068,127.01148,,KCISA,KCISA
영혼수선공,한강철교 보행육교,playground,서울특별시 송파구 신천동 262-3,37.52368,127.1019,,KCISA,KCISA
영혼수선공,서강대교,playground,서울특별시 영등포구 여의도동 서강대교,37.536911,126.92495,,KCISA,KCISA
영혼수선공,이랜드크루즈,playground,서울특별시 영등포구 여의동로 280,37.5290674,126.936218,,KCISA,KCISA
영혼수선공,녹사평 육교,playground,서울특별시 용산구 녹사평대로 195,37.534758,126.98656,,KCISA,KCISA
영혼수선공,가톨릭대학교 은평성모병원,playground,서울특별시 은평구 통일로 1021,37.6421661,126.918376,,KCISA,KCISA
영혼수선공,대학로11길,playground,서울특별시 종로구 대학로11길 13,37.582193,127.00092,,KCISA,KCISA
영혼수선공,덕수궁 돌담길,playground,서울특별시 중구 세종대로 99,37.565924,126.97501,,KCISA,KCISA
예쁜남자,아난티 클럽 서울,playground,경기도 가평군 설악면 유명로 961-34,37.619609,127.48216,,KCISA,KCISA
예쁜남자,청아공원기독교전용관,playground,경기도 고양시 일산동구 은마길 129,37.719031,126.80572,,KCISA,KCISA
예쁜남자,일산호수공원,playground,경기도 고양시 일산동구 호수로 731,37.658769,126.76252,,KCISA,KCISA
예쁜남자,스포엔샤웨딩,playground,서울특별시 강남구 도산대로81길 16-6,37.5255713,127.047991,,KCISA,KCISA
예쁜남자,홍대놀이터공원,playground,서울특별시 마포구 와우산로21길 19-3,37.552212,126.92334,,KCISA,KCISA
예쁜남자,개미마을,playground,서울특별시 서대문구 세검정로4길 100-58,37.590219,126.95332,,KCISA,KCISA
예쁜남자,서강대교,playground,서울특별시 영등포구 여의도동 서강대교,37.536911,126.92495,,KCISA,KCISA
예쁜남자,용마랜드,playground,서울특별시 중랑구 망우로70길 118,37.594468,127.105556,,KCISA,KCISA
예쁜남자,베어트리파크,playground,세종특별자치시 전동면 신송로 217,36.670592,127.209267,,KCISA,KCISA
오 나의 귀신님,화이트블럭,playground,경기도 파주시 탄현면 헤이리마을길 72,37.7889189,126.699592,,KCISA,KCISA
오 나의 귀신님,수협강서수산물도매시장,playground,서울특별시 강서구 발산로 24,37.55328,126.818261,,KCISA,KCISA
오 나의 귀신님,CJ ENM,playground,서울특별시 마포구 상암산로 66,37.578581,126.89189,,KCISA,KCISA
오 나의 귀신님,YTN 뉴스퀘어,playground,서울특별시 마포구 상암산로 76,37.579146,126.89229,,KCISA,KCISA
오 나의 귀신님,세빛섬,playground,서울특별시 서초구 올림픽대로 683,37.512019,126.9953,,KCISA,KCISA
오 나의 귀신님,N서울타워,playground,서울특별시 용산구 남산공원길 105,37.551168,126.98824,,KCISA,KCISA
오 나의 귀신님,남산 케이블카,playground,서울특별시 중구 소파로 83,37.556593,126.98404,,KCISA,KCISA
오 나의 귀신님,버디카라반캠핑장,playground,충청남도 태안군 남면 진산1길 277-200,36.72462,126.272836,,KCISA,KCISA
오 나의 귀신님,통나무집마을펜션,playground,충청남도 태안군 남면 진산리 613,36.723737,126.272939,,KCISA,KCISA
오 마이 금비,약천사,playground,경기도 파주시 교하로681번길 118,37.7057376,126.701279,,KCISA,KCISA
오 마이 금비,운경재단,playground,서울특별시 종로구 인왕산로 7,37.575038,126.96676,,KCISA,KCISA
오 마이 금비,익산 교도소 세트장,playground,전라북도 익산시 성당면 함낭로 207,36.069334,126.93158,,KCISA,KCISA
오 마이 레이디,월정사,playground,강원도 평창군 진부면 오대산로 374-8,37.731807,128.592508,,KCISA,KCISA
오 마이 레이디,청계천,playground,서울특별시 종로구 서린동 148,37.569205,126.97791,,KCISA,KCISA
오 마이 베이비,일산호수공원,playground,경기도 고양시 일산동구 호수로 731,37.658769,126.76252,,KCISA,KCISA
오 마이 베이비,광명동굴,playground,경기도 광명시 가학로85번길 142,37.4246505,126.863428,,KCISA,KCISA
오 마이 베이비,라베니체 마치에비뉴,playground,경기도 김포시 김포한강4로 12,42.6406462,131.678802,,KCISA,KCISA
오 마이 베이비,성미산로23길,playground,서울특별시 마포구 성미산로23길,37.565007,126.92083,,KCISA,KCISA
오 마이 베이비,반포대교,playground,서울특별시 서초구 반포동 반포대교,37.512187,126.9976,,KCISA,KCISA
오 마이 베이비,서울숲,playground,서울특별시 성동구 뚝섬로 273,37.544046,127.040414,,KCISA,KCISA
오 마이 베이비,서강대교,playground,서울특별시 영등포구 여의도동 서강대교,37.536911,126.92495,,KCISA,KCISA
오 마이 베이비,서순라길,playground,서울특별시 종로구 서순라길 149,37.576826,126.99161,,KCISA,KCISA
오 마이 비너스,국립교통재활병원,playground,경기도 양평군 양평읍 중앙로 260,37.4897334,127.518454,,KCISA,KCISA
오 마이 비너스,포천허브아일랜드,playground,경기도 포천시 신북면 청신로947번길 35,37.965751,127.12917,,KCISA,KCISA
오 마이 비너스,예술의전당,playground,서울특별시 서초구 남부순환로 2406,37.479115,127.01057,,KCISA,KCISA
오! 주인님,월정사,playground,강원도 평창군 진부면 오대산로 374-8,37.731807,128.592508,,KCISA,KCISA
오! 주인님,아이코닉스,playground,경기도 성남시 분당구 판교로255번길 64,37.40438,127.0977,,KCISA,KCISA
오! 주인님,루비나빌딩,playground,서울특별시 강남구 도산대로 502,37.523935,127.0479,,KCISA,KCISA
오! 주인님,성산빌딩,playground,서울특별시 강남구 도산대로53길 39,37.52584,127.0389,,KCISA,KCISA
오! 주인님,히트핏복싱,playground,서울특별시 강남구 삼성로81길 34,37.50399,127.0549,,KCISA,KCISA
오! 주인님,파르나스타워,playground,서울특별시 강남구 테헤란로 521,37.50947,127.0614,,KCISA,KCISA
오! 주인님,성신여자대학교 운정그린캠퍼스,playground,서울특별시 강북구 도봉로76가길 55,37.632219,127.0273,,KCISA,KCISA
오! 주인님,MBC문화방송 본사,playground,서울특별시 마포구 성암로 267,37.58105,126.89056,,KCISA,KCISA
오! 주인님,신촌벽화터널,playground,서울특별시 서대문구 대신동 143-28,37.560188,126.94127,,KCISA,KCISA
오! 주인님,동호대교,playground,서울특별시 성동구 옥수동,37.535804,127.02145,,KCISA,KCISA
오! 주인님,서강대교,playground,서울특별시 영등포구 여의도동 서강대교,37.536911,126.92495,,KCISA,KCISA
오! 주인님,동작대교,playground,서울특별시 용산구 이촌동 동작대교,37.51041,126.981893,,KCISA,KCISA
오! 주인님,한강대교,playground,서울특별시 용산구 이촌동 한강대교,37.517492,126.95897,,KCISA,KCISA
오! 주인님,북촌로11다길,playground,서울특별시 종로구 북촌로11다길 29,37.583447,126.98257,,KCISA,KCISA
오! 주인님,윤보선길,playground,서울특별시 종로구 윤보선길,37.577559,126.98376,,KCISA,KCISA
오! 주인님,율곡로3길,playground,서울특별시 종로구 율곡로3길,37.577811,126.98239,,KCISA,KCISA
오! 주인님,효자로,playground,서울특별시 종로구 효자로 37,37.57934,126.9738,,KCISA,KCISA
오! 주인님,덕수궁 돌담길,playground,서울특별시 중구 세종대로 99,37.565924,126.97501,,KCISA,KCISA
오! 주인님,스테이트 타워 남산,playground,서울특별시 중구 퇴계로 100,37.560342,126.98297,,KCISA,KCISA
오늘도 사랑스럽개,개화산,playground,서울 강서구 개화동 산 91-4,37.58166676,126.8061692,https://ys-dl.tistory.com/entry/%EC%98%A4%EB%8A%98%EB%8F%84-%EC%82%AC%EB%9E%91%EC%8A%A4%EB%9F%BD%EA%B0%9C-%EC%B4%AC%EC%98%81%EC%A7%80-11%EA%B3%B3%EC%9D%84-%EC%95%8C%EB%A0%A4%EB%93%9C%EB%A6%BD%EB%8B%88%EB%8B%A4%EC%97%85%EB%8D%B0%EC%9D%B4%ED%8A%B8%EC%A4%91,YSDL,KAKAO
오늘도 사랑스럽개,홍대땡땡거리,playground,서울 마포구 와우산로35길 50-4,37.55469878,126.9317028,https://ys-dl.tistory.com/entry/%EC%98%A4%EB%8A%98%EB%8F%84-%EC%82%AC%EB%9E%91%EC%8A%A4%EB%9F%BD%EA%B0%9C-%EC%B4%AC%EC%98%81%EC%A7%80-11%EA%B3%B3%EC%9D%84-%EC%95%8C%EB%A0%A4%EB%93%9C%EB%A6%BD%EB%8B%88%EB%8B%A4%EC%97%85%EB%8D%B0%EC%9D%B4%ED%8A%B8%EC%A4%91,YSDL,KAKAO
오늘도 사랑스럽개,아래반고개공원,playground,서울 강남구 세곡동 129-13,37.46389829,127.1070986,https://ys-dl.tistory.com/entry/%EC%98%A4%EB%8A%98%EB%8F%84-%EC%82%AC%EB%9E%91%EC%8A%A4%EB%9F%BD%EA%B0%9C-%EC%B4%AC%EC%98%81%EC%A7%80-11%EA%B3%B3%EC%9D%84-%EC%95%8C%EB%A0%A4%EB%93%9C%EB%A6%BD%EB%8B%88%EB%8B%A4%EC%97%85%EB%8D%B0%EC%9D%B4%ED%8A%B8%EC%A4%91,YSDL,KAKAO
오늘도 사랑스럽개,재인폭포,playground,경기 연천군 연천읍 부곡리 산 235,38.07693252,127.1433657,https://ys-dl.tistory.com/entry/%EC%98%A4%EB%8A%98%EB%8F%84-%EC%82%AC%EB%9E%91%EC%8A%A4%EB%9F%BD%EA%B0%9C-%EC%B4%AC%EC%98%81%EC%A7%80-11%EA%B3%B3%EC%9D%84-%EC%95%8C%EB%A0%A4%EB%93%9C%EB%A6%BD%EB%8B%88%EB%8B%A4%EC%97%85%EB%8D%B0%EC%9D%B4%ED%8A%B8%EC%A4%91,YSDL,KAKAO
오늘도 사랑스럽개,한강신도시호수공원,playground,경기 김포시 마산동 617-2,37.64683198,126.6357075,https://ys-dl.tistory.com/entry/%EC%98%A4%EB%8A%98%EB%8F%84-%EC%82%AC%EB%9E%91%EC%8A%A4%EB%9F%BD%EA%B0%9C-%EC%B4%AC%EC%98%81%EC%A7%80-11%EA%B3%B3%EC%9D%84-%EC%95%8C%EB%A0%A4%EB%93%9C%EB%A6%BD%EB%8B%88%EB%8B%A4%EC%97%85%EB%8D%B0%EC%9D%B4%ED%8A%B8%EC%A4%91,YSDL,KAKAO
오늘도 사랑스럽개,메가박스 용인테크노밸리,playground,경기 용인시 기흥구 구성로 357,37.29127995,127.1481251,https://ys-dl.tistory.com/entry/%EC%98%A4%EB%8A%98%EB%8F%84-%EC%82%AC%EB%9E%91%EC%8A%A4%EB%9F%BD%EA%B0%9C-%EC%B4%AC%EC%98%81%EC%A7%80-11%EA%B3%B3%EC%9D%84-%EC%95%8C%EB%A0%A4%EB%93%9C%EB%A6%BD%EB%8B%88%EB%8B%A4%EC%97%85%EB%8D%B0%EC%9D%B4%ED%8A%B8%EC%A4%91,YSDL,KAKAO
오늘도 사랑스럽개,파도리해수욕장,playground,충남 태안군 소원면 파도리,36.73898076,126.1335817,https://ys-dl.tistory.com/entry/%EC%98%A4%EB%8A%98%EB%8F%84-%EC%82%AC%EB%9E%91%EC%8A%A4%EB%9F%BD%EA%B0%9C-%EC%B4%AC%EC%98%81%EC%A7%80-11%EA%B3%B3%EC%9D%84-%EC%95%8C%EB%A0%A4%EB%93%9C%EB%A6%BD%EB%8B%88%EB%8B%A4%EC%97%85%EB%8D%B0%EC%9D%B4%ED%8A%B8%EC%A4%91,YSDL,KAKAO
오늘도 사랑스럽개,문경새재전동차,playground,경북 문경시 문경읍 새재로 935,36.76186168,128.0760825,https://ys-dl.tistory.com/entry/%EC%98%A4%EB%8A%98%EB%8F%84-%EC%82%AC%EB%9E%91%EC%8A%A4%EB%9F%BD%EA%B0%9C-%EC%B4%AC%EC%98%81%EC%A7%80-11%EA%B3%B3%EC%9D%84-%EC%95%8C%EB%A0%A4%EB%93%9C%EB%A6%BD%EB%8B%88%EB%8B%A4%EC%97%85%EB%8D%B0%EC%9D%B4%ED%8A%B8%EC%A4%91,YSDL,KAKAO
오늘도 사랑스럽개,첨성대,playground,경북 경주시 인왕동 839-1,35.83471481,129.2190002,https://ys-dl.tistory.com/entry/%EC%98%A4%EB%8A%98%EB%8F%84-%EC%82%AC%EB%9E%91%EC%8A%A4%EB%9F%BD%EA%B0%9C-%EC%B4%AC%EC%98%81%EC%A7%80-11%EA%B3%B3%EC%9D%84-%EC%95%8C%EB%A0%A4%EB%93%9C%EB%A6%BD%EB%8B%88%EB%8B%A4%EC%97%85%EB%8D%B0%EC%9D%B4%ED%8A%B8%EC%A4%91,YSDL,KAKAO
오늘도 사랑스럽개,국민힐링파크,playground,경북 경주시 산내면 문복로 1280-8,35.74015952,129.0621171,https://ys-dl.tistory.com/entry/%EC%98%A4%EB%8A%98%EB%8F%84-%EC%82%AC%EB%9E%91%EC%8A%A4%EB%9F%BD%EA%B0%9C-%EC%B4%AC%EC%98%81%EC%A7%80-11%EA%B3%B3%EC%9D%84-%EC%95%8C%EB%A0%A4%EB%93%9C%EB%A6%BD%EB%8B%88%EB%8B%A4%EC%97%85%EB%8D%B0%EC%9D%B4%ED%8A%B8%EC%A4%91,YSDL,KAKAO
오늘의 웹툰,동안육교,playground,경기도 성남시 분당구 삼평동 동안육교,37.40171,127.1096,,KCISA,KCISA
오늘의 웹툰,판교 H스퀘어,playground,경기도 성남시 분당구 판교역로 231,37.401487,127.10914,,KCISA,KCISA
오늘의 웹툰,성미산로26길,playground,서울특별시 마포구 성미산로26길 35,37.562369,126.92334,,KCISA,KCISA
오늘의 웹툰,경의선숲길공원,playground,서울특별시 마포구 연남동 연남로 80,37.5661595,126.919015,,KCISA,KCISA
오늘의 웹툰,서강대교,playground,서울특별시 영등포구 여의도동 서강대교,37.536911,126.92495,,KCISA,KCISA
오늘의 웹툰,이촌 한강공원,playground,서울특별시 용산구 서빙고동 287-4,37.5176063,126.992288,,KCISA,KCISA
오늘의 웹툰,동작대교,playground,서울특별시 용산구 이촌동 동작대교,37.51041,126.981893,,KCISA,KCISA
오늘의 웹툰,낙산공원,playground,서울특별시 종로구 낙산길 41,37.580667,127.00746,,KCISA,KCISA
오랫동안 당신을 기다렸습니다,여의도한강공원,playground,서울 영등포구 여의도동 85,37.5263886,126.9351293,https://ys-dl.tistory.com/entry/%EC%98%A4%EB%9E%AB%EB%8F%99%EC%95%88-%EB%8B%B9%EC%8B%A0%EC%9D%84-%EA%B8%B0%EB%8B%A4%EB%A0%B8%EC%8A%B5%EB%8B%88%EB%8B%A4-%EC%B4%AC%EC%98%81%EC%A7%80-3%EA%B3%B3%EC%9D%84-%EC%95%8C%EB%A0%A4%EB%93%9C%EB%A6%BD%EB%8B%88%EB%8B%A4%EC%97%85%EB%8D%B0%EC%9D%B4%ED%8A%B8%EC%A4%91,YSDL,KAKAO
오랫동안 당신을 기다렸습니다,아름다운차박물관,playground,서울 종로구 인사동길 19-11,37.57237001,126.9858818,https://ys-dl.tistory.com/entry/%EC%98%A4%EB%9E%AB%EB%8F%99%EC%95%88-%EB%8B%B9%EC%8B%A0%EC%9D%84-%EA%B8%B0%EB%8B%A4%EB%A0%B8%EC%8A%B5%EB%8B%88%EB%8B%A4-%EC%B4%AC%EC%98%81%EC%A7%80-3%EA%B3%B3%EC%9D%84-%EC%95%8C%EB%A0%A4%EB%93%9C%EB%A6%BD%EB%8B%88%EB%8B%A4%EC%97%85%EB%8D%B0%EC%9D%B4%ED%8A%B8%EC%A4%91,YSDL,KAKAO
오랫동안 당신을 기다렸습니다,월미도,playground,인천 제물포구 북성동1가 125,37.47173758,126.5992311,https://ys-dl.tistory.com/entry/%EC%98%A4%EB%9E%AB%EB%8F%99%EC%95%88-%EB%8B%B9%EC%8B%A0%EC%9D%84-%EA%B8%B0%EB%8B%A4%EB%A0%B8%EC%8A%B5%EB%8B%88%EB%8B%A4-%EC%B4%AC%EC%98%81%EC%A7%80-3%EA%B3%B3%EC%9D%84-%EC%95%8C%EB%A0%A4%EB%93%9C%EB%A6%BD%EB%8B%88%EB%8B%A4%EC%97%85%EB%8D%B0%EC%9D%B4%ED%8A%B8%EC%A4%91,YSDL,KAKAO
오랫동안 당신을 기다렸습니다,아트센터 화이트블럭,playground,경기 파주시 탄현면 헤이리마을길 72,37.78888344,126.6993578,https://ys-dl.tistory.com/entry/%EC%98%A4%EB%9E%AB%EB%8F%99%EC%95%88-%EB%8B%B9%EC%8B%A0%EC%9D%84-%EA%B8%B0%EB%8B%A4%EB%A0%B8%EC%8A%B5%EB%8B%88%EB%8B%A4-%EC%B4%AC%EC%98%81%EC%A7%80-3%EA%B3%B3%EC%9D%84-%EC%95%8C%EB%A0%A4%EB%93%9C%EB%A6%BD%EB%8B%88%EB%8B%A4%EC%97%85%EB%8D%B0%EC%9D%B4%ED%8A%B8%EC%A4%91,YSDL,KAKAO
오랫동안 당신을 기다렸습니다,헤이리갤러리움,playground,경기 파주시 탄현면 헤이리마을길 75,37.78938477,126.6995147,https://ys-dl.tistory.com/entry/%EC%98%A4%EB%9E%AB%EB%8F%99%EC%95%88-%EB%8B%B9%EC%8B%A0%EC%9D%84-%EA%B8%B0%EB%8B%A4%EB%A0%B8%EC%8A%B5%EB%8B%88%EB%8B%A4-%EC%B4%AC%EC%98%81%EC%A7%80-3%EA%B3%B3%EC%9D%84-%EC%95%8C%EB%A0%A4%EB%93%9C%EB%A6%BD%EB%8B%88%EB%8B%A4%EC%97%85%EB%8D%B0%EC%9D%B4%ED%8A%B8%EC%A4%91,YSDL,KAKAO
오랫동안 당신을 기다렸습니다,묵호항수변공원,playground,강원특별자치도 동해시 묵호진동 13-64,37.55094354,129.1176057,https://ys-dl.tistory.com/entry/%EC%98%A4%EB%9E%AB%EB%8F%99%EC%95%88-%EB%8B%B9%EC%8B%A0%EC%9D%84-%EA%B8%B0%EB%8B%A4%EB%A0%B8%EC%8A%B5%EB%8B%88%EB%8B%A4-%EC%B4%AC%EC%98%81%EC%A7%80-3%EA%B3%B3%EC%9D%84-%EC%95%8C%EB%A0%A4%EB%93%9C%EB%A6%BD%EB%8B%88%EB%8B%A4%EC%97%85%EB%8D%B0%EC%9D%B4%ED%8A%B8%EC%A4%91,YSDL,KAKAO
오랫동안 당신을 기다렸습니다,정자동먹자골목,playground,경기 성남시 분당구 정자동 189-7,37.36032975,127.1138459,https://ys-dl.tistory.com/entry/%EC%98%A4%EB%9E%AB%EB%8F%99%EC%95%88-%EB%8B%B9%EC%8B%A0%EC%9D%84-%EA%B8%B0%EB%8B%A4%EB%A0%B8%EC%8A%B5%EB%8B%88%EB%8B%A4-%EC%B4%AC%EC%98%81%EC%A7%80-3%EA%B3%B3%EC%9D%84-%EC%95%8C%EB%A0%A4%EB%93%9C%EB%A6%BD%EB%8B%88%EB%8B%A4%EC%97%85%EB%8D%B0%EC%9D%B4%ED%8A%B8%EC%A4%91,YSDL,KAKAO
오랫동안 당신을 기다렸습니다,한섬해변,playground,강원특별자치도 동해시 천곡동 45-1,37.52019384,129.1219431,https://ys-dl.tistory.com/entry/%EC%98%A4%EB%9E%AB%EB%8F%99%EC%95%88-%EB%8B%B9%EC%8B%A0%EC%9D%84-%EA%B8%B0%EB%8B%A4%EB%A0%B8%EC%8A%B5%EB%8B%88%EB%8B%A4-%EC%B4%AC%EC%98%81%EC%A7%80-3%EA%B3%B3%EC%9D%84-%EC%95%8C%EB%A0%A4%EB%93%9C%EB%A6%BD%EB%8B%88%EB%8B%A4%EC%97%85%EB%8D%B0%EC%9D%B4%ED%8A%B8%EC%A4%91,YSDL,KAKAO
오로라 공주,평창동378-1,playground,서울특별시 종로구 평창11길 51,37.609921,126.96608,,KCISA,KCISA
오로라 공주,스테이트 타워 남산,playground,서울특별시 중구 퇴계로 100,37.560342,126.98297,,KCISA,KCISA
오버 더 레인보우,백사마을,playground,서울특별시 노원구 중계본동 104-3,37.64274,127.0854,,KCISA,KCISA
오버 더 레인보우,잠실종합운동장,playground,서울특별시 송파구 올림픽로 25,37.513564,127.07305,,KCISA,KCISA
오버 더 레인보우,낙산공원,playground,서울특별시 종로구 낙산길 41,37.580667,127.00746,,KCISA,KCISA
오십프로,연안부두 해양광장,playground,인천 제물포구 항동7가 60-1,37.45545556,126.6016462,https://ys-dl.tistory.com/entry/%EC%98%A4%EC%8B%AD%ED%94%84%EB%A1%9C-%EC%B4%AC%EC%98%81%EC%A7%80-9%EA%B3%B3%EC%9D%84-%EC%95%8C%EB%A0%A4%EB%93%9C%EB%A6%BD%EB%8B%88%EB%8B%A4%EC%97%85%EB%8D%B0%EC%9D%B4%ED%8A%B8%EC%A4%91,YSDL,KAKAO
오십프로,1883개항쉼터,playground,인천 제물포구 북성동1가 4-254,37.4743398,126.6144292,https://ys-dl.tistory.com/entry/%EC%98%A4%EC%8B%AD%ED%94%84%EB%A1%9C-%EC%B4%AC%EC%98%81%EC%A7%80-9%EA%B3%B3%EC%9D%84-%EC%95%8C%EB%A0%A4%EB%93%9C%EB%A6%BD%EB%8B%88%EB%8B%A4%EC%97%85%EB%8D%B0%EC%9D%B4%ED%8A%B8%EC%A4%91,YSDL,KAKAO
오십프로,애관극장,playground,인천 제물포구 개항로 63-2,37.4723492,126.6298365,https://ys-dl.tistory.com/entry/%EC%98%A4%EC%8B%AD%ED%94%84%EB%A1%9C-%EC%B4%AC%EC%98%81%EC%A7%80-9%EA%B3%B3%EC%9D%84-%EC%95%8C%EB%A0%A4%EB%93%9C%EB%A6%BD%EB%8B%88%EB%8B%A4%EC%97%85%EB%8D%B0%EC%9D%B4%ED%8A%B8%EC%A4%91,YSDL,KAKAO
오십프로,킨텍스,playground,경기 고양시 일산서구 킨텍스로 217-60,37.6689333,126.7458026,https://ys-dl.tistory.com/entry/%EC%98%A4%EC%8B%AD%ED%94%84%EB%A1%9C-%EC%B4%AC%EC%98%81%EC%A7%80-9%EA%B3%B3%EC%9D%84-%EC%95%8C%EB%A0%A4%EB%93%9C%EB%A6%BD%EB%8B%88%EB%8B%A4%EC%97%85%EB%8D%B0%EC%9D%B4%ED%8A%B8%EC%A4%91,YSDL,KAKAO
오십프로,걸포중앙공원,playground,경기 김포시 걸포로 76,37.6380482,126.7064348,https://ys-dl.tistory.com/entry/%EC%98%A4%EC%8B%AD%ED%94%84%EB%A1%9C-%EC%B4%AC%EC%98%81%EC%A7%80-9%EA%B3%B3%EC%9D%84-%EC%95%8C%EB%A0%A4%EB%93%9C%EB%A6%BD%EB%8B%88%EB%8B%A4%EC%97%85%EB%8D%B0%EC%9D%B4%ED%8A%B8%EC%A4%91,YSDL,KAKAO
오십프로,설악트릭미술관,playground,강원특별자치도 고성군 토성면 고성대로 47-24,38.20768764,128.5027922,https://ys-dl.tistory.com/entry/%EC%98%A4%EC%8B%AD%ED%94%84%EB%A1%9C-%EC%B4%AC%EC%98%81%EC%A7%80-9%EA%B3%B3%EC%9D%84-%EC%95%8C%EB%A0%A4%EB%93%9C%EB%A6%BD%EB%8B%88%EB%8B%A4%EC%97%85%EB%8D%B0%EC%9D%B4%ED%8A%B8%EC%A4%91,YSDL,KAKAO
오십프로,용암사,playground,충북 옥천군 옥천읍 삼청2길 400,36.25924007,127.5643047,https://ys-dl.tistory.com/entry/%EC%98%A4%EC%8B%AD%ED%94%84%EB%A1%9C-%EC%B4%AC%EC%98%81%EC%A7%80-9%EA%B3%B3%EC%9D%84-%EC%95%8C%EB%A0%A4%EB%93%9C%EB%A6%BD%EB%8B%88%EB%8B%A4%EC%97%85%EB%8D%B0%EC%9D%B4%ED%8A%B8%EC%A4%91,YSDL,KAKAO
오싹한 연애,여의도한강공원,playground,서울 영등포구 여의도동 85,37.5263886,126.9351293,https://ys-dl.tistory.com/entry/%EC%98%A4%EC%8B%B9%ED%95%9C-%EC%97%B0%EC%95%A0-%EC%B4%AC%EC%98%81%EC%A7%80-17%EA%B3%B3%EC%9D%84-%EC%95%8C%EB%A0%A4%EB%93%9C%EB%A6%BD%EB%8B%88%EB%8B%A4%EC%97%85%EB%8D%B0%EC%9D%B4%ED%8A%B8,YSDL,KAKAO
오싹한 연애,용양봉저정공원,playground,서울 동작구 본동 산 3-9,37.51195058,126.9583176,https://ys-dl.tistory.com/entry/%EC%98%A4%EC%8B%B9%ED%95%9C-%EC%97%B0%EC%95%A0-%EC%B4%AC%EC%98%81%EC%A7%80-17%EA%B3%B3%EC%9D%84-%EC%95%8C%EB%A0%A4%EB%93%9C%EB%A6%BD%EB%8B%88%EB%8B%A4%EC%97%85%EB%8D%B0%EC%9D%B4%ED%8A%B8,YSDL,KAKAO
오싹한 연애,생태화공원,playground,서울 송파구 신천동 1-1,37.52205106,127.0977608,https://ys-dl.tistory.com/entry/%EC%98%A4%EC%8B%B9%ED%95%9C-%EC%97%B0%EC%95%A0-%EC%B4%AC%EC%98%81%EC%A7%80-17%EA%B3%B3%EC%9D%84-%EC%95%8C%EB%A0%A4%EB%93%9C%EB%A6%BD%EB%8B%88%EB%8B%A4%EC%97%85%EB%8D%B0%EC%9D%B4%ED%8A%B8,YSDL,KAKAO
오싹한 연애,로케이션 이음,playground,경기 파주시 탄현면 새오리로286번길 48-70,37.80403407,126.6931158,https://ys-dl.tistory.com/entry/%EC%98%A4%EC%8B%B9%ED%95%9C-%EC%97%B0%EC%95%A0-%EC%B4%AC%EC%98%81%EC%A7%80-17%EA%B3%B3%EC%9D%84-%EC%95%8C%EB%A0%A4%EB%93%9C%EB%A6%BD%EB%8B%88%EB%8B%A4%EC%97%85%EB%8D%B0%EC%9D%B4%ED%8A%B8,YSDL,KAKAO
오싹한 연애,용인대장금파크 관가,playground,경기 용인시 처인구 백암면 용천드라마길 25,37.12160248,127.3376128,https://ys-dl.tistory.com/entry/%EC%98%A4%EC%8B%B9%ED%95%9C-%EC%97%B0%EC%95%A0-%EC%B4%AC%EC%98%81%EC%A7%80-17%EA%B3%B3%EC%9D%84-%EC%95%8C%EB%A0%A4%EB%93%9C%EB%A6%BD%EB%8B%88%EB%8B%A4%EC%97%85%EB%8D%B0%EC%9D%B4%ED%8A%B8,YSDL,KAKAO
오싹한 연애,경기도자미술관,playground,경기 이천시 경충대로2697번길 231,37.27540934,127.4234533,https://ys-dl.tistory.com/entry/%EC%98%A4%EC%8B%B9%ED%95%9C-%EC%97%B0%EC%95%A0-%EC%B4%AC%EC%98%81%EC%A7%80-17%EA%B3%B3%EC%9D%84-%EC%95%8C%EB%A0%A4%EB%93%9C%EB%A6%BD%EB%8B%88%EB%8B%A4%EC%97%85%EB%8D%B0%EC%9D%B4%ED%8A%B8,YSDL,KAKAO
오싹한 연애,만기사,playground,경기 평택시 진위면 진위로 181-82,37.10805595,127.1006463,https://ys-dl.tistory.com/entry/%EC%98%A4%EC%8B%B9%ED%95%9C-%EC%97%B0%EC%95%A0-%EC%B4%AC%EC%98%81%EC%A7%80-17%EA%B3%B3%EC%9D%84-%EC%95%8C%EB%A0%A4%EB%93%9C%EB%A6%BD%EB%8B%88%EB%8B%A4%EC%97%85%EB%8D%B0%EC%9D%B4%ED%8A%B8,YSDL,KAKAO
오싹한 연애,국립전주박물관,playground,전북특별자치도 전주시 완산구 쑥고개로 249,35.80128583,127.0896566,https://ys-dl.tistory.com/entry/%EC%98%A4%EC%8B%B9%ED%95%9C-%EC%97%B0%EC%95%A0-%EC%B4%AC%EC%98%81%EC%A7%80-17%EA%B3%B3%EC%9D%84-%EC%95%8C%EB%A0%A4%EB%93%9C%EB%A6%BD%EB%8B%88%EB%8B%A4%EC%97%85%EB%8D%B0%EC%9D%B4%ED%8A%B8,YSDL,KAKAO
오싹한 연애,소수서원 취한대,playground,경북 영주시 순흥면 읍내리 산 9,36.92384851,128.5801955,https://ys-dl.tistory.com/entry/%EC%98%A4%EC%8B%B9%ED%95%9C-%EC%97%B0%EC%95%A0-%EC%B4%AC%EC%98%81%EC%A7%80-17%EA%B3%B3%EC%9D%84-%EC%95%8C%EB%A0%A4%EB%93%9C%EB%A6%BD%EB%8B%88%EB%8B%A4%EC%97%85%EB%8D%B0%EC%9D%B4%ED%8A%B8,YSDL,KAKAO
오싹한 연애,월영교,playground,경북 안동시 석주로 203,36.57661204,128.760926,https://ys-dl.tistory.com/entry/%EC%98%A4%EC%8B%B9%ED%95%9C-%EC%97%B0%EC%95%A0-%EC%B4%AC%EC%98%81%EC%A7%80-17%EA%B3%B3%EC%9D%84-%EC%95%8C%EB%A0%A4%EB%93%9C%EB%A6%BD%EB%8B%88%EB%8B%A4%EC%97%85%EB%8D%B0%EC%9D%B4%ED%8A%B8,YSDL,KAKAO
오싹한 연애,농암종택,playground,경북 안동시 도산면 가송길 162-133,36.76408131,128.8847464,https://ys-dl.tistory.com/entry/%EC%98%A4%EC%8B%B9%ED%95%9C-%EC%97%B0%EC%95%A0-%EC%B4%AC%EC%98%81%EC%A7%80-17%EA%B3%B3%EC%9D%84-%EC%95%8C%EB%A0%A4%EB%93%9C%EB%A6%BD%EB%8B%88%EB%8B%A4%EC%97%85%EB%8D%B0%EC%9D%B4%ED%8A%B8,YSDL,KAKAO
오싹한 연애,낙동가람 초화단지,playground,경북 안동시 태화동 520,36.55653733,128.7060241,https://ys-dl.tistory.com/entry/%EC%98%A4%EC%8B%B9%ED%95%9C-%EC%97%B0%EC%95%A0-%EC%B4%AC%EC%98%81%EC%A7%80-17%EA%B3%B3%EC%9D%84-%EC%95%8C%EB%A0%A4%EB%93%9C%EB%A6%BD%EB%8B%88%EB%8B%A4%EC%97%85%EB%8D%B0%EC%9D%B4%ED%8A%B8,YSDL,KAKAO
오싹한 연애,고래전망대,playground,제주특별자치도 제주시 애월읍 신엄리 2802-1,33.47790742,126.3547715,https://ys-dl.tistory.com/entry/%EC%98%A4%EC%8B%B9%ED%95%9C-%EC%97%B0%EC%95%A0-%EC%B4%AC%EC%98%81%EC%A7%80-17%EA%B3%B3%EC%9D%84-%EC%95%8C%EB%A0%A4%EB%93%9C%EB%A6%BD%EB%8B%88%EB%8B%A4%EC%97%85%EB%8D%B0%EC%9D%B4%ED%8A%B8,YSDL,KAKAO
오싹한 연애,신창풍차해안도로,playground,제주특별자치도 제주시 한경면 신창리 1322-1,33.34308103,126.174206,https://ys-dl.tistory.com/entry/%EC%98%A4%EC%8B%B9%ED%95%9C-%EC%97%B0%EC%95%A0-%EC%B4%AC%EC%98%81%EC%A7%80-17%EA%B3%B3%EC%9D%84-%EC%95%8C%EB%A0%A4%EB%93%9C%EB%A6%BD%EB%8B%88%EB%8B%A4%EC%97%85%EB%8D%B0%EC%9D%B4%ED%8A%B8,YSDL,KAKAO
오월의 청춘,화이트블럭,playground,경기도 파주시 탄현면 헤이리마을길 72,37.7889189,126.699592,,KCISA,KCISA
오월의 청춘,합천 영상 테마파크,playground,경상남도 합천군 용주면 합천호수로 757,35.5489346,128.072475,,KCISA,KCISA
오월의 청춘,가실성당,playground,경상북도 칠곡군 왜관읍 가실1길 1,35.9366,128.4053,,KCISA,KCISA
오월의 청춘,덕수궁 돌담길,playground,서울특별시 중구 세종대로 99,37.565924,126.97501,,KCISA,KCISA
오월의 청춘,부강성당,playground,세종특별자치시 부강면 부강4길 33,36.530588,127.36972,,KCISA,KCISA
오월의 청춘,순천드라마촬영장,playground,전라남도 순천시 비례골길 24,34.957729,127.53832,,KCISA,KCISA
오월의 청춘,남원랜드,playground,전라북도 남원시 양림길 58-13,35.40303,127.3924,,KCISA,KCISA
오작교 형제들,여의도 KBS방송국,playground,서울특별시 영등포구 여의공원로 13,37.52563,126.91633,,KCISA,KCISA
오작교 형제들,원효대교,playground,서울특별시 영등포구 여의도동 원효대교,37.527046,126.94571,,KCISA,KCISA
오작교 형제들,이촌로29길,playground,서울특별시 용산구 이촌로29길,37.525257,126.96103,,KCISA,KCISA
오작교 형제들,율곡로19길,playground,서울특별시 종로구 율곡로19길 68-64,37.5774144,127.007971,,KCISA,KCISA
오작교 형제들,HW컨벤션센터,playground,서울특별시 종로구 자하문로 255,37.597064,126.96244,,KCISA,KCISA
오작교 형제들,IDEA VILL,playground,서울특별시 종로구 평창16길 27,37.611473,126.9652,,KCISA,KCISA
오징어게임,킨텍스,playground,경기도 고양시 일산서구 킨텍스로 217-60,37.668805,126.74593,,KCISA,KCISA
오징어게임,의료법인성화의료재단 대한병원,playground,서울특별시 강북구 도봉로 301,37.63539,127.0227,,KCISA,KCISA
오징어게임,뽀꼬팡 창동점,playground,서울특별시 도봉구 덕릉로60가길 59,37.63714,127.0387,,KCISA,KCISA
오징어게임,팔도건어물,playground,서울특별시 도봉구 삼양로154길 36,37.6555216,127.0130601,,KCISA,KCISA
오징어게임,백운시장,playground,서울특별시 도봉구 우이천로 481 1층 백운시장 상인회 사무실,37.65547,127.015,,KCISA,KCISA
오징어게임,한림대학교 한강성심병원,playground,서울특별시 영등포구 버드나루로 55 신관 1층,37.52344,126.9103,,KCISA,KCISA
오징어게임,신한금융투자빌딩,playground,서울특별시 영등포구 여의대로 70,37.524832,126.92418,,KCISA,KCISA
오징어게임,한강 공원 여의도 지구,playground,서울특별시 영등포구 여의동로 290,37.5290674,126.936218,,KCISA,KCISA
오징어게임,남산 산책로,playground,서울특별시 중구 예장동 산5-6,37.5518838,126.988065,,KCISA,KCISA
오징어게임,사이버고시원,playground,인천광역시 미추홀구 석정로150번길 43,37.46764,126.6543,,KCISA,KCISA
오징어게임,선갑도,playground,인천광역시 옹진군 자월면 승봉리 산240,37.09755,126.0772,,KCISA,KCISA
오징어게임,마이랜드,playground,인천광역시 중구 월미로234번길 7,37.474812,126.59889,,KCISA,KCISA
오징어게임,도비도항,playground,충청남도 당진시 석문면 난지3길 13,37.01805,126.4613,,KCISA,KCISA
오징어게임,청구역쉼터,playground,서울 중구 신당동 294-40,37.5599507,127.0139664,https://ys-dl.tistory.com/entry/%EC%98%A4%EC%A7%95%EC%96%B4%EA%B2%8C%EC%9E%842-%EC%B4%AC%EC%98%81%EC%A7%80-1%EA%B3%B3%EC%9D%84-%EC%95%8C%EB%A0%A4%EB%93%9C%EB%A6%BD%EB%8B%88%EB%8B%A4%EC%97%85%EB%8D%B0%EC%9D%B4%ED%8A%B8%EC%A4%91,YSDL,KAKAO
오징어게임,탑골공원,playground,서울 종로구 종로 99,37.57116655,126.9883452,https://ys-dl.tistory.com/entry/%EC%98%A4%EC%A7%95%EC%96%B4%EA%B2%8C%EC%9E%842-%EC%B4%AC%EC%98%81%EC%A7%80-1%EA%B3%B3%EC%9D%84-%EC%95%8C%EB%A0%A4%EB%93%9C%EB%A6%BD%EB%8B%88%EB%8B%A4%EC%97%85%EB%8D%B0%EC%9D%B4%ED%8A%B8%EC%A4%91,YSDL,KAKAO
오징어게임,서울랜드 토이라이드,playground,경기 과천시 막계동 497-1,37.43272772,127.0198633,https://ys-dl.tistory.com/entry/%EC%98%A4%EC%A7%95%EC%96%B4%EA%B2%8C%EC%9E%842-%EC%B4%AC%EC%98%81%EC%A7%80-1%EA%B3%B3%EC%9D%84-%EC%95%8C%EB%A0%A4%EB%93%9C%EB%A6%BD%EB%8B%88%EB%8B%A4%EC%97%85%EB%8D%B0%EC%9D%B4%ED%8A%B8%EC%A4%91,YSDL,KAKAO
오징어게임,신선대,playground,경남 거제시 남부면 갈곶리,34.7382272,128.662759,https://ys-dl.tistory.com/entry/%EC%98%A4%EC%A7%95%EC%96%B4%EA%B2%8C%EC%9E%842-%EC%B4%AC%EC%98%81%EC%A7%80-1%EA%B3%B3%EC%9D%84-%EC%95%8C%EB%A0%A4%EB%93%9C%EB%A6%BD%EB%8B%88%EB%8B%A4%EC%97%85%EB%8D%B0%EC%9D%B4%ED%8A%B8%EC%A4%91,YSDL,KAKAO
오징어게임,서울랜드,playground,경기 과천시 광명로 181,37.43390283,127.0187021,https://ys-dl.tistory.com/entry/%EC%98%A4%EC%A7%95%EC%96%B4%EA%B2%8C%EC%9E%843-%EC%B4%AC%EC%98%81%EC%A7%80-3%EA%B3%B3%EC%9D%84-%EC%95%8C%EB%A0%A4%EB%93%9C%EB%A6%BD%EB%8B%88%EB%8B%A4%EC%97%85%EB%8D%B0%EC%9D%B4%ED%8A%B8%EC%A4%91,YSDL,KAKAO
오프닝,가온문화공원,playground,서울 마포구 상암동 1594,37.58191481,126.8876787,https://ys-dl.tistory.com/entry/%EC%98%A4%ED%94%84%EB%8B%9D-%EC%B4%AC%EC%98%81%EC%A7%80-16%EA%B3%B3%EC%9D%84-%EC%95%8C%EB%A0%A4%EB%93%9C%EB%A6%BD%EB%8B%88%EB%8B%A4%EC%97%85%EB%8D%B0%EC%9D%B4%ED%8A%B8%EC%A4%91,YSDL,KAKAO
오프닝,아트센터 인천,playground,인천 연수구 아트센터대로 222,37.39324161,126.6262146,https://ys-dl.tistory.com/entry/%EC%98%A4%ED%94%84%EB%8B%9D-%EC%B4%AC%EC%98%81%EC%A7%80-16%EA%B3%B3%EC%9D%84-%EC%95%8C%EB%A0%A4%EB%93%9C%EB%A6%BD%EB%8B%88%EB%8B%A4%EC%97%85%EB%8D%B0%EC%9D%B4%ED%8A%B8%EC%A4%91,YSDL,KAKAO
오프닝,송도센트럴파크,playground,인천 연수구 송도동 24-5,37.39306396,126.6386297,https://ys-dl.tistory.com/entry/%EC%98%A4%ED%94%84%EB%8B%9D-%EC%B4%AC%EC%98%81%EC%A7%80-16%EA%B3%B3%EC%9D%84-%EC%95%8C%EB%A0%A4%EB%93%9C%EB%A6%BD%EB%8B%88%EB%8B%A4%EC%97%85%EB%8D%B0%EC%9D%B4%ED%8A%B8%EC%A4%91,YSDL,KAKAO
오프닝,금진해변,playground,강원특별자치도 강릉시 옥계면 금진리,37.63894835,129.0442585,https://ys-dl.tistory.com/entry/%EC%98%A4%ED%94%84%EB%8B%9D-%EC%B4%AC%EC%98%81%EC%A7%80-16%EA%B3%B3%EC%9D%84-%EC%95%8C%EB%A0%A4%EB%93%9C%EB%A6%BD%EB%8B%88%EB%8B%A4%EC%97%85%EB%8D%B0%EC%9D%B4%ED%8A%B8%EC%A4%91,YSDL,KAKAO
오프닝,오포대,playground,전남광주통합특별시 목포시 온금동 산 2,34.78854847,126.379839,https://ys-dl.tistory.com/entry/%EC%98%A4%ED%94%84%EB%8B%9D-%EC%B4%AC%EC%98%81%EC%A7%80-16%EA%B3%B3%EC%9D%84-%EC%95%8C%EB%A0%A4%EB%93%9C%EB%A6%BD%EB%8B%88%EB%8B%A4%EC%97%85%EB%8D%B0%EC%9D%B4%ED%8A%B8%EC%A4%91,YSDL,KAKAO
옥씨부인전,재인폭포,playground,경기 연천군 연천읍 부곡리 산 235,38.07693252,127.1433657,https://ys-dl.tistory.com/entry/%EC%98%A5%EC%94%A8%EB%B6%80%EC%9D%B8%EC%A0%84-%EC%B4%AC%EC%98%81%EC%A7%80-4%EA%B3%B3%EC%9D%84-%EC%95%8C%EB%A0%A4%EB%93%9C%EB%A6%BD%EB%8B%88%EB%8B%A4%EC%97%85%EB%8D%B0%EC%9D%B4%ED%8A%B8%EC%A4%91,YSDL,KAKAO
옥씨부인전,남양주종합촬영소,playground,경기 남양주시 조안면 북한강로855번길 138,37.60400192,127.3225153,https://ys-dl.tistory.com/entry/%EC%98%A5%EC%94%A8%EB%B6%80%EC%9D%B8%EC%A0%84-%EC%B4%AC%EC%98%81%EC%A7%80-4%EA%B3%B3%EC%9D%84-%EC%95%8C%EB%A0%A4%EB%93%9C%EB%A6%BD%EB%8B%88%EB%8B%A4%EC%97%85%EB%8D%B0%EC%9D%B4%ED%8A%B8%EC%A4%91,YSDL,KAKAO
옥씨부인전,아침고요수목원 서화연,playground,경기 가평군 상면 수목원로 427,37.73956874,127.3519309,https://ys-dl.tistory.com/entry/%EC%98%A5%EC%94%A8%EB%B6%80%EC%9D%B8%EC%A0%84-%EC%B4%AC%EC%98%81%EC%A7%80-4%EA%B3%B3%EC%9D%84-%EC%95%8C%EB%A0%A4%EB%93%9C%EB%A6%BD%EB%8B%88%EB%8B%A4%EC%97%85%EB%8D%B0%EC%9D%B4%ED%8A%B8%EC%A4%91,YSDL,KAKAO
옥씨부인전,용인대장금파크 관가,playground,경기 용인시 처인구 백암면 용천드라마길 25,37.12160248,127.3376128,https://ys-dl.tistory.com/entry/%EC%98%A5%EC%94%A8%EB%B6%80%EC%9D%B8%EC%A0%84-%EC%B4%AC%EC%98%81%EC%A7%80-4%EA%B3%B3%EC%9D%84-%EC%95%8C%EB%A0%A4%EB%93%9C%EB%A6%BD%EB%8B%88%EB%8B%A4%EC%97%85%EB%8D%B0%EC%9D%B4%ED%8A%B8%EC%A4%91,YSDL,KAKAO
옥씨부인전,고석정,playground,강원특별자치도 철원군 동송읍 장흥리 725-13,38.18526249,127.2879543,https://ys-dl.tistory.com/entry/%EC%98%A5%EC%94%A8%EB%B6%80%EC%9D%B8%EC%A0%84-%EC%B4%AC%EC%98%81%EC%A7%80-4%EA%B3%B3%EC%9D%84-%EC%95%8C%EB%A0%A4%EB%93%9C%EB%A6%BD%EB%8B%88%EB%8B%A4%EC%97%85%EB%8D%B0%EC%9D%B4%ED%8A%B8%EC%A4%91,YSDL,KAKAO
옥씨부인전,강릉선교장,playground,강원특별자치도 강릉시 운정길 63,37.78664257,128.8851742,https://ys-dl.tistory.com/entry/%EC%98%A5%EC%94%A8%EB%B6%80%EC%9D%B8%EC%A0%84-%EC%B4%AC%EC%98%81%EC%A7%80-4%EA%B3%B3%EC%9D%84-%EC%95%8C%EB%A0%A4%EB%93%9C%EB%A6%BD%EB%8B%88%EB%8B%A4%EC%97%85%EB%8D%B0%EC%9D%B4%ED%8A%B8%EC%A4%91,YSDL,KAKAO
옥씨부인전,추정리메밀밭,playground,충북 청주시 상당구 낭성면 추정리 339,36.58276466,127.611243,https://ys-dl.tistory.com/entry/%EC%98%A5%EC%94%A8%EB%B6%80%EC%9D%B8%EC%A0%84-%EC%B4%AC%EC%98%81%EC%A7%80-4%EA%B3%B3%EC%9D%84-%EC%95%8C%EB%A0%A4%EB%93%9C%EB%A6%BD%EB%8B%88%EB%8B%A4%EC%97%85%EB%8D%B0%EC%9D%B4%ED%8A%B8%EC%A4%91,YSDL,KAKAO
옥씨부인전,바람의화원 세트장,playground,충북 괴산군 청천면 송문로덕평1길 44-18,36.72666312,127.8057002,https://ys-dl.tistory.com/entry/%EC%98%A5%EC%94%A8%EB%B6%80%EC%9D%B8%EC%A0%84-%EC%B4%AC%EC%98%81%EC%A7%80-4%EA%B3%B3%EC%9D%84-%EC%95%8C%EB%A0%A4%EB%93%9C%EB%A6%BD%EB%8B%88%EB%8B%A4%EC%97%85%EB%8D%B0%EC%9D%B4%ED%8A%B8%EC%A4%91,YSDL,KAKAO
옥씨부인전,갈음이해수욕장,playground,충남 태안군 근흥면 정죽리 산 147-46,36.69596925,126.152427,https://ys-dl.tistory.com/entry/%EC%98%A5%EC%94%A8%EB%B6%80%EC%9D%B8%EC%A0%84-%EC%B4%AC%EC%98%81%EC%A7%80-4%EA%B3%B3%EC%9D%84-%EC%95%8C%EB%A0%A4%EB%93%9C%EB%A6%BD%EB%8B%88%EB%8B%A4%EC%97%85%EB%8D%B0%EC%9D%B4%ED%8A%B8%EC%A4%91,YSDL,KAKAO
옥씨부인전,서동요테마파크,playground,충남 부여군 충화면 충신로 616,36.14429091,126.8238118,https://ys-dl.tistory.com/entry/%EC%98%A5%EC%94%A8%EB%B6%80%EC%9D%B8%EC%A0%84-%EC%B4%AC%EC%98%81%EC%A7%80-4%EA%B3%B3%EC%9D%84-%EC%95%8C%EB%A0%A4%EB%93%9C%EB%A6%BD%EB%8B%88%EB%8B%A4%EC%97%85%EB%8D%B0%EC%9D%B4%ED%8A%B8%EC%A4%91,YSDL,KAKAO
옥씨부인전,반야사,playground,충남 논산시 가야곡면 삼전길 104,36.11106625,127.1734706,https://ys-dl.tistory.com/entry/%EC%98%A5%EC%94%A8%EB%B6%80%EC%9D%B8%EC%A0%84-%EC%B4%AC%EC%98%81%EC%A7%80-4%EA%B3%B3%EC%9D%84-%EC%95%8C%EB%A0%A4%EB%93%9C%EB%A6%BD%EB%8B%88%EB%8B%A4%EC%97%85%EB%8D%B0%EC%9D%B4%ED%8A%B8%EC%A4%91,YSDL,KAKAO
옥씨부인전,수선루,playground,전북특별자치도 진안군 마령면 강정리 산 57,35.74567362,127.3439442,https://ys-dl.tistory.com/entry/%EC%98%A5%EC%94%A8%EB%B6%80%EC%9D%B8%EC%A0%84-%EC%B4%AC%EC%98%81%EC%A7%80-4%EA%B3%B3%EC%9D%84-%EC%95%8C%EB%A0%A4%EB%93%9C%EB%A6%BD%EB%8B%88%EB%8B%A4%EC%97%85%EB%8D%B0%EC%9D%B4%ED%8A%B8%EC%A4%91,YSDL,KAKAO
옥씨부인전,고창읍성,playground,전북특별자치도 고창군 고창읍 읍내리 산 9,35.42973105,126.7048689,https://ys-dl.tistory.com/entry/%EC%98%A5%EC%94%A8%EB%B6%80%EC%9D%B8%EC%A0%84-%EC%B4%AC%EC%98%81%EC%A7%80-4%EA%B3%B3%EC%9D%84-%EC%95%8C%EB%A0%A4%EB%93%9C%EB%A6%BD%EB%8B%88%EB%8B%A4%EC%97%85%EB%8D%B0%EC%9D%B4%ED%8A%B8%EC%A4%91,YSDL,KAKAO
옥씨부인전,우화정,playground,전북특별자치도 정읍시 내장동 산 231,35.48643739,126.9102537,https://ys-dl.tistory.com/entry/%EC%98%A5%EC%94%A8%EB%B6%80%EC%9D%B8%EC%A0%84-%EC%B4%AC%EC%98%81%EC%A7%80-4%EA%B3%B3%EC%9D%84-%EC%95%8C%EB%A0%A4%EB%93%9C%EB%A6%BD%EB%8B%88%EB%8B%A4%EC%97%85%EB%8D%B0%EC%9D%B4%ED%8A%B8%EC%A4%91,YSDL,KAKAO
옥씨부인전,보성열화정,playground,전남광주통합특별시 보성군 득량면 오봉리 230,34.76377016,127.1878846,https://ys-dl.tistory.com/entry/%EC%98%A5%EC%94%A8%EB%B6%80%EC%9D%B8%EC%A0%84-%EC%B4%AC%EC%98%81%EC%A7%80-4%EA%B3%B3%EC%9D%84-%EC%95%8C%EB%A0%A4%EB%93%9C%EB%A6%BD%EB%8B%88%EB%8B%A4%EC%97%85%EB%8D%B0%EC%9D%B4%ED%8A%B8%EC%A4%91,YSDL,KAKAO
옥씨부인전,순천 낙안읍성,playground,전남광주통합특별시 순천시 낙안면 충민길 30,34.90631043,127.3417772,https://ys-dl.tistory.com/entry/%EC%98%A5%EC%94%A8%EB%B6%80%EC%9D%B8%EC%A0%84-%EC%B4%AC%EC%98%81%EC%A7%80-4%EA%B3%B3%EC%9D%84-%EC%95%8C%EB%A0%A4%EB%93%9C%EB%A6%BD%EB%8B%88%EB%8B%A4%EC%97%85%EB%8D%B0%EC%9D%B4%ED%8A%B8%EC%A4%91,YSDL,KAKAO
옥씨부인전,문경새재오픈세트장,playground,경북 문경시 문경읍 새재로 1037,36.77139968,128.074072,https://ys-dl.tistory.com/entry/%EC%98%A5%EC%94%A8%EB%B6%80%EC%9D%B8%EC%A0%84-%EC%B4%AC%EC%98%81%EC%A7%80-4%EA%B3%B3%EC%9D%84-%EC%95%8C%EB%A0%A4%EB%93%9C%EB%A6%BD%EB%8B%88%EB%8B%A4%EC%97%85%EB%8D%B0%EC%9D%B4%ED%8A%B8%EC%A4%91,YSDL,KAKAO
옥씨부인전,마성오픈세트장,playground,경북 문경시 마성면 가은로 311-18,36.65082248,128.0794536,https://ys-dl.tistory.com/entry/%EC%98%A5%EC%94%A8%EB%B6%80%EC%9D%B8%EC%A0%84-%EC%B4%AC%EC%98%81%EC%A7%80-4%EA%B3%B3%EC%9D%84-%EC%95%8C%EB%A0%A4%EB%93%9C%EB%A6%BD%EB%8B%88%EB%8B%A4%EC%97%85%EB%8D%B0%EC%9D%B4%ED%8A%B8%EC%A4%91,YSDL,KAKAO
옥씨부인전,소수서원,playground,경북 영주시 순흥면 소백로 2740,36.92562067,128.5802029,https://ys-dl.tistory.com/entry/%EC%98%A5%EC%94%A8%EB%B6%80%EC%9D%B8%EC%A0%84-%EC%B4%AC%EC%98%81%EC%A7%80-4%EA%B3%B3%EC%9D%84-%EC%95%8C%EB%A0%A4%EB%93%9C%EB%A6%BD%EB%8B%88%EB%8B%A4%EC%97%85%EB%8D%B0%EC%9D%B4%ED%8A%B8%EC%A4%91,YSDL,KAKAO
옥씨부인전,송소고택,playground,경북 청송군 파천면 송소고택길 15-2,36.43623923,129.0264056,https://ys-dl.tistory.com/entry/%EC%98%A5%EC%94%A8%EB%B6%80%EC%9D%B8%EC%A0%84-%EC%B4%AC%EC%98%81%EC%A7%80-4%EA%B3%B3%EC%9D%84-%EC%95%8C%EB%A0%A4%EB%93%9C%EB%A6%BD%EB%8B%88%EB%8B%A4%EC%97%85%EB%8D%B0%EC%9D%B4%ED%8A%B8%EC%A4%91,YSDL,KAKAO
옥씨부인전,함양 일두 정여창 고택,playground,경남 함양군 지곡면 개평길 50-13,35.56632692,127.7681729,https://ys-dl.tistory.com/entry/%EC%98%A5%EC%94%A8%EB%B6%80%EC%9D%B8%EC%A0%84-%EC%B4%AC%EC%98%81%EC%A7%80-4%EA%B3%B3%EC%9D%84-%EC%95%8C%EB%A0%A4%EB%93%9C%EB%A6%BD%EB%8B%88%EB%8B%A4%EC%97%85%EB%8D%B0%EC%9D%B4%ED%8A%B8%EC%A4%91,YSDL,KAKAO
옥씨부인전,황매산,playground,경남 합천군 가회면 둔내리 산 219,35.49429165,127.9746615,https://ys-dl.tistory.com/entry/%EC%98%A5%EC%94%A8%EB%B6%80%EC%9D%B8%EC%A0%84-%EC%B4%AC%EC%98%81%EC%A7%80-4%EA%B3%B3%EC%9D%84-%EC%95%8C%EB%A0%A4%EB%93%9C%EB%A6%BD%EB%8B%88%EB%8B%A4%EC%97%85%EB%8D%B0%EC%9D%B4%ED%8A%B8%EC%A4%91,YSDL,KAKAO
옥탑방 왕세자,화성행궁,playground,경기도 수원시 팔달구 정조로 825,37.2818191,127.013426,,KCISA,KCISA
옥탑방 왕세자,뚝섬한강공원,playground,서울특별시 광진구 강변북로 139,37.5293514,127.073958,,KCISA,KCISA
옥탑방 왕세자,청담대교,playground,서울특별시 광진구 자양동 청담대교,37.58828,126.8268,,KCISA,KCISA
옥탑방 왕세자,서울마리나 클럽&요트,playground,서울특별시 영등포구 여의서로 160,37.534829,126.91157,,KCISA,KCISA
옥탑방 왕세자,N서울타워,playground,서울특별시 용산구 남산공원길 105,37.551168,126.98824,,KCISA,KCISA
옥탑방 왕세자,낙산공원,playground,서울특별시 종로구 낙산길 41,37.580667,127.00746,,KCISA,KCISA
옥탑방 왕세자,서울기상관측소,playground,서울특별시 종로구 송월길 52,37.57143,126.96623,,KCISA,KCISA
옥탑방 왕세자,창덕궁,playground,서울특별시 종로구 율곡로 99,37.582757,126.991295,,KCISA,KCISA
옥탑방 왕세자,남산 케이블카,playground,서울특별시 중구 소파로 83,37.556593,126.98404,,KCISA,KCISA
옥탑방 왕세자,광한루원,playground,전라북도 남원시 요천로 1447,35.403918,127.379758,,KCISA,KCISA
옥탑방 왕세자,마이산탑사,playground,전라북도 진안군 마령면 마이산남로 367,35.758494,127.411297,,KCISA,KCISA
온에어,세종문화회관,playground,서울특별시 종로구 세종대로 175,37.572139,126.97634,,KCISA,KCISA
올인,서대문형무소역사관,playground,서울특별시 서대문구 통일로 251,37.574692,126.95649,,KCISA,KCISA
옷소매 붉은 끝동,죽주산성,playground,경기도 안성시 죽산면 죽양대로 111-71,37.08915,127.4316,,KCISA,KCISA
옷소매 붉은 끝동,용인 대장금 파크,playground,경기도 용인시 처인구 백암면 용천드라마길 25,37.1209396,127.337296,,KCISA,KCISA
옷소매 붉은 끝동,창덕궁,playground,서울특별시 종로구 율곡로 99,37.582757,126.991295,,KCISA,KCISA
옷소매 붉은 끝동,보성열화정,playground,전라남도 보성군 득량면 오봉리,34.7637719,127.1878779,,KCISA,KCISA
옷소매 붉은 끝동,광한루원,playground,전라북도 남원시 요천로 1447,35.403918,127.379758,,KCISA,KCISA
옷소매 붉은 끝동,옥정호 구절초테마공원,playground,전라북도 정읍시 산내면 매죽리 571,35.55317,127.0191,,KCISA,KCISA
옷소매 붉은 끝동,문헌서원,playground,충청남도 서천군 기산면 서원로172번길 66,36.0918,126.7855,,KCISA,KCISA
완벽한 가족,독서당어린이공원,playground,서울 용산구 한남동 1-32,37.53446341,127.0124682,https://ys-dl.tistory.com/entry/%EC%99%84%EB%B2%BD%ED%95%9C-%EA%B0%80%EC%A1%B1-%EC%B4%AC%EC%98%81%EC%A7%80-5%EA%B3%B3%EC%9D%84-%EC%95%8C%EB%A0%A4%EB%93%9C%EB%A6%BD%EB%8B%88%EB%8B%A4%EC%97%85%EB%8D%B0%EC%9D%B4%ED%8A%B8%EC%A4%91,YSDL,KAKAO
완벽한 가족,운정호수공원,playground,경기 파주시 와동동,37.71988717,126.7578737,https://ys-dl.tistory.com/entry/%EC%99%84%EB%B2%BD%ED%95%9C-%EA%B0%80%EC%A1%B1-%EC%B4%AC%EC%98%81%EC%A7%80-5%EA%B3%B3%EC%9D%84-%EC%95%8C%EB%A0%A4%EB%93%9C%EB%A6%BD%EB%8B%88%EB%8B%A4%EC%97%85%EB%8D%B0%EC%9D%B4%ED%8A%B8%EC%A4%91,YSDL,KAKAO
완벽한 아내,화이트블럭,playground,경기도 파주시 탄현면 헤이리마을길 72,37.7889189,126.699592,,KCISA,KCISA
왔다! 장보리,MBC일산드림센터,playground,경기도 고양시 일산동구 호수로 596,37.6547819,126.770815,,KCISA,KCISA
왔다! 장보리,응봉산 팔각정,playground,서울특별시 성동구 독서당로60길 13-1,37.547805,127.029886,,KCISA,KCISA
왕은 사랑한다,고려산,playground,인천광역시 강화군 하점면 부근리 317 고인돌광장 일원,37.74503,126.4372,,KCISA,KCISA
왕은 사랑한다,나주영상테마파크,playground,전라남도 나주시 공산면 덕음로 450,34.979823,126.60098,,KCISA,KCISA
왕은 사랑한다,성흥산 사랑나무,playground,충청남도 부여군 임천면 성흥로97번길 167,36.1971825,126.898347,,KCISA,KCISA
왕이 된 남자,화성행궁,playground,경기도 수원시 팔달구 정조로 825,37.2818191,127.013426,,KCISA,KCISA
왕이 된 남자,한국민속촌,playground,경기도 용인시 기흥구 민속촌로 90,37.260092,127.12036,,KCISA,KCISA
왕이 된 남자,용인 대장금 파크,playground,경기도 용인시 처인구 백암면 용천드라마길 25,37.1209396,127.337296,,KCISA,KCISA
왕이 된 남자,황매산,playground,경상남도 산청군 차황면 법평리 산 1,35.486018,127.97475,,KCISA,KCISA
왕이 된 남자,문경새재촬영장 (오픈세트장),playground,경상북도 문경시 문경읍 새재로 1037,36.771097,128.073937,,KCISA,KCISA
왕이 된 남자,창덕궁,playground,서울특별시 종로구 율곡로 99,37.582757,126.991295,,KCISA,KCISA
왕이 된 남자,성흥산 사랑나무,playground,충청남도 부여군 임천면 성흥로97번길 167,36.1971825,126.898347,,KCISA,KCISA
왜 오수재인가,단국대학교 죽전캠퍼스,playground,경기도 용인시 수지구 죽전로 152,37.321846,127.12658,,KCISA,KCISA
왜 오수재인가,미메시스 아트 뮤지엄,playground,경기도 파주시 문발동 253,37.716786,126.68877,,KCISA,KCISA
왜 오수재인가,화이트블럭,playground,경기도 파주시 탄현면 헤이리마을길 72,37.7889189,126.699592,,KCISA,KCISA
왜 오수재인가,조이마당스튜디오,playground,경기도 파주시 파주읍 봉서산로 243,37.83256,126.8035,,KCISA,KCISA
왜 오수재인가,계명대학교 대명캠퍼스,playground,대구광역시 남구 명덕로 104,35.85427,128.580543,,KCISA,KCISA
왜 오수재인가,엠빌딩,playground,서울특별시 강남구 논현로 626,37.50954,127.0333,,KCISA,KCISA
왜 오수재인가,코엑스,playground,서울특별시 강남구 영동대로 513,37.510177,127.05866,,KCISA,KCISA
왜 오수재인가,파르나스타워,playground,서울특별시 강남구 테헤란로 521,37.50947,127.0614,,KCISA,KCISA
왜 오수재인가,김포국제공항,playground,서울특별시 강서구 하늘길 112,37.558655,126.79228,,KCISA,KCISA
왜 오수재인가,뚝섬한강공원,playground,서울특별시 광진구 강변북로 139,37.5293514,127.073958,,KCISA,KCISA
왜 오수재인가,서울국립현충원,playground,서울특별시 동작구 현충로 210,37.500612,126.97277,,KCISA,KCISA
왜 오수재인가,SBS프리즘타워,playground,서울특별시 마포구 상암산로 82,37.579725,126.89269,,KCISA,KCISA
왜 오수재인가,도림로126길,playground,서울특별시 영등포구 도림로126길 1,37.513868,126.89629,,KCISA,KCISA
왜 오수재인가,도림로128가길,playground,서울특별시 영등포구 도림로128가길 16,37.51414,126.8966,,KCISA,KCISA
왜 오수재인가,서강대교,playground,서울특별시 영등포구 여의도동 서강대교,37.536911,126.92495,,KCISA,KCISA
왜 오수재인가,동작대교,playground,서울특별시 용산구 이촌동 동작대교,37.51041,126.981893,,KCISA,KCISA
왜 오수재인가,익산 교도소 세트장,playground,전라북도 익산시 성당면 함낭로 207,36.069334,126.93158,,KCISA,KCISA
욕망의 불꽃,HW컨벤션센터,playground,서울특별시 종로구 자하문로 255,37.597064,126.96244,,KCISA,KCISA
용의 눈물,경복궁,playground,서울특별시 종로구 사직로 161,37.5806736,126.976952,,KCISA,KCISA
용팔이,속삭이는자작나무숲,playground,강원도 인제군 인제읍 자작나무숲길 760,37.9737439,128.227423,,KCISA,KCISA
용팔이,대관령 양떼목장,playground,강원도 평창군 대관령면 대관령마루길 483-32,37.689736,128.753045,,KCISA,KCISA
용팔이,삼성화재 글로벌캠퍼스,playground,경기도 고양시 일산동구 문원길 135,37.7193,126.81494,,KCISA,KCISA
용팔이,라움,playground,서울특별시 강남구 언주로 564,37.508252,127.0397,,KCISA,KCISA
용팔이,가톨릭관동대학교 국제성모병원,playground,인천광역시 서구 심곡로100번길 25,37.542425,126.68384,,KCISA,KCISA
"우리, 사랑했을까",대부바다향기테마파크,playground,경기도 안산시 단원구 대부황금로 1480-7,37.283471,126.578146,,KCISA,KCISA
"우리, 사랑했을까",와우정사,playground,경기도 용인시 처인구 해곡로 25-15,37.194157,127.276751,,KCISA,KCISA
"우리, 사랑했을까",전주대학교,playground,전라북도 전주시 완산구 천잠로 303,35.81393,127.0901,,KCISA,KCISA
"우리, 사랑했을까",일산호수공원,playground,경기도 고양시 일산동구 호수로 731,37.658769,126.76252,,KCISA,KCISA
"우리, 사랑했을까",지혜의 숲,playground,경기도 파주시 회동길 145,37.7082492,126.686674,,KCISA,KCISA
"우리, 사랑했을까",서울신정고등학교,playground,서울특별시 강서구 등촌로13아길 20,37.537922,126.8573,,KCISA,KCISA
"우리, 사랑했을까",가온문화공원,playground,서울특별시 마포구 상암동 1594,37.58181,126.88765,,KCISA,KCISA
"우리, 사랑했을까",반포대교,playground,서울특별시 서초구 반포동 반포대교,37.512187,126.9976,,KCISA,KCISA
"우리,집",반포한강공원,playground,서울 서초구 반포동 115-5,37.51081993,126.997161,https://ys-dl.tistory.com/entry/%EC%9A%B0%EB%A6%AC%EC%A7%91-%EC%B4%AC%EC%98%81%EC%A7%80-11%EA%B3%B3%EC%9D%84-%EC%95%8C%EB%A0%A4%EB%93%9C%EB%A6%BD%EB%8B%88%EB%8B%A4%EC%97%85%EB%8D%B0%EC%9D%B4%ED%8A%B8%EC%A4%91,YSDL,KAKAO
"우리,집",MBC 문화동산,playground,경기 양주시 만송로 394-104,37.79144207,127.1007849,https://ys-dl.tistory.com/entry/%EC%9A%B0%EB%A6%AC%EC%A7%91-%EC%B4%AC%EC%98%81%EC%A7%80-11%EA%B3%B3%EC%9D%84-%EC%95%8C%EB%A0%A4%EB%93%9C%EB%A6%BD%EB%8B%88%EB%8B%A4%EC%97%85%EB%8D%B0%EC%9D%B4%ED%8A%B8%EC%A4%91,YSDL,KAKAO
"우리,집",경기영어마을 파주캠프 멜로디,playground,경기 파주시 탄현면 얼음실로 40,37.78507993,126.7023304,https://ys-dl.tistory.com/entry/%EC%9A%B0%EB%A6%AC%EC%A7%91-%EC%B4%AC%EC%98%81%EC%A7%80-11%EA%B3%B3%EC%9D%84-%EC%95%8C%EB%A0%A4%EB%93%9C%EB%A6%BD%EB%8B%88%EB%8B%A4%EC%97%85%EB%8D%B0%EC%9D%B4%ED%8A%B8%EC%A4%91,YSDL,KAKAO
"우리,집",꽃지해수욕장,playground,충남 태안군 안면읍 승언리 339-285,36.49718208,126.3360205,https://ys-dl.tistory.com/entry/%EC%9A%B0%EB%A6%AC%EC%A7%91-%EC%B4%AC%EC%98%81%EC%A7%80-11%EA%B3%B3%EC%9D%84-%EC%95%8C%EB%A0%A4%EB%93%9C%EB%A6%BD%EB%8B%88%EB%8B%A4%EC%97%85%EB%8D%B0%EC%9D%B4%ED%8A%B8%EC%A4%91,YSDL,KAKAO
"우리,집",익산 교도소 세트장,playground,전북특별자치도 익산시 성당면 함낭로 207,36.06945155,126.930603,https://ys-dl.tistory.com/entry/%EC%9A%B0%EB%A6%AC%EC%A7%91-%EC%B4%AC%EC%98%81%EC%A7%80-11%EA%B3%B3%EC%9D%84-%EC%95%8C%EB%A0%A4%EB%93%9C%EB%A6%BD%EB%8B%88%EB%8B%A4%EC%97%85%EB%8D%B0%EC%9D%B4%ED%8A%B8%EC%A4%91,YSDL,KAKAO
우리가 결혼할 수 있을까,반포대교,playground,서울특별시 서초구 반포동 반포대교,37.512187,126.9976,,KCISA,KCISA
우리가 만난 기적,반포대교,playground,서울특별시 서초구 반포동 반포대교,37.512187,126.9976,,KCISA,KCISA
우리는 오늘부터,헌화로드라이브코스,playground,강원도 강릉시 강동면 심곡리 헌화로,37.664267,129.05459,,KCISA,KCISA
우리는 오늘부터,죽림동성당,playground,강원도 춘천시 약사고개길 23,37.876614,127.72724,,KCISA,KCISA
우리는 오늘부터,청아공원기독교전용관,playground,경기도 고양시 일산동구 은마길 129,37.719031,126.80572,,KCISA,KCISA
우리는 오늘부터,대원정사 옥상주차장,playground,서울특별시 용산구 두텁바위로60길 49,37.548873,126.98352,,KCISA,KCISA
우리는 오늘부터,오산고등학교,playground,서울특별시 용산구 보광로7길 17,37.523475,126.99958,,KCISA,KCISA
우리는 오늘부터,동작대교,playground,서울특별시 용산구 이촌동 동작대교,37.51041,126.981893,,KCISA,KCISA
우리는 오늘부터,경희궁3길,playground,서울특별시 종로구 사직동 경희궁 3길,37.57329,126.96731,,KCISA,KCISA
우리들의 블루스,모슬포중앙시장,playground,제주특별자치도 서귀포시 대정읍 영서중로13번길 9-8,33.2219344,126.2546171,,KCISA,KCISA
우리들의 블루스,월대천,playground,제주특별자치도 제주시 내도동 898,33.4929205,126.4361809,,KCISA,KCISA
우리들의 블루스,신두리 해수욕장,playground,충청남도 태안군 원북면 신두해변길 201-54,36.845289,126.196708,,KCISA,KCISA
우리영화,여의도한강공원,playground,서울 영등포구 여의도동 85,37.5263886,126.9351293,https://ys-dl.tistory.com/entry/%EC%9A%B0%EB%A6%AC%EC%98%81%ED%99%94-%EC%B4%AC%EC%98%81%EC%A7%80-11%EA%B3%B3%EC%9D%84-%EC%95%8C%EB%A0%A4%EB%93%9C%EB%A6%BD%EB%8B%88%EB%8B%A4%EC%97%85%EB%8D%B0%EC%9D%B4%ED%8A%B8%EC%A4%91,YSDL,KAKAO
우리영화,노들섬,playground,서울 용산구 양녕로 445,37.51766014,126.9580339,https://ys-dl.tistory.com/entry/%EC%9A%B0%EB%A6%AC%EC%98%81%ED%99%94-%EC%B4%AC%EC%98%81%EC%A7%80-11%EA%B3%B3%EC%9D%84-%EC%95%8C%EB%A0%A4%EB%93%9C%EB%A6%BD%EB%8B%88%EB%8B%A4%EC%97%85%EB%8D%B0%EC%9D%B4%ED%8A%B8%EC%A4%91,YSDL,KAKAO
우리영화,CGV 용산아이파크몰,playground,서울 용산구 한강대로23길 55,37.5297718,126.9647416,https://ys-dl.tistory.com/entry/%EC%9A%B0%EB%A6%AC%EC%98%81%ED%99%94-%EC%B4%AC%EC%98%81%EC%A7%80-11%EA%B3%B3%EC%9D%84-%EC%95%8C%EB%A0%A4%EB%93%9C%EB%A6%BD%EB%8B%88%EB%8B%A4%EC%97%85%EB%8D%B0%EC%9D%B4%ED%8A%B8%EC%A4%91,YSDL,KAKAO
우리영화,돈의문박물관마을,playground,서울 종로구 송월길 2,37.56851234,126.969036,https://ys-dl.tistory.com/entry/%EC%9A%B0%EB%A6%AC%EC%98%81%ED%99%94-%EC%B4%AC%EC%98%81%EC%A7%80-11%EA%B3%B3%EC%9D%84-%EC%95%8C%EB%A0%A4%EB%93%9C%EB%A6%BD%EB%8B%88%EB%8B%A4%EC%97%85%EB%8D%B0%EC%9D%B4%ED%8A%B8%EC%A4%91,YSDL,KAKAO
우리영화,서울역사박물관,playground,서울 종로구 새문안로 55,37.57050032,126.9705464,https://ys-dl.tistory.com/entry/%EC%9A%B0%EB%A6%AC%EC%98%81%ED%99%94-%EC%B4%AC%EC%98%81%EC%A7%80-11%EA%B3%B3%EC%9D%84-%EC%95%8C%EB%A0%A4%EB%93%9C%EB%A6%BD%EB%8B%88%EB%8B%A4%EC%97%85%EB%8D%B0%EC%9D%B4%ED%8A%B8%EC%A4%91,YSDL,KAKAO
우리영화,세종문화회관,playground,서울 종로구 세종대로 175,37.57259452,126.9757787,https://ys-dl.tistory.com/entry/%EC%9A%B0%EB%A6%AC%EC%98%81%ED%99%94-%EC%B4%AC%EC%98%81%EC%A7%80-11%EA%B3%B3%EC%9D%84-%EC%95%8C%EB%A0%A4%EB%93%9C%EB%A6%BD%EB%8B%88%EB%8B%A4%EC%97%85%EB%8D%B0%EC%9D%B4%ED%8A%B8%EC%A4%91,YSDL,KAKAO
우리영화,광화문광장,playground,서울 종로구 세종로 1-68,37.57260286,126.9769164,https://ys-dl.tistory.com/entry/%EC%9A%B0%EB%A6%AC%EC%98%81%ED%99%94-%EC%B4%AC%EC%98%81%EC%A7%80-11%EA%B3%B3%EC%9D%84-%EC%95%8C%EB%A0%A4%EB%93%9C%EB%A6%BD%EB%8B%88%EB%8B%A4%EC%97%85%EB%8D%B0%EC%9D%B4%ED%8A%B8%EC%A4%91,YSDL,KAKAO
우리영화,응봉산,playground,서울 성동구 응봉동,37.54825281,127.0298342,https://ys-dl.tistory.com/entry/%EC%9A%B0%EB%A6%AC%EC%98%81%ED%99%94-%EC%B4%AC%EC%98%81%EC%A7%80-11%EA%B3%B3%EC%9D%84-%EC%95%8C%EB%A0%A4%EB%93%9C%EB%A6%BD%EB%8B%88%EB%8B%A4%EC%97%85%EB%8D%B0%EC%9D%B4%ED%8A%B8%EC%A4%91,YSDL,KAKAO
우리영화,반포한강공원,playground,서울 서초구 반포동 115-5,37.51081993,126.997161,https://ys-dl.tistory.com/entry/%EC%9A%B0%EB%A6%AC%EC%98%81%ED%99%94-%EC%B4%AC%EC%98%81%EC%A7%80-11%EA%B3%B3%EC%9D%84-%EC%95%8C%EB%A0%A4%EB%93%9C%EB%A6%BD%EB%8B%88%EB%8B%A4%EC%97%85%EB%8D%B0%EC%9D%B4%ED%8A%B8%EC%A4%91,YSDL,KAKAO
우리영화,3호근린공원시각공원,playground,경기 하남시 덕풍북로 180,37.55282531,127.2069324,https://ys-dl.tistory.com/entry/%EC%9A%B0%EB%A6%AC%EC%98%81%ED%99%94-%EC%B4%AC%EC%98%81%EC%A7%80-11%EA%B3%B3%EC%9D%84-%EC%95%8C%EB%A0%A4%EB%93%9C%EB%A6%BD%EB%8B%88%EB%8B%A4%EC%97%85%EB%8D%B0%EC%9D%B4%ED%8A%B8%EC%A4%91,YSDL,KAKAO
우리영화,원성 성남리 성황림,playground,강원특별자치도 원주시 신림면 성남리 산 192,37.26551137,128.0845494,https://ys-dl.tistory.com/entry/%EC%9A%B0%EB%A6%AC%EC%98%81%ED%99%94-%EC%B4%AC%EC%98%81%EC%A7%80-11%EA%B3%B3%EC%9D%84-%EC%95%8C%EB%A0%A4%EB%93%9C%EB%A6%BD%EB%8B%88%EB%8B%A4%EC%97%85%EB%8D%B0%EC%9D%B4%ED%8A%B8%EC%A4%91,YSDL,KAKAO
우리영화,송지호해수욕장,playground,강원특별자치도 고성군 죽왕면 오호리 8,38.33068452,128.5279176,https://ys-dl.tistory.com/entry/%EC%9A%B0%EB%A6%AC%EC%98%81%ED%99%94-%EC%B4%AC%EC%98%81%EC%A7%80-11%EA%B3%B3%EC%9D%84-%EC%95%8C%EB%A0%A4%EB%93%9C%EB%A6%BD%EB%8B%88%EB%8B%A4%EC%97%85%EB%8D%B0%EC%9D%B4%ED%8A%B8%EC%A4%91,YSDL,KAKAO
우리영화,청초호수공원,playground,강원특별자치도 속초시 엑스포로 140,38.19556009,128.5824915,https://ys-dl.tistory.com/entry/%EC%9A%B0%EB%A6%AC%EC%98%81%ED%99%94-%EC%B4%AC%EC%98%81%EC%A7%80-11%EA%B3%B3%EC%9D%84-%EC%95%8C%EB%A0%A4%EB%93%9C%EB%A6%BD%EB%8B%88%EB%8B%A4%EC%97%85%EB%8D%B0%EC%9D%B4%ED%8A%B8%EC%A4%91,YSDL,KAKAO
우리영화,속초해수욕장,playground,강원특별자치도 속초시 해오름로 186,38.19005289,128.6040985,https://ys-dl.tistory.com/entry/%EC%9A%B0%EB%A6%AC%EC%98%81%ED%99%94-%EC%B4%AC%EC%98%81%EC%A7%80-11%EA%B3%B3%EC%9D%84-%EC%95%8C%EB%A0%A4%EB%93%9C%EB%A6%BD%EB%8B%88%EB%8B%A4%EC%97%85%EB%8D%B0%EC%9D%B4%ED%8A%B8%EC%A4%91,YSDL,KAKAO
우리영화,외옹치해수욕장,playground,강원특별자치도 속초시 해오름로 83,38.18315499,128.6089288,https://ys-dl.tistory.com/entry/%EC%9A%B0%EB%A6%AC%EC%98%81%ED%99%94-%EC%B4%AC%EC%98%81%EC%A7%80-11%EA%B3%B3%EC%9D%84-%EC%95%8C%EB%A0%A4%EB%93%9C%EB%A6%BD%EB%8B%88%EB%8B%A4%EC%97%85%EB%8D%B0%EC%9D%B4%ED%8A%B8%EC%A4%91,YSDL,KAKAO
우리영화,대포항전망대,playground,강원특별자치도 속초시 대포항1길 16-8,38.17594661,128.6061684,https://ys-dl.tistory.com/entry/%EC%9A%B0%EB%A6%AC%EC%98%81%ED%99%94-%EC%B4%AC%EC%98%81%EC%A7%80-11%EA%B3%B3%EC%9D%84-%EC%95%8C%EB%A0%A4%EB%93%9C%EB%A6%BD%EB%8B%88%EB%8B%A4%EC%97%85%EB%8D%B0%EC%9D%B4%ED%8A%B8%EC%A4%91,YSDL,KAKAO
우리영화,가평리 유채꽃밭,playground,강원특별자치도 양양군 손양면 가평리 29-16,38.10198017,128.6470137,https://ys-dl.tistory.com/entry/%EC%9A%B0%EB%A6%AC%EC%98%81%ED%99%94-%EC%B4%AC%EC%98%81%EC%A7%80-11%EA%B3%B3%EC%9D%84-%EC%95%8C%EB%A0%A4%EB%93%9C%EB%A6%BD%EB%8B%88%EB%8B%A4%EC%97%85%EB%8D%B0%EC%9D%B4%ED%8A%B8%EC%A4%91,YSDL,KAKAO
우리영화,남애3리해변,playground,강원특별자치도 양양군 현남면 남애리,37.94601803,128.7848811,https://ys-dl.tistory.com/entry/%EC%9A%B0%EB%A6%AC%EC%98%81%ED%99%94-%EC%B4%AC%EC%98%81%EC%A7%80-11%EA%B3%B3%EC%9D%84-%EC%95%8C%EB%A0%A4%EB%93%9C%EB%A6%BD%EB%8B%88%EB%8B%A4%EC%97%85%EB%8D%B0%EC%9D%B4%ED%8A%B8%EC%A4%91,YSDL,KAKAO
우리영화,고불개해변,playground,강원특별자치도 동해시 천곡동 190,37.52766382,129.1221322,https://ys-dl.tistory.com/entry/%EC%9A%B0%EB%A6%AC%EC%98%81%ED%99%94-%EC%B4%AC%EC%98%81%EC%A7%80-11%EA%B3%B3%EC%9D%84-%EC%95%8C%EB%A0%A4%EB%93%9C%EB%A6%BD%EB%8B%88%EB%8B%A4%EC%97%85%EB%8D%B0%EC%9D%B4%ED%8A%B8%EC%A4%91,YSDL,KAKAO
우리영화,부남해변,playground,강원특별자치도 삼척시 근덕면 부남리,37.36216254,129.2511284,https://ys-dl.tistory.com/entry/%EC%9A%B0%EB%A6%AC%EC%98%81%ED%99%94-%EC%B4%AC%EC%98%81%EC%A7%80-11%EA%B3%B3%EC%9D%84-%EC%95%8C%EB%A0%A4%EB%93%9C%EB%A6%BD%EB%8B%88%EB%8B%A4%EC%97%85%EB%8D%B0%EC%9D%B4%ED%8A%B8%EC%A4%91,YSDL,KAKAO
우리영화,용화해변,playground,강원특별자치도 삼척시 근덕면 용화리 14-5,37.28967724,129.3053681,https://ys-dl.tistory.com/entry/%EC%9A%B0%EB%A6%AC%EC%98%81%ED%99%94-%EC%B4%AC%EC%98%81%EC%A7%80-11%EA%B3%B3%EC%9D%84-%EC%95%8C%EB%A0%A4%EB%93%9C%EB%A6%BD%EB%8B%88%EB%8B%A4%EC%97%85%EB%8D%B0%EC%9D%B4%ED%8A%B8%EC%A4%91,YSDL,KAKAO
우리영화,광주극장,playground,전남광주통합특별시 동구 충장로46번길 10,35.14992704,126.9123147,https://ys-dl.tistory.com/entry/%EC%9A%B0%EB%A6%AC%EC%98%81%ED%99%94-%EC%B4%AC%EC%98%81%EC%A7%80-11%EA%B3%B3%EC%9D%84-%EC%95%8C%EB%A0%A4%EB%93%9C%EB%A6%BD%EB%8B%88%EB%8B%A4%EC%97%85%EB%8D%B0%EC%9D%B4%ED%8A%B8%EC%A4%91,YSDL,KAKAO
우리영화,월영교,playground,경북 안동시 석주로 203,36.57661204,128.760926,https://ys-dl.tistory.com/entry/%EC%9A%B0%EB%A6%AC%EC%98%81%ED%99%94-%EC%B4%AC%EC%98%81%EC%A7%80-11%EA%B3%B3%EC%9D%84-%EC%95%8C%EB%A0%A4%EB%93%9C%EB%A6%BD%EB%8B%88%EB%8B%A4%EC%97%85%EB%8D%B0%EC%9D%B4%ED%8A%B8%EC%A4%91,YSDL,KAKAO
우리영화,월영공원,playground,경북 안동시 상아동 486,36.57877248,128.7598423,https://ys-dl.tistory.com/entry/%EC%9A%B0%EB%A6%AC%EC%98%81%ED%99%94-%EC%B4%AC%EC%98%81%EC%A7%80-11%EA%B3%B3%EC%9D%84-%EC%95%8C%EB%A0%A4%EB%93%9C%EB%A6%BD%EB%8B%88%EB%8B%A4%EC%97%85%EB%8D%B0%EC%9D%B4%ED%8A%B8%EC%A4%91,YSDL,KAKAO
우리영화,낙강물길공원,playground,경북 안동시 상아동 423,36.58785968,128.7709445,https://ys-dl.tistory.com/entry/%EC%9A%B0%EB%A6%AC%EC%98%81%ED%99%94-%EC%B4%AC%EC%98%81%EC%A7%80-11%EA%B3%B3%EC%9D%84-%EC%95%8C%EB%A0%A4%EB%93%9C%EB%A6%BD%EB%8B%88%EB%8B%A4%EC%97%85%EB%8D%B0%EC%9D%B4%ED%8A%B8%EC%A4%91,YSDL,KAKAO
우리집 여자들,HW컨벤션센터,playground,서울특별시 종로구 자하문로 255,37.597064,126.96244,,KCISA,KCISA
우리집에 사는 남자,양평 두물머리,playground,경기도 양평군 양서면 양수리,37.532869,127.31599,,KCISA,KCISA
우리집에 사는 남자,용천상회,playground,경기도 양평군 옥천면 용천로 146,37.535568,127.48954,,KCISA,KCISA
우리집에 사는 남자,서대문형무소역사관,playground,서울특별시 서대문구 통일로 251,37.574692,126.95649,,KCISA,KCISA
우아한 가,청아공원기독교전용관,playground,경기도 고양시 일산동구 은마길 129,37.719031,126.80572,,KCISA,KCISA
우아한 가,양평 두물머리,playground,경기도 양평군 양서면 양수리,37.532869,127.31599,,KCISA,KCISA
우아한 가,로케이션 이음 (구 로얄퀘스트),playground,경기도 파주시 탄현면 새오리로286번길 48-70,37.713531,126.74641,,KCISA,KCISA
우아한 가,아셈타워,playground,서울특별시 강남구 영동대로 517,37.513147,127.05974,,KCISA,KCISA
우아한 가,재화스퀘어,playground,서울특별시 마포구 독막로 311,37.543978,126.94742,,KCISA,KCISA
우아한 가,경의선광장,playground,서울특별시 마포구 백범로28길 17,37.544913,126.94684,,KCISA,KCISA
우아한 가,난지한강공원,playground,서울특별시 마포구 한강난지로 162,37.564486,126.87945,,KCISA,KCISA
우아한 가,서대문형무소역사관,playground,서울특별시 서대문구 통일로 251,37.574692,126.95649,,KCISA,KCISA
우아한 가,세빛섬,playground,서울특별시 서초구 올림픽대로 683,37.512019,126.9953,,KCISA,KCISA
우아한 가,소월로 계단 3번,playground,서울특별시 용산구 소월로 168,37.547514,126.98424,,KCISA,KCISA
우아한 가,더리버,playground,서울특별시 용산구 용산동6가 451,37.507108,126.98472,,KCISA,KCISA
우아한 가,동작대교,playground,서울특별시 용산구 이촌동 동작대교,37.51041,126.981893,,KCISA,KCISA
우아한 가,운경재단,playground,서울특별시 종로구 인왕산로 7,37.575038,126.96676,,KCISA,KCISA
우아한 가,스테이트 타워 남산,playground,서울특별시 중구 퇴계로 100,37.560342,126.98297,,KCISA,KCISA
우아한 가,장흥교도소 세트장,playground,전라남도 장흥군 장흥읍 원도리 191,34.686804,126.91329,,KCISA,KCISA
우연일까,안산식물원,playground,경기 안산시 상록구 성호로 113,37.31374851,126.8610722,https://ys-dl.tistory.com/entry/%EC%9A%B0%EC%97%B0%EC%9D%BC%EA%B9%8C-%EC%B4%AC%EC%98%81%EC%A7%80-16%EA%B3%B3%EC%9D%84-%EC%95%8C%EB%A0%A4%EB%93%9C%EB%A6%BD%EB%8B%88%EB%8B%A4%EC%97%85%EB%8D%B0%EC%9D%B4%ED%8A%B8%EC%A4%91,YSDL,KAKAO
우연일까,숭례문,playground,서울 중구 세종대로 40,37.56000301,126.9753131,https://ys-dl.tistory.com/entry/%EC%9A%B0%EC%97%B0%EC%9D%BC%EA%B9%8C-%EC%B4%AC%EC%98%81%EC%A7%80-16%EA%B3%B3%EC%9D%84-%EC%95%8C%EB%A0%A4%EB%93%9C%EB%A6%BD%EB%8B%88%EB%8B%A4%EC%97%85%EB%8D%B0%EC%9D%B4%ED%8A%B8%EC%A4%91,YSDL,KAKAO
우연일까,심곡서원,playground,경기 용인시 수지구 심곡로 16-9,37.30576443,127.0766125,https://ys-dl.tistory.com/entry/%EC%9A%B0%EC%97%B0%EC%9D%BC%EA%B9%8C-%EC%B4%AC%EC%98%81%EC%A7%80-16%EA%B3%B3%EC%9D%84-%EC%95%8C%EB%A0%A4%EB%93%9C%EB%A6%BD%EB%8B%88%EB%8B%A4%EC%97%85%EB%8D%B0%EC%9D%B4%ED%8A%B8%EC%A4%91,YSDL,KAKAO
우연일까,에버랜드,playground,경기 용인시 처인구 포곡읍 에버랜드로 199,37.29310112,127.2021983,https://ys-dl.tistory.com/entry/%EC%9A%B0%EC%97%B0%EC%9D%BC%EA%B9%8C-%EC%B4%AC%EC%98%81%EC%A7%80-16%EA%B3%B3%EC%9D%84-%EC%95%8C%EB%A0%A4%EB%93%9C%EB%A6%BD%EB%8B%88%EB%8B%A4%EC%97%85%EB%8D%B0%EC%9D%B4%ED%8A%B8%EC%A4%91,YSDL,KAKAO
우연일까,안면도꽃지 할미할아비바위,playground,충남 태안군 안면읍 승언리 산 27,36.5016313,126.3304284,https://ys-dl.tistory.com/entry/%EC%9A%B0%EC%97%B0%EC%9D%BC%EA%B9%8C-%EC%B4%AC%EC%98%81%EC%A7%80-16%EA%B3%B3%EC%9D%84-%EC%95%8C%EB%A0%A4%EB%93%9C%EB%A6%BD%EB%8B%88%EB%8B%A4%EC%97%85%EB%8D%B0%EC%9D%B4%ED%8A%B8%EC%A4%91,YSDL,KAKAO
우연일까,전주향교,playground,전북특별자치도 전주시 완산구 향교길 139,35.81275813,127.157134,https://ys-dl.tistory.com/entry/%EC%9A%B0%EC%97%B0%EC%9D%BC%EA%B9%8C-%EC%B4%AC%EC%98%81%EC%A7%80-16%EA%B3%B3%EC%9D%84-%EC%95%8C%EB%A0%A4%EB%93%9C%EB%A6%BD%EB%8B%88%EB%8B%A4%EC%97%85%EB%8D%B0%EC%9D%B4%ED%8A%B8%EC%A4%91,YSDL,KAKAO
우주를 줄게,놋다리문화공원,playground,서울 강서구 마곡동 790-6,37.56202755,126.8363596,https://ys-dl.tistory.com/entry/%EC%9A%B0%EC%A3%BC%EB%A5%BC-%EC%A4%84%EA%B2%8C-%EC%B4%AC%EC%98%81%EC%A7%80-17%EA%B3%B3%EC%9D%84-%EC%95%8C%EB%A0%A4%EB%93%9C%EB%A6%BD%EB%8B%88%EB%8B%A4%EC%97%85%EB%8D%B0%EC%9D%B4%ED%8A%B8%EC%A4%91,YSDL,KAKAO
우주를 줄게,뚝섬한강공원,playground,서울 광진구 자양동 427-6,37.52929744,127.0689211,https://ys-dl.tistory.com/entry/%EC%9A%B0%EC%A3%BC%EB%A5%BC-%EC%A4%84%EA%B2%8C-%EC%B4%AC%EC%98%81%EC%A7%80-17%EA%B3%B3%EC%9D%84-%EC%95%8C%EB%A0%A4%EB%93%9C%EB%A6%BD%EB%8B%88%EB%8B%A4%EC%97%85%EB%8D%B0%EC%9D%B4%ED%8A%B8%EC%A4%91,YSDL,KAKAO
우주를 줄게,서래섬,playground,서울 서초구 반포동 137-41,37.50802101,126.9899294,https://ys-dl.tistory.com/entry/%EC%9A%B0%EC%A3%BC%EB%A5%BC-%EC%A4%84%EA%B2%8C-%EC%B4%AC%EC%98%81%EC%A7%80-17%EA%B3%B3%EC%9D%84-%EC%95%8C%EB%A0%A4%EB%93%9C%EB%A6%BD%EB%8B%88%EB%8B%A4%EC%97%85%EB%8D%B0%EC%9D%B4%ED%8A%B8%EC%A4%91,YSDL,KAKAO
우주를 줄게,해돋이공원,playground,인천 연수구 해돋이로 51,37.38771065,126.6544857,https://ys-dl.tistory.com/entry/%EC%9A%B0%EC%A3%BC%EB%A5%BC-%EC%A4%84%EA%B2%8C-%EC%B4%AC%EC%98%81%EC%A7%80-17%EA%B3%B3%EC%9D%84-%EC%95%8C%EB%A0%A4%EB%93%9C%EB%A6%BD%EB%8B%88%EB%8B%A4%EC%97%85%EB%8D%B0%EC%9D%B4%ED%8A%B8%EC%A4%91,YSDL,KAKAO
우주를 줄게,대부바다향기테마파크,playground,경기 안산시 단원구 대부황금로 1480-7,37.28627587,126.5745552,https://ys-dl.tistory.com/entry/%EC%9A%B0%EC%A3%BC%EB%A5%BC-%EC%A4%84%EA%B2%8C-%EC%B4%AC%EC%98%81%EC%A7%80-17%EA%B3%B3%EC%9D%84-%EC%95%8C%EB%A0%A4%EB%93%9C%EB%A6%BD%EB%8B%88%EB%8B%A4%EC%97%85%EB%8D%B0%EC%9D%B4%ED%8A%B8%EC%A4%91,YSDL,KAKAO
우주를 줄게,주문진방파제,playground,강원특별자치도 강릉시 주문진읍 교항리,37.87985546,128.8342043,https://ys-dl.tistory.com/entry/%EC%9A%B0%EC%A3%BC%EB%A5%BC-%EC%A4%84%EA%B2%8C-%EC%B4%AC%EC%98%81%EC%A7%80-17%EA%B3%B3%EC%9D%84-%EC%95%8C%EB%A0%A4%EB%93%9C%EB%A6%BD%EB%8B%88%EB%8B%A4%EC%97%85%EB%8D%B0%EC%9D%B4%ED%8A%B8%EC%A4%91,YSDL,KAKAO
우주를 줄게,법기수원지,playground,경남 양산시 동면 법기로 198-13,35.34797443,129.1062967,https://ys-dl.tistory.com/entry/%EC%9A%B0%EC%A3%BC%EB%A5%BC-%EC%A4%84%EA%B2%8C-%EC%B4%AC%EC%98%81%EC%A7%80-17%EA%B3%B3%EC%9D%84-%EC%95%8C%EB%A0%A4%EB%93%9C%EB%A6%BD%EB%8B%88%EB%8B%A4%EC%97%85%EB%8D%B0%EC%9D%B4%ED%8A%B8%EC%A4%91,YSDL,KAKAO
우주를 줄게,임경대,playground,경남 양산시 원동면 화제리 산 72-4,35.32246987,128.9758208,https://ys-dl.tistory.com/entry/%EC%9A%B0%EC%A3%BC%EB%A5%BC-%EC%A4%84%EA%B2%8C-%EC%B4%AC%EC%98%81%EC%A7%80-17%EA%B3%B3%EC%9D%84-%EC%95%8C%EB%A0%A4%EB%93%9C%EB%A6%BD%EB%8B%88%EB%8B%A4%EC%97%85%EB%8D%B0%EC%9D%B4%ED%8A%B8%EC%A4%91,YSDL,KAKAO
우주를 줄게,황산공원,playground,경남 양산시 물금읍 물금리 215,35.30104347,128.9913378,https://ys-dl.tistory.com/entry/%EC%9A%B0%EC%A3%BC%EB%A5%BC-%EC%A4%84%EA%B2%8C-%EC%B4%AC%EC%98%81%EC%A7%80-17%EA%B3%B3%EC%9D%84-%EC%95%8C%EB%A0%A4%EB%93%9C%EB%A6%BD%EB%8B%88%EB%8B%A4%EC%97%85%EB%8D%B0%EC%9D%B4%ED%8A%B8%EC%A4%91,YSDL,KAKAO
우주메리미,용문사,playground,서울 강서구 등촌로13길 175,37.5400893,126.8580532,https://ys-dl.tistory.com/entry/%EC%9A%B0%EC%A3%BC%EB%A9%94%EB%A6%AC%EB%AF%B8-%EC%B4%AC%EC%98%81%EC%A7%80-23%EA%B3%B3%EC%9D%84-%EC%95%8C%EB%A0%A4%EB%93%9C%EB%A6%BD%EB%8B%88%EB%8B%A4%EC%97%85%EB%8D%B0%EC%9D%B4%ED%8A%B8%EC%A4%91,YSDL,KAKAO
우주메리미,옹달샘어린이공원,playground,서울 마포구 망원동 408-3,37.55489776,126.902065,https://ys-dl.tistory.com/entry/%EC%9A%B0%EC%A3%BC%EB%A9%94%EB%A6%AC%EB%AF%B8-%EC%B4%AC%EC%98%81%EC%A7%80-23%EA%B3%B3%EC%9D%84-%EC%95%8C%EB%A0%A4%EB%93%9C%EB%A6%BD%EB%8B%88%EB%8B%A4%EC%97%85%EB%8D%B0%EC%9D%B4%ED%8A%B8%EC%A4%91,YSDL,KAKAO
우주메리미,서대문형무소역사관,playground,서울 서대문구 통일로 251,37.57460869,126.9556122,https://ys-dl.tistory.com/entry/%EC%9A%B0%EC%A3%BC%EB%A9%94%EB%A6%AC%EB%AF%B8-%EC%B4%AC%EC%98%81%EC%A7%80-23%EA%B3%B3%EC%9D%84-%EC%95%8C%EB%A0%A4%EB%93%9C%EB%A6%BD%EB%8B%88%EB%8B%A4%EC%97%85%EB%8D%B0%EC%9D%B4%ED%8A%B8%EC%A4%91,YSDL,KAKAO
우주메리미,여의도한강공원,playground,서울 영등포구 여의도동 85,37.5263886,126.9351293,https://ys-dl.tistory.com/entry/%EC%9A%B0%EC%A3%BC%EB%A9%94%EB%A6%AC%EB%AF%B8-%EC%B4%AC%EC%98%81%EC%A7%80-23%EA%B3%B3%EC%9D%84-%EC%95%8C%EB%A0%A4%EB%93%9C%EB%A6%BD%EB%8B%88%EB%8B%A4%EC%97%85%EB%8D%B0%EC%9D%B4%ED%8A%B8%EC%A4%91,YSDL,KAKAO
우주메리미,삼순이계단,playground,서울 중구 소파로 46,37.55452971,126.9816933,https://ys-dl.tistory.com/entry/%EC%9A%B0%EC%A3%BC%EB%A9%94%EB%A6%AC%EB%AF%B8-%EC%B4%AC%EC%98%81%EC%A7%80-23%EA%B3%B3%EC%9D%84-%EC%95%8C%EB%A0%A4%EB%93%9C%EB%A6%BD%EB%8B%88%EB%8B%A4%EC%97%85%EB%8D%B0%EC%9D%B4%ED%8A%B8%EC%A4%91,YSDL,KAKAO
우주메리미,코엑스,playground,서울 강남구 영동대로 513,37.51182418,127.0591586,https://ys-dl.tistory.com/entry/%EC%9A%B0%EC%A3%BC%EB%A9%94%EB%A6%AC%EB%AF%B8-%EC%B4%AC%EC%98%81%EC%A7%80-23%EA%B3%B3%EC%9D%84-%EC%95%8C%EB%A0%A4%EB%93%9C%EB%A6%BD%EB%8B%88%EB%8B%A4%EC%97%85%EB%8D%B0%EC%9D%B4%ED%8A%B8%EC%A4%91,YSDL,KAKAO
우주메리미,일산호수공원,playground,경기 고양시 일산동구 호수로 595,37.65613604,126.7641415,https://ys-dl.tistory.com/entry/%EC%9A%B0%EC%A3%BC%EB%A9%94%EB%A6%AC%EB%AF%B8-%EC%B4%AC%EC%98%81%EC%A7%80-23%EA%B3%B3%EC%9D%84-%EC%95%8C%EB%A0%A4%EB%93%9C%EB%A6%BD%EB%8B%88%EB%8B%A4%EC%97%85%EB%8D%B0%EC%9D%B4%ED%8A%B8%EC%A4%91,YSDL,KAKAO
우주메리미,불암사,playground,경기 남양주시 불암산로 190,37.65862249,127.0988734,https://ys-dl.tistory.com/entry/%EC%9A%B0%EC%A3%BC%EB%A9%94%EB%A6%AC%EB%AF%B8-%EC%B4%AC%EC%98%81%EC%A7%80-23%EA%B3%B3%EC%9D%84-%EC%95%8C%EB%A0%A4%EB%93%9C%EB%A6%BD%EB%8B%88%EB%8B%A4%EC%97%85%EB%8D%B0%EC%9D%B4%ED%8A%B8%EC%A4%91,YSDL,KAKAO
우주메리미,동탄호수공원,playground,경기 화성시 동탄구 동탄순환대로 69,37.16689551,127.10243,https://ys-dl.tistory.com/entry/%EC%9A%B0%EC%A3%BC%EB%A9%94%EB%A6%AC%EB%AF%B8-%EC%B4%AC%EC%98%81%EC%A7%80-23%EA%B3%B3%EC%9D%84-%EC%95%8C%EB%A0%A4%EB%93%9C%EB%A6%BD%EB%8B%88%EB%8B%A4%EC%97%85%EB%8D%B0%EC%9D%B4%ED%8A%B8%EC%A4%91,YSDL,KAKAO
우주메리미,삼척해변,playground,강원특별자치도 삼척시 갈천동 14-22,37.46792498,129.1698406,https://ys-dl.tistory.com/entry/%EC%9A%B0%EC%A3%BC%EB%A9%94%EB%A6%AC%EB%AF%B8-%EC%B4%AC%EC%98%81%EC%A7%80-23%EA%B3%B3%EC%9D%84-%EC%95%8C%EB%A0%A4%EB%93%9C%EB%A6%BD%EB%8B%88%EB%8B%A4%EC%97%85%EB%8D%B0%EC%9D%B4%ED%8A%B8%EC%A4%91,YSDL,KAKAO
우주메리미,거창사건추모공원,playground,경남 거창군 신원면 신차로 2924,35.55659166,127.9277951,https://ys-dl.tistory.com/entry/%EC%9A%B0%EC%A3%BC%EB%A9%94%EB%A6%AC%EB%AF%B8-%EC%B4%AC%EC%98%81%EC%A7%80-23%EA%B3%B3%EC%9D%84-%EC%95%8C%EB%A0%A4%EB%93%9C%EB%A6%BD%EB%8B%88%EB%8B%A4%EC%97%85%EB%8D%B0%EC%9D%B4%ED%8A%B8%EC%A4%91,YSDL,KAKAO
우주메리미,황매산,playground,경남 합천군 가회면 둔내리 산 219,35.49429165,127.9746615,https://ys-dl.tistory.com/entry/%EC%9A%B0%EC%A3%BC%EB%A9%94%EB%A6%AC%EB%AF%B8-%EC%B4%AC%EC%98%81%EC%A7%80-23%EA%B3%B3%EC%9D%84-%EC%95%8C%EB%A0%A4%EB%93%9C%EB%A6%BD%EB%8B%88%EB%8B%A4%EC%97%85%EB%8D%B0%EC%9D%B4%ED%8A%B8%EC%A4%91,YSDL,KAKAO
운명,로케이션 이음 (구 로얄퀘스트),playground,경기도 파주시 탄현면 새오리로286번길 48-70,37.713531,126.74641,,KCISA,KCISA
운명과 분노,광안대교,playground,부산광역시 수영구 민락동 광안대교,35.147603,129.130119,,KCISA,KCISA
운명과 분노,SBS프리즘타워,playground,서울특별시 마포구 상암산로 82,37.579725,126.89269,,KCISA,KCISA
운명과 분노,서강대교,playground,서울특별시 영등포구 여의도동 서강대교,37.536911,126.92495,,KCISA,KCISA
운명과 분노,HW컨벤션센터,playground,서울특별시 종로구 자하문로 255,37.597064,126.96244,,KCISA,KCISA
운명과 분노,스테이트 타워 남산,playground,서울특별시 중구 퇴계로 100,37.560342,126.98297,,KCISA,KCISA
운명처럼 널 사랑해,명성황후생가,playground,경기도 여주시 능현동 469-1,37.259805,127.65416,,KCISA,KCISA
운명처럼 널 사랑해,한택 식물원,playground,경기도 용인시 처인구 백암면 한택로 2,37.094536,127.40664,,KCISA,KCISA
운명처럼 널 사랑해,벽초지수목원,playground,경기도 파주시 광탄면 부흥로 242,37.800977,126.873712,,KCISA,KCISA
운명처럼 널 사랑해,로케이션 이음 (구 로얄퀘스트),playground,경기도 파주시 탄현면 새오리로286번길 48-70,37.713531,126.74641,,KCISA,KCISA
운명처럼 널 사랑해,곤리도,playground,경상남도 통영시 산양읍 곤리리 174-16,34.782517,128.37111,,KCISA,KCISA
운명처럼 널 사랑해,육심원 가로수길점,playground,서울특별시 강남구 논현로159길 66,37.52157,127.0231,,KCISA,KCISA
운명처럼 널 사랑해,라움,playground,서울특별시 강남구 언주로 564,37.508252,127.0397,,KCISA,KCISA
운명처럼 널 사랑해,어텐션,playground,서울특별시 마포구 와우산로17길 11,37.550068,126.9224,,KCISA,KCISA
운명처럼 널 사랑해,마포대교,playground,서울특별시 영등포구 여의도동 84-5,37.533709,126.9367,,KCISA,KCISA
운명처럼 널 사랑해,이랜드크루즈,playground,서울특별시 영등포구 여의동로 280,37.5290674,126.936218,,KCISA,KCISA
운명처럼 널 사랑해,청운공원,playground,서울특별시 종로구 창의문로 119 청운 공원,37.5919695,126.966814,,KCISA,KCISA
운명처럼 널 사랑해,토탈미술관,playground,서울특별시 종로구 평창32길 8,37.612154,126.97566,,KCISA,KCISA
운명처럼 널 사랑해,서울디자인재단,playground,서울특별시 중구 을지로 281,37.566752,127.0101,,KCISA,KCISA
운빨로맨스,아난티 클럽 서울,playground,경기도 가평군 설악면 유명로 961-34,37.619609,127.48216,,KCISA,KCISA
운빨로맨스,수원 화성,playground,경기도 수원시 장안구 영화동 320-2,37.2871264,127.01196,,KCISA,KCISA
운빨로맨스,화성행궁,playground,경기도 수원시 팔달구 정조로 825,37.2818191,127.013426,,KCISA,KCISA
운빨로맨스,물빛광장(여의도),playground,서울특별시 영등포구 여의도동 84-9,37.530806,126.92831,,KCISA,KCISA
운수 오진 날,창천문화공원,playground,서울 서대문구 창천동,37.55676246,126.9356078,https://ys-dl.tistory.com/entry/%EC%9A%B4%EC%88%98-%EC%98%A4%EC%A7%84-%EB%82%A0-%EC%B4%AC%EC%98%81%EC%A7%80-14%EA%B3%B3%EC%9D%84-%EC%95%8C%EB%A0%A4%EB%93%9C%EB%A6%BD%EB%8B%88%EB%8B%A4,YSDL,KAKAO
운수 오진 날,아현동전골목,playground,서울 마포구 아현동,37.55683644,126.9553183,https://ys-dl.tistory.com/entry/%EC%9A%B4%EC%88%98-%EC%98%A4%EC%A7%84-%EB%82%A0-%EC%B4%AC%EC%98%81%EC%A7%80-14%EA%B3%B3%EC%9D%84-%EC%95%8C%EB%A0%A4%EB%93%9C%EB%A6%BD%EB%8B%88%EB%8B%A4,YSDL,KAKAO
운수 오진 날,노들섬,playground,서울 용산구 양녕로 445,37.51766014,126.9580339,https://ys-dl.tistory.com/entry/%EC%9A%B4%EC%88%98-%EC%98%A4%EC%A7%84-%EB%82%A0-%EC%B4%AC%EC%98%81%EC%A7%80-14%EA%B3%B3%EC%9D%84-%EC%95%8C%EB%A0%A4%EB%93%9C%EB%A6%BD%EB%8B%88%EB%8B%A4,YSDL,KAKAO
운수 오진 날,이화동 벽화마을,playground,서울 종로구 이화동 9-413,37.57797573,127.0071015,https://ys-dl.tistory.com/entry/%EC%9A%B4%EC%88%98-%EC%98%A4%EC%A7%84-%EB%82%A0-%EC%B4%AC%EC%98%81%EC%A7%80-14%EA%B3%B3%EC%9D%84-%EC%95%8C%EB%A0%A4%EB%93%9C%EB%A6%BD%EB%8B%88%EB%8B%A4,YSDL,KAKAO
원 더 우먼,별마로천문대,playground,강원도 영월군 영월읍 천문대길 397,37.198816,128.486792,,KCISA,KCISA
원 더 우먼,청아공원기독교전용관,playground,경기도 고양시 일산동구 은마길 129,37.719031,126.80572,,KCISA,KCISA
원 더 우먼,킨텍스,playground,경기도 고양시 일산서구 킨텍스로 217-60,37.668805,126.74593,,KCISA,KCISA
원 더 우먼,쉴낙원 김포장례식장,playground,경기도 김포시 승가로58번길 7,37.607202,126.71541,,KCISA,KCISA
원 더 우먼,용인 대장금 파크,playground,경기도 용인시 처인구 백암면 용천드라마길 25,37.1209396,127.337296,,KCISA,KCISA
원 더 우먼,의정부교도소,playground,경기도 의정부시 송산로 1111-76,37.723336,127.09159,,KCISA,KCISA
원 더 우먼,경기영어마을 파주캠퍼스,playground,경기도 파주시 탄현면 얼음실로 40,37.7852355,126.703739,,KCISA,KCISA
원 더 우먼,퍼스트가든,playground,경기도 파주시 탑삭골길 260,37.7321551,126.793933,,KCISA,KCISA
원 더 우먼,대전근현대사전시관,playground,대전광역시 중구 중앙로 101,36.3266855,127.420912,,KCISA,KCISA
원 더 우먼,동아디지털미디어센터,playground,서울특별시 마포구 매봉산로 75,37.57832,126.89285,,KCISA,KCISA
원 더 우먼,SBS프리즘타워,playground,서울특별시 마포구 상암산로 82,37.579725,126.89269,,KCISA,KCISA
원 더 우먼,SBS방송센터,playground,서울특별시 양천구 목동서로 161,37.529043,126.87417,,KCISA,KCISA
원 더 우먼,스테이트 타워 남산,playground,서울특별시 중구 퇴계로 100,37.560342,126.98297,,KCISA,KCISA
원 더 우먼,인천국제공항,playground,인천광역시 중구 공항로 272,37.44919,126.4514,,KCISA,KCISA
원 더 우먼,선문대학교 아산캠퍼스,playground,충청남도 아산시 탕정면 선문로221번길 70,36.798952,127.07489,,KCISA,KCISA
원경: 단오의 인연,부안영상테마파크,playground,전북특별자치도 부안군 변산면 격포로 309-64,35.62180698,126.485383,https://ys-dl.tistory.com/entry/%EC%9B%90%EA%B2%BD-%EB%8B%A8%EC%98%A4%EC%9D%98%EC%9D%B8%EC%97%B0-%EC%B4%AC%EC%98%81%EC%A7%80-7%EA%B3%B3%EC%9D%84-%EC%95%8C%EB%A0%A4%EB%93%9C%EB%A6%BD%EB%8B%88%EB%8B%A4,YSDL,KAKAO
원경: 단오의 인연,대조사,playground,충남 부여군 임천면 성흥로197번길 112,36.1908348,126.9006782,https://ys-dl.tistory.com/entry/%EC%9B%90%EA%B2%BD-%EB%8B%A8%EC%98%A4%EC%9D%98%EC%9D%B8%EC%97%B0-%EC%B4%AC%EC%98%81%EC%A7%80-7%EA%B3%B3%EC%9D%84-%EC%95%8C%EB%A0%A4%EB%93%9C%EB%A6%BD%EB%8B%88%EB%8B%A4,YSDL,KAKAO
원경: 단오의 인연,소수서원,playground,경북 영주시 순흥면 소백로 2740,36.92562067,128.5802029,https://ys-dl.tistory.com/entry/%EC%9B%90%EA%B2%BD-%EB%8B%A8%EC%98%A4%EC%9D%98%EC%9D%B8%EC%97%B0-%EC%B4%AC%EC%98%81%EC%A7%80-7%EA%B3%B3%EC%9D%84-%EC%95%8C%EB%A0%A4%EB%93%9C%EB%A6%BD%EB%8B%88%EB%8B%A4,YSDL,KAKAO
원경: 단오의 인연,초간정,playground,경북 예천군 용문면 용문경천로 874,36.7013469,128.3818409,https://ys-dl.tistory.com/entry/%EC%9B%90%EA%B2%BD-%EB%8B%A8%EC%98%A4%EC%9D%98%EC%9D%B8%EC%97%B0-%EC%B4%AC%EC%98%81%EC%A7%80-7%EA%B3%B3%EC%9D%84-%EC%95%8C%EB%A0%A4%EB%93%9C%EB%A6%BD%EB%8B%88%EB%8B%A4,YSDL,KAKAO
원경: 단오의 인연,선몽대,playground,경북 예천군 호명읍 선몽대길 74,36.59797342,128.4607358,https://ys-dl.tistory.com/entry/%EC%9B%90%EA%B2%BD-%EB%8B%A8%EC%98%A4%EC%9D%98%EC%9D%B8%EC%97%B0-%EC%B4%AC%EC%98%81%EC%A7%80-7%EA%B3%B3%EC%9D%84-%EC%95%8C%EB%A0%A4%EB%93%9C%EB%A6%BD%EB%8B%88%EB%8B%A4,YSDL,KAKAO
원더풀 월드,난지천공원,playground,서울 마포구 상암동 1538,37.57213336,126.8874014,https://ys-dl.tistory.com/entry/%EC%9B%90%EB%8D%94%ED%92%80-%EC%9B%94%EB%93%9C-%EC%B4%AC%EC%98%81%EC%A7%80-37%EA%B3%B3%EC%9D%84-%EC%95%8C%EB%A0%A4%EB%93%9C%EB%A6%BD%EB%8B%88%EB%8B%A4%EC%97%85%EB%8D%B0%EC%9D%B4%ED%8A%B8%EC%A4%91,YSDL,KAKAO
원더풀 월드,북악팔각정,playground,서울 종로구 북악산로 267,37.60159027,126.9806581,https://ys-dl.tistory.com/entry/%EC%9B%90%EB%8D%94%ED%92%80-%EC%9B%94%EB%93%9C-%EC%B4%AC%EC%98%81%EC%A7%80-37%EA%B3%B3%EC%9D%84-%EC%95%8C%EB%A0%A4%EB%93%9C%EB%A6%BD%EB%8B%88%EB%8B%A4%EC%97%85%EB%8D%B0%EC%9D%B4%ED%8A%B8%EC%A4%91,YSDL,KAKAO
원더풀 월드,이화달팽이길,playground,서울 종로구 이화동 9-244,37.57689902,127.0075735,https://ys-dl.tistory.com/entry/%EC%9B%90%EB%8D%94%ED%92%80-%EC%9B%94%EB%93%9C-%EC%B4%AC%EC%98%81%EC%A7%80-37%EA%B3%B3%EC%9D%84-%EC%95%8C%EB%A0%A4%EB%93%9C%EB%A6%BD%EB%8B%88%EB%8B%A4%EC%97%85%EB%8D%B0%EC%9D%B4%ED%8A%B8%EC%A4%91,YSDL,KAKAO
원더풀 월드,청라중앙호수공원 플라워뮤직아일랜드,playground,인천 서해구 청라동 106-2,37.5271341,126.6346025,https://ys-dl.tistory.com/entry/%EC%9B%90%EB%8D%94%ED%92%80-%EC%9B%94%EB%93%9C-%EC%B4%AC%EC%98%81%EC%A7%80-37%EA%B3%B3%EC%9D%84-%EC%95%8C%EB%A0%A4%EB%93%9C%EB%A6%BD%EB%8B%88%EB%8B%A4%EC%97%85%EB%8D%B0%EC%9D%B4%ED%8A%B8%EC%A4%91,YSDL,KAKAO
원더풀 월드,MBC 문화동산,playground,경기 양주시 만송로 394-104,37.79144207,127.1007849,https://ys-dl.tistory.com/entry/%EC%9B%90%EB%8D%94%ED%92%80-%EC%9B%94%EB%93%9C-%EC%B4%AC%EC%98%81%EC%A7%80-37%EA%B3%B3%EC%9D%84-%EC%95%8C%EB%A0%A4%EB%93%9C%EB%A6%BD%EB%8B%88%EB%8B%A4%EC%97%85%EB%8D%B0%EC%9D%B4%ED%8A%B8%EC%A4%91,YSDL,KAKAO
원더풀 월드,벽초지수목원,playground,경기 파주시 광탄면 부흥로 242,37.80077004,126.8742585,https://ys-dl.tistory.com/entry/%EC%9B%90%EB%8D%94%ED%92%80-%EC%9B%94%EB%93%9C-%EC%B4%AC%EC%98%81%EC%A7%80-37%EA%B3%B3%EC%9D%84-%EC%95%8C%EB%A0%A4%EB%93%9C%EB%A6%BD%EB%8B%88%EB%8B%A4%EC%97%85%EB%8D%B0%EC%9D%B4%ED%8A%B8%EC%A4%91,YSDL,KAKAO
원더풀 월드,미메시스 아트 뮤지엄,playground,경기 파주시 문발로 253,37.71679273,126.6889188,https://ys-dl.tistory.com/entry/%EC%9B%90%EB%8D%94%ED%92%80-%EC%9B%94%EB%93%9C-%EC%B4%AC%EC%98%81%EC%A7%80-37%EA%B3%B3%EC%9D%84-%EC%95%8C%EB%A0%A4%EB%93%9C%EB%A6%BD%EB%8B%88%EB%8B%A4%EC%97%85%EB%8D%B0%EC%9D%B4%ED%8A%B8%EC%A4%91,YSDL,KAKAO
원더풀 월드,일산호수공원,playground,경기 고양시 일산동구 호수로 595,37.65613604,126.7641415,https://ys-dl.tistory.com/entry/%EC%9B%90%EB%8D%94%ED%92%80-%EC%9B%94%EB%93%9C-%EC%B4%AC%EC%98%81%EC%A7%80-37%EA%B3%B3%EC%9D%84-%EC%95%8C%EB%A0%A4%EB%93%9C%EB%A6%BD%EB%8B%88%EB%8B%A4%EC%97%85%EB%8D%B0%EC%9D%B4%ED%8A%B8%EC%A4%91,YSDL,KAKAO
원더풀 월드,고양꽃전시관,playground,경기 고양시 일산동구 호수로 595,37.6538604,126.7688108,https://ys-dl.tistory.com/entry/%EC%9B%90%EB%8D%94%ED%92%80-%EC%9B%94%EB%93%9C-%EC%B4%AC%EC%98%81%EC%A7%80-37%EA%B3%B3%EC%9D%84-%EC%95%8C%EB%A0%A4%EB%93%9C%EB%A6%BD%EB%8B%88%EB%8B%A4%EC%97%85%EB%8D%B0%EC%9D%B4%ED%8A%B8%EC%A4%91,YSDL,KAKAO
원더풀 월드,익산 교도소 세트장,playground,전북특별자치도 익산시 성당면 함낭로 207,36.06945155,126.930603,https://ys-dl.tistory.com/entry/%EC%9B%90%EB%8D%94%ED%92%80-%EC%9B%94%EB%93%9C-%EC%B4%AC%EC%98%81%EC%A7%80-37%EA%B3%B3%EC%9D%84-%EC%95%8C%EB%A0%A4%EB%93%9C%EB%A6%BD%EB%8B%88%EB%8B%A4%EC%97%85%EB%8D%B0%EC%9D%B4%ED%8A%B8%EC%A4%91,YSDL,KAKAO
원더풀스,근포땅굴,playground,경남 거제시 남부면 저구리 423,34.72292896,128.5910853,https://ys-dl.tistory.com/entry/%EC%9B%90%EB%8D%94%ED%92%80%EC%8A%A4-%EC%B4%AC%EC%98%81%EC%A7%80-3%EA%B3%B3%EC%9D%84-%EC%95%8C%EB%A0%A4%EB%93%9C%EB%A6%BD%EB%8B%88%EB%8B%A4%EC%97%85%EB%8D%B0%EC%9D%B4%ED%8A%B8%EC%A4%91,YSDL,KAKAO
월간 집,헌화로드라이브코스,playground,강원도 강릉시 강동면 심곡리 헌화로,37.664267,129.05459,,KCISA,KCISA
월간 집,한국종합인재개발원,playground,경기도 가평군 청평면 북한강로1636번길 36-6,37.666429,127.38539,,KCISA,KCISA
월간 집,청아공원기독교전용관,playground,경기도 고양시 일산동구 은마길 129,37.719031,126.80572,,KCISA,KCISA
월간 집,이천도자예술마을,playground,경기도 이천시 신둔면 도자예술로5번길 109,37.293042,127.38539,,KCISA,KCISA
월간 집,로케이션 이음 (구 로얄퀘스트),playground,경기도 파주시 탄현면 새오리로286번길 48-70,37.713531,126.74641,,KCISA,KCISA
월간 집,지혜의 숲,playground,경기도 파주시 회동길 145,37.7082492,126.686674,,KCISA,KCISA
월간 집,황리단길,playground,경상북도 경주시 태종로 746,35.836842,129.20966,,KCISA,KCISA
월간 집,루비나빌딩,playground,서울특별시 강남구 도산대로 502,37.523935,127.0479,,KCISA,KCISA
월간 집,디큐브시티,playground,서울특별시 구로구 경인로 662,37.508892,126.88942,,KCISA,KCISA
월간 집,성미산로26길,playground,서울특별시 마포구 성미산로26길 35,37.562369,126.92334,,KCISA,KCISA
월간 집,드빌스튜디오(구 스튜디오언아더),playground,서울특별시 서대문구 연희로11바길 24,37.569537,126.92723,,KCISA,KCISA
월간 집,성수대교,playground,서울특별시 성동구 옥수동 성수대교,37.537039,127.03506,,KCISA,KCISA
월간 집,서강대교,playground,서울특별시 영등포구 여의도동 서강대교,37.536911,126.92495,,KCISA,KCISA
월간 집,한강 공원 여의도 지구,playground,서울특별시 영등포구 여의동로 290,37.5290674,126.936218,,KCISA,KCISA
월간 집,가야랑빌딩,playground,서울특별시 용산구 회나무로 66,37.540098,126.99385,,KCISA,KCISA
월간 집,은평 한옥마을,playground,서울특별시 은평구 진관동 127-25,37.641555,126.93909,,KCISA,KCISA
월간 집,이화정동빌딩,playground,서울특별시 중구 정동길 17,37.567082,126.97049,,KCISA,KCISA
월간 집,삼경빌딩,playground,서울특별시 중구 필동로 53 라비두스 별관 3층/루프탑,37.556741,126.99589,,KCISA,KCISA
월간 집,라비두스,playground,서울특별시 중구 필동로5길 7,37.556652,126.99638,,KCISA,KCISA
월간 집,인천아트플랫폼,playground,인천광역시 중구 제물량로218번길 3,37.472906,126.62001,,KCISA,KCISA
월간남친,난지한강공원,playground,서울 마포구 상암동 495-72,37.56703991,126.8756078,https://ys-dl.tistory.com/entry/%EC%9B%94%EA%B0%84%EB%82%A8%EC%B9%9C-%EC%B4%AC%EC%98%81%EC%A7%80-8%EA%B3%B3%EC%9D%84-%EC%95%8C%EB%A0%A4%EB%93%9C%EB%A6%BD%EB%8B%88%EB%8B%A4%EC%97%85%EB%8D%B0%EC%9D%B4%ED%8A%B8%EC%A4%91,YSDL,KAKAO
월간남친,한강,playground,서울 영등포구 여의도동,37.52508922,126.9475451,https://ys-dl.tistory.com/entry/%EC%9B%94%EA%B0%84%EB%82%A8%EC%B9%9C-%EC%B4%AC%EC%98%81%EC%A7%80-8%EA%B3%B3%EC%9D%84-%EC%95%8C%EB%A0%A4%EB%93%9C%EB%A6%BD%EB%8B%88%EB%8B%A4%EC%97%85%EB%8D%B0%EC%9D%B4%ED%8A%B8%EC%A4%91,YSDL,KAKAO
월간남친,송도센트럴파크,playground,인천 연수구 송도동 24-5,37.39306396,126.6386297,https://ys-dl.tistory.com/entry/%EC%9B%94%EA%B0%84%EB%82%A8%EC%B9%9C-%EC%B4%AC%EC%98%81%EC%A7%80-8%EA%B3%B3%EC%9D%84-%EC%95%8C%EB%A0%A4%EB%93%9C%EB%A6%BD%EB%8B%88%EB%8B%A4%EC%97%85%EB%8D%B0%EC%9D%B4%ED%8A%B8%EC%A4%91,YSDL,KAKAO
월간남친,서계박세당고택 사랑채,playground,경기 의정부시 동일로128번길 36,37.69963712,127.0577393,https://ys-dl.tistory.com/entry/%EC%9B%94%EA%B0%84%EB%82%A8%EC%B9%9C-%EC%B4%AC%EC%98%81%EC%A7%80-8%EA%B3%B3%EC%9D%84-%EC%95%8C%EB%A0%A4%EB%93%9C%EB%A6%BD%EB%8B%88%EB%8B%A4%EC%97%85%EB%8D%B0%EC%9D%B4%ED%8A%B8%EC%A4%91,YSDL,KAKAO
월간남친,미메시스 아트 뮤지엄,playground,경기 파주시 문발로 253,37.71679273,126.6889188,https://ys-dl.tistory.com/entry/%EC%9B%94%EA%B0%84%EB%82%A8%EC%B9%9C-%EC%B4%AC%EC%98%81%EC%A7%80-8%EA%B3%B3%EC%9D%84-%EC%95%8C%EB%A0%A4%EB%93%9C%EB%A6%BD%EB%8B%88%EB%8B%A4%EC%97%85%EB%8D%B0%EC%9D%B4%ED%8A%B8%EC%A4%91,YSDL,KAKAO
월간남친,아쿠아플라넷 일산,playground,경기 고양시 일산서구 한류월드로 282,37.66378755,126.7554856,https://ys-dl.tistory.com/entry/%EC%9B%94%EA%B0%84%EB%82%A8%EC%B9%9C-%EC%B4%AC%EC%98%81%EC%A7%80-8%EA%B3%B3%EC%9D%84-%EC%95%8C%EB%A0%A4%EB%93%9C%EB%A6%BD%EB%8B%88%EB%8B%A4%EC%97%85%EB%8D%B0%EC%9D%B4%ED%8A%B8%EC%A4%91,YSDL,KAKAO
월간남친,일산호수공원 폭포광장,playground,경기 고양시 일산동구 장항동 905,37.65038716,126.7711446,https://ys-dl.tistory.com/entry/%EC%9B%94%EA%B0%84%EB%82%A8%EC%B9%9C-%EC%B4%AC%EC%98%81%EC%A7%80-8%EA%B3%B3%EC%9D%84-%EC%95%8C%EB%A0%A4%EB%93%9C%EB%A6%BD%EB%8B%88%EB%8B%A4%EC%97%85%EB%8D%B0%EC%9D%B4%ED%8A%B8%EC%A4%91,YSDL,KAKAO
월간남친,어울어린이공원,playground,경기 성남시 분당구 삼평동 677,37.40168546,127.1114057,https://ys-dl.tistory.com/entry/%EC%9B%94%EA%B0%84%EB%82%A8%EC%B9%9C-%EC%B4%AC%EC%98%81%EC%A7%80-8%EA%B3%B3%EC%9D%84-%EC%95%8C%EB%A0%A4%EB%93%9C%EB%A6%BD%EB%8B%88%EB%8B%A4%EC%97%85%EB%8D%B0%EC%9D%B4%ED%8A%B8%EC%A4%91,YSDL,KAKAO
월간남친,별마로천문대,playground,강원특별자치도 영월군 영월읍 영흥리 154-3,37.19832924,128.4867825,https://ys-dl.tistory.com/entry/%EC%9B%94%EA%B0%84%EB%82%A8%EC%B9%9C-%EC%B4%AC%EC%98%81%EC%A7%80-8%EA%B3%B3%EC%9D%84-%EC%95%8C%EB%A0%A4%EB%93%9C%EB%A6%BD%EB%8B%88%EB%8B%A4%EC%97%85%EB%8D%B0%EC%9D%B4%ED%8A%B8%EC%A4%91,YSDL,KAKAO
월간남친,부산타워,playground,부산 중구 용두산길 37-30,35.1012145,129.0323287,https://ys-dl.tistory.com/entry/%EC%9B%94%EA%B0%84%EB%82%A8%EC%B9%9C-%EC%B4%AC%EC%98%81%EC%A7%80-8%EA%B3%B3%EC%9D%84-%EC%95%8C%EB%A0%A4%EB%93%9C%EB%A6%BD%EB%8B%88%EB%8B%A4%EC%97%85%EB%8D%B0%EC%9D%B4%ED%8A%B8%EC%A4%91,YSDL,KAKAO
월간남친,해운대수목원,playground,부산 해운대구 석대동 26,35.23007348,129.132732,https://ys-dl.tistory.com/entry/%EC%9B%94%EA%B0%84%EB%82%A8%EC%B9%9C-%EC%B4%AC%EC%98%81%EC%A7%80-8%EA%B3%B3%EC%9D%84-%EC%95%8C%EB%A0%A4%EB%93%9C%EB%A6%BD%EB%8B%88%EB%8B%A4%EC%97%85%EB%8D%B0%EC%9D%B4%ED%8A%B8%EC%A4%91,YSDL,KAKAO
월간남친,누리마루 APEC하우스,playground,부산 해운대구 동백로 116,35.15233458,129.1513259,https://ys-dl.tistory.com/entry/%EC%9B%94%EA%B0%84%EB%82%A8%EC%B9%9C-%EC%B4%AC%EC%98%81%EC%A7%80-8%EA%B3%B3%EC%9D%84-%EC%95%8C%EB%A0%A4%EB%93%9C%EB%A6%BD%EB%8B%88%EB%8B%A4%EC%97%85%EB%8D%B0%EC%9D%B4%ED%8A%B8%EC%A4%91,YSDL,KAKAO
월간남친,김녕해수욕장,playground,제주특별자치도 제주시 구좌읍 해맞이해안로 7-6,33.55743886,126.759314,https://ys-dl.tistory.com/entry/%EC%9B%94%EA%B0%84%EB%82%A8%EC%B9%9C-%EC%B4%AC%EC%98%81%EC%A7%80-8%EA%B3%B3%EC%9D%84-%EC%95%8C%EB%A0%A4%EB%93%9C%EB%A6%BD%EB%8B%88%EB%8B%A4%EC%97%85%EB%8D%B0%EC%9D%B4%ED%8A%B8%EC%A4%91,YSDL,KAKAO
월간남친,천미천,playground,제주특별자치도 제주시 구좌읍 송당리,33.42736433,126.7545338,https://ys-dl.tistory.com/entry/%EC%9B%94%EA%B0%84%EB%82%A8%EC%B9%9C-%EC%B4%AC%EC%98%81%EC%A7%80-8%EA%B3%B3%EC%9D%84-%EC%95%8C%EB%A0%A4%EB%93%9C%EB%A6%BD%EB%8B%88%EB%8B%A4%EC%97%85%EB%8D%B0%EC%9D%B4%ED%8A%B8%EC%A4%91,YSDL,KAKAO
월간남친,ICC 제주국제컨벤션센터 탐라홀,playground,제주특별자치도 서귀포시 중문관광로 224,33.24130102,126.4244293,https://ys-dl.tistory.com/entry/%EC%9B%94%EA%B0%84%EB%82%A8%EC%B9%9C-%EC%B4%AC%EC%98%81%EC%A7%80-8%EA%B3%B3%EC%9D%84-%EC%95%8C%EB%A0%A4%EB%93%9C%EB%A6%BD%EB%8B%88%EB%8B%A4%EC%97%85%EB%8D%B0%EC%9D%B4%ED%8A%B8%EC%A4%91,YSDL,KAKAO
월계수 양복점 신사들,삼성화재 글로벌캠퍼스,playground,경기도 고양시 일산동구 문원길 135,37.7193,126.81494,,KCISA,KCISA
월계수 양복점 신사들,강남역센트럴푸르지오시티,playground,서울특별시 강남구 테헤란로4길 6,37.497594,127.02967,,KCISA,KCISA
월계수 양복점 신사들,여의도 KBS방송국,playground,서울특별시 영등포구 여의공원로 13,37.52563,126.91633,,KCISA,KCISA
월계수 양복점 신사들,윤보선길,playground,서울특별시 종로구 윤보선길,37.577559,126.98376,,KCISA,KCISA
월계수 양복점 신사들,율곡로3길,playground,서울특별시 종로구 율곡로3길,37.577811,126.98239,,KCISA,KCISA
월수금화목토,퍼스트가든,playground,경기도 파주시 탑삭골길 260,37.7321551,126.793933,,KCISA,KCISA
월수금화목토,포천허브아일랜드,playground,경기도 포천시 신북면 청신로947번길 35,37.965751,127.12917,,KCISA,KCISA
월수금화목토,라움,playground,서울특별시 강남구 언주로 564,37.508252,127.0397,,KCISA,KCISA
월수금화목토,유니버셜아트센터,playground,서울특별시 광진구 천호대로 664,37.550799,127.08806,,KCISA,KCISA
월수금화목토,구룡근린공원,playground,서울특별시 마포구 월드컵북로 456,37.582996,126.88385,,KCISA,KCISA
월수금화목토,파크원,playground,서울특별시 영등포구 여의대로 108,37.525144,126.92923,,KCISA,KCISA
월수금화목토,인하대학교,playground,인천광역시 남구 인하로 100,37.44949,126.6531,,KCISA,KCISA
월수금화목토,인천국제공항,playground,인천광역시 중구 공항로 272,37.44919,126.4514,,KCISA,KCISA
웨딩 임파서블,서울식물원 호수공원,playground,서울 강서구 마곡동로 161,37.57093324,126.8326839,https://ys-dl.tistory.com/entry/%EC%9B%A8%EB%94%A9-%EC%9E%84%ED%8C%8C%EC%84%9C%EB%B8%94-%EC%B4%AC%EC%98%81%EC%A7%80-13%EA%B3%B3%EC%9D%84-%EC%95%8C%EB%A0%A4%EB%93%9C%EB%A6%BD%EB%8B%88%EB%8B%A4%EC%97%85%EB%8D%B0%EC%9D%B4%ED%8A%B8%EC%A4%91,YSDL,KAKAO
웨딩 임파서블,구룡근린공원,playground,서울 마포구 상암동 313-3,37.58300304,126.8837734,https://ys-dl.tistory.com/entry/%EC%9B%A8%EB%94%A9-%EC%9E%84%ED%8C%8C%EC%84%9C%EB%B8%94-%EC%B4%AC%EC%98%81%EC%A7%80-13%EA%B3%B3%EC%9D%84-%EC%95%8C%EB%A0%A4%EB%93%9C%EB%A6%BD%EB%8B%88%EB%8B%A4%EC%97%85%EB%8D%B0%EC%9D%B4%ED%8A%B8%EC%A4%91,YSDL,KAKAO
웨딩 임파서블,난지한강공원,playground,서울 마포구 상암동 495-72,37.56703991,126.8756078,https://ys-dl.tistory.com/entry/%EC%9B%A8%EB%94%A9-%EC%9E%84%ED%8C%8C%EC%84%9C%EB%B8%94-%EC%B4%AC%EC%98%81%EC%A7%80-13%EA%B3%B3%EC%9D%84-%EC%95%8C%EB%A0%A4%EB%93%9C%EB%A6%BD%EB%8B%88%EB%8B%A4%EC%97%85%EB%8D%B0%EC%9D%B4%ED%8A%B8%EC%A4%91,YSDL,KAKAO
웨딩 임파서블,밤섬공원,playground,서울 마포구 신정동 76-1,37.54286156,126.9318675,https://ys-dl.tistory.com/entry/%EC%9B%A8%EB%94%A9-%EC%9E%84%ED%8C%8C%EC%84%9C%EB%B8%94-%EC%B4%AC%EC%98%81%EC%A7%80-13%EA%B3%B3%EC%9D%84-%EC%95%8C%EB%A0%A4%EB%93%9C%EB%A6%BD%EB%8B%88%EB%8B%A4%EC%97%85%EB%8D%B0%EC%9D%B4%ED%8A%B8%EC%A4%91,YSDL,KAKAO
웨딩 임파서블,독서당어린이공원,playground,서울 용산구 한남동 1-32,37.53446341,127.0124682,https://ys-dl.tistory.com/entry/%EC%9B%A8%EB%94%A9-%EC%9E%84%ED%8C%8C%EC%84%9C%EB%B8%94-%EC%B4%AC%EC%98%81%EC%A7%80-13%EA%B3%B3%EC%9D%84-%EC%95%8C%EB%A0%A4%EB%93%9C%EB%A6%BD%EB%8B%88%EB%8B%A4%EC%97%85%EB%8D%B0%EC%9D%B4%ED%8A%B8%EC%A4%91,YSDL,KAKAO
웨딩 임파서블,덕수궁돌담길,playground,서울 중구 세종대로 지하 101,37.56497658,126.9756646,https://ys-dl.tistory.com/entry/%EC%9B%A8%EB%94%A9-%EC%9E%84%ED%8C%8C%EC%84%9C%EB%B8%94-%EC%B4%AC%EC%98%81%EC%A7%80-13%EA%B3%B3%EC%9D%84-%EC%95%8C%EB%A0%A4%EB%93%9C%EB%A6%BD%EB%8B%88%EB%8B%A4%EC%97%85%EB%8D%B0%EC%9D%B4%ED%8A%B8%EC%A4%91,YSDL,KAKAO
웨딩 임파서블,반포한강공원,playground,서울 서초구 반포동 115-5,37.51081993,126.997161,https://ys-dl.tistory.com/entry/%EC%9B%A8%EB%94%A9-%EC%9E%84%ED%8C%8C%EC%84%9C%EB%B8%94-%EC%B4%AC%EC%98%81%EC%A7%80-13%EA%B3%B3%EC%9D%84-%EC%95%8C%EB%A0%A4%EB%93%9C%EB%A6%BD%EB%8B%88%EB%8B%A4%EC%97%85%EB%8D%B0%EC%9D%B4%ED%8A%B8%EC%A4%91,YSDL,KAKAO
웨딩 임파서블,삼성해맞이공원,playground,서울 강남구 삼성동 82,37.5196741,127.0619385,https://ys-dl.tistory.com/entry/%EC%9B%A8%EB%94%A9-%EC%9E%84%ED%8C%8C%EC%84%9C%EB%B8%94-%EC%B4%AC%EC%98%81%EC%A7%80-13%EA%B3%B3%EC%9D%84-%EC%95%8C%EB%A0%A4%EB%93%9C%EB%A6%BD%EB%8B%88%EB%8B%A4%EC%97%85%EB%8D%B0%EC%9D%B4%ED%8A%B8%EC%A4%91,YSDL,KAKAO
웨딩 임파서블,눌노천,playground,경기 파주시 파평면 눌노리 436-7,37.93122973,126.8458046,https://ys-dl.tistory.com/entry/%EC%9B%A8%EB%94%A9-%EC%9E%84%ED%8C%8C%EC%84%9C%EB%B8%94-%EC%B4%AC%EC%98%81%EC%A7%80-13%EA%B3%B3%EC%9D%84-%EC%95%8C%EB%A0%A4%EB%93%9C%EB%A6%BD%EB%8B%88%EB%8B%A4%EC%97%85%EB%8D%B0%EC%9D%B4%ED%8A%B8%EC%A4%91,YSDL,KAKAO
웨딩 임파서블,성재암,playground,경기 파주시 성재길 220,37.74236976,126.7416624,https://ys-dl.tistory.com/entry/%EC%9B%A8%EB%94%A9-%EC%9E%84%ED%8C%8C%EC%84%9C%EB%B8%94-%EC%B4%AC%EC%98%81%EC%A7%80-13%EA%B3%B3%EC%9D%84-%EC%95%8C%EB%A0%A4%EB%93%9C%EB%A6%BD%EB%8B%88%EB%8B%A4%EC%97%85%EB%8D%B0%EC%9D%B4%ED%8A%B8%EC%A4%91,YSDL,KAKAO
웨딩 임파서블,파주출판단지근린공원,playground,경기 파주시 문발동 496-1,37.71952728,126.6882756,https://ys-dl.tistory.com/entry/%EC%9B%A8%EB%94%A9-%EC%9E%84%ED%8C%8C%EC%84%9C%EB%B8%94-%EC%B4%AC%EC%98%81%EC%A7%80-13%EA%B3%B3%EC%9D%84-%EC%95%8C%EB%A0%A4%EB%93%9C%EB%A6%BD%EB%8B%88%EB%8B%A4%EC%97%85%EB%8D%B0%EC%9D%B4%ED%8A%B8%EC%A4%91,YSDL,KAKAO
웨딩 임파서블,일산호수공원,playground,경기 고양시 일산동구 호수로 595,37.65613604,126.7641415,https://ys-dl.tistory.com/entry/%EC%9B%A8%EB%94%A9-%EC%9E%84%ED%8C%8C%EC%84%9C%EB%B8%94-%EC%B4%AC%EC%98%81%EC%A7%80-13%EA%B3%B3%EC%9D%84-%EC%95%8C%EB%A0%A4%EB%93%9C%EB%A6%BD%EB%8B%88%EB%8B%A4%EC%97%85%EB%8D%B0%EC%9D%B4%ED%8A%B8%EC%A4%91,YSDL,KAKAO
웨딩 임파서블,선샤인스튜디오,playground,충남 논산시 연무읍 봉황로 90,36.10274483,127.1048191,https://ys-dl.tistory.com/entry/%EC%9B%A8%EB%94%A9-%EC%9E%84%ED%8C%8C%EC%84%9C%EB%B8%94-%EC%B4%AC%EC%98%81%EC%A7%80-13%EA%B3%B3%EC%9D%84-%EC%95%8C%EB%A0%A4%EB%93%9C%EB%A6%BD%EB%8B%88%EB%8B%A4%EC%97%85%EB%8D%B0%EC%9D%B4%ED%8A%B8%EC%A4%91,YSDL,KAKAO
웨딩 임파서블,문경새재오픈세트장,playground,경북 문경시 문경읍 새재로 1037,36.77139968,128.074072,https://ys-dl.tistory.com/entry/%EC%9B%A8%EB%94%A9-%EC%9E%84%ED%8C%8C%EC%84%9C%EB%B8%94-%EC%B4%AC%EC%98%81%EC%A7%80-13%EA%B3%B3%EC%9D%84-%EC%95%8C%EB%A0%A4%EB%93%9C%EB%A6%BD%EB%8B%88%EB%8B%A4%EC%97%85%EB%8D%B0%EC%9D%B4%ED%8A%B8%EC%A4%91,YSDL,KAKAO
웨딩 임파서블,도구해수욕장,playground,경북 포항시 남구 동해면 일월로81번길 36,35.99224784,129.4429571,https://ys-dl.tistory.com/entry/%EC%9B%A8%EB%94%A9-%EC%9E%84%ED%8C%8C%EC%84%9C%EB%B8%94-%EC%B4%AC%EC%98%81%EC%A7%80-13%EA%B3%B3%EC%9D%84-%EC%95%8C%EB%A0%A4%EB%93%9C%EB%A6%BD%EB%8B%88%EB%8B%A4%EC%97%85%EB%8D%B0%EC%9D%B4%ED%8A%B8%EC%A4%91,YSDL,KAKAO
웨딩 임파서블,호미반도해안둘레길,playground,경북 포항시 남구 동해면 입암리 360,36.01412363,129.4780682,https://ys-dl.tistory.com/entry/%EC%9B%A8%EB%94%A9-%EC%9E%84%ED%8C%8C%EC%84%9C%EB%B8%94-%EC%B4%AC%EC%98%81%EC%A7%80-13%EA%B3%B3%EC%9D%84-%EC%95%8C%EB%A0%A4%EB%93%9C%EB%A6%BD%EB%8B%88%EB%8B%A4%EC%97%85%EB%8D%B0%EC%9D%B4%ED%8A%B8%EC%A4%91,YSDL,KAKAO
웨딩 임파서블,영화의전당,playground,부산 해운대구 수영강변대로 120,35.17102492,129.1270113,https://ys-dl.tistory.com/entry/%EC%9B%A8%EB%94%A9-%EC%9E%84%ED%8C%8C%EC%84%9C%EB%B8%94-%EC%B4%AC%EC%98%81%EC%A7%80-13%EA%B3%B3%EC%9D%84-%EC%95%8C%EB%A0%A4%EB%93%9C%EB%A6%BD%EB%8B%88%EB%8B%A4%EC%97%85%EB%8D%B0%EC%9D%B4%ED%8A%B8%EC%A4%91,YSDL,KAKAO
웰컴투 삼달리,미메시스 아트 뮤지엄,playground,경기 파주시 문발로 253,37.71679273,126.6889188,https://ys-dl.tistory.com/entry/%EC%9B%B0%EC%BB%B4%ED%88%AC-%EC%82%BC%EB%8B%AC%EB%A6%AC-%EC%B4%AC%EC%98%81%EC%A7%80-1%EA%B3%B3%EC%9D%84-%EC%95%8C%EB%A0%A4%EB%93%9C%EB%A6%BD%EB%8B%88%EB%8B%A4%EC%97%85%EB%8D%B0%EC%9D%B4%ED%8A%B8%EC%A4%91,YSDL,KAKAO
웰컴투 삼달리,신창풍차해안,playground,제주특별자치도 제주시 한경면 신창리 1290-2,33.34534328,126.1776275,https://ys-dl.tistory.com/entry/%EC%9B%B0%EC%BB%B4%ED%88%AC-%EC%82%BC%EB%8B%AC%EB%A6%AC-%EC%B4%AC%EC%98%81%EC%A7%80-1%EA%B3%B3%EC%9D%84-%EC%95%8C%EB%A0%A4%EB%93%9C%EB%A6%BD%EB%8B%88%EB%8B%A4%EC%97%85%EB%8D%B0%EC%9D%B4%ED%8A%B8%EC%A4%91,YSDL,KAKAO
웰컴투 삼달리,도두봉,playground,제주특별자치도 제주시 도두일동 산 2,33.50790711,126.4683721,https://ys-dl.tistory.com/entry/%EC%9B%B0%EC%BB%B4%ED%88%AC-%EC%82%BC%EB%8B%AC%EB%A6%AC-%EC%B4%AC%EC%98%81%EC%A7%80-1%EA%B3%B3%EC%9D%84-%EC%95%8C%EB%A0%A4%EB%93%9C%EB%A6%BD%EB%8B%88%EB%8B%A4%EC%97%85%EB%8D%B0%EC%9D%B4%ED%8A%B8%EC%A4%91,YSDL,KAKAO
웰컴투 삼달리,관음사,playground,제주특별자치도 제주시 산록북로 660,33.42374026,126.5581237,https://ys-dl.tistory.com/entry/%EC%9B%B0%EC%BB%B4%ED%88%AC-%EC%82%BC%EB%8B%AC%EB%A6%AC-%EC%B4%AC%EC%98%81%EC%A7%80-1%EA%B3%B3%EC%9D%84-%EC%95%8C%EB%A0%A4%EB%93%9C%EB%A6%BD%EB%8B%88%EB%8B%A4%EC%97%85%EB%8D%B0%EC%9D%B4%ED%8A%B8%EC%A4%91,YSDL,KAKAO
웰컴투 삼달리,김녕바닷길,playground,제주특별자치도 제주시 구좌읍 김녕리 1296-1,33.55813706,126.7486122,https://ys-dl.tistory.com/entry/%EC%9B%B0%EC%BB%B4%ED%88%AC-%EC%82%BC%EB%8B%AC%EB%A6%AC-%EC%B4%AC%EC%98%81%EC%A7%80-1%EA%B3%B3%EC%9D%84-%EC%95%8C%EB%A0%A4%EB%93%9C%EB%A6%BD%EB%8B%88%EB%8B%A4%EC%97%85%EB%8D%B0%EC%9D%B4%ED%8A%B8%EC%A4%91,YSDL,KAKAO
웰컴투 삼달리,세기알해변,playground,제주특별자치도 제주시 구좌읍 김녕리 1200-5,33.55789932,126.7555038,https://ys-dl.tistory.com/entry/%EC%9B%B0%EC%BB%B4%ED%88%AC-%EC%82%BC%EB%8B%AC%EB%A6%AC-%EC%B4%AC%EC%98%81%EC%A7%80-1%EA%B3%B3%EC%9D%84-%EC%95%8C%EB%A0%A4%EB%93%9C%EB%A6%BD%EB%8B%88%EB%8B%A4%EC%97%85%EB%8D%B0%EC%9D%B4%ED%8A%B8%EC%A4%91,YSDL,KAKAO
웰컴투 삼달리,올레길 20코스(김녕-하도 올레),playground,제주특별자치도 제주시 구좌읍 행원리 653-13,33.5560819,126.810084,https://ys-dl.tistory.com/entry/%EC%9B%B0%EC%BB%B4%ED%88%AC-%EC%82%BC%EB%8B%AC%EB%A6%AC-%EC%B4%AC%EC%98%81%EC%A7%80-1%EA%B3%B3%EC%9D%84-%EC%95%8C%EB%A0%A4%EB%93%9C%EB%A6%BD%EB%8B%88%EB%8B%A4%EC%97%85%EB%8D%B0%EC%9D%B4%ED%8A%B8%EC%A4%91,YSDL,KAKAO
웰컴투 삼달리,별방진,playground,제주특별자치도 제주시 구좌읍 하도리 3354,33.52677198,126.8828987,https://ys-dl.tistory.com/entry/%EC%9B%B0%EC%BB%B4%ED%88%AC-%EC%82%BC%EB%8B%AC%EB%A6%AC-%EC%B4%AC%EC%98%81%EC%A7%80-1%EA%B3%B3%EC%9D%84-%EC%95%8C%EB%A0%A4%EB%93%9C%EB%A6%BD%EB%8B%88%EB%8B%A4%EC%97%85%EB%8D%B0%EC%9D%B4%ED%8A%B8%EC%A4%91,YSDL,KAKAO
웰컴투 삼달리,비밀의숲,playground,제주특별자치도 제주시 구좌읍 송당리 2173,33.45361818,126.7549267,https://ys-dl.tistory.com/entry/%EC%9B%B0%EC%BB%B4%ED%88%AC-%EC%82%BC%EB%8B%AC%EB%A6%AC-%EC%B4%AC%EC%98%81%EC%A7%80-1%EA%B3%B3%EC%9D%84-%EC%95%8C%EB%A0%A4%EB%93%9C%EB%A6%BD%EB%8B%88%EB%8B%A4%EC%97%85%EB%8D%B0%EC%9D%B4%ED%8A%B8%EC%A4%91,YSDL,KAKAO
웰컴투 삼달리,제주해양동물박물관,playground,제주특별자치도 서귀포시 성산읍 서성일로 689-21,33.42945929,126.8551365,https://ys-dl.tistory.com/entry/%EC%9B%B0%EC%BB%B4%ED%88%AC-%EC%82%BC%EB%8B%AC%EB%A6%AC-%EC%B4%AC%EC%98%81%EC%A7%80-1%EA%B3%B3%EC%9D%84-%EC%95%8C%EB%A0%A4%EB%93%9C%EB%A6%BD%EB%8B%88%EB%8B%A4%EC%97%85%EB%8D%B0%EC%9D%B4%ED%8A%B8%EC%A4%91,YSDL,KAKAO
웰컴투 삼달리,오조리성터,playground,제주특별자치도 서귀포시 성산읍 오조리,33.46604309,126.9130411,https://ys-dl.tistory.com/entry/%EC%9B%B0%EC%BB%B4%ED%88%AC-%EC%82%BC%EB%8B%AC%EB%A6%AC-%EC%B4%AC%EC%98%81%EC%A7%80-1%EA%B3%B3%EC%9D%84-%EC%95%8C%EB%A0%A4%EB%93%9C%EB%A6%BD%EB%8B%88%EB%8B%A4%EC%97%85%EB%8D%B0%EC%9D%B4%ED%8A%B8%EC%A4%91,YSDL,KAKAO
웰컴투 삼달리,내수면둑방길,playground,제주특별자치도 서귀포시 성산읍 오조로 33,33.45609578,126.9227961,https://ys-dl.tistory.com/entry/%EC%9B%B0%EC%BB%B4%ED%88%AC-%EC%82%BC%EB%8B%AC%EB%A6%AC-%EC%B4%AC%EC%98%81%EC%A7%80-1%EA%B3%B3%EC%9D%84-%EC%95%8C%EB%A0%A4%EB%93%9C%EB%A6%BD%EB%8B%88%EB%8B%A4%EC%97%85%EB%8D%B0%EC%9D%B4%ED%8A%B8%EC%A4%91,YSDL,KAKAO
웰컴투 삼달리,도댓불,playground,제주특별자치도 서귀포시 성산읍 온평리,33.4040953,126.9036387,https://ys-dl.tistory.com/entry/%EC%9B%B0%EC%BB%B4%ED%88%AC-%EC%82%BC%EB%8B%AC%EB%A6%AC-%EC%B4%AC%EC%98%81%EC%A7%80-1%EA%B3%B3%EC%9D%84-%EC%95%8C%EB%A0%A4%EB%93%9C%EB%A6%BD%EB%8B%88%EB%8B%A4%EC%97%85%EB%8D%B0%EC%9D%B4%ED%8A%B8%EC%A4%91,YSDL,KAKAO
웰컴투 삼달리,자구리 해안가,playground,제주특별자치도 서귀포시 서귀동 33,33.24240368,126.568002,https://ys-dl.tistory.com/entry/%EC%9B%B0%EC%BB%B4%ED%88%AC-%EC%82%BC%EB%8B%AC%EB%A6%AC-%EC%B4%AC%EC%98%81%EC%A7%80-1%EA%B3%B3%EC%9D%84-%EC%95%8C%EB%A0%A4%EB%93%9C%EB%A6%BD%EB%8B%88%EB%8B%A4%EC%97%85%EB%8D%B0%EC%9D%B4%ED%8A%B8%EC%A4%91,YSDL,KAKAO
웰컴투 삼달리,포토갤러리자연사랑미술관,playground,제주특별자치도 서귀포시 표선면 가시로613번길 46,33.35542985,126.7716123,https://ys-dl.tistory.com/entry/%EC%9B%B0%EC%BB%B4%ED%88%AC-%EC%82%BC%EB%8B%AC%EB%A6%AC-%EC%B4%AC%EC%98%81%EC%A7%80-1%EA%B3%B3%EC%9D%84-%EC%95%8C%EB%A0%A4%EB%93%9C%EB%A6%BD%EB%8B%88%EB%8B%A4%EC%97%85%EB%8D%B0%EC%9D%B4%ED%8A%B8%EC%A4%91,YSDL,KAKAO
웰컴투 삼달리,군산오름,playground,제주특별자치도 서귀포시 안덕면 창천리 산 3-1,33.25323961,126.3699703,https://ys-dl.tistory.com/entry/%EC%9B%B0%EC%BB%B4%ED%88%AC-%EC%82%BC%EB%8B%AC%EB%A6%AC-%EC%B4%AC%EC%98%81%EC%A7%80-1%EA%B3%B3%EC%9D%84-%EC%95%8C%EB%A0%A4%EB%93%9C%EB%A6%BD%EB%8B%88%EB%8B%A4%EC%97%85%EB%8D%B0%EC%9D%B4%ED%8A%B8%EC%A4%91,YSDL,KAKAO
웰컴투 삼달리,신화가든,playground,제주특별자치도 서귀포시 안덕면 서광리 산 24-8,33.30194849,126.3160857,https://ys-dl.tistory.com/entry/%EC%9B%B0%EC%BB%B4%ED%88%AC-%EC%82%BC%EB%8B%AC%EB%A6%AC-%EC%B4%AC%EC%98%81%EC%A7%80-1%EA%B3%B3%EC%9D%84-%EC%95%8C%EB%A0%A4%EB%93%9C%EB%A6%BD%EB%8B%88%EB%8B%A4%EC%97%85%EB%8D%B0%EC%9D%B4%ED%8A%B8%EC%A4%91,YSDL,KAKAO
웰컴투 삼달리,가파도,playground,제주특별자치도 서귀포시 대정읍 가파리 276,33.17001212,126.2714103,https://ys-dl.tistory.com/entry/%EC%9B%B0%EC%BB%B4%ED%88%AC-%EC%82%BC%EB%8B%AC%EB%A6%AC-%EC%B4%AC%EC%98%81%EC%A7%80-1%EA%B3%B3%EC%9D%84-%EC%95%8C%EB%A0%A4%EB%93%9C%EB%A6%BD%EB%8B%88%EB%8B%A4%EC%97%85%EB%8D%B0%EC%9D%B4%ED%8A%B8%EC%A4%91,YSDL,KAKAO
웰컴투 삼달리,뿔소라공원,playground,제주특별자치도 서귀포시 대정읍 신도리 3125-5,33.27385211,126.1719078,https://ys-dl.tistory.com/entry/%EC%9B%B0%EC%BB%B4%ED%88%AC-%EC%82%BC%EB%8B%AC%EB%A6%AC-%EC%B4%AC%EC%98%81%EC%A7%80-1%EA%B3%B3%EC%9D%84-%EC%95%8C%EB%A0%A4%EB%93%9C%EB%A6%BD%EB%8B%88%EB%8B%A4%EC%97%85%EB%8D%B0%EC%9D%B4%ED%8A%B8%EC%A4%91,YSDL,KAKAO
위대한 쇼,청아공원기독교전용관,playground,경기도 고양시 일산동구 은마길 129,37.719031,126.80572,,KCISA,KCISA
위대한 쇼,CJ ENM,playground,서울특별시 마포구 상암산로 66,37.578581,126.89189,,KCISA,KCISA
위대한 쇼,동작대교,playground,서울특별시 용산구 이촌동 동작대교,37.51041,126.981893,,KCISA,KCISA
위대한 쇼,광화문 광장,playground,서울특별시 종로구 세종대로 175,37.5706546,126.976661,,KCISA,KCISA
위대한 쇼,세종대로,playground,서울특별시 중구 세종대로 86-1,37.563835,126.97677,,KCISA,KCISA
위대한 유혹자,소람한방병원 본관,playground,서울특별시 강남구 봉은사로 458,37.511793,127.04987,,KCISA,KCISA
위대한 유혹자,KT&G서울사옥,playground,서울특별시 강남구 영동대로 416,37.506558,127.06523,,KCISA,KCISA
위대한 유혹자,로프트가든344,playground,서울특별시 양천구 오목로 344 청학빌딩 8층,37.523837,126.87529,,KCISA,KCISA
위대한 유혹자,용암초등학교입구 정류장.이태원주공아파트,playground,서울특별시 용산구 용산동2가 5-1549,37.543937,126.98868,,KCISA,KCISA
위대한 유혹자,피카디리국제미술관,playground,서울특별시 종로구 돈화문로5가길 1,37.570962,126.99117,,KCISA,KCISA
위대한 유혹자,윤보선길,playground,서울특별시 종로구 윤보선길,37.577559,126.98376,,KCISA,KCISA
위대한 유혹자,인사동12길,playground,서울특별시 종로구 인사동12길,37.574503,126.98493,,KCISA,KCISA
위대한 유혹자,송도컨벤시아,playground,인천광역시 연수구 센트럴로 123,37.389109,126.64613,,KCISA,KCISA
위대한 유혹자,아쿠아플라넷 일산,playground,경기도 고양시 일산서구 한류월드로 282,37.66383,126.75556,,KCISA,KCISA
유 레이즈 미 업,대관령 양떼목장,playground,강원도 평창군 대관령면 대관령마루길 483-32,37.689736,128.753045,,KCISA,KCISA
유 레이즈 미 업,서울마리나 클럽&요트,playground,서울특별시 영등포구 여의서로 160,37.534829,126.91157,,KCISA,KCISA
유 레이즈 미 업,한강대교,playground,서울특별시 용산구 이촌동 한강대교,37.517492,126.95897,,KCISA,KCISA
유 레이즈 미 업,북촌로5가길,playground,서울특별시 종로구 북촌로5가길 12-7,37.580327,126.98237,,KCISA,KCISA
유 레이즈 미 업,청계천,playground,서울특별시 종로구 서린동 148,37.569205,126.97791,,KCISA,KCISA
유괴의 날,난지한강공원,playground,서울 마포구 상암동 495-72,37.56703991,126.8756078,https://ys-dl.tistory.com/entry/%EC%9C%A0%EA%B4%B4%EC%9D%98%EB%82%A0-%EC%B4%AC%EC%98%81%EC%A7%80-9%EA%B3%B3%EC%9D%84-%EC%95%8C%EB%A0%A4%EB%93%9C%EB%A6%BD%EB%8B%88%EB%8B%A4%EC%97%85%EB%8D%B0%EC%9D%B4%ED%8A%B8%EC%A4%91,YSDL,KAKAO
유괴의 날,서울시립 미술아카이브,playground,서울 종로구 평창문화로 101,37.60778643,126.9719383,https://ys-dl.tistory.com/entry/%EC%9C%A0%EA%B4%B4%EC%9D%98%EB%82%A0-%EC%B4%AC%EC%98%81%EC%A7%80-9%EA%B3%B3%EC%9D%84-%EC%95%8C%EB%A0%A4%EB%93%9C%EB%A6%BD%EB%8B%88%EB%8B%A4%EC%97%85%EB%8D%B0%EC%9D%B4%ED%8A%B8%EC%A4%91,YSDL,KAKAO
유괴의 날,평창동 마을길,playground,서울 종로구 구기동 17-21,37.60784762,126.9619879,https://ys-dl.tistory.com/entry/%EC%9C%A0%EA%B4%B4%EC%9D%98%EB%82%A0-%EC%B4%AC%EC%98%81%EC%A7%80-9%EA%B3%B3%EC%9D%84-%EC%95%8C%EB%A0%A4%EB%93%9C%EB%A6%BD%EB%8B%88%EB%8B%A4%EC%97%85%EB%8D%B0%EC%9D%B4%ED%8A%B8%EC%A4%91,YSDL,KAKAO
유괴의 날,송현근린공원 향적사,playground,인천 제물포구 송현공원로 71-10,37.47902311,126.6412857,https://ys-dl.tistory.com/entry/%EC%9C%A0%EA%B4%B4%EC%9D%98%EB%82%A0-%EC%B4%AC%EC%98%81%EC%A7%80-9%EA%B3%B3%EC%9D%84-%EC%95%8C%EB%A0%A4%EB%93%9C%EB%A6%BD%EB%8B%88%EB%8B%A4%EC%97%85%EB%8D%B0%EC%9D%B4%ED%8A%B8%EC%A4%91,YSDL,KAKAO
유괴의 날,소전미술관,playground,전남광주통합특별시 진도군 진도읍 철마길 29,34.48694392,126.2646296,https://ys-dl.tistory.com/entry/%EC%9C%A0%EA%B4%B4%EC%9D%98%EB%82%A0-%EC%B4%AC%EC%98%81%EC%A7%80-9%EA%B3%B3%EC%9D%84-%EC%95%8C%EB%A0%A4%EB%93%9C%EB%A6%BD%EB%8B%88%EB%8B%A4%EC%97%85%EB%8D%B0%EC%9D%B4%ED%8A%B8%EC%A4%91,YSDL,KAKAO
유괴의 날,청주청소년문화존,playground,충북 청주시 상당구 북문로2가 105-3,36.63940783,127.4883969,https://ys-dl.tistory.com/entry/%EC%9C%A0%EA%B4%B4%EC%9D%98%EB%82%A0-%EC%B4%AC%EC%98%81%EC%A7%80-9%EA%B3%B3%EC%9D%84-%EC%95%8C%EB%A0%A4%EB%93%9C%EB%A6%BD%EB%8B%88%EB%8B%A4%EC%97%85%EB%8D%B0%EC%9D%B4%ED%8A%B8%EC%A4%91,YSDL,KAKAO
유괴의 날,학암포해수욕장,playground,충남 태안군 원북면 옥파로 1163-27,36.8984381,126.2038122,https://ys-dl.tistory.com/entry/%EC%9C%A0%EA%B4%B4%EC%9D%98%EB%82%A0-%EC%B4%AC%EC%98%81%EC%A7%80-9%EA%B3%B3%EC%9D%84-%EC%95%8C%EB%A0%A4%EB%93%9C%EB%A6%BD%EB%8B%88%EB%8B%A4%EC%97%85%EB%8D%B0%EC%9D%B4%ED%8A%B8%EC%A4%91,YSDL,KAKAO
유령을 잡아라,재인폭포,playground,경기도 연천군 연천읍 부곡리 193,38.076823,127.14318,,KCISA,KCISA
유령을 잡아라,신설동역 유령 승강장,playground,서울특별시 동대문구 왕산로 1,37.575891,127.02453,,KCISA,KCISA
유령을 잡아라,서강대교,playground,서울특별시 영등포구 여의도동 서강대교,37.536911,126.92495,,KCISA,KCISA
유령을 잡아라,원효대교,playground,서울특별시 영등포구 여의도동 원효대교,37.527046,126.94571,,KCISA,KCISA
유령을 잡아라,이촌로29길,playground,서울특별시 용산구 이촌로29길,37.525257,126.96103,,KCISA,KCISA
유령을 잡아라,일민미술관,playground,서울특별시 종로구 세종대로 152,37.569866,126.97765,,KCISA,KCISA
유미의 세포들,죽림동성당,playground,강원도 춘천시 약사고개길 23,37.876614,127.72724,,KCISA,KCISA
유미의 세포들,일산호수공원,playground,경기도 고양시 일산동구 호수로 731,37.658769,126.76252,,KCISA,KCISA
유미의 세포들,일산호수공원가로수길,playground,경기도 고양시 일산서구 주엽로 80,37.666173,126.75655,,KCISA,KCISA
유미의 세포들,벚꽃마을세종그랑시아,playground,경기도 부천시 상동 상이로 46,37.493037,126.74407,,KCISA,KCISA
유미의 세포들,백현동카페거리,playground,경기도 성남시 분당구 백현동 567-1,37.385271,127.11082,,KCISA,KCISA
유미의 세포들,동백호수공원,playground,경기도 용인시 기흥구 동백중앙로 239,37.276825,127.15001,,KCISA,KCISA
유미의 세포들,퍼스트가든,playground,경기도 파주시 탑삭골길 260,37.7321551,126.793933,,KCISA,KCISA
유미의 세포들,헤이그라운드 성수 시작점,playground,서울특별시 성동구 뚝섬로1나길 5,37.544325,127.04761,,KCISA,KCISA
유미의 세포들,중앙보훈회관,playground,서울특별시 영등포구 국회대로76길 33,37.529444,126.9241,,KCISA,KCISA
유미의 세포들,삼청로,playground,서울특별시 종로구 삼청로 84-1,37.582943,126.98193,,KCISA,KCISA
유미의 세포들,역사책방,playground,서울특별시 종로구 자하문로10길 24,37.579291,126.97281,,KCISA,KCISA
유미의 세포들,우신프라자,playground,경기도 고양시 일산동구 장백로 184,37.6512534,126.777172,,KCISA,KCISA
유미의 세포들,일산호수공원,playground,경기도 고양시 일산동구 호수로 731,37.658769,126.76252,,KCISA,KCISA
유미의 세포들,롯데프리미엄아울렛 파주점,playground,경기도 파주시 문발로 302,37.719665,126.69307,,KCISA,KCISA
유미의 세포들,지혜의 숲,playground,경기도 파주시 회동길 145,37.7082492,126.686674,,KCISA,KCISA
유미의 세포들,한국장애인문화예술원,playground,서울특별시 종로구 대학로 112,37.580631,127.00237,,KCISA,KCISA
유미의 세포들,제주국제공항,playground,제주특별자치도 제주시 공항로 2,33.506548,126.49304,,KCISA,KCISA
유미의 세포들,청라창해문화공원,playground,인천 서해구 청라동 155-19,37.53297188,126.642625,https://ys-dl.tistory.com/entry/%EC%9C%A0%EB%AF%B8%EC%9D%98-%EC%84%B8%ED%8F%AC%EB%93%A43-%EC%B4%AC%EC%98%81%EC%A7%80-12%EA%B3%B3%EC%9D%84-%EC%95%8C%EB%A0%A4%EB%93%9C%EB%A6%BD%EB%8B%88%EB%8B%A4%EC%97%85%EB%8D%B0%EC%9D%B4%ED%8A%B8%EC%A4%91,YSDL,KAKAO
유미의 세포들,메가박스 인천학익,playground,인천 미추홀구 학익로80번길 11,37.44178946,126.648647,https://ys-dl.tistory.com/entry/%EC%9C%A0%EB%AF%B8%EC%9D%98-%EC%84%B8%ED%8F%AC%EB%93%A43-%EC%B4%AC%EC%98%81%EC%A7%80-12%EA%B3%B3%EC%9D%84-%EC%95%8C%EB%A0%A4%EB%93%9C%EB%A6%BD%EB%8B%88%EB%8B%A4%EC%97%85%EB%8D%B0%EC%9D%B4%ED%8A%B8%EC%A4%91,YSDL,KAKAO
유미의 세포들,니지모리스튜디오,playground,경기 동두천시 천보산로 567-12,37.87920222,127.092002,https://ys-dl.tistory.com/entry/%EC%9C%A0%EB%AF%B8%EC%9D%98-%EC%84%B8%ED%8F%AC%EB%93%A43-%EC%B4%AC%EC%98%81%EC%A7%80-12%EA%B3%B3%EC%9D%84-%EC%95%8C%EB%A0%A4%EB%93%9C%EB%A6%BD%EB%8B%88%EB%8B%A4%EC%97%85%EB%8D%B0%EC%9D%B4%ED%8A%B8%EC%A4%91,YSDL,KAKAO
유미의 세포들,킨텍스,playground,경기 고양시 일산서구 킨텍스로 217-60,37.6689333,126.7458026,https://ys-dl.tistory.com/entry/%EC%9C%A0%EB%AF%B8%EC%9D%98-%EC%84%B8%ED%8F%AC%EB%93%A43-%EC%B4%AC%EC%98%81%EC%A7%80-12%EA%B3%B3%EC%9D%84-%EC%95%8C%EB%A0%A4%EB%93%9C%EB%A6%BD%EB%8B%88%EB%8B%A4%EC%97%85%EB%8D%B0%EC%9D%B4%ED%8A%B8%EC%A4%91,YSDL,KAKAO
유미의 세포들,제이드가든,playground,강원특별자치도 춘천시 남산면 햇골길 80,37.83274731,127.542141,https://ys-dl.tistory.com/entry/%EC%9C%A0%EB%AF%B8%EC%9D%98-%EC%84%B8%ED%8F%AC%EB%93%A43-%EC%B4%AC%EC%98%81%EC%A7%80-12%EA%B3%B3%EC%9D%84-%EC%95%8C%EB%A0%A4%EB%93%9C%EB%A6%BD%EB%8B%88%EB%8B%A4%EC%97%85%EB%8D%B0%EC%9D%B4%ED%8A%B8%EC%A4%91,YSDL,KAKAO
유미의 세포들,보수동책방골목,playground,부산 중구 책방골목길 16,35.10336686,129.0266569,https://ys-dl.tistory.com/entry/%EC%9C%A0%EB%AF%B8%EC%9D%98-%EC%84%B8%ED%8F%AC%EB%93%A43-%EC%B4%AC%EC%98%81%EC%A7%80-12%EA%B3%B3%EC%9D%84-%EC%95%8C%EB%A0%A4%EB%93%9C%EB%A6%BD%EB%8B%88%EB%8B%A4%EC%97%85%EB%8D%B0%EC%9D%B4%ED%8A%B8%EC%A4%91,YSDL,KAKAO
유미의 세포들,감천문화마을,playground,부산 사하구 감천동 1-17,35.09740872,129.0105608,https://ys-dl.tistory.com/entry/%EC%9C%A0%EB%AF%B8%EC%9D%98-%EC%84%B8%ED%8F%AC%EB%93%A43-%EC%B4%AC%EC%98%81%EC%A7%80-12%EA%B3%B3%EC%9D%84-%EC%95%8C%EB%A0%A4%EB%93%9C%EB%A6%BD%EB%8B%88%EB%8B%A4%EC%97%85%EB%8D%B0%EC%9D%B4%ED%8A%B8%EC%A4%91,YSDL,KAKAO
유별나! 문셰프,아셈타워,playground,서울특별시 강남구 영동대로 517,37.513147,127.05974,,KCISA,KCISA
유별나! 문셰프,스테이트 타워 남산,playground,서울특별시 중구 퇴계로 100,37.560342,126.98297,,KCISA,KCISA
유부녀 킬러,을지로인쇄골목,playground,서울 중구 인현동1가 38-10,37.56527809,126.9944447,https://ys-dl.tistory.com/entry/%EC%9C%A0%EB%B6%80%EB%85%80-%ED%82%AC%EB%9F%AC-%EC%B4%AC%EC%98%81%EC%A7%80-19%EA%B3%B3%EC%9D%84-%EC%95%8C%EB%A0%A4%EB%93%9C%EB%A6%BD%EB%8B%88%EB%8B%A4%EC%97%85%EB%8D%B0%EC%9D%B4%ED%8A%B8%EC%A4%91,YSDL,KAKAO
유부녀 킬러,경춘선숲길,playground,서울 노원구 공릉동 320-2,37.62069181,127.078706,https://ys-dl.tistory.com/entry/%EC%9C%A0%EB%B6%80%EB%85%80-%ED%82%AC%EB%9F%AC-%EC%B4%AC%EC%98%81%EC%A7%80-19%EA%B3%B3%EC%9D%84-%EC%95%8C%EB%A0%A4%EB%93%9C%EB%A6%BD%EB%8B%88%EB%8B%A4%EC%97%85%EB%8D%B0%EC%9D%B4%ED%8A%B8%EC%A4%91,YSDL,KAKAO
유부녀 킬러,반포한강공원,playground,서울 서초구 반포동 115-5,37.51081993,126.997161,https://ys-dl.tistory.com/entry/%EC%9C%A0%EB%B6%80%EB%85%80-%ED%82%AC%EB%9F%AC-%EC%B4%AC%EC%98%81%EC%A7%80-19%EA%B3%B3%EC%9D%84-%EC%95%8C%EB%A0%A4%EB%93%9C%EB%A6%BD%EB%8B%88%EB%8B%A4%EC%97%85%EB%8D%B0%EC%9D%B4%ED%8A%B8%EC%A4%91,YSDL,KAKAO
유부녀 킬러,광나루한강공원,playground,서울 강동구 천호동 481-9,37.5441338,127.1183162,https://ys-dl.tistory.com/entry/%EC%9C%A0%EB%B6%80%EB%85%80-%ED%82%AC%EB%9F%AC-%EC%B4%AC%EC%98%81%EC%A7%80-19%EA%B3%B3%EC%9D%84-%EC%95%8C%EB%A0%A4%EB%93%9C%EB%A6%BD%EB%8B%88%EB%8B%A4%EC%97%85%EB%8D%B0%EC%9D%B4%ED%8A%B8%EC%A4%91,YSDL,KAKAO
유부녀 킬러,강원랜드,playground,강원특별자치도 정선군 사북읍 하이원길 265,37.21172623,128.8216748,https://ys-dl.tistory.com/entry/%EC%9C%A0%EB%B6%80%EB%85%80-%ED%82%AC%EB%9F%AC-%EC%B4%AC%EC%98%81%EC%A7%80-19%EA%B3%B3%EC%9D%84-%EC%95%8C%EB%A0%A4%EB%93%9C%EB%A6%BD%EB%8B%88%EB%8B%A4%EC%97%85%EB%8D%B0%EC%9D%B4%ED%8A%B8%EC%A4%91,YSDL,KAKAO
유부녀 킬러,보발재,playground,충북 단양군 영춘면 백자리 산 26-7,37.03515307,128.4730134,https://ys-dl.tistory.com/entry/%EC%9C%A0%EB%B6%80%EB%85%80-%ED%82%AC%EB%9F%AC-%EC%B4%AC%EC%98%81%EC%A7%80-19%EA%B3%B3%EC%9D%84-%EC%95%8C%EB%A0%A4%EB%93%9C%EB%A6%BD%EB%8B%88%EB%8B%A4%EC%97%85%EB%8D%B0%EC%9D%B4%ED%8A%B8%EC%A4%91,YSDL,KAKAO
유부녀 킬러,샘머리공원,playground,대전 서구 둔산동 1379,36.35672445,127.3848698,https://ys-dl.tistory.com/entry/%EC%9C%A0%EB%B6%80%EB%85%80-%ED%82%AC%EB%9F%AC-%EC%B4%AC%EC%98%81%EC%A7%80-19%EA%B3%B3%EC%9D%84-%EC%95%8C%EB%A0%A4%EB%93%9C%EB%A6%BD%EB%8B%88%EB%8B%A4%EC%97%85%EB%8D%B0%EC%9D%B4%ED%8A%B8%EC%A4%91,YSDL,KAKAO
유부녀 킬러,상주자전거박물관,playground,경북 상주시 용마로 415,36.45321947,128.2550681,https://ys-dl.tistory.com/entry/%EC%9C%A0%EB%B6%80%EB%85%80-%ED%82%AC%EB%9F%AC-%EC%B4%AC%EC%98%81%EC%A7%80-19%EA%B3%B3%EC%9D%84-%EC%95%8C%EB%A0%A4%EB%93%9C%EB%A6%BD%EB%8B%88%EB%8B%A4%EC%97%85%EB%8D%B0%EC%9D%B4%ED%8A%B8%EC%A4%91,YSDL,KAKAO
유부녀 킬러,낙동강 학전망대,playground,경북 상주시 중동면 회상리 759-4,36.44323454,128.2674163,https://ys-dl.tistory.com/entry/%EC%9C%A0%EB%B6%80%EB%85%80-%ED%82%AC%EB%9F%AC-%EC%B4%AC%EC%98%81%EC%A7%80-19%EA%B3%B3%EC%9D%84-%EC%95%8C%EB%A0%A4%EB%93%9C%EB%A6%BD%EB%8B%88%EB%8B%A4%EC%97%85%EB%8D%B0%EC%9D%B4%ED%8A%B8%EC%A4%91,YSDL,KAKAO
유부녀 킬러,신화테마파크,playground,제주특별자치도 서귀포시 안덕면 신화역사로304번길 98,33.30499182,126.3151783,https://ys-dl.tistory.com/entry/%EC%9C%A0%EB%B6%80%EB%85%80-%ED%82%AC%EB%9F%AC-%EC%B4%AC%EC%98%81%EC%A7%80-19%EA%B3%B3%EC%9D%84-%EC%95%8C%EB%A0%A4%EB%93%9C%EB%A6%BD%EB%8B%88%EB%8B%A4%EC%97%85%EB%8D%B0%EC%9D%B4%ED%8A%B8%EC%A4%91,YSDL,KAKAO
유부녀 킬러,제주신화월드 레스에이카지노,playground,제주특별자치도 서귀포시 안덕면 신화역사로304번길 38,33.30749806,126.3175951,https://ys-dl.tistory.com/entry/%EC%9C%A0%EB%B6%80%EB%85%80-%ED%82%AC%EB%9F%AC-%EC%B4%AC%EC%98%81%EC%A7%80-19%EA%B3%B3%EC%9D%84-%EC%95%8C%EB%A0%A4%EB%93%9C%EB%A6%BD%EB%8B%88%EB%8B%A4%EC%97%85%EB%8D%B0%EC%9D%B4%ED%8A%B8%EC%A4%91,YSDL,KAKAO
유어 아너,CGV 부평,playground,인천 부평구 마장로 489,37.52198331,126.7038449,https://ys-dl.tistory.com/entry/%EC%9C%A0%EC%96%B4%EC%95%84%EB%84%88-%EC%B4%AC%EC%98%81%EC%A7%80-7%EA%B3%B3%EC%9D%84-%EC%95%8C%EB%A0%A4%EB%93%9C%EB%A6%BD%EB%8B%88%EB%8B%A4%EC%97%85%EB%8D%B0%EC%9D%B4%ED%8A%B8%EC%A4%91,YSDL,KAKAO
유어 아너,익산 교도소 세트장,playground,전북특별자치도 익산시 성당면 함낭로 207,36.06945155,126.930603,https://ys-dl.tistory.com/entry/%EC%9C%A0%EC%96%B4%EC%95%84%EB%84%88-%EC%B4%AC%EC%98%81%EC%A7%80-7%EA%B3%B3%EC%9D%84-%EC%95%8C%EB%A0%A4%EB%93%9C%EB%A6%BD%EB%8B%88%EB%8B%A4%EC%97%85%EB%8D%B0%EC%9D%B4%ED%8A%B8%EC%A4%91,YSDL,KAKAO
유혹,서울중앙지방법원,playground,서울특별시 서초구 서초중앙로 157,37.496068,127.01148,,KCISA,KCISA
유혹,한강 공원 여의도 지구,playground,서울특별시 영등포구 여의동로 290,37.5290674,126.936218,,KCISA,KCISA
유혹,한강철교,playground,서울특별시 용산구 이촌동 한강철교,37.51938,126.9512,,KCISA,KCISA
으라차차 와이키키,일산문화광장,playground,경기도 고양시 일산동구 중앙로 1271-4,37.65839,126.7704,,KCISA,KCISA
으라차차 와이키키,호수공원관리사무소,playground,경기도 고양시 일산동구 호수로 606,37.6547819,126.770815,,KCISA,KCISA
으라차차 와이키키,플럼라인,playground,경기도 파주시 문발로 165,37.709541,126.6854,,KCISA,KCISA
으라차차 와이키키,마산종합운동장 야구장,playground,경상남도 창원시 마산회원구 삼호로 63,35.220623,128.58105,,KCISA,KCISA
으라차차 와이키키,더베뉴지서울,playground,서울특별시 강서구 강서로 388,37.560189,126.83928,,KCISA,KCISA
으라차차 와이키키,가온문화공원,playground,서울특별시 마포구 상암동 1594,37.58181,126.88765,,KCISA,KCISA
으라차차 와이키키,경의선숲길공원,playground,서울특별시 마포구 연남동 연남로 80,37.5661595,126.919015,,KCISA,KCISA
으라차차 와이키키,경의선책거리,playground,서울특별시 마포구 와우산로37길 35,37.5562406,126.9271091,,KCISA,KCISA
으라차차 와이키키,롯데월드,playground,서울특별시 송파구 올림픽로 240,37.5112601,127.097998,,KCISA,KCISA
으라차차 와이키키,인천국제공항,playground,인천광역시 중구 공항로 272,37.44919,126.4514,,KCISA,KCISA
으라차차 와이키키,벽초지수목원,playground,경기도 파주시 광탄면 부흥로 242,37.800977,126.873712,,KCISA,KCISA
으라차차 와이키키,경의선숲길공원,playground,서울특별시 마포구 연남동 연남로 80,37.5661595,126.919015,,KCISA,KCISA
으라차차 와이키키,중앙고등학교,playground,서울특별시 종로구 창덕궁길 164,37.584081,126.986846,,KCISA,KCISA
은밀한 감사,여의도한강공원,playground,서울 영등포구 여의도동 85,37.5263886,126.9351293,https://ys-dl.tistory.com/entry/%EC%9D%80%EB%B0%80%ED%95%9C-%EA%B0%90%EC%82%AC-%EC%B4%AC%EC%98%81%EC%A7%80-6%EA%B3%B3%EC%9D%84-%EC%95%8C%EB%A0%A4%EB%93%9C%EB%A6%BD%EB%8B%88%EB%8B%A4%EC%97%85%EB%8D%B0%EC%9D%B4%ED%8A%B8%EC%A4%91,YSDL,KAKAO
은밀한 감사,여의도공원,playground,서울 영등포구 여의공원로 68,37.52613492,126.9223482,https://ys-dl.tistory.com/entry/%EC%9D%80%EB%B0%80%ED%95%9C-%EA%B0%90%EC%82%AC-%EC%B4%AC%EC%98%81%EC%A7%80-6%EA%B3%B3%EC%9D%84-%EC%95%8C%EB%A0%A4%EB%93%9C%EB%A6%BD%EB%8B%88%EB%8B%A4%EC%97%85%EB%8D%B0%EC%9D%B4%ED%8A%B8%EC%A4%91,YSDL,KAKAO
은밀한 감사,대원정사,playground,서울 용산구 두텁바위로60길 49,37.54894377,126.9833876,https://ys-dl.tistory.com/entry/%EC%9D%80%EB%B0%80%ED%95%9C-%EA%B0%90%EC%82%AC-%EC%B4%AC%EC%98%81%EC%A7%80-6%EA%B3%B3%EC%9D%84-%EC%95%8C%EB%A0%A4%EB%93%9C%EB%A6%BD%EB%8B%88%EB%8B%A4%EC%97%85%EB%8D%B0%EC%9D%B4%ED%8A%B8%EC%A4%91,YSDL,KAKAO
은밀한 감사,열린송현녹지광장,playground,서울 종로구 송현동 48-9,37.57656808,126.9817151,https://ys-dl.tistory.com/entry/%EC%9D%80%EB%B0%80%ED%95%9C-%EA%B0%90%EC%82%AC-%EC%B4%AC%EC%98%81%EC%A7%80-6%EA%B3%B3%EC%9D%84-%EC%95%8C%EB%A0%A4%EB%93%9C%EB%A6%BD%EB%8B%88%EB%8B%A4%EC%97%85%EB%8D%B0%EC%9D%B4%ED%8A%B8%EC%A4%91,YSDL,KAKAO
은밀한 감사,코엑스,playground,서울 강남구 영동대로 513,37.51182418,127.0591586,https://ys-dl.tistory.com/entry/%EC%9D%80%EB%B0%80%ED%95%9C-%EA%B0%90%EC%82%AC-%EC%B4%AC%EC%98%81%EC%A7%80-6%EA%B3%B3%EC%9D%84-%EC%95%8C%EB%A0%A4%EB%93%9C%EB%A6%BD%EB%8B%88%EB%8B%A4%EC%97%85%EB%8D%B0%EC%9D%B4%ED%8A%B8%EC%A4%91,YSDL,KAKAO
은밀한 감사,삼성해맞이공원,playground,서울 강남구 삼성동 82,37.5196741,127.0619385,https://ys-dl.tistory.com/entry/%EC%9D%80%EB%B0%80%ED%95%9C-%EA%B0%90%EC%82%AC-%EC%B4%AC%EC%98%81%EC%A7%80-6%EA%B3%B3%EC%9D%84-%EC%95%8C%EB%A0%A4%EB%93%9C%EB%A6%BD%EB%8B%88%EB%8B%A4%EC%97%85%EB%8D%B0%EC%9D%B4%ED%8A%B8%EC%A4%91,YSDL,KAKAO
은밀한 감사,인천시민애집,playground,인천 제물포구 신포로39번길 74,37.47428483,126.6227997,https://ys-dl.tistory.com/entry/%EC%9D%80%EB%B0%80%ED%95%9C-%EA%B0%90%EC%82%AC-%EC%B4%AC%EC%98%81%EC%A7%80-6%EA%B3%B3%EC%9D%84-%EC%95%8C%EB%A0%A4%EB%93%9C%EB%A6%BD%EB%8B%88%EB%8B%A4%EC%97%85%EB%8D%B0%EC%9D%B4%ED%8A%B8%EC%A4%91,YSDL,KAKAO
은밀한 감사,로케이션 이음,playground,경기 파주시 탄현면 새오리로286번길 48-70,37.80403407,126.6931158,https://ys-dl.tistory.com/entry/%EC%9D%80%EB%B0%80%ED%95%9C-%EA%B0%90%EC%82%AC-%EC%B4%AC%EC%98%81%EC%A7%80-6%EA%B3%B3%EC%9D%84-%EC%95%8C%EB%A0%A4%EB%93%9C%EB%A6%BD%EB%8B%88%EB%8B%A4%EC%97%85%EB%8D%B0%EC%9D%B4%ED%8A%B8%EC%A4%91,YSDL,KAKAO
은밀한 감사,일산문화광장,playground,경기 고양시 일산동구 장항동 845,37.65859623,126.7708021,https://ys-dl.tistory.com/entry/%EC%9D%80%EB%B0%80%ED%95%9C-%EA%B0%90%EC%82%AC-%EC%B4%AC%EC%98%81%EC%A7%80-6%EA%B3%B3%EC%9D%84-%EC%95%8C%EB%A0%A4%EB%93%9C%EB%A6%BD%EB%8B%88%EB%8B%A4%EC%97%85%EB%8D%B0%EC%9D%B4%ED%8A%B8%EC%A4%91,YSDL,KAKAO
은밀한 감사,메가박스 백석벨라시타,playground,경기 고양시 일산동구 강송로 33,37.64205298,126.791506,https://ys-dl.tistory.com/entry/%EC%9D%80%EB%B0%80%ED%95%9C-%EA%B0%90%EC%82%AC-%EC%B4%AC%EC%98%81%EC%A7%80-6%EA%B3%B3%EC%9D%84-%EC%95%8C%EB%A0%A4%EB%93%9C%EB%A6%BD%EB%8B%88%EB%8B%A4%EC%97%85%EB%8D%B0%EC%9D%B4%ED%8A%B8%EC%A4%91,YSDL,KAKAO
은밀한 감사,화정역광장,playground,경기 고양시 덕양구 화정동 971,37.63418249,126.8325399,https://ys-dl.tistory.com/entry/%EC%9D%80%EB%B0%80%ED%95%9C-%EA%B0%90%EC%82%AC-%EC%B4%AC%EC%98%81%EC%A7%80-6%EA%B3%B3%EC%9D%84-%EC%95%8C%EB%A0%A4%EB%93%9C%EB%A6%BD%EB%8B%88%EB%8B%A4%EC%97%85%EB%8D%B0%EC%9D%B4%ED%8A%B8%EC%A4%91,YSDL,KAKAO
은밀한 감사,안양사,playground,경기 안양시 만안구 예술공원로131번길 103,37.42235417,126.9241546,https://ys-dl.tistory.com/entry/%EC%9D%80%EB%B0%80%ED%95%9C-%EA%B0%90%EC%82%AC-%EC%B4%AC%EC%98%81%EC%A7%80-6%EA%B3%B3%EC%9D%84-%EC%95%8C%EB%A0%A4%EB%93%9C%EB%A6%BD%EB%8B%88%EB%8B%A4%EC%97%85%EB%8D%B0%EC%9D%B4%ED%8A%B8%EC%A4%91,YSDL,KAKAO
은밀한 감사,시화방조제,playground,경기 안산시 단원구 대부동동 2098-1,37.30927201,126.6063307,https://ys-dl.tistory.com/entry/%EC%9D%80%EB%B0%80%ED%95%9C-%EA%B0%90%EC%82%AC-%EC%B4%AC%EC%98%81%EC%A7%80-6%EA%B3%B3%EC%9D%84-%EC%95%8C%EB%A0%A4%EB%93%9C%EB%A6%BD%EB%8B%88%EB%8B%A4%EC%97%85%EB%8D%B0%EC%9D%B4%ED%8A%B8%EC%A4%91,YSDL,KAKAO
은밀한 감사,김녕해수욕장,playground,제주특별자치도 제주시 구좌읍 해맞이해안로 7-6,33.55743886,126.759314,https://ys-dl.tistory.com/entry/%EC%9D%80%EB%B0%80%ED%95%9C-%EA%B0%90%EC%82%AC-%EC%B4%AC%EC%98%81%EC%A7%80-6%EA%B3%B3%EC%9D%84-%EC%95%8C%EB%A0%A4%EB%93%9C%EB%A6%BD%EB%8B%88%EB%8B%A4%EC%97%85%EB%8D%B0%EC%9D%B4%ED%8A%B8%EC%A4%91,YSDL,KAKAO
은수 좋은 날,선유도공원,playground,서울 영등포구 선유로 343,37.54367308,126.8998573,https://ys-dl.tistory.com/entry/%EC%9D%80%EC%88%98-%EC%A2%8B%EC%9D%80-%EB%82%A0-%EC%B4%AC%EC%98%81%EC%A7%80-24%EA%B3%B3%EC%9D%84-%EC%95%8C%EB%A0%A4%EB%93%9C%EB%A6%BD%EB%8B%88%EB%8B%A4%EC%97%85%EB%8D%B0%EC%9D%B4%ED%8A%B8%EC%A4%91,YSDL,KAKAO
은수 좋은 날,아트센터 화이트블럭,playground,경기 파주시 탄현면 헤이리마을길 72,37.78888344,126.6993578,https://ys-dl.tistory.com/entry/%EC%9D%80%EC%88%98-%EC%A2%8B%EC%9D%80-%EB%82%A0-%EC%B4%AC%EC%98%81%EC%A7%80-24%EA%B3%B3%EC%9D%84-%EC%95%8C%EB%A0%A4%EB%93%9C%EB%A6%BD%EB%8B%88%EB%8B%A4%EC%97%85%EB%8D%B0%EC%9D%B4%ED%8A%B8%EC%A4%91,YSDL,KAKAO
은수 좋은 날,헤이리예술마을,playground,경기 파주시 탄현면 헤이리마을길 70-21,37.78804091,126.6993044,https://ys-dl.tistory.com/entry/%EC%9D%80%EC%88%98-%EC%A2%8B%EC%9D%80-%EB%82%A0-%EC%B4%AC%EC%98%81%EC%A7%80-24%EA%B3%B3%EC%9D%84-%EC%95%8C%EB%A0%A4%EB%93%9C%EB%A6%BD%EB%8B%88%EB%8B%A4%EC%97%85%EB%8D%B0%EC%9D%B4%ED%8A%B8%EC%A4%91,YSDL,KAKAO
은수 좋은 날,동탄호수공원,playground,경기 화성시 동탄구 동탄순환대로 69,37.16689551,127.10243,https://ys-dl.tistory.com/entry/%EC%9D%80%EC%88%98-%EC%A2%8B%EC%9D%80-%EB%82%A0-%EC%B4%AC%EC%98%81%EC%A7%80-24%EA%B3%B3%EC%9D%84-%EC%95%8C%EB%A0%A4%EB%93%9C%EB%A6%BD%EB%8B%88%EB%8B%A4%EC%97%85%EB%8D%B0%EC%9D%B4%ED%8A%B8%EC%A4%91,YSDL,KAKAO
은중과 상연,일산호수공원,playground,경기 고양시 일산동구 호수로 595,37.65613604,126.7641415,https://ys-dl.tistory.com/entry/%EC%9D%80%EC%A4%91%EA%B3%BC-%EC%83%81%EC%97%B0-%EC%B4%AC%EC%98%81%EC%A7%80-22%EA%B3%B3%EC%9D%84-%EC%95%8C%EB%A0%A4%EB%93%9C%EB%A6%BD%EB%8B%88%EB%8B%A4%EC%97%85%EB%8D%B0%EC%9D%B4%ED%8A%B8%EC%A4%91,YSDL,KAKAO
은중과 상연,통영 당포성,playground,경남 통영시 산양읍 당포리 244,34.79313069,128.3847068,https://ys-dl.tistory.com/entry/%EC%9D%80%EC%A4%91%EA%B3%BC-%EC%83%81%EC%97%B0-%EC%B4%AC%EC%98%81%EC%A7%80-22%EA%B3%B3%EC%9D%84-%EC%95%8C%EB%A0%A4%EB%93%9C%EB%A6%BD%EB%8B%88%EB%8B%A4%EC%97%85%EB%8D%B0%EC%9D%B4%ED%8A%B8%EC%A4%91,YSDL,KAKAO
응급남녀,국립현대미술관 과천,playground,경기도 과천시 광명로 313,37.431232,127.02017,,KCISA,KCISA
응급남녀,서울특별시 보라매병원,playground,서울특별시 동작구 보라매로5길 20,37.493287,126.92424,,KCISA,KCISA
응급남녀,어텐션,playground,서울특별시 마포구 와우산로17길 11,37.550068,126.9224,,KCISA,KCISA
응급남녀,중림동약현성당,playground,서울특별시 중구 청파로 447-1,37.559115,126.96744,,KCISA,KCISA
응답하라 1988,동두천 문화극장,playground,경기도 동두천시 동광로 66,37.908291,127.055827,,KCISA,KCISA
응답하라 1988,의정부 예술의전당,playground,경기도 의정부시 의정로 1,37.733349,127.03415,,KCISA,KCISA
응답하라 1988,경주신문왕릉,playground,경상북도 경주시 배반동 453-1,35.817958,129.24609,,KCISA,KCISA
응답하라 1988,동궁과 월지,playground,경상북도 경주시 원화로 102,35.83429,129.226584,,KCISA,KCISA
응답하라 1988,경주 동부 사적지대,playground,경상북도 경주시 황남동 111-2,35.834219,129.22151,,KCISA,KCISA
응답하라 1988,서교동 최규하 대통령 가옥,playground,서울특별시 마포구 동교로15길 10,37.555303,126.914893,,KCISA,KCISA
응답하라 1988,잠실종합운동장,playground,서울특별시 송파구 올림픽로 25,37.513564,127.07305,,KCISA,KCISA
응답하라 1988,신명여자고등학교,playground,인천광역시 남동구 용천로205번길 42,37.46947,126.71324,,KCISA,KCISA
응답하라 1988,열우물 벽화마을,playground,인천광역시 부평구 열우물로102번길 35-2,37.477439,126.69753,,KCISA,KCISA
응답하라 1988,인천보건고등학교,playground,인천광역시 서구 서달로 58-16,37.50473,126.681,,KCISA,KCISA
응답하라 1994,의정부 터미널,playground,경기도 의정부시 동일로 640,37.745069,127.055104,,KCISA,KCISA
응답하라 1994,성산로22길,playground,서울특별시 서대문구 성산로22길 22,37.559871,126.93404,,KCISA,KCISA
응답하라 1994,연세대학교 연희관,playground,서울특별시 서대문구 연세로 50 604동,37.5637563,126.937546,,KCISA,KCISA
응답하라 1994,효창원로25길,playground,서울특별시 용산구 신창동 효창원로25길,37.536422,126.95616,,KCISA,KCISA
응답하라 1997,영등포공업고등학교,playground,서울특별시 강서구 허준로5길 15,37.568895,126.85036,,KCISA,KCISA
응답하라 1997,모노빌딩,playground,서울특별시 마포구 독막로7길 40,37.549465,126.91958,,KCISA,KCISA
의사 요한,청아공원기독교전용관,playground,경기도 고양시 일산동구 은마길 129,37.719031,126.80572,,KCISA,KCISA
의사 요한,여주교도소,playground,경기도 여주시 가남읍 양화로 107,37.235605,127.54963,,KCISA,KCISA
의사 요한,이대서울병원,playground,서울특별시 강서구 공항대로 260,37.557347,126.83612,,KCISA,KCISA
의사 요한,서대문형무소역사관,playground,서울특별시 서대문구 통일로 251,37.574692,126.95649,,KCISA,KCISA
이 연애는 불가항력,일산호수공원,playground,경기 고양시 일산동구 호수로 595,37.65613604,126.7641415,https://ys-dl.tistory.com/entry/%EC%9D%B4-%EC%97%B0%EC%95%A0%EB%8A%94-%EB%B6%88%EA%B0%80%ED%95%AD%EB%A0%A5-%EC%B4%AC%EC%98%81%EC%A7%80-5%EA%B3%B3%EC%9D%84-%EC%95%8C%EB%A0%A4%EB%93%9C%EB%A6%BD%EB%8B%88%EB%8B%A4%EC%97%85%EB%8D%B0%EC%9D%B4%ED%8A%B8%EC%A4%91,YSDL,KAKAO
이 연애는 불가항력,안성맞춤랜드,playground,경기 안성시 보개면 남사당로 198,37.03304851,127.3101696,https://ys-dl.tistory.com/entry/%EC%9D%B4-%EC%97%B0%EC%95%A0%EB%8A%94-%EB%B6%88%EA%B0%80%ED%95%AD%EB%A0%A5-%EC%B4%AC%EC%98%81%EC%A7%80-5%EA%B3%B3%EC%9D%84-%EC%95%8C%EB%A0%A4%EB%93%9C%EB%A6%BD%EB%8B%88%EB%8B%A4%EC%97%85%EB%8D%B0%EC%9D%B4%ED%8A%B8%EC%A4%91,YSDL,KAKAO
이 연애는 불가항력,변산해수욕장,playground,전북특별자치도 부안군 변산면 대항리 603,35.68004397,126.5308848,https://ys-dl.tistory.com/entry/%EC%9D%B4-%EC%97%B0%EC%95%A0%EB%8A%94-%EB%B6%88%EA%B0%80%ED%95%AD%EB%A0%A5-%EC%B4%AC%EC%98%81%EC%A7%80-5%EA%B3%B3%EC%9D%84-%EC%95%8C%EB%A0%A4%EB%93%9C%EB%A6%BD%EB%8B%88%EB%8B%A4%EC%97%85%EB%8D%B0%EC%9D%B4%ED%8A%B8%EC%A4%91,YSDL,KAKAO
이 연애는 불가항력,굴바위,playground,전북특별자치도 부안군 보안면 우동리,35.62645197,126.6266889,https://ys-dl.tistory.com/entry/%EC%9D%B4-%EC%97%B0%EC%95%A0%EB%8A%94-%EB%B6%88%EA%B0%80%ED%95%AD%EB%A0%A5-%EC%B4%AC%EC%98%81%EC%A7%80-5%EA%B3%B3%EC%9D%84-%EC%95%8C%EB%A0%A4%EB%93%9C%EB%A6%BD%EB%8B%88%EB%8B%A4%EC%97%85%EB%8D%B0%EC%9D%B4%ED%8A%B8%EC%A4%91,YSDL,KAKAO
이 연애는 불가항력,광한루원,playground,전북특별자치도 남원시 요천로 1447,35.40391878,127.3797814,https://ys-dl.tistory.com/entry/%EC%9D%B4-%EC%97%B0%EC%95%A0%EB%8A%94-%EB%B6%88%EA%B0%80%ED%95%AD%EB%A0%A5-%EC%B4%AC%EC%98%81%EC%A7%80-5%EA%B3%B3%EC%9D%84-%EC%95%8C%EB%A0%A4%EB%93%9C%EB%A6%BD%EB%8B%88%EB%8B%A4%EC%97%85%EB%8D%B0%EC%9D%B4%ED%8A%B8%EC%A4%91,YSDL,KAKAO
이 연애는 불가항력,이가리 닻전망대,playground,경북 포항시 북구 청하면 이가리 산 67-3,36.18786603,129.379109,https://ys-dl.tistory.com/entry/%EC%9D%B4-%EC%97%B0%EC%95%A0%EB%8A%94-%EB%B6%88%EA%B0%80%ED%95%AD%EB%A0%A5-%EC%B4%AC%EC%98%81%EC%A7%80-5%EA%B3%B3%EC%9D%84-%EC%95%8C%EB%A0%A4%EB%93%9C%EB%A6%BD%EB%8B%88%EB%8B%A4%EC%97%85%EB%8D%B0%EC%9D%B4%ED%8A%B8%EC%A4%91,YSDL,KAKAO
이 연애는 불가항력,환호공원 스페이스워크,playground,경북 포항시 북구 두호동 산 8,36.06513765,129.3903862,https://ys-dl.tistory.com/entry/%EC%9D%B4-%EC%97%B0%EC%95%A0%EB%8A%94-%EB%B6%88%EA%B0%80%ED%95%AD%EB%A0%A5-%EC%B4%AC%EC%98%81%EC%A7%80-5%EA%B3%B3%EC%9D%84-%EC%95%8C%EB%A0%A4%EB%93%9C%EB%A6%BD%EB%8B%88%EB%8B%A4%EC%97%85%EB%8D%B0%EC%9D%B4%ED%8A%B8%EC%A4%91,YSDL,KAKAO
이 연애는 불가항력,영일대 전망대,playground,경북 포항시 북구 해안로 173,36.06156451,129.383052,https://ys-dl.tistory.com/entry/%EC%9D%B4-%EC%97%B0%EC%95%A0%EB%8A%94-%EB%B6%88%EA%B0%80%ED%95%AD%EB%A0%A5-%EC%B4%AC%EC%98%81%EC%A7%80-5%EA%B3%B3%EC%9D%84-%EC%95%8C%EB%A0%A4%EB%93%9C%EB%A6%BD%EB%8B%88%EB%8B%A4%EC%97%85%EB%8D%B0%EC%9D%B4%ED%8A%B8%EC%A4%91,YSDL,KAKAO
이 연애는 불가항력,영일대 장미원,playground,경북 포항시 북구 두호동 1003-4,36.06227688,129.3815721,https://ys-dl.tistory.com/entry/%EC%9D%B4-%EC%97%B0%EC%95%A0%EB%8A%94-%EB%B6%88%EA%B0%80%ED%95%AD%EB%A0%A5-%EC%B4%AC%EC%98%81%EC%A7%80-5%EA%B3%B3%EC%9D%84-%EC%95%8C%EB%A0%A4%EB%93%9C%EB%A6%BD%EB%8B%88%EB%8B%A4%EC%97%85%EB%8D%B0%EC%9D%B4%ED%8A%B8%EC%A4%91,YSDL,KAKAO
이 연애는 불가항력,영일대 호수공원,playground,경북 포항시 남구 대잠동,36.0156253,129.3352063,https://ys-dl.tistory.com/entry/%EC%9D%B4-%EC%97%B0%EC%95%A0%EB%8A%94-%EB%B6%88%EA%B0%80%ED%95%AD%EB%A0%A5-%EC%B4%AC%EC%98%81%EC%A7%80-5%EA%B3%B3%EC%9D%84-%EC%95%8C%EB%A0%A4%EB%93%9C%EB%A6%BD%EB%8B%88%EB%8B%A4%EC%97%85%EB%8D%B0%EC%9D%B4%ED%8A%B8%EC%A4%91,YSDL,KAKAO
이 연애는 불가항력,불의정원,playground,경북 포항시 남구 대잠동 149-1,36.01232241,129.3408244,https://ys-dl.tistory.com/entry/%EC%9D%B4-%EC%97%B0%EC%95%A0%EB%8A%94-%EB%B6%88%EA%B0%80%ED%95%AD%EB%A0%A5-%EC%B4%AC%EC%98%81%EC%A7%80-5%EA%B3%B3%EC%9D%84-%EC%95%8C%EB%A0%A4%EB%93%9C%EB%A6%BD%EB%8B%88%EB%8B%A4%EC%97%85%EB%8D%B0%EC%9D%B4%ED%8A%B8%EC%A4%91,YSDL,KAKAO
이 연애는 불가항력,연오랑세오녀테마공원,playground,경북 포항시 남구 동해면 호미로 3012,36.00256463,129.4598478,https://ys-dl.tistory.com/entry/%EC%9D%B4-%EC%97%B0%EC%95%A0%EB%8A%94-%EB%B6%88%EA%B0%80%ED%95%AD%EB%A0%A5-%EC%B4%AC%EC%98%81%EC%A7%80-5%EA%B3%B3%EC%9D%84-%EC%95%8C%EB%A0%A4%EB%93%9C%EB%A6%BD%EB%8B%88%EB%8B%A4%EC%97%85%EB%8D%B0%EC%9D%B4%ED%8A%B8%EC%A4%91,YSDL,KAKAO
이 연애는 불가항력,무진정,playground,경남 함안군 함안면 괴산4길 25,35.25547024,128.4230933,https://ys-dl.tistory.com/entry/%EC%9D%B4-%EC%97%B0%EC%95%A0%EB%8A%94-%EB%B6%88%EA%B0%80%ED%95%AD%EB%A0%A5-%EC%B4%AC%EC%98%81%EC%A7%80-5%EA%B3%B3%EC%9D%84-%EC%95%8C%EB%A0%A4%EB%93%9C%EB%A6%BD%EB%8B%88%EB%8B%A4%EC%97%85%EB%8D%B0%EC%9D%B4%ED%8A%B8%EC%A4%91,YSDL,KAKAO
이두나,낙산공원,playground,서울 종로구 낙산길 41,37.58056967,127.0075218,https://ys-dl.tistory.com/entry/%EC%9D%B4%EB%91%90%EB%82%98-%EC%B4%AC%EC%98%81%EC%A7%80-2%EA%B3%B3%EC%9D%84-%EC%95%8C%EB%A0%A4%EB%93%9C%EB%A6%BD%EB%8B%88%EB%8B%A4%EA%B3%B5%EA%B0%9C-%EB%B0%9C%ED%96%89%EC%97%85%EB%8D%B0%EC%9D%B4%ED%8A%B8%EC%A4%91,YSDL,KAKAO
이두나,이화동 벽화마을,playground,서울 종로구 이화동 9-413,37.57797573,127.0071015,https://ys-dl.tistory.com/entry/%EC%9D%B4%EB%91%90%EB%82%98-%EC%B4%AC%EC%98%81%EC%A7%80-2%EA%B3%B3%EC%9D%84-%EC%95%8C%EB%A0%A4%EB%93%9C%EB%A6%BD%EB%8B%88%EB%8B%A4%EA%B3%B5%EA%B0%9C-%EB%B0%9C%ED%96%89%EC%97%85%EB%8D%B0%EC%9D%B4%ED%8A%B8%EC%A4%91,YSDL,KAKAO
이두나,이화달팽이길,playground,서울 종로구 이화동 9-244,37.57689902,127.0075735,https://ys-dl.tistory.com/entry/%EC%9D%B4%EB%91%90%EB%82%98-%EC%B4%AC%EC%98%81%EC%A7%80-2%EA%B3%B3%EC%9D%84-%EC%95%8C%EB%A0%A4%EB%93%9C%EB%A6%BD%EB%8B%88%EB%8B%A4%EA%B3%B5%EA%B0%9C-%EB%B0%9C%ED%96%89%EC%97%85%EB%8D%B0%EC%9D%B4%ED%8A%B8%EC%A4%91,YSDL,KAKAO
이두나,월미테마파크 학무대,playground,인천 제물포구 북성동1가,37.47185525,126.5956853,https://ys-dl.tistory.com/entry/%EC%9D%B4%EB%91%90%EB%82%98-%EC%B4%AC%EC%98%81%EC%A7%80-2%EA%B3%B3%EC%9D%84-%EC%95%8C%EB%A0%A4%EB%93%9C%EB%A6%BD%EB%8B%88%EB%8B%A4%EA%B3%B5%EA%B0%9C-%EB%B0%9C%ED%96%89%EC%97%85%EB%8D%B0%EC%9D%B4%ED%8A%B8%EC%A4%91,YSDL,KAKAO
이두나,운정호수공원,playground,경기 파주시 와동동,37.71988717,126.7578737,https://ys-dl.tistory.com/entry/%EC%9D%B4%EB%91%90%EB%82%98-%EC%B4%AC%EC%98%81%EC%A7%80-2%EA%B3%B3%EC%9D%84-%EC%95%8C%EB%A0%A4%EB%93%9C%EB%A6%BD%EB%8B%88%EB%8B%A4%EA%B3%B5%EA%B0%9C-%EB%B0%9C%ED%96%89%EC%97%85%EB%8D%B0%EC%9D%B4%ED%8A%B8%EC%A4%91,YSDL,KAKAO
이두나,수로왕릉,playground,경남 김해시 왕릉길 26,35.23530959,128.8784957,https://ys-dl.tistory.com/entry/%EC%9D%B4%EB%91%90%EB%82%98-%EC%B4%AC%EC%98%81%EC%A7%80-2%EA%B3%B3%EC%9D%84-%EC%95%8C%EB%A0%A4%EB%93%9C%EB%A6%BD%EB%8B%88%EB%8B%A4%EA%B3%B5%EA%B0%9C-%EB%B0%9C%ED%96%89%EC%97%85%EB%8D%B0%EC%9D%B4%ED%8A%B8%EC%A4%91,YSDL,KAKAO
이런 엿같은 사랑,KBS아레나,playground,서울 강서구 공항대로 376,37.55675872,126.8479626,https://ys-dl.tistory.com/entry/%EC%9D%B4%EB%9F%B0-%EC%97%BF%EA%B0%99%EC%9D%80-%EC%82%AC%EB%9E%91-%EC%B4%AC%EC%98%81%EC%A7%80-10%EA%B3%B3%EC%9D%84-%EC%95%8C%EB%A0%A4%EB%93%9C%EB%A6%BD%EB%8B%88%EB%8B%A4%EC%97%85%EB%8D%B0%EC%9D%B4%ED%8A%B8%EC%A4%91,YSDL,KAKAO
이런 엿같은 사랑,밤섬공원,playground,서울 마포구 신정동 76-1,37.54286156,126.9318675,https://ys-dl.tistory.com/entry/%EC%9D%B4%EB%9F%B0-%EC%97%BF%EA%B0%99%EC%9D%80-%EC%82%AC%EB%9E%91-%EC%B4%AC%EC%98%81%EC%A7%80-10%EA%B3%B3%EC%9D%84-%EC%95%8C%EB%A0%A4%EB%93%9C%EB%A6%BD%EB%8B%88%EB%8B%A4%EC%97%85%EB%8D%B0%EC%9D%B4%ED%8A%B8%EC%A4%91,YSDL,KAKAO
이런 엿같은 사랑,로케이션 이음,playground,경기 파주시 탄현면 새오리로286번길 48-70,37.80403407,126.6931158,https://ys-dl.tistory.com/entry/%EC%9D%B4%EB%9F%B0-%EC%97%BF%EA%B0%99%EC%9D%80-%EC%82%AC%EB%9E%91-%EC%B4%AC%EC%98%81%EC%A7%80-10%EA%B3%B3%EC%9D%84-%EC%95%8C%EB%A0%A4%EB%93%9C%EB%A6%BD%EB%8B%88%EB%8B%A4%EC%97%85%EB%8D%B0%EC%9D%B4%ED%8A%B8%EC%A4%91,YSDL,KAKAO
이런 엿같은 사랑,고양 덕은동 쌍굴,playground,경기 고양시 덕양구 덕은동 20-1,37.59430334,126.8750143,https://ys-dl.tistory.com/entry/%EC%9D%B4%EB%9F%B0-%EC%97%BF%EA%B0%99%EC%9D%80-%EC%82%AC%EB%9E%91-%EC%B4%AC%EC%98%81%EC%A7%80-10%EA%B3%B3%EC%9D%84-%EC%95%8C%EB%A0%A4%EB%93%9C%EB%A6%BD%EB%8B%88%EB%8B%A4%EC%97%85%EB%8D%B0%EC%9D%B4%ED%8A%B8%EC%A4%91,YSDL,KAKAO
이런 엿같은 사랑,죽주산성,playground,경기 안성시 죽산면 죽양대로 111-71,37.08946786,127.4298085,https://ys-dl.tistory.com/entry/%EC%9D%B4%EB%9F%B0-%EC%97%BF%EA%B0%99%EC%9D%80-%EC%82%AC%EB%9E%91-%EC%B4%AC%EC%98%81%EC%A7%80-10%EA%B3%B3%EC%9D%84-%EC%95%8C%EB%A0%A4%EB%93%9C%EB%A6%BD%EB%8B%88%EB%8B%A4%EC%97%85%EB%8D%B0%EC%9D%B4%ED%8A%B8%EC%A4%91,YSDL,KAKAO
이런 엿같은 사랑,선창해변,playground,강원특별자치도 삼척시 오분동 208-1,37.42639198,129.1917327,https://ys-dl.tistory.com/entry/%EC%9D%B4%EB%9F%B0-%EC%97%BF%EA%B0%99%EC%9D%80-%EC%82%AC%EB%9E%91-%EC%B4%AC%EC%98%81%EC%A7%80-10%EA%B3%B3%EC%9D%84-%EC%95%8C%EB%A0%A4%EB%93%9C%EB%A6%BD%EB%8B%88%EB%8B%A4%EC%97%85%EB%8D%B0%EC%9D%B4%ED%8A%B8%EC%A4%91,YSDL,KAKAO
이런 엿같은 사랑,오분해수욕장,playground,강원특별자치도 삼척시 오분동 24,37.42471507,129.1920961,https://ys-dl.tistory.com/entry/%EC%9D%B4%EB%9F%B0-%EC%97%BF%EA%B0%99%EC%9D%80-%EC%82%AC%EB%9E%91-%EC%B4%AC%EC%98%81%EC%A7%80-10%EA%B3%B3%EC%9D%84-%EC%95%8C%EB%A0%A4%EB%93%9C%EB%A6%BD%EB%8B%88%EB%8B%A4%EC%97%85%EB%8D%B0%EC%9D%B4%ED%8A%B8%EC%A4%91,YSDL,KAKAO
이런 엿같은 사랑,아미미술관,playground,충남 당진시 순성면 남부로 753-4,36.86179869,126.6802741,https://ys-dl.tistory.com/entry/%EC%9D%B4%EB%9F%B0-%EC%97%BF%EA%B0%99%EC%9D%80-%EC%82%AC%EB%9E%91-%EC%B4%AC%EC%98%81%EC%A7%80-10%EA%B3%B3%EC%9D%84-%EC%95%8C%EB%A0%A4%EB%93%9C%EB%A6%BD%EB%8B%88%EB%8B%A4%EC%97%85%EB%8D%B0%EC%9D%B4%ED%8A%B8%EC%A4%91,YSDL,KAKAO
이런 엿같은 사랑,골정저수지,playground,충남 당진시 면천면 성상리 465,36.8184574,126.6719847,https://ys-dl.tistory.com/entry/%EC%9D%B4%EB%9F%B0-%EC%97%BF%EA%B0%99%EC%9D%80-%EC%82%AC%EB%9E%91-%EC%B4%AC%EC%98%81%EC%A7%80-10%EA%B3%B3%EC%9D%84-%EC%95%8C%EB%A0%A4%EB%93%9C%EB%A6%BD%EB%8B%88%EB%8B%A4%EC%97%85%EB%8D%B0%EC%9D%B4%ED%8A%B8%EC%A4%91,YSDL,KAKAO
이런 엿같은 사랑,송소고택,playground,경북 청송군 파천면 송소고택길 15-2,36.43623923,129.0264056,https://ys-dl.tistory.com/entry/%EC%9D%B4%EB%9F%B0-%EC%97%BF%EA%B0%99%EC%9D%80-%EC%82%AC%EB%9E%91-%EC%B4%AC%EC%98%81%EC%A7%80-10%EA%B3%B3%EC%9D%84-%EC%95%8C%EB%A0%A4%EB%93%9C%EB%A6%BD%EB%8B%88%EB%8B%A4%EC%97%85%EB%8D%B0%EC%9D%B4%ED%8A%B8%EC%A4%91,YSDL,KAKAO
이로운 사기,세븐럭카지노 강남코엑스점,playground,서울 강남구 영동대로 513,37.51208059,127.0581092,https://ys-dl.tistory.com/entry/%EC%9D%B4%EB%A1%9C%EC%9A%B4%EC%82%AC%EA%B8%B0-%EC%B4%AC%EC%98%81%EC%A7%80-7%EA%B3%B3%EC%9D%84-%EC%95%8C%EB%A0%A4%EB%93%9C%EB%A6%BD%EB%8B%88%EB%8B%A4%EC%97%85%EB%8D%B0%EC%9D%B4%ED%8A%B8%EC%A4%91,YSDL,KAKAO
이로운 사기,강문해변,playground,강원특별자치도 강릉시 강문동 182-1,37.79482074,128.9191753,https://ys-dl.tistory.com/entry/%EC%9D%B4%EB%A1%9C%EC%9A%B4%EC%82%AC%EA%B8%B0-%EC%B4%AC%EC%98%81%EC%A7%80-7%EA%B3%B3%EC%9D%84-%EC%95%8C%EB%A0%A4%EB%93%9C%EB%A6%BD%EB%8B%88%EB%8B%A4%EC%97%85%EB%8D%B0%EC%9D%B4%ED%8A%B8%EC%A4%91,YSDL,KAKAO
이로운 사기,익산 교도소 세트장,playground,전북특별자치도 익산시 성당면 함낭로 207,36.06945155,126.930603,https://ys-dl.tistory.com/entry/%EC%9D%B4%EB%A1%9C%EC%9A%B4%EC%82%AC%EA%B8%B0-%EC%B4%AC%EC%98%81%EC%A7%80-7%EA%B3%B3%EC%9D%84-%EC%95%8C%EB%A0%A4%EB%93%9C%EB%A6%BD%EB%8B%88%EB%8B%A4%EC%97%85%EB%8D%B0%EC%9D%B4%ED%8A%B8%EC%A4%91,YSDL,KAKAO
이리와 안아줘,서울대공원,playground,경기도 과천시 대공원광장로 102,37.427542,127.01701,,KCISA,KCISA
이리와 안아줘,안성팜랜드,playground,경기도 안성시 공도읍 대신두길 28,36.9904684,127.194467,,KCISA,KCISA
이리와 안아줘,이월드,playground,대구광역시 달서구 두류공원로 200,35.853468,128.563918,,KCISA,KCISA
이리와 안아줘,장흥교도소 세트장,playground,전라남도 장흥군 장흥읍 원도리 191,34.686804,126.91329,,KCISA,KCISA
이몽,합천 영상 테마파크,playground,경상남도 합천군 용주면 합천호수로 757,35.5489346,128.072475,,KCISA,KCISA
이몽,공세리성당,playground,충청남도 아산시 인주면 공세리성당길 10,36.883404,126.914041,,KCISA,KCISA
이몽,운보의 집,playground,충청북도 청주시 청원구 내수읍 형동2길 92-41,36.692197,127.5651,,KCISA,KCISA
이미테이션,수원컨벤션센터,playground,경기도 수원시 영통구 광교중앙로 140,37.285809,127.05932,,KCISA,KCISA
이미테이션,서울액션스쿨,playground,경기도 파주시 탄현면 헤이리마을길 18-61,37.787373,126.69478,,KCISA,KCISA
이미테이션,퍼스트가든,playground,경기도 파주시 탑삭골길 260,37.7321551,126.793933,,KCISA,KCISA
이미테이션,광진교,playground,서울특별시 강동구 천호동 광진교,37.544739,127.11322,,KCISA,KCISA
이미테이션,하늘공원,playground,서울특별시 마포구 하늘공원로 95,37.567465,126.88546,,KCISA,KCISA
이미테이션,신촌벽화터널,playground,서울특별시 서대문구 대신동 143-28,37.560188,126.94127,,KCISA,KCISA
이미테이션,연세로5길,playground,서울특별시 서대문구 연세로5길 11,37.556926,126.93645,,KCISA,KCISA
이미테이션,올림픽체조경기장,playground,서울특별시 송파구 올림픽로 424,37.5209657,127.116064,,KCISA,KCISA
이미테이션,여의도 KBS방송국,playground,서울특별시 영등포구 여의공원로 13,37.52563,126.91633,,KCISA,KCISA
이미테이션,마포대교,playground,서울특별시 영등포구 여의도동 84-5,37.533709,126.9367,,KCISA,KCISA
이미테이션,N서울타워,playground,서울특별시 용산구 남산공원길 105,37.551168,126.98824,,KCISA,KCISA
이미테이션,한국의 집,playground,서울특별시 중구 퇴계로36길 10,37.560304,126.99471,,KCISA,KCISA
이번 생도 잘 부탁해,청계천,playground,서울 종로구 서린동 148,37.56914697,126.9786471,https://ys-dl.tistory.com/entry/%EC%9D%B4%EB%B2%88-%EC%83%9D%EB%8F%84-%EC%9E%98-%EB%B6%80%ED%83%81%ED%95%B4-%EC%B4%AC%EC%98%81%EC%A7%80-10%EA%B3%B3%EC%9D%84-%EC%95%8C%EB%A0%A4%EB%93%9C%EB%A6%BD%EB%8B%88%EB%8B%A4%EC%97%85%EB%8D%B0%EC%9D%B4%ED%8A%B8%EC%A4%91,YSDL,KAKAO
이번 생도 잘 부탁해,이화달팽이길,playground,서울 종로구 이화동 9-244,37.57689902,127.0075735,https://ys-dl.tistory.com/entry/%EC%9D%B4%EB%B2%88-%EC%83%9D%EB%8F%84-%EC%9E%98-%EB%B6%80%ED%83%81%ED%95%B4-%EC%B4%AC%EC%98%81%EC%A7%80-10%EA%B3%B3%EC%9D%84-%EC%95%8C%EB%A0%A4%EB%93%9C%EB%A6%BD%EB%8B%88%EB%8B%A4%EC%97%85%EB%8D%B0%EC%9D%B4%ED%8A%B8%EC%A4%91,YSDL,KAKAO
이번 생도 잘 부탁해,양주시립민복진미술관,playground,경기 양주시 장흥면 권율로 192,37.7311564,126.9493285,https://ys-dl.tistory.com/entry/%EC%9D%B4%EB%B2%88-%EC%83%9D%EB%8F%84-%EC%9E%98-%EB%B6%80%ED%83%81%ED%95%B4-%EC%B4%AC%EC%98%81%EC%A7%80-10%EA%B3%B3%EC%9D%84-%EC%95%8C%EB%A0%A4%EB%93%9C%EB%A6%BD%EB%8B%88%EB%8B%A4%EC%97%85%EB%8D%B0%EC%9D%B4%ED%8A%B8%EC%A4%91,YSDL,KAKAO
이번 생도 잘 부탁해,채석강,playground,전북특별자치도 부안군 변산면 격포리 301-1,35.62423568,126.4660641,https://ys-dl.tistory.com/entry/%EC%9D%B4%EB%B2%88-%EC%83%9D%EB%8F%84-%EC%9E%98-%EB%B6%80%ED%83%81%ED%95%B4-%EC%B4%AC%EC%98%81%EC%A7%80-10%EA%B3%B3%EC%9D%84-%EC%95%8C%EB%A0%A4%EB%93%9C%EB%A6%BD%EB%8B%88%EB%8B%A4%EC%97%85%EB%8D%B0%EC%9D%B4%ED%8A%B8%EC%A4%91,YSDL,KAKAO
이번 생도 잘 부탁해,고창청보리밭,playground,전북특별자치도 고창군 공음면 선동리 788-8,35.37315845,126.5440736,https://ys-dl.tistory.com/entry/%EC%9D%B4%EB%B2%88-%EC%83%9D%EB%8F%84-%EC%9E%98-%EB%B6%80%ED%83%81%ED%95%B4-%EC%B4%AC%EC%98%81%EC%A7%80-10%EA%B3%B3%EC%9D%84-%EC%95%8C%EB%A0%A4%EB%93%9C%EB%A6%BD%EB%8B%88%EB%8B%A4%EC%97%85%EB%8D%B0%EC%9D%B4%ED%8A%B8%EC%A4%91,YSDL,KAKAO
이번 생도 잘 부탁해,수선루,playground,전북특별자치도 진안군 마령면 강정리 산 57,35.74567362,127.3439442,https://ys-dl.tistory.com/entry/%EC%9D%B4%EB%B2%88-%EC%83%9D%EB%8F%84-%EC%9E%98-%EB%B6%80%ED%83%81%ED%95%B4-%EC%B4%AC%EC%98%81%EC%A7%80-10%EA%B3%B3%EC%9D%84-%EC%95%8C%EB%A0%A4%EB%93%9C%EB%A6%BD%EB%8B%88%EB%8B%A4%EC%97%85%EB%8D%B0%EC%9D%B4%ED%8A%B8%EC%A4%91,YSDL,KAKAO
이번 생도 잘 부탁해,부용대,playground,경북 안동시 풍천면 광덕솔밭길 72,36.54285157,128.5166155,https://ys-dl.tistory.com/entry/%EC%9D%B4%EB%B2%88-%EC%83%9D%EB%8F%84-%EC%9E%98-%EB%B6%80%ED%83%81%ED%95%B4-%EC%B4%AC%EC%98%81%EC%A7%80-10%EA%B3%B3%EC%9D%84-%EC%95%8C%EB%A0%A4%EB%93%9C%EB%A6%BD%EB%8B%88%EB%8B%A4%EC%97%85%EB%8D%B0%EC%9D%B4%ED%8A%B8%EC%A4%91,YSDL,KAKAO
이번 생도 잘 부탁해,옥룡암,playground,경북 경주시 탑골길 36,35.81546234,129.233434,https://ys-dl.tistory.com/entry/%EC%9D%B4%EB%B2%88-%EC%83%9D%EB%8F%84-%EC%9E%98-%EB%B6%80%ED%83%81%ED%95%B4-%EC%B4%AC%EC%98%81%EC%A7%80-10%EA%B3%B3%EC%9D%84-%EC%95%8C%EB%A0%A4%EB%93%9C%EB%A6%BD%EB%8B%88%EB%8B%A4%EC%97%85%EB%8D%B0%EC%9D%B4%ED%8A%B8%EC%A4%91,YSDL,KAKAO
이번 생도 잘 부탁해,진하해수욕장,playground,울산 울주군 서생면 진하해변길 51,35.38538321,129.3472909,https://ys-dl.tistory.com/entry/%EC%9D%B4%EB%B2%88-%EC%83%9D%EB%8F%84-%EC%9E%98-%EB%B6%80%ED%83%81%ED%95%B4-%EC%B4%AC%EC%98%81%EC%A7%80-10%EA%B3%B3%EC%9D%84-%EC%95%8C%EB%A0%A4%EB%93%9C%EB%A6%BD%EB%8B%88%EB%8B%A4%EC%97%85%EB%8D%B0%EC%9D%B4%ED%8A%B8%EC%A4%91,YSDL,KAKAO
이번 생도 잘 부탁해,명선도,playground,울산 울주군 서생면 진하리,35.38600432,129.3505197,https://ys-dl.tistory.com/entry/%EC%9D%B4%EB%B2%88-%EC%83%9D%EB%8F%84-%EC%9E%98-%EB%B6%80%ED%83%81%ED%95%B4-%EC%B4%AC%EC%98%81%EC%A7%80-10%EA%B3%B3%EC%9D%84-%EC%95%8C%EB%A0%A4%EB%93%9C%EB%A6%BD%EB%8B%88%EB%8B%A4%EC%97%85%EB%8D%B0%EC%9D%B4%ED%8A%B8%EC%A4%91,YSDL,KAKAO
이번 생도 잘 부탁해,산청동의보감촌,playground,경남 산청군 금서면 동의보감로555번길 45-6,35.44123918,127.8293054,https://ys-dl.tistory.com/entry/%EC%9D%B4%EB%B2%88-%EC%83%9D%EB%8F%84-%EC%9E%98-%EB%B6%80%ED%83%81%ED%95%B4-%EC%B4%AC%EC%98%81%EC%A7%80-10%EA%B3%B3%EC%9D%84-%EC%95%8C%EB%A0%A4%EB%93%9C%EB%A6%BD%EB%8B%88%EB%8B%A4%EC%97%85%EB%8D%B0%EC%9D%B4%ED%8A%B8%EC%A4%91,YSDL,KAKAO
이번 생도 잘 부탁해,무진정,playground,경남 함안군 함안면 괴산4길 25,35.25547024,128.4230933,https://ys-dl.tistory.com/entry/%EC%9D%B4%EB%B2%88-%EC%83%9D%EB%8F%84-%EC%9E%98-%EB%B6%80%ED%83%81%ED%95%B4-%EC%B4%AC%EC%98%81%EC%A7%80-10%EA%B3%B3%EC%9D%84-%EC%95%8C%EB%A0%A4%EB%93%9C%EB%A6%BD%EB%8B%88%EB%8B%A4%EC%97%85%EB%8D%B0%EC%9D%B4%ED%8A%B8%EC%A4%91,YSDL,KAKAO
이번 생은 처음이라,아브뉴프랑 판교,playground,경기도 성남시 분당구 동판교로177번길 25,37.397269,127.113515,,KCISA,KCISA
이번 생은 처음이라,판교 성프란치스코성당,playground,경기도 성남시 분당구 서판교로 125,37.397496,127.09671,,KCISA,KCISA
이번 생은 처음이라,로케이션 이음 (구 로얄퀘스트),playground,경기도 파주시 탄현면 새오리로286번길 48-70,37.713531,126.74641,,KCISA,KCISA
이번 생은 처음이라,빌라드지디 강남,playground,서울특별시 강남구 언주로126길 23,37.513899,127.03732,,KCISA,KCISA
이번 생은 처음이라,서울대학교,playground,서울특별시 관악구 관악로 1,37.462256,126.95428,,KCISA,KCISA
이번 생은 처음이라,서울과학기술대학교,playground,서울특별시 노원구 공릉로 232,37.629632,127.07845,,KCISA,KCISA
이번 생은 처음이라,동아디지털미디어센터,playground,서울특별시 마포구 매봉산로 75,37.57832,126.89285,,KCISA,KCISA
이번 생은 처음이라,어울마당로,playground,서울특별시 마포구 어울마당로,37.55003,126.92113,,KCISA,KCISA
이번 생은 처음이라,경의선숲길공원,playground,서울특별시 마포구 연남동 연남로 80,37.5661595,126.919015,,KCISA,KCISA
이번 생은 처음이라,DMC문화공원,playground,서울특별시 마포구 월드컵북로 366,37.577736,126.89216,,KCISA,KCISA
이번 생은 처음이라,구룡근린공원,playground,서울특별시 마포구 월드컵북로 456,37.582996,126.88385,,KCISA,KCISA
이번 생은 처음이라,무대륙,playground,서울특별시 마포구 토정로5길 12,37.545927,126.91843,,KCISA,KCISA
이번 생은 처음이라,난지한강공원,playground,서울특별시 마포구 한강난지로 162,37.564486,126.87945,,KCISA,KCISA
이번 생은 처음이라,원효대교,playground,서울특별시 영등포구 여의도동 원효대교,37.527046,126.94571,,KCISA,KCISA
이번 생은 처음이라,낙산공원,playground,서울특별시 종로구 낙산길 41,37.580667,127.00746,,KCISA,KCISA
이번 생은 처음이라,낙산성곽서길,playground,서울특별시 종로구 동숭동,37.578071,127.00843,,KCISA,KCISA
이번 생은 처음이라,자하문터널,playground,서울특별시 종로구 부암동 자하문로,37.593405,126.96375,,KCISA,KCISA
이번 생은 처음이라,김형태가옥,playground,서울특별시 종로구 북촌로 67-4,37.582948,126.98483,,KCISA,KCISA
이번 생은 처음이라,용현1.4동,playground,인천광역시 미추홀구 수봉남로18번길 81-22,37.457023,126.6609,,KCISA,KCISA
이번 생은 처음이라,신전리 방파제,playground,전라남도 고흥군 금산면 신전리,34.770928,127.9527,,KCISA,KCISA
이벤트를 확인하세요,김포국제공항,playground,서울특별시 강서구 하늘길 112,37.558655,126.79228,,KCISA,KCISA
이벤트를 확인하세요,제주국제공항,playground,제주특별자치도 제주시 공항로 2,33.506548,126.49304,,KCISA,KCISA
이브,체인지업캠퍼스 양평캠프,playground,경기도 양평군 용문면 연수로 209,37.4999032,127.575543,,KCISA,KCISA
이브,지혜의 숲,playground,경기도 파주시 회동길 145,37.7082492,126.686674,,KCISA,KCISA
이브,합천 영상 테마파크,playground,경상남도 합천군 용주면 합천호수로 757,35.5489346,128.072475,,KCISA,KCISA
이브,베어트리파크,playground,세종특별자치시 전동면 신송로 217,36.670592,127.209267,,KCISA,KCISA
이브,인천국제공항,playground,인천광역시 중구 공항로 272,37.44919,126.4514,,KCISA,KCISA
이브의 모든 것,계명대학교 대명캠퍼스,playground,대구광역시 남구 명덕로 104,35.85427,128.580543,,KCISA,KCISA
이브의 모든 것,서울광장,playground,서울특별시 중구 태평로1가 54-3,37.565574,126.9779,,KCISA,KCISA
이상한 변호사 우영우,약천사,playground,경기도 파주시 교하로681번길 118,37.7057376,126.701279,,KCISA,KCISA
이상한 변호사 우영우,동부마을,playground,경상남도 창원시 의창구 대산면 북부리,35.3526969,128.7249767,,KCISA,KCISA
이상한 변호사 우영우,서울중앙지방법원,playground,서울특별시 서초구 서초중앙로 157,37.496068,127.01148,,KCISA,KCISA
이상한 변호사 우영우,파크원,playground,서울특별시 영등포구 여의대로 108,37.525144,126.92923,,KCISA,KCISA
이상한 변호사 우영우,더리버,playground,서울특별시 용산구 용산동6가 451,37.507108,126.98472,,KCISA,KCISA
이상한 변호사 우영우,덕수궁 돌담길,playground,서울특별시 중구 세종대로 99,37.565924,126.97501,,KCISA,KCISA
이상한 변호사 우영우,장화리일몰조망지,playground,인천광역시 강화군 화도면 장화리 1408,37.6175249,126.3773806,,KCISA,KCISA
이상한 변호사 우영우,실미도 해수욕장,playground,인천광역시 중구 무의동 136-49,37.4030081,126.4029471,,KCISA,KCISA
이웃집 꽃미남,동산포해변 야영장,playground,강원도 양양군 현남면 동산리 90-35,37.97813,128.75952,,KCISA,KCISA
이웃집 꽃미남,경기영어마을 파주캠퍼스,playground,경기도 파주시 탄현면 얼음실로 40,37.7852355,126.703739,,KCISA,KCISA
이웃집 꽃미남,청계한신휴플러스아파트,playground,서울특별시 동대문구 서울시립대로 14 106동,37.57215,127.04573,,KCISA,KCISA
이재 곧 죽습니다,연남장,playground,서울 서대문구 연희로5길 22,37.56432979,126.9275831,https://ys-dl.tistory.com/entry/%EC%9D%B4%EC%A0%9C-%EA%B3%A7-%EC%A3%BD%EC%8A%B5%EB%8B%88%EB%8B%A4-%EC%B4%AC%EC%98%81%EC%A7%80-12%EA%B3%B3%EC%9D%84-%EC%95%8C%EB%A0%A4%EB%93%9C%EB%A6%BD%EB%8B%88%EB%8B%A4%EC%97%85%EB%8D%B0%EC%9D%B4%ED%8A%B8%EC%A4%91,YSDL,KAKAO
이재 곧 죽습니다,인천차이나타운,playground,인천 제물포구 북성동2가 14,37.47560359,126.6179364,https://ys-dl.tistory.com/entry/%EC%9D%B4%EC%A0%9C-%EA%B3%A7-%EC%A3%BD%EC%8A%B5%EB%8B%88%EB%8B%A4-%EC%B4%AC%EC%98%81%EC%A7%80-12%EA%B3%B3%EC%9D%84-%EC%95%8C%EB%A0%A4%EB%93%9C%EB%A6%BD%EB%8B%88%EB%8B%A4%EC%97%85%EB%8D%B0%EC%9D%B4%ED%8A%B8%EC%A4%91,YSDL,KAKAO
이재 곧 죽습니다,인천배다리헌책방거리,playground,인천 제물포구 금곡동 87-34,37.4725588,126.6364058,https://ys-dl.tistory.com/entry/%EC%9D%B4%EC%A0%9C-%EA%B3%A7-%EC%A3%BD%EC%8A%B5%EB%8B%88%EB%8B%A4-%EC%B4%AC%EC%98%81%EC%A7%80-12%EA%B3%B3%EC%9D%84-%EC%95%8C%EB%A0%A4%EB%93%9C%EB%A6%BD%EB%8B%88%EB%8B%A4%EC%97%85%EB%8D%B0%EC%9D%B4%ED%8A%B8%EC%A4%91,YSDL,KAKAO
이재 곧 죽습니다,아쿠아필드 고양,playground,경기 고양시 덕양구 고양대로 1955,37.64792225,126.8967159,https://ys-dl.tistory.com/entry/%EC%9D%B4%EC%A0%9C-%EA%B3%A7-%EC%A3%BD%EC%8A%B5%EB%8B%88%EB%8B%A4-%EC%B4%AC%EC%98%81%EC%A7%80-12%EA%B3%B3%EC%9D%84-%EC%95%8C%EB%A0%A4%EB%93%9C%EB%A6%BD%EB%8B%88%EB%8B%A4%EC%97%85%EB%8D%B0%EC%9D%B4%ED%8A%B8%EC%A4%91,YSDL,KAKAO
이재 곧 죽습니다,단양사격테마파크,playground,충북 단양군 단양읍 노동장현로 207-17,36.96296291,128.3924028,https://ys-dl.tistory.com/entry/%EC%9D%B4%EC%A0%9C-%EA%B3%A7-%EC%A3%BD%EC%8A%B5%EB%8B%88%EB%8B%A4-%EC%B4%AC%EC%98%81%EC%A7%80-12%EA%B3%B3%EC%9D%84-%EC%95%8C%EB%A0%A4%EB%93%9C%EB%A6%BD%EB%8B%88%EB%8B%A4%EC%97%85%EB%8D%B0%EC%9D%B4%ED%8A%B8%EC%A4%91,YSDL,KAKAO
이재 곧 죽습니다,보령천북청보리밭,playground,충남 보령시 천북면 하만리 176-6,36.4796422,126.5311803,https://ys-dl.tistory.com/entry/%EC%9D%B4%EC%A0%9C-%EA%B3%A7-%EC%A3%BD%EC%8A%B5%EB%8B%88%EB%8B%A4-%EC%B4%AC%EC%98%81%EC%A7%80-12%EA%B3%B3%EC%9D%84-%EC%95%8C%EB%A0%A4%EB%93%9C%EB%A6%BD%EB%8B%88%EB%8B%A4%EC%97%85%EB%8D%B0%EC%9D%B4%ED%8A%B8%EC%A4%91,YSDL,KAKAO
이재 곧 죽습니다,최명희문학관,playground,전북특별자치도 전주시 완산구 최명희길 29,35.81574877,127.1513151,https://ys-dl.tistory.com/entry/%EC%9D%B4%EC%A0%9C-%EA%B3%A7-%EC%A3%BD%EC%8A%B5%EB%8B%88%EB%8B%A4-%EC%B4%AC%EC%98%81%EC%A7%80-12%EA%B3%B3%EC%9D%84-%EC%95%8C%EB%A0%A4%EB%93%9C%EB%A6%BD%EB%8B%88%EB%8B%A4%EC%97%85%EB%8D%B0%EC%9D%B4%ED%8A%B8%EC%A4%91,YSDL,KAKAO
이재 곧 죽습니다,오봉산 마당바위,playground,경북 경주시 서면 천촌리 산 56,35.85359679,129.0489253,https://ys-dl.tistory.com/entry/%EC%9D%B4%EC%A0%9C-%EA%B3%A7-%EC%A3%BD%EC%8A%B5%EB%8B%88%EB%8B%A4-%EC%B4%AC%EC%98%81%EC%A7%80-12%EA%B3%B3%EC%9D%84-%EC%95%8C%EB%A0%A4%EB%93%9C%EB%A6%BD%EB%8B%88%EB%8B%A4%EC%97%85%EB%8D%B0%EC%9D%B4%ED%8A%B8%EC%A4%91,YSDL,KAKAO
이재 곧 죽습니다,태화강국가정원,playground,울산 중구 태화동 107,35.54806992,129.2970462,https://ys-dl.tistory.com/entry/%EC%9D%B4%EC%A0%9C-%EA%B3%A7-%EC%A3%BD%EC%8A%B5%EB%8B%88%EB%8B%A4-%EC%B4%AC%EC%98%81%EC%A7%80-12%EA%B3%B3%EC%9D%84-%EC%95%8C%EB%A0%A4%EB%93%9C%EB%A6%BD%EB%8B%88%EB%8B%A4%EC%97%85%EB%8D%B0%EC%9D%B4%ED%8A%B8%EC%A4%91,YSDL,KAKAO
이태원 클라쓰,일산호수공원,playground,경기도 고양시 일산동구 호수로 731,37.658769,126.76252,,KCISA,KCISA
이태원 클라쓰,장자호수공원,playground,경기도 구리시 장자호수길 125,37.586078,127.14116,,KCISA,KCISA
이태원 클라쓰,수원 화성,playground,경기도 수원시 장안구 영화동 320-2,37.2871264,127.01196,,KCISA,KCISA
이태원 클라쓰,수원 팔달산 산책로,playground,경기도 수원시 팔달구 우만1동 팔달산,37.279418,127.009647,,KCISA,KCISA
이태원 클라쓰,동탄국제고등학교,playground,경기도 화성시 동탄나루로 27,37.1891856,127.078496,,KCISA,KCISA
이태원 클라쓰,성신여자대학교 운정그린캠퍼스,playground,서울특별시 강북구 도봉로76가길 55,37.632219,127.0273,,KCISA,KCISA
이태원 클라쓰,한옥카페 선운각,playground,서울특별시 강북구 우이동 265-16,37.6549982,126.999365,,KCISA,KCISA
이태원 클라쓰,서울시립대학교,playground,서울특별시 동대문구 서울시립대로 163,37.583383,127.059971,,KCISA,KCISA
이태원 클라쓰,가온문화공원,playground,서울특별시 마포구 상암동 1594,37.58181,126.88765,,KCISA,KCISA
이태원 클라쓰,무대륙,playground,서울특별시 마포구 토정로5길 12,37.545927,126.91843,,KCISA,KCISA
이태원 클라쓰,홍익로3길,playground,서울특별시 마포구 홍익로3길 1,37.554252,126.92245,,KCISA,KCISA
이태원 클라쓰,잠수교,playground,서울특별시 서초구 반포동,37.514658,126.996412,,KCISA,KCISA
이태원 클라쓰,녹사평 육교,playground,서울특별시 용산구 녹사평대로 195,37.534758,126.98656,,KCISA,KCISA
이태원 클라쓰,뉴일무이,playground,서울특별시 용산구 두텁바위로40길 28-16 3층,37.547488,126.98385,,KCISA,KCISA
이태원 클라쓰,G게스트하우스,playground,서울특별시 용산구 보광로60길 14-38 ,37.533208,126.994944,,KCISA,KCISA
이태원 클라쓰,소월로 계단 3번,playground,서울특별시 용산구 소월로 168,37.547514,126.98424,,KCISA,KCISA
이태원 클라쓰,녹사평 육교,playground,서울특별시 용산구 용산동 4가 4,37.534843,126.987013,,KCISA,KCISA
이태원 클라쓰,이태원세계음식거리,playground,서울특별시 용산구 이태원동 108-3,37.535005,126.993082,,KCISA,KCISA
이태원 클라쓰,이태원어린이공원,playground,서울특별시 용산구 이태원동 290-9,37.53822,126.98928,,KCISA,KCISA
이태원 클라쓰,서울한양도성 서울성곽길 남산(목멱산)구간,playground,서울특별시 중구 남창동 205-179,37.564486,127.01016,,KCISA,KCISA
이태원 클라쓰,남산공원,playground,서울특별시 중구 삼일대로 231,37.551068,126.990858,,KCISA,KCISA
이태원 클라쓰,스테이트 타워 남산,playground,서울특별시 중구 퇴계로 100,37.560342,126.98297,,KCISA,KCISA
이태원 클라쓰,제주국제공항,playground,제주특별자치도 제주시 공항로 2,33.506548,126.49304,,KCISA,KCISA
이판사판,국립교통재활병원,playground,경기도 양평군 양평읍 중앙로 260,37.4897334,127.518454,,KCISA,KCISA
이판사판,서울중앙지방법원,playground,서울특별시 서초구 서초중앙로 157,37.496068,127.01148,,KCISA,KCISA
이판사판,미쓰윤,playground,서울특별시 서초구 양재천로17길 3,37.475363,127.03775,,KCISA,KCISA
이판사판,익산 교도소 세트장,playground,전라북도 익산시 성당면 함낭로 207,36.069334,126.93158,,KCISA,KCISA
이혼보험,노들섬,playground,서울 용산구 양녕로 445,37.51766014,126.9580339,https://ys-dl.tistory.com/entry/%EC%9D%B4%ED%98%BC%EB%B3%B4%ED%97%98-%EC%B4%AC%EC%98%81%EC%A7%80-8%EA%B3%B3%EC%9D%84-%EC%95%8C%EB%A0%A4%EB%93%9C%EB%A6%BD%EB%8B%88%EB%8B%A4%EC%97%85%EB%8D%B0%EC%9D%B4%ED%8A%B8%EC%A4%91,YSDL,KAKAO
이혼보험,서소문역사공원,playground,서울 중구 칠패로 5,37.56128103,126.9693729,https://ys-dl.tistory.com/entry/%EC%9D%B4%ED%98%BC%EB%B3%B4%ED%97%98-%EC%B4%AC%EC%98%81%EC%A7%80-8%EA%B3%B3%EC%9D%84-%EC%95%8C%EB%A0%A4%EB%93%9C%EB%A6%BD%EB%8B%88%EB%8B%A4%EC%97%85%EB%8D%B0%EC%9D%B4%ED%8A%B8%EC%A4%91,YSDL,KAKAO
이혼보험,서울역사박물관,playground,서울 종로구 새문안로 55,37.57050032,126.9705464,https://ys-dl.tistory.com/entry/%EC%9D%B4%ED%98%BC%EB%B3%B4%ED%97%98-%EC%B4%AC%EC%98%81%EC%A7%80-8%EA%B3%B3%EC%9D%84-%EC%95%8C%EB%A0%A4%EB%93%9C%EB%A6%BD%EB%8B%88%EB%8B%A4%EC%97%85%EB%8D%B0%EC%9D%B4%ED%8A%B8%EC%A4%91,YSDL,KAKAO
이혼보험,인왕산,playground,서울 종로구 옥인동 산 3-39,37.58489976,126.9578444,https://ys-dl.tistory.com/entry/%EC%9D%B4%ED%98%BC%EB%B3%B4%ED%97%98-%EC%B4%AC%EC%98%81%EC%A7%80-8%EA%B3%B3%EC%9D%84-%EC%95%8C%EB%A0%A4%EB%93%9C%EB%A6%BD%EB%8B%88%EB%8B%A4%EC%97%85%EB%8D%B0%EC%9D%B4%ED%8A%B8%EC%A4%91,YSDL,KAKAO
이혼보험,송도센트럴파크,playground,인천 연수구 송도동 24-5,37.39306396,126.6386297,https://ys-dl.tistory.com/entry/%EC%9D%B4%ED%98%BC%EB%B3%B4%ED%97%98-%EC%B4%AC%EC%98%81%EC%A7%80-8%EA%B3%B3%EC%9D%84-%EC%95%8C%EB%A0%A4%EB%93%9C%EB%A6%BD%EB%8B%88%EB%8B%A4%EC%97%85%EB%8D%B0%EC%9D%B4%ED%8A%B8%EC%A4%91,YSDL,KAKAO
이혼보험,송도컨벤시아,playground,인천 연수구 센트럴로 123,37.38870981,126.6468363,https://ys-dl.tistory.com/entry/%EC%9D%B4%ED%98%BC%EB%B3%B4%ED%97%98-%EC%B4%AC%EC%98%81%EC%A7%80-8%EA%B3%B3%EC%9D%84-%EC%95%8C%EB%A0%A4%EB%93%9C%EB%A6%BD%EB%8B%88%EB%8B%A4%EC%97%85%EB%8D%B0%EC%9D%B4%ED%8A%B8%EC%A4%91,YSDL,KAKAO
이혼보험,주엽역광장,playground,경기 고양시 일산서구 주엽동 79,37.67063302,126.7615657,https://ys-dl.tistory.com/entry/%EC%9D%B4%ED%98%BC%EB%B3%B4%ED%97%98-%EC%B4%AC%EC%98%81%EC%A7%80-8%EA%B3%B3%EC%9D%84-%EC%95%8C%EB%A0%A4%EB%93%9C%EB%A6%BD%EB%8B%88%EB%8B%A4%EC%97%85%EB%8D%B0%EC%9D%B4%ED%8A%B8%EC%A4%91,YSDL,KAKAO
이혼보험,한류수변공원,playground,경기 고양시 일산동구 장항동 1785,37.65980449,126.7586266,https://ys-dl.tistory.com/entry/%EC%9D%B4%ED%98%BC%EB%B3%B4%ED%97%98-%EC%B4%AC%EC%98%81%EC%A7%80-8%EA%B3%B3%EC%9D%84-%EC%95%8C%EB%A0%A4%EB%93%9C%EB%A6%BD%EB%8B%88%EB%8B%A4%EC%97%85%EB%8D%B0%EC%9D%B4%ED%8A%B8%EC%A4%91,YSDL,KAKAO
이혼보험,일산호수공원,playground,경기 고양시 일산동구 호수로 595,37.65613604,126.7641415,https://ys-dl.tistory.com/entry/%EC%9D%B4%ED%98%BC%EB%B3%B4%ED%97%98-%EC%B4%AC%EC%98%81%EC%A7%80-8%EA%B3%B3%EC%9D%84-%EC%95%8C%EB%A0%A4%EB%93%9C%EB%A6%BD%EB%8B%88%EB%8B%A4%EC%97%85%EB%8D%B0%EC%9D%B4%ED%8A%B8%EC%A4%91,YSDL,KAKAO
이혼보험,수종사,playground,경기 남양주시 조안면 수종사길 186,37.57105042,127.3022853,https://ys-dl.tistory.com/entry/%EC%9D%B4%ED%98%BC%EB%B3%B4%ED%97%98-%EC%B4%AC%EC%98%81%EC%A7%80-8%EA%B3%B3%EC%9D%84-%EC%95%8C%EB%A0%A4%EB%93%9C%EB%A6%BD%EB%8B%88%EB%8B%A4%EC%97%85%EB%8D%B0%EC%9D%B4%ED%8A%B8%EC%A4%91,YSDL,KAKAO
이혼보험,강릉안반데기관광농원,playground,강원특별자치도 강릉시 왕산면 안반데기1길 203,37.60874191,128.7400254,https://ys-dl.tistory.com/entry/%EC%9D%B4%ED%98%BC%EB%B3%B4%ED%97%98-%EC%B4%AC%EC%98%81%EC%A7%80-8%EA%B3%B3%EC%9D%84-%EC%95%8C%EB%A0%A4%EB%93%9C%EB%A6%BD%EB%8B%88%EB%8B%A4%EC%97%85%EB%8D%B0%EC%9D%B4%ED%8A%B8%EC%A4%91,YSDL,KAKAO
이혼보험,남장사,playground,경북 상주시 남장1길 259-22,36.43085408,128.1059931,https://ys-dl.tistory.com/entry/%EC%9D%B4%ED%98%BC%EB%B3%B4%ED%97%98-%EC%B4%AC%EC%98%81%EC%A7%80-8%EA%B3%B3%EC%9D%84-%EC%95%8C%EB%A0%A4%EB%93%9C%EB%A6%BD%EB%8B%88%EB%8B%A4%EC%97%85%EB%8D%B0%EC%9D%B4%ED%8A%B8%EC%A4%91,YSDL,KAKAO
이혼보험,경천섬공원,playground,경북 상주시 중동면 오상리,36.43992435,128.2597119,https://ys-dl.tistory.com/entry/%EC%9D%B4%ED%98%BC%EB%B3%B4%ED%97%98-%EC%B4%AC%EC%98%81%EC%A7%80-8%EA%B3%B3%EC%9D%84-%EC%95%8C%EB%A0%A4%EB%93%9C%EB%A6%BD%EB%8B%88%EB%8B%A4%EC%97%85%EB%8D%B0%EC%9D%B4%ED%8A%B8%EC%A4%91,YSDL,KAKAO
이혼보험,낙동강 학전망대,playground,경북 상주시 중동면 회상리 759-4,36.44323454,128.2674163,https://ys-dl.tistory.com/entry/%EC%9D%B4%ED%98%BC%EB%B3%B4%ED%97%98-%EC%B4%AC%EC%98%81%EC%A7%80-8%EA%B3%B3%EC%9D%84-%EC%95%8C%EB%A0%A4%EB%93%9C%EB%A6%BD%EB%8B%88%EB%8B%A4%EC%97%85%EB%8D%B0%EC%9D%B4%ED%8A%B8%EC%A4%91,YSDL,KAKAO
인간수업,호수공원관리사무소,playground,경기도 고양시 일산동구 호수로 606,37.6547819,126.770815,,KCISA,KCISA
인간수업,어울마당로,playground,서울특별시 마포구 어울마당로,37.55003,126.92113,,KCISA,KCISA
인간수업,후암동엘리베이터,playground,서울특별시 용산구 소월로 109,37.5526898,126.982065,,KCISA,KCISA
인간수업,동작대교,playground,서울특별시 용산구 이촌동 동작대교,37.51041,126.981893,,KCISA,KCISA
인간수업,삼순이 계단,playground,서울특별시 중구 남산공원길 649,37.554717,126.98177,,KCISA,KCISA
인간수업,마이랜드,playground,인천광역시 중구 월미로234번길 7,37.474812,126.59889,,KCISA,KCISA
인간수업,월미테마파크,playground,인천광역시 중구 월미문화로 81,37.471305,126.59629,,KCISA,KCISA
인간수업,반야사,playground,충청남도 논산시 가야곡면 삼전길 104,36.111069,127.17345,,KCISA,KCISA
인간실격,새창로,playground,서울특별시 용산구 도원동,37.539749,126.95722,,KCISA,KCISA
인간실격,용산전자상가,playground,서울특별시 용산구 청파로 100,37.532849,126.96235,,KCISA,KCISA
인간실격,디스페이스,playground,서울특별시 종로구 평창30길 27,37.61235,126.97481,,KCISA,KCISA
인서울,경기대학교 수원캠퍼스,playground,경기도 수원시 영통구 광교산로 154-42,37.300952,127.03586,,KCISA,KCISA
인서울,한강 공원 여의도 지구,playground,서울특별시 영등포구 여의동로 290,37.5290674,126.936218,,KCISA,KCISA
인현왕후의 남자,성균관대학교 자연과학캠퍼스,playground,경기도 수원시 장안구 서부로 2066,37.293899,126.9749,,KCISA,KCISA
인현왕후의 남자,화성행궁,playground,경기도 수원시 팔달구 정조로 825,37.2818191,127.013426,,KCISA,KCISA
인현왕후의 남자,압구정로,playground,서울특별시 강남구 압구정로 436,37.526557,127.04465,,KCISA,KCISA
인현왕후의 남자,김포국제공항,playground,서울특별시 강서구 하늘길 112,37.558655,126.79228,,KCISA,KCISA
인현왕후의 남자,CJ ENM,playground,서울특별시 마포구 상암산로 66,37.578581,126.89189,,KCISA,KCISA
인현왕후의 남자,다성빌딩,playground,서울특별시 마포구 와우산로 110,37.553145,126.92562,,KCISA,KCISA
인현왕후의 남자,트루텍빌딩,playground,서울특별시 마포구 월드컵북로56길 12,37.581081,126.88797,,KCISA,KCISA
인현왕후의 남자,북촌로11길,playground,서울특별시 종로구 북촌로11길 52,37.582967,126.98348,,KCISA,KCISA
인현왕후의 남자,경복궁,playground,서울특별시 종로구 사직로 161,37.5806736,126.976952,,KCISA,KCISA
인현왕후의 남자,광화문 광장,playground,서울특별시 종로구 세종대로 175,37.5706546,126.976661,,KCISA,KCISA
인현왕후의 남자,율곡로3길,playground,서울특별시 종로구 율곡로3길,37.577811,126.98239,,KCISA,KCISA
인현왕후의 남자,명동쇼핑거리,playground,서울특별시 중구 명동길 명동쇼핑거리,37.564111,126.98609,,KCISA,KCISA
인현왕후의 남자,제주국제공항,playground,제주특별자치도 제주시 공항로 2,33.506548,126.49304,,KCISA,KCISA
일단 뜨겁게 청소하라,지혜의 숲,playground,경기도 파주시 회동길 145,37.7082492,126.686674,,KCISA,KCISA
일단 뜨겁게 청소하라,스페이스청담,playground,서울특별시 강남구 선릉로152길 30,37.524199,127.04193,,KCISA,KCISA
일단 뜨겁게 청소하라,한옥카페 선운각,playground,서울특별시 강북구 우이동 265-16,37.6549982,126.999365,,KCISA,KCISA
일단 뜨겁게 청소하라,태릉선수촌,playground,서울특별시 노원구 화랑로 727,37.63674,127.10344,,KCISA,KCISA
일단 뜨겁게 청소하라,경희대학교 서울캠퍼스,playground,서울특별시 동대문구 경희대로 26,37.595363,127.05276,,KCISA,KCISA
일단 뜨겁게 청소하라,YTN 뉴스퀘어,playground,서울특별시 마포구 상암산로 76,37.579146,126.89229,,KCISA,KCISA
일단 뜨겁게 청소하라,DMC문화공원,playground,서울특별시 마포구 월드컵북로 366,37.577736,126.89216,,KCISA,KCISA
일단 뜨겁게 청소하라,미쓰윤,playground,서울특별시 서초구 양재천로17길 3,37.475363,127.03775,,KCISA,KCISA
일단 뜨겁게 청소하라,롯데월드,playground,서울특별시 송파구 올림픽로 240,37.5112601,127.097998,,KCISA,KCISA
일단 뜨겁게 청소하라,롯데월드타워 아쿠아리움,playground,서울특별시 송파구 올림픽로 300 롯데월드몰 B1,37.512599,127.102714,,KCISA,KCISA
일단 뜨겁게 청소하라,청계천,playground,서울특별시 종로구 서린동 148,37.569205,126.97791,,KCISA,KCISA
일단 뜨겁게 청소하라,JCC크리에이티브센터,playground,서울특별시 종로구 창경궁로35길 45,37.5877669,127.002266,,KCISA,KCISA
일단 뜨겁게 청소하라,서울로7017,playground,서울특별시 중구 청파로 432,37.556524,126.97375,,KCISA,KCISA
일단 뜨겁게 청소하라,엔씨큐브,playground,인천광역시 연수구 아트센터대로 87,37.402243,126.64027,,KCISA,KCISA
일단 뜨겁게 청소하라,컨벤시아대로,playground,인천광역시 연수구 컨벤시아대로,37.392001,126.64628,,KCISA,KCISA
일리있는 사랑,인천아트플랫폼,playground,인천광역시 중구 제물량로218번길 3,37.472906,126.62001,,KCISA,KCISA
일지매,선교장,playground,강원도 강릉시 운정길 63 선교장,37.78685,128.885021,,KCISA,KCISA
일지매,한국민속촌,playground,경기도 용인시 기흥구 민속촌로 90,37.260092,127.12036,,KCISA,KCISA
일지매,문경새재 도립공원,playground,경상북도 문경시 문경읍 새재로 932,36.761562,128.076718,,KCISA,KCISA
일지매,나주영상테마파크,playground,전라남도 나주시 공산면 덕음로 450,34.979823,126.60098,,KCISA,KCISA
일지매,죽녹원,playground,전라남도 담양군 담양읍 죽녹원로 119,35.326613,126.985409,,KCISA,KCISA
일지매,성흥산 사랑나무,playground,충청남도 부여군 임천면 성흥로97번길 167,36.1971825,126.898347,,KCISA,KCISA
일타 스캔들,노들섬,playground,서울 용산구 양녕로 445,37.51766014,126.9580339,https://ys-dl.tistory.com/entry/%EC%9D%BC%ED%83%80%EC%8A%A4%EC%BA%94%EB%93%A4-%EC%B4%AC%EC%98%81%EC%A7%80-20%EA%B3%B3%EC%9D%84-%EC%95%8C%EB%A0%A4%EB%93%9C%EB%A6%BD%EB%8B%88%EB%8B%A4%EC%97%85%EB%8D%B0%EC%9D%B4%ED%8A%B8%EC%A4%91,YSDL,KAKAO
일타 스캔들,석촌호수 동호,playground,서울 송파구 신천동 32,37.51162124,127.1058999,https://ys-dl.tistory.com/entry/%EC%9D%BC%ED%83%80%EC%8A%A4%EC%BA%94%EB%93%A4-%EC%B4%AC%EC%98%81%EC%A7%80-20%EA%B3%B3%EC%9D%84-%EC%95%8C%EB%A0%A4%EB%93%9C%EB%A6%BD%EB%8B%88%EB%8B%A4%EC%97%85%EB%8D%B0%EC%9D%B4%ED%8A%B8%EC%A4%91,YSDL,KAKAO
일타 스캔들,일산문화광장,playground,경기 고양시 일산동구 장항동 845,37.65859623,126.7708021,https://ys-dl.tistory.com/entry/%EC%9D%BC%ED%83%80%EC%8A%A4%EC%BA%94%EB%93%A4-%EC%B4%AC%EC%98%81%EC%A7%80-20%EA%B3%B3%EC%9D%84-%EC%95%8C%EB%A0%A4%EB%93%9C%EB%A6%BD%EB%8B%88%EB%8B%A4%EC%97%85%EB%8D%B0%EC%9D%B4%ED%8A%B8%EC%A4%91,YSDL,KAKAO
일타 스캔들,약천사,playground,제주특별자치도 서귀포시 이어도로 293-28,33.24623622,126.4494585,https://ys-dl.tistory.com/entry/%EC%9D%BC%ED%83%80%EC%8A%A4%EC%BA%94%EB%93%A4-%EC%B4%AC%EC%98%81%EC%A7%80-20%EA%B3%B3%EC%9D%84-%EC%95%8C%EB%A0%A4%EB%93%9C%EB%A6%BD%EB%8B%88%EB%8B%A4%EC%97%85%EB%8D%B0%EC%9D%B4%ED%8A%B8%EC%A4%91,YSDL,KAKAO
자백의 대가,보문산공원,playground,대전 중구 보문산공원로 440,36.30878581,127.4231502,https://ys-dl.tistory.com/entry/%EC%9E%90%EB%B0%B1%EC%9D%98-%EB%8C%80%EA%B0%80-%EC%B4%AC%EC%98%81%EC%A7%80-9%EA%B3%B3%EC%9D%84-%EC%95%8C%EB%A0%A4%EB%93%9C%EB%A6%BD%EB%8B%88%EB%8B%A4%EC%97%85%EB%8D%B0%EC%9D%B4%ED%8A%B8%EC%A4%91,YSDL,KAKAO
자이언트,동명동성당,playground,강원도 속초시 영랑로7길 10-5,38.21326,128.595325,,KCISA,KCISA
자이언트,안성팜랜드,playground,경기도 안성시 공도읍 대신두길 28,36.9904684,127.194467,,KCISA,KCISA
자이언트,두모마을,playground,경상남도 남해군 상주면 양아로533번길 18,34.734003,127.955332,,KCISA,KCISA
자이언트,남해 염해마을,playground,경상남도 남해군 서면 남서대로2309번길 72-20,34.856664,127.812073,,KCISA,KCISA
자이언트,염해등대,playground,경상남도 남해군 서면 노구리 산174-2,34.863793,127.810929,,KCISA,KCISA
자이언트,합천 영상 테마파크,playground,경상남도 합천군 용주면 합천호수로 757,35.5489346,128.072475,,KCISA,KCISA
자이언트,아셈타워,playground,서울특별시 강남구 영동대로 517,37.513147,127.05974,,KCISA,KCISA
자이언트,김포국제공항,playground,서울특별시 강서구 하늘길 112,37.558655,126.79228,,KCISA,KCISA
자이언트,서대문형무소역사관,playground,서울특별시 서대문구 통일로 251,37.574692,126.95649,,KCISA,KCISA
자이언트,순천드라마촬영장,playground,전라남도 순천시 비례골길 24,34.957729,127.53832,,KCISA,KCISA
자이언트,신성리 갈대밭,playground,충청남도 서천군 한산면 신성리 125-1,36.068336,126.86074,,KCISA,KCISA
자체발광 오피스,일산호수공원,playground,경기도 고양시 일산동구 호수로 731,37.658769,126.76252,,KCISA,KCISA
자체발광 오피스,MBC문화방송 본사,playground,서울특별시 마포구 성암로 267,37.58105,126.89056,,KCISA,KCISA
자체발광 오피스,동작대교,playground,서울특별시 용산구 이촌동 동작대교,37.51041,126.981893,,KCISA,KCISA
작은 아씨들,압구정로,playground,서울특별시 강남구 압구정로 436,37.526557,127.04465,,KCISA,KCISA
작은 아씨들,서울로7017,playground,서울특별시 중구 청파로 432,37.556524,126.97375,,KCISA,KCISA
잔혹한 인턴,여의도한강공원,playground,서울 영등포구 여의도동 85,37.5263886,126.9351293,https://ys-dl.tistory.com/entry/%EC%9E%94%ED%98%B9%ED%95%9C-%EC%9D%B8%ED%84%B4-%EC%B4%AC%EC%98%81%EC%A7%80-10%EA%B3%B3%EC%9D%84-%EC%95%8C%EB%A0%A4%EB%93%9C%EB%A6%BD%EB%8B%88%EB%8B%A4%EC%97%85%EB%8D%B0%EC%9D%B4%ED%8A%B8%EC%A4%91,YSDL,KAKAO
잔혹한 인턴,뚝섬한강공원,playground,서울 광진구 자양동 427-6,37.52929744,127.0689211,https://ys-dl.tistory.com/entry/%EC%9E%94%ED%98%B9%ED%95%9C-%EC%9D%B8%ED%84%B4-%EC%B4%AC%EC%98%81%EC%A7%80-10%EA%B3%B3%EC%9D%84-%EC%95%8C%EB%A0%A4%EB%93%9C%EB%A6%BD%EB%8B%88%EB%8B%A4%EC%97%85%EB%8D%B0%EC%9D%B4%ED%8A%B8%EC%A4%91,YSDL,KAKAO
잘 하고 싶어,서경대학교,playground,서울특별시 성북구 서경로 124,37.6150933,127.012403,,KCISA,KCISA
장난스런 키스,벽초지수목원,playground,경기도 파주시 광탄면 부흥로 242,37.800977,126.873712,,KCISA,KCISA
장난스런 키스,용산가족공원,playground,서울특별시 용산구 서빙고로 137,37.521532,126.98392,,KCISA,KCISA
장난스런 키스,아프리카박물관,playground,제주특별자치도 서귀포시 이어도로 49,33.239688,126.42943,,KCISA,KCISA
장미빛 연인들,남이섬,playground,강원도 춘천시 남산면 남이섬길 1,37.789935,127.52581,,KCISA,KCISA
장미빛 연인들,서강대교,playground,서울특별시 영등포구 여의도동 서강대교,37.536911,126.92495,,KCISA,KCISA
장미빛 연인들,HW컨벤션센터,playground,서울특별시 종로구 자하문로 255,37.597064,126.96244,,KCISA,KCISA
"장옥정, 사랑에 살다",화성행궁,playground,경기도 수원시 팔달구 정조로 825,37.2818191,127.013426,,KCISA,KCISA
"장옥정, 사랑에 살다",광한루원,playground,전라북도 남원시 요천로 1447,35.403918,127.379758,,KCISA,KCISA
장희빈,경복궁,playground,서울특별시 종로구 사직로 161,37.5806736,126.976952,,KCISA,KCISA
재벌X형사,서대문형무소역사관,playground,서울 서대문구 통일로 251,37.57460869,126.9556122,https://ys-dl.tistory.com/entry/%EC%9E%AC%EB%B2%8CX%ED%98%95%EC%82%AC-%EC%B4%AC%EC%98%81%EC%A7%80-8%EA%B3%B3%EC%9D%84-%EC%95%8C%EB%A0%A4%EB%93%9C%EB%A6%BD%EB%8B%88%EB%8B%A4%EC%97%85%EB%8D%B0%EC%9D%B4%ED%8A%B8%EC%A4%91,YSDL,KAKAO
재벌X형사,가온문화공원,playground,서울 마포구 상암동 1594,37.58191481,126.8876787,https://ys-dl.tistory.com/entry/%EC%9E%AC%EB%B2%8CX%ED%98%95%EC%82%AC-%EC%B4%AC%EC%98%81%EC%A7%80-8%EA%B3%B3%EC%9D%84-%EC%95%8C%EB%A0%A4%EB%93%9C%EB%A6%BD%EB%8B%88%EB%8B%A4%EC%97%85%EB%8D%B0%EC%9D%B4%ED%8A%B8%EC%A4%91,YSDL,KAKAO
재벌X형사,독서당어린이공원,playground,서울 용산구 한남동 1-32,37.53446341,127.0124682,https://ys-dl.tistory.com/entry/%EC%9E%AC%EB%B2%8CX%ED%98%95%EC%82%AC-%EC%B4%AC%EC%98%81%EC%A7%80-8%EA%B3%B3%EC%9D%84-%EC%95%8C%EB%A0%A4%EB%93%9C%EB%A6%BD%EB%8B%88%EB%8B%A4%EC%97%85%EB%8D%B0%EC%9D%B4%ED%8A%B8%EC%A4%91,YSDL,KAKAO
재벌X형사,반포한강공원,playground,서울 서초구 반포동 115-5,37.51081993,126.997161,https://ys-dl.tistory.com/entry/%EC%9E%AC%EB%B2%8CX%ED%98%95%EC%82%AC-%EC%B4%AC%EC%98%81%EC%A7%80-8%EA%B3%B3%EC%9D%84-%EC%95%8C%EB%A0%A4%EB%93%9C%EB%A6%BD%EB%8B%88%EB%8B%A4%EC%97%85%EB%8D%B0%EC%9D%B4%ED%8A%B8%EC%A4%91,YSDL,KAKAO
재벌X형사,미메시스 아트 뮤지엄,playground,경기 파주시 문발로 253,37.71679273,126.6889188,https://ys-dl.tistory.com/entry/%EC%9E%AC%EB%B2%8CX%ED%98%95%EC%82%AC-%EC%B4%AC%EC%98%81%EC%A7%80-8%EA%B3%B3%EC%9D%84-%EC%95%8C%EB%A0%A4%EB%93%9C%EB%A6%BD%EB%8B%88%EB%8B%A4%EC%97%85%EB%8D%B0%EC%9D%B4%ED%8A%B8%EC%A4%91,YSDL,KAKAO
재벌X형사,일산호수공원,playground,경기 고양시 일산동구 호수로 595,37.65613604,126.7641415,https://ys-dl.tistory.com/entry/%EC%9E%AC%EB%B2%8CX%ED%98%95%EC%82%AC-%EC%B4%AC%EC%98%81%EC%A7%80-8%EA%B3%B3%EC%9D%84-%EC%95%8C%EB%A0%A4%EB%93%9C%EB%A6%BD%EB%8B%88%EB%8B%A4%EC%97%85%EB%8D%B0%EC%9D%B4%ED%8A%B8%EC%A4%91,YSDL,KAKAO
재벌X형사,온빛자연휴양림,playground,충남 논산시 벌곡면 황룡재로 480-113,36.20283719,127.2525054,https://ys-dl.tistory.com/entry/%EC%9E%AC%EB%B2%8CX%ED%98%95%EC%82%AC-%EC%B4%AC%EC%98%81%EC%A7%80-8%EA%B3%B3%EC%9D%84-%EC%95%8C%EB%A0%A4%EB%93%9C%EB%A6%BD%EB%8B%88%EB%8B%A4%EC%97%85%EB%8D%B0%EC%9D%B4%ED%8A%B8%EC%A4%91,YSDL,KAKAO
재벌X형사,선샤인스튜디오,playground,충남 논산시 연무읍 봉황로 90,36.10274483,127.1048191,https://ys-dl.tistory.com/entry/%EC%9E%AC%EB%B2%8CX%ED%98%95%EC%82%AC-%EC%B4%AC%EC%98%81%EC%A7%80-8%EA%B3%B3%EC%9D%84-%EC%95%8C%EB%A0%A4%EB%93%9C%EB%A6%BD%EB%8B%88%EB%8B%A4%EC%97%85%EB%8D%B0%EC%9D%B4%ED%8A%B8%EC%A4%91,YSDL,KAKAO
재벌X형사,서울마리나 야외광장,playground,서울 영등포구 여의도동 81-8,37.5345825,126.9117946,https://ys-dl.tistory.com/entry/%EC%9E%AC%EB%B2%8Cx%ED%98%95%EC%82%AC2-%EC%B4%AC%EC%98%81%EC%A7%80-10%EA%B3%B3%EC%9D%84-%EC%95%8C%EB%A0%A4%EB%93%9C%EB%A6%BD%EB%8B%88%EB%8B%A4%EC%97%85%EB%8D%B0%EC%9D%B4%ED%8A%B8%EC%A4%91,YSDL,KAKAO
재벌X형사,이촌한강공원,playground,서울 용산구 이촌로72길 62,37.51724044,126.9705266,https://ys-dl.tistory.com/entry/%EC%9E%AC%EB%B2%8Cx%ED%98%95%EC%82%AC2-%EC%B4%AC%EC%98%81%EC%A7%80-10%EA%B3%B3%EC%9D%84-%EC%95%8C%EB%A0%A4%EB%93%9C%EB%A6%BD%EB%8B%88%EB%8B%A4%EC%97%85%EB%8D%B0%EC%9D%B4%ED%8A%B8%EC%A4%91,YSDL,KAKAO
재벌X형사,미메시스 아트 뮤지엄,playground,경기 파주시 문발로 253,37.71679273,126.6889188,https://ys-dl.tistory.com/entry/%EC%9E%AC%EB%B2%8Cx%ED%98%95%EC%82%AC2-%EC%B4%AC%EC%98%81%EC%A7%80-10%EA%B3%B3%EC%9D%84-%EC%95%8C%EB%A0%A4%EB%93%9C%EB%A6%BD%EB%8B%88%EB%8B%A4%EC%97%85%EB%8D%B0%EC%9D%B4%ED%8A%B8%EC%A4%91,YSDL,KAKAO
재벌X형사,단양사격테마파크,playground,충북 단양군 단양읍 노동장현로 207-17,36.96296291,128.3924028,https://ys-dl.tistory.com/entry/%EC%9E%AC%EB%B2%8Cx%ED%98%95%EC%82%AC2-%EC%B4%AC%EC%98%81%EC%A7%80-10%EA%B3%B3%EC%9D%84-%EC%95%8C%EB%A0%A4%EB%93%9C%EB%A6%BD%EB%8B%88%EB%8B%A4%EC%97%85%EB%8D%B0%EC%9D%B4%ED%8A%B8%EC%A4%91,YSDL,KAKAO
재벌집 막내아들,공근혜갤러리,playground,서울 종로구 삼청로7길 38,37.58404598,126.9796187,https://ys-dl.tistory.com/entry/%EC%9E%AC%EB%B2%8C%EC%A7%91-%EB%A7%89%EB%82%B4%EC%95%84%EB%93%A4-%EC%B4%AC%EC%98%81%EC%A7%80-16%EA%B3%B3%EC%9D%84-%EC%95%8C%EB%A0%A4%EB%93%9C%EB%A6%BD%EB%8B%88%EB%8B%A4%EC%97%85%EB%8D%B0%EC%9D%B4%ED%8A%B8%EC%A4%91,YSDL,KAKAO
재벌집 막내아들,세종문화회관,playground,서울 종로구 세종대로 175,37.57259452,126.9757787,https://ys-dl.tistory.com/entry/%EC%9E%AC%EB%B2%8C%EC%A7%91-%EB%A7%89%EB%82%B4%EC%95%84%EB%93%A4-%EC%B4%AC%EC%98%81%EC%A7%80-16%EA%B3%B3%EC%9D%84-%EC%95%8C%EB%A0%A4%EB%93%9C%EB%A6%BD%EB%8B%88%EB%8B%A4%EC%97%85%EB%8D%B0%EC%9D%B4%ED%8A%B8%EC%A4%91,YSDL,KAKAO
재벌집 막내아들,덕수궁돌담길,playground,서울 중구 세종대로 지하 101,37.56497658,126.9756646,https://ys-dl.tistory.com/entry/%EC%9E%AC%EB%B2%8C%EC%A7%91-%EB%A7%89%EB%82%B4%EC%95%84%EB%93%A4-%EC%B4%AC%EC%98%81%EC%A7%80-16%EA%B3%B3%EC%9D%84-%EC%95%8C%EB%A0%A4%EB%93%9C%EB%A6%BD%EB%8B%88%EB%8B%A4%EC%97%85%EB%8D%B0%EC%9D%B4%ED%8A%B8%EC%A4%91,YSDL,KAKAO
재벌집 막내아들,가회동백인제가옥,playground,서울 종로구 북촌로7길 16,37.58081752,126.984173,https://ys-dl.tistory.com/entry/%EC%9E%AC%EB%B2%8C%EC%A7%91-%EB%A7%89%EB%82%B4%EC%95%84%EB%93%A4-%EC%B4%AC%EC%98%81%EC%A7%80-16%EA%B3%B3%EC%9D%84-%EC%95%8C%EB%A0%A4%EB%93%9C%EB%A6%BD%EB%8B%88%EB%8B%A4%EC%97%85%EB%8D%B0%EC%9D%B4%ED%8A%B8%EC%A4%91,YSDL,KAKAO
재벌집 막내아들,전쟁기념관,playground,서울 용산구 이태원로 29,37.53706845,126.977088,https://ys-dl.tistory.com/entry/%EC%9E%AC%EB%B2%8C%EC%A7%91-%EB%A7%89%EB%82%B4%EC%95%84%EB%93%A4-%EC%B4%AC%EC%98%81%EC%A7%80-16%EA%B3%B3%EC%9D%84-%EC%95%8C%EB%A0%A4%EB%93%9C%EB%A6%BD%EB%8B%88%EB%8B%A4%EC%97%85%EB%8D%B0%EC%9D%B4%ED%8A%B8%EC%A4%91,YSDL,KAKAO
재벌집 막내아들,성남시식물원 사계절초록온실,playground,경기 성남시 중원구 은행동 1932,37.45292822,127.1664742,https://ys-dl.tistory.com/entry/%EC%9E%AC%EB%B2%8C%EC%A7%91-%EB%A7%89%EB%82%B4%EC%95%84%EB%93%A4-%EC%B4%AC%EC%98%81%EC%A7%80-16%EA%B3%B3%EC%9D%84-%EC%95%8C%EB%A0%A4%EB%93%9C%EB%A6%BD%EB%8B%88%EB%8B%A4%EC%97%85%EB%8D%B0%EC%9D%B4%ED%8A%B8%EC%A4%91,YSDL,KAKAO
저글러스,아침고요수목원,playground,경기도 가평군 상면 수목원로 432,37.742485,127.35173,,KCISA,KCISA
저글러스,네오위즈,playground,경기도 성남시 분당구 대왕판교로645번길 14,37.400557,127.104395,,KCISA,KCISA
저글러스,아이앤씨테크놀로지,playground,경기도 성남시 분당구 판교로255번길 24,37.405082,127.10111,,KCISA,KCISA
저글러스,용인공원,playground,경기도 용인시 처인구 모현읍 새래로 158-33,37.298496,127.2542,,KCISA,KCISA
저글러스,바람뜰,playground,경기도 파주시 탄현면 법흥로 100-1,37.776558,126.70661,,KCISA,KCISA
저글러스,청마루부동산,playground,서울특별시 마포구 독막로 209,37.547551,126.93688,,KCISA,KCISA
저글러스,휴머니스트출판그룹,playground,서울특별시 마포구 동교로23길 76,37.558952,126.91842,,KCISA,KCISA
저글러스,망원한강공원,playground,서울특별시 마포구 마포나루길 467,37.55347,126.89816,,KCISA,KCISA
저글러스,어울마당로,playground,서울특별시 마포구 어울마당로,37.55003,126.92113,,KCISA,KCISA
저글러스,동작대교,playground,서울특별시 용산구 이촌동 동작대교,37.51041,126.981893,,KCISA,KCISA
저글러스,국립현대미술관 서울,playground,서울특별시 종로구 삼청로 30,37.5794091,126.9803691,,KCISA,KCISA
저글러스,삼순이 계단,playground,서울특별시 중구 남산공원길 649,37.554717,126.98177,,KCISA,KCISA
저글러스,열우물 벽화마을,playground,인천광역시 부평구 열우물로102번길 35-2,37.477439,126.69753,,KCISA,KCISA
저글러스,연미스튜디오,playground,전라북도 전주시 완산구 팔달로 22-2,35.804675,127.14935,,KCISA,KCISA
저녁 같이 드실래요,훼릭스,playground,경기도 고양시 덕양구 고양대로 1624,37.647408,126.86149,,KCISA,KCISA
저녁 같이 드실래요,일산 비버리 힐스,playground,경기도 고양시 일산동구 강송로218번길 40,37.658382,126.78377,,KCISA,KCISA
저녁 같이 드실래요,라페스타,playground,경기도 고양시 일산동구 중앙로 1305-56,37.661839,126.76796,,KCISA,KCISA
저녁 같이 드실래요,노량진로,playground,서울특별시 동작구 노량진로,37.513432,126.94016,,KCISA,KCISA
저녁 같이 드실래요,제주국제공항,playground,제주특별자치도 제주시 공항로 2,33.506548,126.49304,,KCISA,KCISA
저녁 같이 드실래요,김녕해수욕장,playground,제주특별자치도 제주시 구좌읍 해맞이해안로 7-6,33.557718,126.75956,,KCISA,KCISA
저녁 같이 드실래요,지중해마을,playground,충청남도 아산시 탕정면 탕정면로8번길 55-7,36.797302,127.06058,,KCISA,KCISA
저스티스,서울중앙지방법원,playground,서울특별시 서초구 서초중앙로 157,37.496068,127.01148,,KCISA,KCISA
저스티스,장흥교도소 세트장,playground,전라남도 장흥군 장흥읍 원도리 191,34.686804,126.91329,,KCISA,KCISA
전설의 고향,광한루원,playground,전라북도 남원시 요천로 1447,35.403918,127.379758,,KCISA,KCISA
전설의 마녀,한국종합인재개발원,playground,경기도 가평군 청평면 북한강로1636번길 36-6,37.666429,127.38539,,KCISA,KCISA
전설의 마녀,HW컨벤션센터,playground,서울특별시 종로구 자하문로 255,37.597064,126.96244,,KCISA,KCISA
전설의 마녀,제주국제공항,playground,제주특별자치도 제주시 공항로 2,33.506548,126.49304,,KCISA,KCISA
전우치,나주영상테마파크,playground,전라남도 나주시 공산면 덕음로 450,34.979823,126.60098,,KCISA,KCISA
절대 그이,삼탄아트마인,playground,강원도 정선군 고한읍 함백산로 1445-44,37.185266,128.88212,,KCISA,KCISA
절대 그이,판교 성프란치스코성당,playground,경기도 성남시 분당구 서판교로 125,37.397496,127.09671,,KCISA,KCISA
절대 그이,성남아트센터,playground,경기도 성남시 분당구 성남대로 808,37.403089,127.13133,,KCISA,KCISA
절대 그이,누리꿈스퀘어빌딩,playground,서울특별시 마포구 연남동 396,37.579272,126.89028,,KCISA,KCISA
절대 그이,그레이포그 (구 굿베리엔터테인먼트),playground,서울특별시 서대문구 북아현로 114,37.565169,126.95108,,KCISA,KCISA
절대 그이,롯데월드,playground,서울특별시 송파구 올림픽로 240,37.5112601,127.097998,,KCISA,KCISA
절대 그이,이랜드크루즈,playground,서울특별시 영등포구 여의동로 280,37.5290674,126.936218,,KCISA,KCISA
절대 그이,담양레이나CC,playground,전라남도 담양군 다양 읍 깊은 실길 169,35.310369,127.01734,,KCISA,KCISA
정년이,국립기상박물관,playground,서울 종로구 송월길 52,37.57141639,126.9662649,https://ys-dl.tistory.com/entry/%EC%A0%95%EB%85%84%EC%9D%B4-%EC%B4%AC%EC%98%81%EC%A7%80-7%EA%B3%B3%EC%9D%84-%EC%95%8C%EB%A0%A4%EB%93%9C%EB%A6%BD%EB%8B%88%EB%8B%A4%EC%97%85%EB%8D%B0%EC%9D%B4%ED%8A%B8%EC%A4%91,YSDL,KAKAO
정년이,가회동백인제가옥,playground,서울 종로구 북촌로7길 16,37.58081752,126.984173,https://ys-dl.tistory.com/entry/%EC%A0%95%EB%85%84%EC%9D%B4-%EC%B4%AC%EC%98%81%EC%A7%80-7%EA%B3%B3%EC%9D%84-%EC%95%8C%EB%A0%A4%EB%93%9C%EB%A6%BD%EB%8B%88%EB%8B%A4%EC%97%85%EB%8D%B0%EC%9D%B4%ED%8A%B8%EC%A4%91,YSDL,KAKAO
정년이,구 천도교중앙총부 본관,playground,서울 강북구 삼양로173길 107-12,37.66051977,127.0064826,https://ys-dl.tistory.com/entry/%EC%A0%95%EB%85%84%EC%9D%B4-%EC%B4%AC%EC%98%81%EC%A7%80-7%EA%B3%B3%EC%9D%84-%EC%95%8C%EB%A0%A4%EB%93%9C%EB%A6%BD%EB%8B%88%EB%8B%A4%EC%97%85%EB%8D%B0%EC%9D%B4%ED%8A%B8%EC%A4%91,YSDL,KAKAO
정년이,우일각,playground,인천 강화군 길상면 온수길 74,37.63994159,126.4865832,https://ys-dl.tistory.com/entry/%EC%A0%95%EB%85%84%EC%9D%B4-%EC%B4%AC%EC%98%81%EC%A7%80-7%EA%B3%B3%EC%9D%84-%EC%95%8C%EB%A0%A4%EB%93%9C%EB%A6%BD%EB%8B%88%EB%8B%A4%EC%97%85%EB%8D%B0%EC%9D%B4%ED%8A%B8%EC%A4%91,YSDL,KAKAO
정년이,강릉선교장,playground,강원특별자치도 강릉시 운정길 63,37.78664257,128.8851742,https://ys-dl.tistory.com/entry/%EC%A0%95%EB%85%84%EC%9D%B4-%EC%B4%AC%EC%98%81%EC%A7%80-7%EA%B3%B3%EC%9D%84-%EC%95%8C%EB%A0%A4%EB%93%9C%EB%A6%BD%EB%8B%88%EB%8B%A4%EC%97%85%EB%8D%B0%EC%9D%B4%ED%8A%B8%EC%A4%91,YSDL,KAKAO
정년이,운보의집,playground,충북 청주시 청원구 내수읍 형동2길 92-41,36.69223114,127.5651097,https://ys-dl.tistory.com/entry/%EC%A0%95%EB%85%84%EC%9D%B4-%EC%B4%AC%EC%98%81%EC%A7%80-7%EA%B3%B3%EC%9D%84-%EC%95%8C%EB%A0%A4%EB%93%9C%EB%A6%BD%EB%8B%88%EB%8B%A4%EC%97%85%EB%8D%B0%EC%9D%B4%ED%8A%B8%EC%A4%91,YSDL,KAKAO
정년이,청남대,playground,충북 청주시 상당구 문의면 청남대길 646,36.46284608,127.4917654,https://ys-dl.tistory.com/entry/%EC%A0%95%EB%85%84%EC%9D%B4-%EC%B4%AC%EC%98%81%EC%A7%80-7%EA%B3%B3%EC%9D%84-%EC%95%8C%EB%A0%A4%EB%93%9C%EB%A6%BD%EB%8B%88%EB%8B%A4%EC%97%85%EB%8D%B0%EC%9D%B4%ED%8A%B8%EC%A4%91,YSDL,KAKAO
정년이,선샤인스튜디오,playground,충남 논산시 연무읍 봉황로 90,36.10274483,127.1048191,https://ys-dl.tistory.com/entry/%EC%A0%95%EB%85%84%EC%9D%B4-%EC%B4%AC%EC%98%81%EC%A7%80-7%EA%B3%B3%EC%9D%84-%EC%95%8C%EB%A0%A4%EB%93%9C%EB%A6%BD%EB%8B%88%EB%8B%A4%EC%97%85%EB%8D%B0%EC%9D%B4%ED%8A%B8%EC%A4%91,YSDL,KAKAO
정년이,궁항전라좌수영 세트장,playground,전북특별자치도 부안군 변산면 궁항영상길 91,35.61010461,126.466286,https://ys-dl.tistory.com/entry/%EC%A0%95%EB%85%84%EC%9D%B4-%EC%B4%AC%EC%98%81%EC%A7%80-7%EA%B3%B3%EC%9D%84-%EC%95%8C%EB%A0%A4%EB%93%9C%EB%A6%BD%EB%8B%88%EB%8B%A4%EC%97%85%EB%8D%B0%EC%9D%B4%ED%8A%B8%EC%A4%91,YSDL,KAKAO
정년이,전주향교,playground,전북특별자치도 전주시 완산구 향교길 139,35.81275813,127.157134,https://ys-dl.tistory.com/entry/%EC%A0%95%EB%85%84%EC%9D%B4-%EC%B4%AC%EC%98%81%EC%A7%80-7%EA%B3%B3%EC%9D%84-%EC%95%8C%EB%A0%A4%EB%93%9C%EB%A6%BD%EB%8B%88%EB%8B%A4%EC%97%85%EB%8D%B0%EC%9D%B4%ED%8A%B8%EC%A4%91,YSDL,KAKAO
정년이,선운사,playground,전북특별자치도 고창군 아산면 선운사로 250,35.49723407,126.578159,https://ys-dl.tistory.com/entry/%EC%A0%95%EB%85%84%EC%9D%B4-%EC%B4%AC%EC%98%81%EC%A7%80-7%EA%B3%B3%EC%9D%84-%EC%95%8C%EB%A0%A4%EB%93%9C%EB%A6%BD%EB%8B%88%EB%8B%A4%EC%97%85%EB%8D%B0%EC%9D%B4%ED%8A%B8%EC%A4%91,YSDL,KAKAO
정년이,광한루원,playground,전북특별자치도 남원시 요천로 1447,35.40391878,127.3797814,https://ys-dl.tistory.com/entry/%EC%A0%95%EB%85%84%EC%9D%B4-%EC%B4%AC%EC%98%81%EC%A7%80-7%EA%B3%B3%EC%9D%84-%EC%95%8C%EB%A0%A4%EB%93%9C%EB%A6%BD%EB%8B%88%EB%8B%A4%EC%97%85%EB%8D%B0%EC%9D%B4%ED%8A%B8%EC%A4%91,YSDL,KAKAO
정년이,순천 낙안읍성,playground,전남광주통합특별시 순천시 낙안면 충민길 30,34.90631043,127.3417772,https://ys-dl.tistory.com/entry/%EC%A0%95%EB%85%84%EC%9D%B4-%EC%B4%AC%EC%98%81%EC%A7%80-7%EA%B3%B3%EC%9D%84-%EC%95%8C%EB%A0%A4%EB%93%9C%EB%A6%BD%EB%8B%88%EB%8B%A4%EC%97%85%EB%8D%B0%EC%9D%B4%ED%8A%B8%EC%A4%91,YSDL,KAKAO
정년이,순천드라마촬영장,playground,전남광주통합특별시 순천시 비례골길 24,34.9570842,127.5380338,https://ys-dl.tistory.com/entry/%EC%A0%95%EB%85%84%EC%9D%B4-%EC%B4%AC%EC%98%81%EC%A7%80-7%EA%B3%B3%EC%9D%84-%EC%95%8C%EB%A0%A4%EB%93%9C%EB%A6%BD%EB%8B%88%EB%8B%A4%EC%97%85%EB%8D%B0%EC%9D%B4%ED%8A%B8%EC%A4%91,YSDL,KAKAO
정년이,서편제촬영지,playground,전남광주통합특별시 완도군 청산면 당락리,34.17191238,126.8622274,https://ys-dl.tistory.com/entry/%EC%A0%95%EB%85%84%EC%9D%B4-%EC%B4%AC%EC%98%81%EC%A7%80-7%EA%B3%B3%EC%9D%84-%EC%95%8C%EB%A0%A4%EB%93%9C%EB%A6%BD%EB%8B%88%EB%8B%A4%EC%97%85%EB%8D%B0%EC%9D%B4%ED%8A%B8%EC%A4%91,YSDL,KAKAO
정년이,천선대,playground,전남광주통합특별시 여수시 화정면 낭도리 산 112,34.59655613,127.5468392,https://ys-dl.tistory.com/entry/%EC%A0%95%EB%85%84%EC%9D%B4-%EC%B4%AC%EC%98%81%EC%A7%80-7%EA%B3%B3%EC%9D%84-%EC%95%8C%EB%A0%A4%EB%93%9C%EB%A6%BD%EB%8B%88%EB%8B%A4%EC%97%85%EB%8D%B0%EC%9D%B4%ED%8A%B8%EC%A4%91,YSDL,KAKAO
정년이,경주오릉,playground,경북 경주시 포석로 907,35.82319495,129.2082906,https://ys-dl.tistory.com/entry/%EC%A0%95%EB%85%84%EC%9D%B4-%EC%B4%AC%EC%98%81%EC%A7%80-7%EA%B3%B3%EC%9D%84-%EC%95%8C%EB%A0%A4%EB%93%9C%EB%A6%BD%EB%8B%88%EB%8B%A4%EC%97%85%EB%8D%B0%EC%9D%B4%ED%8A%B8%EC%A4%91,YSDL,KAKAO
정년이,함양 일두 정여창 고택,playground,경남 함양군 지곡면 개평길 50-13,35.56632692,127.7681729,https://ys-dl.tistory.com/entry/%EC%A0%95%EB%85%84%EC%9D%B4-%EC%B4%AC%EC%98%81%EC%A7%80-7%EA%B3%B3%EC%9D%84-%EC%95%8C%EB%A0%A4%EB%93%9C%EB%A6%BD%EB%8B%88%EB%8B%A4%EC%97%85%EB%8D%B0%EC%9D%B4%ED%8A%B8%EC%A4%91,YSDL,KAKAO
정년이,합천영상테마파크,playground,경남 합천군 용주면 합천호수로 757,35.54875124,128.0718461,https://ys-dl.tistory.com/entry/%EC%A0%95%EB%85%84%EC%9D%B4-%EC%B4%AC%EC%98%81%EC%A7%80-7%EA%B3%B3%EC%9D%84-%EC%95%8C%EB%A0%A4%EB%93%9C%EB%A6%BD%EB%8B%88%EB%8B%A4%EC%97%85%EB%8D%B0%EC%9D%B4%ED%8A%B8%EC%A4%91,YSDL,KAKAO
정년이,경남도민의집,playground,경남 창원시 성산구 외동반림로248번길 36,35.23671846,128.6817781,https://ys-dl.tistory.com/entry/%EC%A0%95%EB%85%84%EC%9D%B4-%EC%B4%AC%EC%98%81%EC%A7%80-7%EA%B3%B3%EC%9D%84-%EC%95%8C%EB%A0%A4%EB%93%9C%EB%A6%BD%EB%8B%88%EB%8B%A4%EC%97%85%EB%8D%B0%EC%9D%B4%ED%8A%B8%EC%A4%91,YSDL,KAKAO
정년이,시루섬,playground,경남 고성군 하이면 덕명리 산 205-1,34.8915213,128.1386866,https://ys-dl.tistory.com/entry/%EC%A0%95%EB%85%84%EC%9D%B4-%EC%B4%AC%EC%98%81%EC%A7%80-7%EA%B3%B3%EC%9D%84-%EC%95%8C%EB%A0%A4%EB%93%9C%EB%A6%BD%EB%8B%88%EB%8B%A4%EC%97%85%EB%8D%B0%EC%9D%B4%ED%8A%B8%EC%A4%91,YSDL,KAKAO
정숙한 세일즈,문화극장,playground,경기 동두천시 동광로 66,37.90828945,127.0558142,https://ys-dl.tistory.com/entry/%EC%A0%95%EC%88%99%ED%95%9C-%EC%84%B8%EC%9D%BC%EC%A6%88-%EC%B4%AC%EC%98%81%EC%A7%80-11%EA%B3%B3%EC%9D%84-%EC%95%8C%EB%A0%A4%EB%93%9C%EB%A6%BD%EB%8B%88%EB%8B%A4%EC%97%85%EB%8D%B0%EC%9D%B4%ED%8A%B8%EC%A4%91,YSDL,KAKAO
정숙한 세일즈,의림지파크랜드,playground,충북 제천시 의림지로 24,37.17509314,128.2086214,https://ys-dl.tistory.com/entry/%EC%A0%95%EC%88%99%ED%95%9C-%EC%84%B8%EC%9D%BC%EC%A6%88-%EC%B4%AC%EC%98%81%EC%A7%80-11%EA%B3%B3%EC%9D%84-%EC%95%8C%EB%A0%A4%EB%93%9C%EB%A6%BD%EB%8B%88%EB%8B%A4%EC%97%85%EB%8D%B0%EC%9D%B4%ED%8A%B8%EC%A4%91,YSDL,KAKAO
정숙한 세일즈,아산건재고택,playground,충남 아산시 송악면 외암민속길 19-6,36.73045242,127.0159687,https://ys-dl.tistory.com/entry/%EC%A0%95%EC%88%99%ED%95%9C-%EC%84%B8%EC%9D%BC%EC%A6%88-%EC%B4%AC%EC%98%81%EC%A7%80-11%EA%B3%B3%EC%9D%84-%EC%95%8C%EB%A0%A4%EB%93%9C%EB%A6%BD%EB%8B%88%EB%8B%A4%EC%97%85%EB%8D%B0%EC%9D%B4%ED%8A%B8%EC%A4%91,YSDL,KAKAO
정숙한 세일즈,논산천,playground,충남 논산시 양촌면 신흥리,36.15803313,127.2010013,https://ys-dl.tistory.com/entry/%EC%A0%95%EC%88%99%ED%95%9C-%EC%84%B8%EC%9D%BC%EC%A6%88-%EC%B4%AC%EC%98%81%EC%A7%80-11%EA%B3%B3%EC%9D%84-%EC%95%8C%EB%A0%A4%EB%93%9C%EB%A6%BD%EB%8B%88%EB%8B%A4%EC%97%85%EB%8D%B0%EC%9D%B4%ED%8A%B8%EC%A4%91,YSDL,KAKAO
정숙한 세일즈,전북천리길 부안 모항 갯벌 체험길,playground,전북특별자치도 부안군 변산면 도청리 산 1-141,35.58487669,126.502925,https://ys-dl.tistory.com/entry/%EC%A0%95%EC%88%99%ED%95%9C-%EC%84%B8%EC%9D%BC%EC%A6%88-%EC%B4%AC%EC%98%81%EC%A7%80-11%EA%B3%B3%EC%9D%84-%EC%95%8C%EB%A0%A4%EB%93%9C%EB%A6%BD%EB%8B%88%EB%8B%A4%EC%97%85%EB%8D%B0%EC%9D%B4%ED%8A%B8%EC%A4%91,YSDL,KAKAO
정숙한 세일즈,용담섬바위,playground,전북특별자치도 진안군 용담면 송풍리 1875-152,35.95330145,127.5298102,https://ys-dl.tistory.com/entry/%EC%A0%95%EC%88%99%ED%95%9C-%EC%84%B8%EC%9D%BC%EC%A6%88-%EC%B4%AC%EC%98%81%EC%A7%80-11%EA%B3%B3%EC%9D%84-%EC%95%8C%EB%A0%A4%EB%93%9C%EB%A6%BD%EB%8B%88%EB%8B%A4%EC%97%85%EB%8D%B0%EC%9D%B4%ED%8A%B8%EC%A4%91,YSDL,KAKAO
정숙한 세일즈,순천드라마촬영장,playground,전남광주통합특별시 순천시 비례골길 24,34.9570842,127.5380338,https://ys-dl.tistory.com/entry/%EC%A0%95%EC%88%99%ED%95%9C-%EC%84%B8%EC%9D%BC%EC%A6%88-%EC%B4%AC%EC%98%81%EC%A7%80-11%EA%B3%B3%EC%9D%84-%EC%95%8C%EB%A0%A4%EB%93%9C%EB%A6%BD%EB%8B%88%EB%8B%A4%EC%97%85%EB%8D%B0%EC%9D%B4%ED%8A%B8%EC%A4%91,YSDL,KAKAO
정신병동에도 아침이 와요,노량진컵밥거리,playground,서울 동작구 노량진로 174,37.51360586,126.9453904,https://ys-dl.tistory.com/entry/%EC%A0%95%EC%8B%A0%EB%B3%91%EB%8F%99%EC%97%90%EB%8F%84-%EC%95%84%EC%B9%A8%EC%9D%B4-%EC%99%80%EC%9A%94-%EC%B4%AC%EC%98%81%EC%A7%80-24%EA%B3%B3%EC%9D%84-%EC%95%8C%EB%A0%A4%EB%93%9C%EB%A6%BD%EB%8B%88%EB%8B%A4%EC%97%85%EB%8D%B0%EC%9D%B4%ED%8A%B8%EC%A4%91,YSDL,KAKAO
정신병동에도 아침이 와요,메가박스 상암월드컵경기장점,playground,서울 마포구 월드컵로 240,37.56918791,126.8982158,https://ys-dl.tistory.com/entry/%EC%A0%95%EC%8B%A0%EB%B3%91%EB%8F%99%EC%97%90%EB%8F%84-%EC%95%84%EC%B9%A8%EC%9D%B4-%EC%99%80%EC%9A%94-%EC%B4%AC%EC%98%81%EC%A7%80-24%EA%B3%B3%EC%9D%84-%EC%95%8C%EB%A0%A4%EB%93%9C%EB%A6%BD%EB%8B%88%EB%8B%A4%EC%97%85%EB%8D%B0%EC%9D%B4%ED%8A%B8%EC%A4%91,YSDL,KAKAO
정신병동에도 아침이 와요,낙산공원,playground,서울 종로구 낙산길 41,37.58056967,127.0075218,https://ys-dl.tistory.com/entry/%EC%A0%95%EC%8B%A0%EB%B3%91%EB%8F%99%EC%97%90%EB%8F%84-%EC%95%84%EC%B9%A8%EC%9D%B4-%EC%99%80%EC%9A%94-%EC%B4%AC%EC%98%81%EC%A7%80-24%EA%B3%B3%EC%9D%84-%EC%95%8C%EB%A0%A4%EB%93%9C%EB%A6%BD%EB%8B%88%EB%8B%A4%EC%97%85%EB%8D%B0%EC%9D%B4%ED%8A%B8%EC%A4%91,YSDL,KAKAO
정신병동에도 아침이 와요,청라호수공원,playground,인천 서해구 청라동 106-2,37.53249043,126.6342799,https://ys-dl.tistory.com/entry/%EC%A0%95%EC%8B%A0%EB%B3%91%EB%8F%99%EC%97%90%EB%8F%84-%EC%95%84%EC%B9%A8%EC%9D%B4-%EC%99%80%EC%9A%94-%EC%B4%AC%EC%98%81%EC%A7%80-24%EA%B3%B3%EC%9D%84-%EC%95%8C%EB%A0%A4%EB%93%9C%EB%A6%BD%EB%8B%88%EB%8B%A4%EC%97%85%EB%8D%B0%EC%9D%B4%ED%8A%B8%EC%A4%91,YSDL,KAKAO
정신병동에도 아침이 와요,화적연,playground,경기 포천시 영북면 자일리 산 115-2,38.11505297,127.2627056,https://ys-dl.tistory.com/entry/%EC%A0%95%EC%8B%A0%EB%B3%91%EB%8F%99%EC%97%90%EB%8F%84-%EC%95%84%EC%B9%A8%EC%9D%B4-%EC%99%80%EC%9A%94-%EC%B4%AC%EC%98%81%EC%A7%80-24%EA%B3%B3%EC%9D%84-%EC%95%8C%EB%A0%A4%EB%93%9C%EB%A6%BD%EB%8B%88%EB%8B%A4%EC%97%85%EB%8D%B0%EC%9D%B4%ED%8A%B8%EC%A4%91,YSDL,KAKAO
정신병동에도 아침이 와요,덕수근린공원,playground,경기 고양시 덕양구 삼송동 341,37.64554871,126.879266,https://ys-dl.tistory.com/entry/%EC%A0%95%EC%8B%A0%EB%B3%91%EB%8F%99%EC%97%90%EB%8F%84-%EC%95%84%EC%B9%A8%EC%9D%B4-%EC%99%80%EC%9A%94-%EC%B4%AC%EC%98%81%EC%A7%80-24%EA%B3%B3%EC%9D%84-%EC%95%8C%EB%A0%A4%EB%93%9C%EB%A6%BD%EB%8B%88%EB%8B%A4%EC%97%85%EB%8D%B0%EC%9D%B4%ED%8A%B8%EC%A4%91,YSDL,KAKAO
정신병동에도 아침이 와요,시흥오이도박물관,playground,경기 시흥시 정왕동 2202-6,37.33553858,126.6909132,https://ys-dl.tistory.com/entry/%EC%A0%95%EC%8B%A0%EB%B3%91%EB%8F%99%EC%97%90%EB%8F%84-%EC%95%84%EC%B9%A8%EC%9D%B4-%EC%99%80%EC%9A%94-%EC%B4%AC%EC%98%81%EC%A7%80-24%EA%B3%B3%EC%9D%84-%EC%95%8C%EB%A0%A4%EB%93%9C%EB%A6%BD%EB%8B%88%EB%8B%A4%EC%97%85%EB%8D%B0%EC%9D%B4%ED%8A%B8%EC%A4%91,YSDL,KAKAO
정신병동에도 아침이 와요,오이도,playground,경기 시흥시 정왕동 1073,37.3429619,126.6935936,https://ys-dl.tistory.com/entry/%EC%A0%95%EC%8B%A0%EB%B3%91%EB%8F%99%EC%97%90%EB%8F%84-%EC%95%84%EC%B9%A8%EC%9D%B4-%EC%99%80%EC%9A%94-%EC%B4%AC%EC%98%81%EC%A7%80-24%EA%B3%B3%EC%9D%84-%EC%95%8C%EB%A0%A4%EB%93%9C%EB%A6%BD%EB%8B%88%EB%8B%A4%EC%97%85%EB%8D%B0%EC%9D%B4%ED%8A%B8%EC%A4%91,YSDL,KAKAO
제3의 매력,서삼릉길,playground,경기도 고양시 덕양구 서삼릉길,37.654558,126.87629,,KCISA,KCISA
제3의 매력,감천문화마을,playground,부산광역시 사하구 감내2로 203,35.097412,129.010584,,KCISA,KCISA
제3의 매력,앤드트리메타,playground,서울특별시 강남구 도산대로51길 19,37.5244126,127.037639,,KCISA,KCISA
제3의 매력,비안코이탈리아 청담점,playground,서울특별시 강남구 도산대로81길 19,37.525621,127.04739,,KCISA,KCISA
제3의 매력,삼성리,playground,서울특별시 강남구 봉은사로86길 28,37.511571,127.05676,,KCISA,KCISA
제3의 매력,브라이덜공,playground,서울특별시 강남구 선릉로158길 15 1층,37.525654,127.0413,,KCISA,KCISA
제3의 매력,은행어린이공원,playground,서울특별시 마포구 성미산로29길 17-3,37.564575,126.92228,,KCISA,KCISA
제3의 매력,노박빌딩,playground,서울특별시 마포구 성지길 58,37.546264,126.91262,,KCISA,KCISA
제3의 매력,어울마당로,playground,서울특별시 마포구 어울마당로,37.55003,126.92113,,KCISA,KCISA
제3의 매력,3rd뮤지엄,playground,서울특별시 마포구 잔다리로3길 4,37.551639,126.91912,,KCISA,KCISA
제3의 매력,서강대교,playground,서울특별시 영등포구 여의도동 서강대교,37.536911,126.92495,,KCISA,KCISA
제3의 매력,한강 공원 여의도 지구,playground,서울특별시 영등포구 여의동로 290,37.5290674,126.936218,,KCISA,KCISA
제3의 매력,소월로 계단 3번,playground,서울특별시 용산구 소월로 168,37.547514,126.98424,,KCISA,KCISA
제3의 매력,용산더프라임,playground,서울특별시 용산구 원효로90길 11,37.540149,126.97006,,KCISA,KCISA
제3의 매력,동작대교,playground,서울특별시 용산구 이촌동 동작대교,37.51041,126.981893,,KCISA,KCISA
제3의 매력,성우빌딩,playground,서울특별시 중구 을지로36길 12,37.566166,127.00125,,KCISA,KCISA
제3의 매력,용마폭포공원,playground,서울특별시 중랑구 용마산로 250-12,37.57344,127.0901,,KCISA,KCISA
제3의 매력,외포리선착장,playground,인천광역시 강화군 내가면 해안서로 883,37.700637,126.38152,,KCISA,KCISA
제3의 매력,인천국제공항,playground,인천광역시 중구 공항로 272,37.44919,126.4514,,KCISA,KCISA
제5공화국,삼청로,playground,서울특별시 종로구 삼청로 84-1,37.582943,126.98193,,KCISA,KCISA
제5공화국,문화역서울284,playground,서울특별시 중구 통일로 1,37.555944,126.971594,,KCISA,KCISA
제발 그 남자 만나지 마요,동화컬처빌리지,playground,경기도 남양주시 화도읍 북한강로 1708-38,37.659675,127.37391,,KCISA,KCISA
제발 그 남자 만나지 마요,MBC문화방송 본사,playground,서울특별시 마포구 성암로 267,37.58105,126.89056,,KCISA,KCISA
제발 그 남자 만나지 마요,여의도공원,playground,서울특별시 영등포구 여의공원로 68,37.5281241,126.925754,,KCISA,KCISA
제빵왕 김탁구,수암골 벽화마을,playground,충청북도 청주시 상당구 수암로 58,36.647265,127.4943,,KCISA,KCISA
"제왕의 딸, 수백향",백제문화단지,playground,충청남도 부여군 규암면 백제문로 455,36.3069,126.9066,,KCISA,KCISA
조각도시,서소문역사공원,playground,서울 중구 칠패로 5,37.56128103,126.9693729,https://ys-dl.tistory.com/entry/%EC%A1%B0%EA%B0%81%EB%8F%84%EC%8B%9C-%EC%B4%AC%EC%98%81%EC%A7%80-17%EA%B3%B3%EC%9D%84-%EC%95%8C%EB%A0%A4%EB%93%9C%EB%A6%BD%EB%8B%88%EB%8B%A4%EC%97%85%EB%8D%B0%EC%9D%B4%ED%8A%B8%EC%A4%91,YSDL,KAKAO
조각도시,법륜사,playground,경기 용인시 처인구 원삼면 농촌파크로 126,37.16959281,127.2986454,https://ys-dl.tistory.com/entry/%EC%A1%B0%EA%B0%81%EB%8F%84%EC%8B%9C-%EC%B4%AC%EC%98%81%EC%A7%80-17%EA%B3%B3%EC%9D%84-%EC%95%8C%EB%A0%A4%EB%93%9C%EB%A6%BD%EB%8B%88%EB%8B%A4%EC%97%85%EB%8D%B0%EC%9D%B4%ED%8A%B8%EC%A4%91,YSDL,KAKAO
조각도시,누리마루 APEC하우스,playground,부산 해운대구 동백로 116,35.15233458,129.1513259,https://ys-dl.tistory.com/entry/%EC%A1%B0%EA%B0%81%EB%8F%84%EC%8B%9C-%EC%B4%AC%EC%98%81%EC%A7%80-17%EA%B3%B3%EC%9D%84-%EC%95%8C%EB%A0%A4%EB%93%9C%EB%A6%BD%EB%8B%88%EB%8B%A4%EC%97%85%EB%8D%B0%EC%9D%B4%ED%8A%B8%EC%A4%91,YSDL,KAKAO
조립식 가족,푸른수목원,playground,서울 구로구 연동로 240,37.48398334,126.8254134,https://ys-dl.tistory.com/entry/%EC%A1%B0%EB%A6%BD%EC%8B%9D-%EA%B0%80%EC%A1%B1-%EC%B4%AC%EC%98%81%EC%A7%80-8%EA%B3%B3%EC%9D%84-%EC%95%8C%EB%A0%A4%EB%93%9C%EB%A6%BD%EB%8B%88%EB%8B%A4%EC%97%85%EB%8D%B0%EC%9D%B4%ED%8A%B8%EC%A4%91,YSDL,KAKAO
조립식 가족,파주출판단지근린공원,playground,경기 파주시 문발동 496-1,37.71952728,126.6882756,https://ys-dl.tistory.com/entry/%EC%A1%B0%EB%A6%BD%EC%8B%9D-%EA%B0%80%EC%A1%B1-%EC%B4%AC%EC%98%81%EC%A7%80-8%EA%B3%B3%EC%9D%84-%EC%95%8C%EB%A0%A4%EB%93%9C%EB%A6%BD%EB%8B%88%EB%8B%A4%EC%97%85%EB%8D%B0%EC%9D%B4%ED%8A%B8%EC%A4%91,YSDL,KAKAO
조립식 가족,출판도시야외무대,playground,경기 파주시 회동길 37-16,37.70637482,126.685524,https://ys-dl.tistory.com/entry/%EC%A1%B0%EB%A6%BD%EC%8B%9D-%EA%B0%80%EC%A1%B1-%EC%B4%AC%EC%98%81%EC%A7%80-8%EA%B3%B3%EC%9D%84-%EC%95%8C%EB%A0%A4%EB%93%9C%EB%A6%BD%EB%8B%88%EB%8B%A4%EC%97%85%EB%8D%B0%EC%9D%B4%ED%8A%B8%EC%A4%91,YSDL,KAKAO
조립식 가족,복술골,playground,강원특별자치도 원주시 흥업면 사제리,37.33549968,127.8695151,https://ys-dl.tistory.com/entry/%EC%A1%B0%EB%A6%BD%EC%8B%9D-%EA%B0%80%EC%A1%B1-%EC%B4%AC%EC%98%81%EC%A7%80-8%EA%B3%B3%EC%9D%84-%EC%95%8C%EB%A0%A4%EB%93%9C%EB%A6%BD%EB%8B%88%EB%8B%A4%EC%97%85%EB%8D%B0%EC%9D%B4%ED%8A%B8%EC%A4%91,YSDL,KAKAO
조립식 가족,중앙광장,playground,경기 파주시 금촌동 986-3,37.75166862,126.7662578,https://ys-dl.tistory.com/entry/%EC%A1%B0%EB%A6%BD%EC%8B%9D-%EA%B0%80%EC%A1%B1-%EC%B4%AC%EC%98%81%EC%A7%80-8%EA%B3%B3%EC%9D%84-%EC%95%8C%EB%A0%A4%EB%93%9C%EB%A6%BD%EB%8B%88%EB%8B%A4%EC%97%85%EB%8D%B0%EC%9D%B4%ED%8A%B8%EC%A4%91,YSDL,KAKAO
조립식 가족,운정호수공원,playground,경기 파주시 와동동,37.71988717,126.7578737,https://ys-dl.tistory.com/entry/%EC%A1%B0%EB%A6%BD%EC%8B%9D-%EA%B0%80%EC%A1%B1-%EC%B4%AC%EC%98%81%EC%A7%80-8%EA%B3%B3%EC%9D%84-%EC%95%8C%EB%A0%A4%EB%93%9C%EB%A6%BD%EB%8B%88%EB%8B%A4%EC%97%85%EB%8D%B0%EC%9D%B4%ED%8A%B8%EC%A4%91,YSDL,KAKAO
조립식 가족,강촌레일파크,playground,강원특별자치도 춘천시 신동면 김유정로 1391,37.81641315,127.7135366,https://ys-dl.tistory.com/entry/%EC%A1%B0%EB%A6%BD%EC%8B%9D-%EA%B0%80%EC%A1%B1-%EC%B4%AC%EC%98%81%EC%A7%80-8%EA%B3%B3%EC%9D%84-%EC%95%8C%EB%A0%A4%EB%93%9C%EB%A6%BD%EB%8B%88%EB%8B%A4%EC%97%85%EB%8D%B0%EC%9D%B4%ED%8A%B8%EC%A4%91,YSDL,KAKAO
조립식 가족,제민천,playground,충남 공주시 반죽동,36.45254898,127.1232808,https://ys-dl.tistory.com/entry/%EC%A1%B0%EB%A6%BD%EC%8B%9D-%EA%B0%80%EC%A1%B1-%EC%B4%AC%EC%98%81%EC%A7%80-8%EA%B3%B3%EC%9D%84-%EC%95%8C%EB%A0%A4%EB%93%9C%EB%A6%BD%EB%8B%88%EB%8B%A4%EC%97%85%EB%8D%B0%EC%9D%B4%ED%8A%B8%EC%A4%91,YSDL,KAKAO
조립식 가족,화랑의언덕,playground,경북 경주시 산내면 내일리 산 261-1,35.77017701,129.0891184,https://ys-dl.tistory.com/entry/%EC%A1%B0%EB%A6%BD%EC%8B%9D-%EA%B0%80%EC%A1%B1-%EC%B4%AC%EC%98%81%EC%A7%80-8%EA%B3%B3%EC%9D%84-%EC%95%8C%EB%A0%A4%EB%93%9C%EB%A6%BD%EB%8B%88%EB%8B%A4%EC%97%85%EB%8D%B0%EC%9D%B4%ED%8A%B8%EC%A4%91,YSDL,KAKAO
조립식 가족,한빛어린이공원,playground,서울 강북구 미아동,37.62772552,127.0228741,https://ys-dl.tistory.com/entry/%EC%A1%B0%EB%A6%BD%EC%8B%9D-%EA%B0%80%EC%A1%B1-%EC%B4%AC%EC%98%81%EC%A7%80-8%EA%B3%B3%EC%9D%84-%EC%95%8C%EB%A0%A4%EB%93%9C%EB%A6%BD%EB%8B%88%EB%8B%A4%EC%97%85%EB%8D%B0%EC%9D%B4%ED%8A%B8%EC%A4%91,YSDL,KAKAO
조립식 가족,경주읍성,playground,경북 경주시 동부동 2-8,35.84662622,129.2137477,https://ys-dl.tistory.com/entry/%EC%A1%B0%EB%A6%BD%EC%8B%9D-%EA%B0%80%EC%A1%B1-%EC%B4%AC%EC%98%81%EC%A7%80-8%EA%B3%B3%EC%9D%84-%EC%95%8C%EB%A0%A4%EB%93%9C%EB%A6%BD%EB%8B%88%EB%8B%A4%EC%97%85%EB%8D%B0%EC%9D%B4%ED%8A%B8%EC%A4%91,YSDL,KAKAO
조립식 가족,나정고운모래해변,playground,경북 경주시 감포읍 동해안로 1915,35.78228955,129.491499,https://ys-dl.tistory.com/entry/%EC%A1%B0%EB%A6%BD%EC%8B%9D-%EA%B0%80%EC%A1%B1-%EC%B4%AC%EC%98%81%EC%A7%80-8%EA%B3%B3%EC%9D%84-%EC%95%8C%EB%A0%A4%EB%93%9C%EB%A6%BD%EB%8B%88%EB%8B%A4%EC%97%85%EB%8D%B0%EC%9D%B4%ED%8A%B8%EC%A4%91,YSDL,KAKAO
조립식 가족,하서해안공원,playground,경북 경주시 양남면 하서리 1516-4,35.67213224,129.4638845,https://ys-dl.tistory.com/entry/%EC%A1%B0%EB%A6%BD%EC%8B%9D-%EA%B0%80%EC%A1%B1-%EC%B4%AC%EC%98%81%EC%A7%80-8%EA%B3%B3%EC%9D%84-%EC%95%8C%EB%A0%A4%EB%93%9C%EB%A6%BD%EB%8B%88%EB%8B%A4%EC%97%85%EB%8D%B0%EC%9D%B4%ED%8A%B8%EC%A4%91,YSDL,KAKAO
조립식 가족,광안리해수욕장,playground,부산 수영구 광안해변로 219,35.15319327,129.1189761,https://ys-dl.tistory.com/entry/%EC%A1%B0%EB%A6%BD%EC%8B%9D-%EA%B0%80%EC%A1%B1-%EC%B4%AC%EC%98%81%EC%A7%80-8%EA%B3%B3%EC%9D%84-%EC%95%8C%EB%A0%A4%EB%93%9C%EB%A6%BD%EB%8B%88%EB%8B%A4%EC%97%85%EB%8D%B0%EC%9D%B4%ED%8A%B8%EC%A4%91,YSDL,KAKAO
조명가게,장위동김진흥가옥,playground,서울 성북구 돌곶이로34길 4-11,37.61616921,127.0520386,https://ys-dl.tistory.com/entry/%EC%A1%B0%EB%AA%85%EA%B0%80%EA%B2%8C-%EC%B4%AC%EC%98%81%EC%A7%80-17%EA%B3%B3%EC%9D%84-%EC%95%8C%EB%A0%A4%EB%93%9C%EB%A6%BD%EB%8B%88%EB%8B%A4%EC%97%85%EB%8D%B0%EC%9D%B4%ED%8A%B8%EC%A4%91,YSDL,KAKAO
조명가게,전등사,playground,인천 강화군 길상면 전등사로 37-41,37.63214569,126.4847789,https://ys-dl.tistory.com/entry/%EC%A1%B0%EB%AA%85%EA%B0%80%EA%B2%8C-%EC%B4%AC%EC%98%81%EC%A7%80-17%EA%B3%B3%EC%9D%84-%EC%95%8C%EB%A0%A4%EB%93%9C%EB%A6%BD%EB%8B%88%EB%8B%A4%EC%97%85%EB%8D%B0%EC%9D%B4%ED%8A%B8%EC%A4%91,YSDL,KAKAO
조명가게,인천미림극장,playground,인천 제물포구 화도진로 31,37.47550229,126.6343294,https://ys-dl.tistory.com/entry/%EC%A1%B0%EB%AA%85%EA%B0%80%EA%B2%8C-%EC%B4%AC%EC%98%81%EC%A7%80-17%EA%B3%B3%EC%9D%84-%EC%95%8C%EB%A0%A4%EB%93%9C%EB%A6%BD%EB%8B%88%EB%8B%A4%EC%97%85%EB%8D%B0%EC%9D%B4%ED%8A%B8%EC%A4%91,YSDL,KAKAO
조선 정신과 의사 유세풍,오봉산 마당바위,playground,경상북도 경주시 서면 천촌리,35.853269,129.05014,,KCISA,KCISA
조선로코 녹두전,용인 대장금 파크,playground,경기도 용인시 처인구 백암면 용천드라마길 25,37.1209396,127.337296,,KCISA,KCISA
조선로코 녹두전,비둘기낭폭포,playground,경기도 포천시 영북면 대회산리 415-2,38.079827,127.217505,,KCISA,KCISA
조선로코 녹두전,고산정,playground,경상북도 안동시 도산면 가송길 177-42,36.767715,128.892121,,KCISA,KCISA
조선로코 녹두전,부용대,playground,경상북도 안동시 풍천면 광덕솔밭길 72,36.542914,128.51663,,KCISA,KCISA
조선로코 녹두전,영주 무섬마을,playground,경상북도 영주시 문수면 무섬로 238-2,36.732678,128.62112,,KCISA,KCISA
조선로코 녹두전,보리나라 학원농장,playground,전라북도 고창군 공음면 학원농장길 154,35.37545,126.542953,,KCISA,KCISA
조선로코 녹두전,수선루,playground,전라북도 진안군 마령면 강정리 산 57,35.745616,127.34532,,KCISA,KCISA
조선로코 녹두전,궁남지,playground,충청남도 부여군 부여읍 궁남로 52,36.269619,126.91224,,KCISA,KCISA
조작,광진교,playground,서울특별시 강동구 천호동 광진교,37.544739,127.11322,,KCISA,KCISA
조작,숭례문,playground,서울특별시 중구 세종대로 40,37.559956,126.97529,,KCISA,KCISA
졸업,이태원어린이공원,playground,서울 용산구 이태원동 290-9,37.53822977,126.9892691,https://ys-dl.tistory.com/entry/%EC%A1%B8%EC%97%85-%EC%B4%AC%EC%98%81%EC%A7%80-8%EA%B3%B3%EC%9D%84-%EC%95%8C%EB%A0%A4%EB%93%9C%EB%A6%BD%EB%8B%88%EB%8B%A4%EC%97%85%EB%8D%B0%EC%9D%B4%ED%8A%B8%EC%A4%91,YSDL,KAKAO
졸업,문화예술공원,playground,서울 서초구 바우뫼로12길 40,37.46781809,127.0306568,https://ys-dl.tistory.com/entry/%EC%A1%B8%EC%97%85-%EC%B4%AC%EC%98%81%EC%A7%80-8%EA%B3%B3%EC%9D%84-%EC%95%8C%EB%A0%A4%EB%93%9C%EB%A6%BD%EB%8B%88%EB%8B%A4%EC%97%85%EB%8D%B0%EC%9D%B4%ED%8A%B8%EC%A4%91,YSDL,KAKAO
졸업,파리15구공원,playground,서울 서초구 반포동 68-2,37.49950513,126.9991858,https://ys-dl.tistory.com/entry/%EC%A1%B8%EC%97%85-%EC%B4%AC%EC%98%81%EC%A7%80-8%EA%B3%B3%EC%9D%84-%EC%95%8C%EB%A0%A4%EB%93%9C%EB%A6%BD%EB%8B%88%EB%8B%A4%EC%97%85%EB%8D%B0%EC%9D%B4%ED%8A%B8%EC%A4%91,YSDL,KAKAO
졸업,망상해변,playground,강원특별자치도 동해시 동해대로 6270-10,37.59337394,129.0904735,https://ys-dl.tistory.com/entry/%EC%A1%B8%EC%97%85-%EC%B4%AC%EC%98%81%EC%A7%80-8%EA%B3%B3%EC%9D%84-%EC%95%8C%EB%A0%A4%EB%93%9C%EB%A6%BD%EB%8B%88%EB%8B%A4%EC%97%85%EB%8D%B0%EC%9D%B4%ED%8A%B8%EC%A4%91,YSDL,KAKAO
좀비탐정,로케이션 이음 (구 로얄퀘스트),playground,경기도 파주시 탄현면 새오리로286번길 48-70,37.713531,126.74641,,KCISA,KCISA
좀비탐정,여의도 KBS방송국,playground,서울특별시 영등포구 여의공원로 13,37.52563,126.91633,,KCISA,KCISA
좀비탐정,여의도공원,playground,서울특별시 영등포구 여의공원로 68,37.5281241,126.925754,,KCISA,KCISA
좀비탐정,익산 교도소 세트장,playground,전라북도 익산시 성당면 함낭로 207,36.069334,126.93158,,KCISA,KCISA
좋아하면 울리는,뮤지엄 산,playground,강원도 원주시 지정면 오크밸리2길 260,37.418903,127.82302,,KCISA,KCISA
좋아하면 울리는,연세대 미래캠퍼스,playground,강원도 원주시 흥업면 연세대길 1,37.2793642,127.9015352,,KCISA,KCISA
좋아하면 울리는,원마운트,playground,경기도 고양시 일산서구 한류월드로 300,37.664347,126.754379,,KCISA,KCISA
좋아하면 울리는,팔달공원,playground,경기도 수원시 팔달구 고등동 42-140,37.2771201,127.0119249,,KCISA,KCISA
좋아하면 울리는,광진교,playground,서울특별시 강동구 천호동 광진교,37.544739,127.11322,,KCISA,KCISA
좋아하면 울리는,제기로9길,playground,서울특별시 동대문구 제기로9길 18,37.587529,127.03732,,KCISA,KCISA
좋아하면 울리는,이화여자대학교,playground,서울특별시 서대문구 이화여대길 52,37.561149,126.946433,,KCISA,KCISA
좋아하면 울리는,이화여대 대강당,playground,서울특별시 서대문구 이화여대길 52 이화여자대학교,37.561149,126.946433,,KCISA,KCISA
좋아하면 울리는,롯데월드,playground,서울특별시 송파구 올림픽로 240,37.5112601,127.097998,,KCISA,KCISA
좋아하면 울리는,올림픽공원,playground,서울특별시 송파구 올림픽로 424,37.5209657,127.116064,,KCISA,KCISA
좋아하면 울리는,석촌호수,playground,서울특별시 송파구 잠실동 47,37.509919,127.10298,,KCISA,KCISA
좋아하면 울리는,서강대교,playground,서울특별시 영등포구 여의도동 서강대교,37.536911,126.92495,,KCISA,KCISA
좋아하면 울리는,한강대교,playground,서울특별시 용산구 이촌동 한강대교,37.517492,126.95897,,KCISA,KCISA
좋아하면 울리는,경복궁,playground,서울특별시 종로구 사직로 161,37.5806736,126.976952,,KCISA,KCISA
좋아하면 울리는,송원아트센터,playground,서울특별시 종로구 윤보선길 75,37.579297,126.98342,,KCISA,KCISA
좋아하면 울리는,율곡로3길,playground,서울특별시 종로구 율곡로3길,37.577811,126.98239,,KCISA,KCISA
좋아하면 울리는,중앙고등학교,playground,서울특별시 종로구 창덕궁길 164,37.584081,126.986846,,KCISA,KCISA
좋아하면 울리는,서울한양도성 서울성곽길 남산(목멱산)구간,playground,서울특별시 중구 남창동 205-179,37.564486,127.01016,,KCISA,KCISA
좋아하면 울리는,남산공원 백범광장,playground,서울특별시 중구 삼일대로 231,37.551068,126.990858,,KCISA,KCISA
좋아하면 울리는,서울디자인재단,playground,서울특별시 중구 을지로 281,37.566752,127.0101,,KCISA,KCISA
좋아하면 울리는,인천자유공원,playground,인천광역시 중구 송학동1가 1-1,37.474776,126.62373,,KCISA,KCISA
좋아하면 울리는,자유공원,playground,인천광역시 중구 제물량로232번길 46,37.4752537,126.621846,,KCISA,KCISA
좋아하면 울리는,전주대학교,playground,전라북도 전주시 완산구 천잠로 303,35.81393,127.0901,,KCISA,KCISA
좋아하면 울리는,제주 동백수묵원,playground,제주특별자치도 서귀포시 남원읍 위미리 927,33.2752541,126.6780106,,KCISA,KCISA
좋아하면 울리는,청초밭,playground,제주특별자치도 서귀포시 표선면 성읍이리로57번길 34,33.4201662,126.7809284,,KCISA,KCISA
좋아하면 울리는,소노캄 제주,playground,제주특별자치도 서귀포시 표선면 일주동로 6347-17,33.305566,126.792099,,KCISA,KCISA
좋아하면 울리는,산굼부리,playground,제주특별자치도 제주시 조천읍 교래리 산38,33.4316207,126.6900058,,KCISA,KCISA
주군의 태양,올림픽공원,playground,서울특별시 송파구 올림픽로 424,37.5209657,127.116064,,KCISA,KCISA
죽어도 좋아,정발산로사거리,playground,경기도 고양시 일산동구 장항동 845,37.656791,126.77231,,KCISA,KCISA
죽어도 좋아,에버랜드,playground,경기도 용인시 처인구 포곡읍 에버랜드로 199,37.2896511,127.217242,,KCISA,KCISA
죽어도 좋아,동아디지털미디어센터,playground,서울특별시 마포구 매봉산로 75,37.57832,126.89285,,KCISA,KCISA
죽어도 좋아,누리꿈스퀘어빌딩,playground,서울특별시 마포구 월드컵북로 396,37.579272,126.89028,,KCISA,KCISA
죽어도 좋아,월드컵북로44길,playground,서울특별시 마포구 월드컵북로44길,37.577895,126.89328,,KCISA,KCISA
중증외상센터,코엑스 컨퍼런스룸,playground,서울 강남구 영동대로 513,37.51266317,127.0588437,https://ys-dl.tistory.com/entry/%EC%A4%91%EC%A6%9D%EC%99%B8%EC%83%81%EC%84%BC%ED%84%B0-%EC%B4%AC%EC%98%81%EC%A7%80-3%EA%B3%B3%EC%9D%84-%EC%95%8C%EB%A0%A4%EB%93%9C%EB%A6%BD%EB%8B%88%EB%8B%A4%EC%97%85%EB%8D%B0%EC%9D%B4%ED%8A%B8%EC%A4%91,YSDL,KAKAO
중증외상센터,송추계곡,playground,경기 양주시 장흥면 울대리 522,37.71368357,126.9827793,https://ys-dl.tistory.com/entry/%EC%A4%91%EC%A6%9D%EC%99%B8%EC%83%81%EC%84%BC%ED%84%B0-%EC%B4%AC%EC%98%81%EC%A7%80-3%EA%B3%B3%EC%9D%84-%EC%95%8C%EB%A0%A4%EB%93%9C%EB%A6%BD%EB%8B%88%EB%8B%A4%EC%97%85%EB%8D%B0%EC%9D%B4%ED%8A%B8%EC%A4%91,YSDL,KAKAO
지고는 못살아,63스퀘어,playground,서울특별시 영등포구 63로 50,37.519811,126.94017,,KCISA,KCISA
지고는 못살아,N서울타워,playground,서울특별시 용산구 남산공원길 105,37.551168,126.98824,,KCISA,KCISA
지고는 못살아,남산 케이블카,playground,서울특별시 중구 소파로 83,37.556593,126.98404,,KCISA,KCISA
지금 우리 학교는,성희여자고등학교,playground,경상북도 안동시 강남로 246,36.551618,128.7291,,KCISA,KCISA
"지금, 헤어지는 중입니다",아침고요수목원,playground,경기도 가평군 상면 수목원로 432,37.742485,127.35173,,KCISA,KCISA
"지금, 헤어지는 중입니다",킨텍스,playground,경기도 고양시 일산서구 킨텍스로 217-60,37.668805,126.74593,,KCISA,KCISA
"지금, 헤어지는 중입니다",광안대교,playground,부산광역시 수영구 민락동 광안대교,35.147603,129.130119,,KCISA,KCISA
"지금, 헤어지는 중입니다",N서울타워,playground,서울특별시 용산구 남산공원길 105,37.551168,126.98824,,KCISA,KCISA
"지금, 헤어지는 중입니다",대원정사 옥상주차장,playground,서울특별시 용산구 두텁바위로60길 49,37.548873,126.98352,,KCISA,KCISA
"지금, 헤어지는 중입니다",우리사진관,playground,인천광역시 동구 송현공원로 100,37.480605,126.64237,,KCISA,KCISA
"지금, 헤어지는 중입니다",아트센터 인천,playground,인천광역시 연수구 아트센터대로 222,37.393315,126.62613,,KCISA,KCISA
지금은 연애중,일산호수공원,playground,경기도 고양시 일산동구 호수로 731,37.658769,126.76252,,KCISA,KCISA
지금은 연애중,코엑스 아쿠아리움,playground,서울특별시 강남구 영동대로 513,37.510177,127.05866,,KCISA,KCISA
지금은 연애중,롯데월드,playground,서울특별시 송파구 올림픽로 240,37.5112601,127.097998,,KCISA,KCISA
지금은 연애중,문화역서울284,playground,서울특별시 중구 통일로 1,37.555944,126.971594,,KCISA,KCISA
지배종,광화문광장,playground,서울 종로구 세종로 1-68,37.57260286,126.9769164,https://ys-dl.tistory.com/entry/%EC%A7%80%EB%B0%B0%EC%A2%85-%EC%B4%AC%EC%98%81%EC%A7%80-6%EA%B3%B3%EC%9D%84-%EC%95%8C%EB%A0%A4%EB%93%9C%EB%A6%BD%EB%8B%88%EB%8B%A4%EC%97%85%EB%8D%B0%EC%9D%B4%ED%8A%B8%EC%A4%91,YSDL,KAKAO
지배종,화랑유원지,playground,경기 안산시 단원구 동산로 268,37.32659622,126.814343,https://ys-dl.tistory.com/entry/%EC%A7%80%EB%B0%B0%EC%A2%85-%EC%B4%AC%EC%98%81%EC%A7%80-6%EA%B3%B3%EC%9D%84-%EC%95%8C%EB%A0%A4%EB%93%9C%EB%A6%BD%EB%8B%88%EB%8B%A4%EC%97%85%EB%8D%B0%EC%9D%B4%ED%8A%B8%EC%A4%91,YSDL,KAKAO
지배종,청남대,playground,충북 청주시 상당구 문의면 청남대길 646,36.46284608,127.4917654,https://ys-dl.tistory.com/entry/%EC%A7%80%EB%B0%B0%EC%A2%85-%EC%B4%AC%EC%98%81%EC%A7%80-6%EA%B3%B3%EC%9D%84-%EC%95%8C%EB%A0%A4%EB%93%9C%EB%A6%BD%EB%8B%88%EB%8B%A4%EC%97%85%EB%8D%B0%EC%9D%B4%ED%8A%B8%EC%A4%91,YSDL,KAKAO
지배종,영화의전당,playground,부산 해운대구 수영강변대로 120,35.17102492,129.1270113,https://ys-dl.tistory.com/entry/%EC%A7%80%EB%B0%B0%EC%A2%85-%EC%B4%AC%EC%98%81%EC%A7%80-6%EA%B3%B3%EC%9D%84-%EC%95%8C%EB%A0%A4%EB%93%9C%EB%A6%BD%EB%8B%88%EB%8B%A4%EC%97%85%EB%8D%B0%EC%9D%B4%ED%8A%B8%EC%A4%91,YSDL,KAKAO
지옥,광명사거리역 앞 광명5R재개발단지,playground,경기도 광명시 명일로75번길 22,37.483226,126.860915,,KCISA,KCISA
지옥,가온문화공원,playground,서울특별시 마포구 상암동 1594,37.58181,126.88765,,KCISA,KCISA
지옥,서경대학교 북악관,playground,서울특별시 성북구 서경로 124,37.6150933,127.012403,,KCISA,KCISA
지옥,문정역 엠스테이트 빌딩 앞 법원로12길,playground,서울특별시 송파구 문정동 191-12,37.485606,127.120657,,KCISA,KCISA
지옥,목천로 20길,playground,전라북도 익산시 동산동 목천로20길,35.926809,126.963459,,KCISA,KCISA
진검승부,스테이트 타워 남산,playground,서울특별시 중구 퇴계로 100,37.560342,126.98297,,KCISA,KCISA
진검승부,한국의 집,playground,서울특별시 중구 퇴계로36길 10,37.560304,126.99471,,KCISA,KCISA
진실,일산호수공원,playground,경기도 고양시 일산동구 호수로 731,37.658769,126.76252,,KCISA,KCISA
진실,연세대학교 신촌캠퍼스,playground,서울특별시 서대문구 연세로 50,37.5637563,126.937546,,KCISA,KCISA
진실,롯데월드,playground,서울특별시 송파구 올림픽로 240,37.5112601,127.097998,,KCISA,KCISA
진심이 닿다,명지병원,playground,경기도 고양시 덕양구 화수로14번길 55,37.642163,126.83022,,KCISA,KCISA
진심이 닿다,일산호수공원,playground,경기도 고양시 일산동구 호수로 731,37.658769,126.76252,,KCISA,KCISA
진심이 닿다,서운산자연휴양림,playground,경기도 안성시 금광면 배티로 185-39,36.9422,127.31372,,KCISA,KCISA
진심이 닿다,경희대국제캠퍼스,playground,경기도 용인시 기흥구 덕영대로 1732,37.240921,127.07958,,KCISA,KCISA
진심이 닿다,경기영어마을 파주캠퍼스,playground,경기도 파주시 탄현면 얼음실로 40,37.7852355,126.703739,,KCISA,KCISA
진심이 닿다,서울시립천문대,playground,서울특별시 광진구 구천면로 2,37.546354,127.10617,,KCISA,KCISA
진심이 닿다,서울과학기술대학교,playground,서울특별시 노원구 공릉로 232,37.629632,127.07845,,KCISA,KCISA
진심이 닿다,재화스퀘어,playground,서울특별시 마포구 독막로 311,37.543978,126.94742,,KCISA,KCISA
진심이 닿다,성산대교,playground,서울특별시 마포구 망원동 성산대교,37.552775,126.89155,,KCISA,KCISA
진심이 닿다,경의선광장,playground,서울특별시 마포구 백범로28길 17,37.544913,126.94684,,KCISA,KCISA
진심이 닿다,월드컵북로54길,playground,서울특별시 마포구 월드컵북로54길 25 상암DMC 푸르지오시티,37.581631,126.88829,,KCISA,KCISA
진심이 닿다,신촌벽화터널,playground,서울특별시 서대문구 대신동 143-28,37.560188,126.94127,,KCISA,KCISA
진심이 닿다,서울중앙지방법원,playground,서울특별시 서초구 서초중앙로 157,37.496068,127.01148,,KCISA,KCISA
진심이 닿다,동호대교,playground,서울특별시 성동구 옥수동,37.535804,127.02145,,KCISA,KCISA
진심이 닿다,양화대교,playground,서울특별시 성동구 옥수동,37.544202,126.90502,,KCISA,KCISA
진심이 닿다,원효대교,playground,서울특별시 영등포구 여의도동 원효대교,37.527046,126.94571,,KCISA,KCISA
진심이 닿다,북촌로5길,playground,서울특별시 종로구 북촌로5길,37.579567,126.98216,,KCISA,KCISA
진심이 닿다,율곡로3길,playground,서울특별시 종로구 율곡로3길,37.577811,126.98239,,KCISA,KCISA
진심이 닿다,인하대학교,playground,인천광역시 남구 인하로 100,37.44949,126.6531,,KCISA,KCISA
진심이 닿다,인천국제공항,playground,인천광역시 중구 공항로 272,37.44919,126.4514,,KCISA,KCISA
진심이 닿다,월미테마파크,playground,인천광역시 중구 월미문화로 81,37.471305,126.59629,,KCISA,KCISA
진심이 닿다,선문대학교 아산캠퍼스,playground,충청남도 아산시 탕정면 선문로221번길 70,36.798952,127.07489,,KCISA,KCISA
질투의 화신,압소바 일산덕이점,playground,경기도 고양시 일산서구 덕이로 30-8,37.689325,126.756301,,KCISA,KCISA
질투의 화신,구리 한강 시민공원,playground,경기도 구리시 코스모스길14번길 249,37.574523,127.136239,,KCISA,KCISA
질투의 화신,구리시민한강공원,playground,경기도 구리시 토평동 829,37.575383,127.14016,,KCISA,KCISA
질투의 화신,더라빌 아트센터,playground,서울특별시 강남구 봉은사로 531,37.5151248,127.056921,,KCISA,KCISA
질투의 화신,분더샵 청담,playground,서울특별시 강남구 압구정로60길 21,37.524805,127.044804,,KCISA,KCISA
질투의 화신,물빛문화공원,playground,서울특별시 마포구 상암동 1609,37.579633,126.89341,,KCISA,KCISA
질투의 화신,SBS프리즘타워,playground,서울특별시 마포구 상암산로 82 ,37.579725,126.89269,,KCISA,KCISA
질투의 화신,성미산로26길,playground,서울특별시 마포구 성미산로26길 35,37.562369,126.92334,,KCISA,KCISA
질투의 화신,서울의료원,playground,서울특별시 중랑구 신내로 156,37.612739,127.09819,,KCISA,KCISA
질투의 화신,인천국제공항,playground,인천광역시 중구 공항로 272,37.44919,126.4514,,KCISA,KCISA
질투의 화신,월미테마파크,playground,인천광역시 중구 월미문화로 81,37.471305,126.59629,,KCISA,KCISA
질투의 화신,대천해수욕장,playground,충청남도 보령시 머드로 123,36.313427,126.51139,,KCISA,KCISA
질투의 화신,군헌갯벌체험학습장,playground,충청남도 보령시 해안로 607-5,36.337971,126.533249,,KCISA,KCISA
징크스의 연인,단국대학교 죽전캠퍼스,playground,경기도 용인시 수지구 죽전로 152,37.321846,127.12658,,KCISA,KCISA
징크스의 연인,성신여자대학교 운정그린캠퍼스,playground,서울특별시 강북구 도봉로76가길 55,37.632219,127.0273,,KCISA,KCISA
징크스의 연인,소월로 계단 3번,playground,서울특별시 용산구 소월로 168,37.547514,126.98424,,KCISA,KCISA
짠내아이돌,월미문화의거리,playground,인천광역시 중구 북성동1가 98-57,37.475057,126.59747,,KCISA,KCISA
찌질의 역사,신촌 토끼굴,playground,서울 서대문구 대신동 143-28,37.56005856,126.9412798,https://ys-dl.tistory.com/entry/%EC%B0%8C%EC%A7%88%EC%9D%98-%EC%97%AD%EC%82%AC-%EC%B4%AC%EC%98%81%EC%A7%80-6%EA%B3%B3%EC%9D%84-%EC%95%8C%EB%A0%A4%EB%93%9C%EB%A6%BD%EB%8B%88%EB%8B%A4,YSDL,KAKAO
찌질의 역사,홍익문화공원,playground,경기 의정부시 의정부동 546-2,37.73383839,127.0394185,https://ys-dl.tistory.com/entry/%EC%B0%8C%EC%A7%88%EC%9D%98-%EC%97%AD%EC%82%AC-%EC%B4%AC%EC%98%81%EC%A7%80-6%EA%B3%B3%EC%9D%84-%EC%95%8C%EB%A0%A4%EB%93%9C%EB%A6%BD%EB%8B%88%EB%8B%A4,YSDL,KAKAO
찌질의 역사,서강나루공원,playground,서울 마포구 창전동 165-5,37.54527486,126.9310472,https://ys-dl.tistory.com/entry/%EC%B0%8C%EC%A7%88%EC%9D%98-%EC%97%AD%EC%82%AC-%EC%B4%AC%EC%98%81%EC%A7%80-6%EA%B3%B3%EC%9D%84-%EC%95%8C%EB%A0%A4%EB%93%9C%EB%A6%BD%EB%8B%88%EB%8B%A4,YSDL,KAKAO
찌질의 역사,마로니에공원,playground,서울 종로구 대학로 104,37.58028876,127.0028257,https://ys-dl.tistory.com/entry/%EC%B0%8C%EC%A7%88%EC%9D%98-%EC%97%AD%EC%82%AC-%EC%B4%AC%EC%98%81%EC%A7%80-6%EA%B3%B3%EC%9D%84-%EC%95%8C%EB%A0%A4%EB%93%9C%EB%A6%BD%EB%8B%88%EB%8B%A4,YSDL,KAKAO
찌질의 역사,광나루한강공원,playground,서울 강동구 천호동 481-9,37.5441338,127.1183162,https://ys-dl.tistory.com/entry/%EC%B0%8C%EC%A7%88%EC%9D%98-%EC%97%AD%EC%82%AC-%EC%B4%AC%EC%98%81%EC%A7%80-6%EA%B3%B3%EC%9D%84-%EC%95%8C%EB%A0%A4%EB%93%9C%EB%A6%BD%EB%8B%88%EB%8B%A4,YSDL,KAKAO
찌질의 역사,전주시네마타운,playground,전북특별자치도 전주시 완산구 전주객사3길 67,35.82005797,127.1414703,https://ys-dl.tistory.com/entry/%EC%B0%8C%EC%A7%88%EC%9D%98-%EC%97%AD%EC%82%AC-%EC%B4%AC%EC%98%81%EC%A7%80-6%EA%B3%B3%EC%9D%84-%EC%95%8C%EB%A0%A4%EB%93%9C%EB%A6%BD%EB%8B%88%EB%8B%A4,YSDL,KAKAO
찌질의 역사,메가박스 전주객사,playground,전북특별자치도 전주시 완산구 전주객사4길 74-12,35.82088445,127.1437248,https://ys-dl.tistory.com/entry/%EC%B0%8C%EC%A7%88%EC%9D%98-%EC%97%AD%EC%82%AC-%EC%B4%AC%EC%98%81%EC%A7%80-6%EA%B3%B3%EC%9D%84-%EC%95%8C%EB%A0%A4%EB%93%9C%EB%A6%BD%EB%8B%88%EB%8B%A4,YSDL,KAKAO
착한 사나이,서서울호수공원,playground,서울 양천구 남부순환로64길 20,37.52831979,126.8302517,https://ys-dl.tistory.com/entry/%EC%B0%A9%ED%95%9C-%EC%82%AC%EB%82%98%EC%9D%B4-%EC%B4%AC%EC%98%81%EC%A7%80-9%EA%B3%B3%EC%9D%84-%EC%95%8C%EB%A0%A4%EB%93%9C%EB%A6%BD%EB%8B%88%EB%8B%A4%EC%97%85%EB%8D%B0%EC%9D%B4%ED%8A%B8%EC%A4%91,YSDL,KAKAO
착한 사나이,충무아트센터,playground,서울 중구 퇴계로 387,37.56594133,127.0147904,https://ys-dl.tistory.com/entry/%EC%B0%A9%ED%95%9C-%EC%82%AC%EB%82%98%EC%9D%B4-%EC%B4%AC%EC%98%81%EC%A7%80-9%EA%B3%B3%EC%9D%84-%EC%95%8C%EB%A0%A4%EB%93%9C%EB%A6%BD%EB%8B%88%EB%8B%A4%EC%97%85%EB%8D%B0%EC%9D%B4%ED%8A%B8%EC%A4%91,YSDL,KAKAO
착한 사나이,임진각 평화누리공원,playground,경기 파주시 문산읍 임진각로 148-40,37.89227563,126.7439202,https://ys-dl.tistory.com/entry/%EC%B0%A9%ED%95%9C-%EC%82%AC%EB%82%98%EC%9D%B4-%EC%B4%AC%EC%98%81%EC%A7%80-9%EA%B3%B3%EC%9D%84-%EC%95%8C%EB%A0%A4%EB%93%9C%EB%A6%BD%EB%8B%88%EB%8B%A4%EC%97%85%EB%8D%B0%EC%9D%B4%ED%8A%B8%EC%A4%91,YSDL,KAKAO
착한 사나이,일산호수공원,playground,경기 고양시 일산동구 호수로 595,37.65613604,126.7641415,https://ys-dl.tistory.com/entry/%EC%B0%A9%ED%95%9C-%EC%82%AC%EB%82%98%EC%9D%B4-%EC%B4%AC%EC%98%81%EC%A7%80-9%EA%B3%B3%EC%9D%84-%EC%95%8C%EB%A0%A4%EB%93%9C%EB%A6%BD%EB%8B%88%EB%8B%A4%EC%97%85%EB%8D%B0%EC%9D%B4%ED%8A%B8%EC%A4%91,YSDL,KAKAO
착한 사나이,구리아트홀,playground,경기 구리시 아차산로 453,37.59554862,127.129884,https://ys-dl.tistory.com/entry/%EC%B0%A9%ED%95%9C-%EC%82%AC%EB%82%98%EC%9D%B4-%EC%B4%AC%EC%98%81%EC%A7%80-9%EA%B3%B3%EC%9D%84-%EC%95%8C%EB%A0%A4%EB%93%9C%EB%A6%BD%EB%8B%88%EB%8B%A4%EC%97%85%EB%8D%B0%EC%9D%B4%ED%8A%B8%EC%A4%91,YSDL,KAKAO
착한 사나이,등명해변,playground,강원특별자치도 강릉시 강동면 정동진리 490-1,37.70401976,129.0169289,https://ys-dl.tistory.com/entry/%EC%B0%A9%ED%95%9C-%EC%82%AC%EB%82%98%EC%9D%B4-%EC%B4%AC%EC%98%81%EC%A7%80-9%EA%B3%B3%EC%9D%84-%EC%95%8C%EB%A0%A4%EB%93%9C%EB%A6%BD%EB%8B%88%EB%8B%A4%EC%97%85%EB%8D%B0%EC%9D%B4%ED%8A%B8%EC%A4%91,YSDL,KAKAO
착한마녀전,HW컨벤션센터,playground,서울특별시 종로구 자하문로 255,37.597064,126.96244,,KCISA,KCISA
착한마녀전,용현1.4동,playground,인천광역시 미추홀구 수봉남로18번길 81-22,37.457023,126.6609,,KCISA,KCISA
착한마녀전,G타워,playground,인천광역시 연수구 아트센터대로 175,37.396166,126.63419,,KCISA,KCISA
찬란한 유산,묵호등대전망대,playground,강원도 동해시 해맞이길 289,37.554268,129.1185,,KCISA,KCISA
찬란한 유산,일산문화광장,playground,경기도 고양시 일산동구 중앙로 1271-4,37.65839,126.7704,,KCISA,KCISA
찬란한 유산,일산호수공원,playground,경기도 고양시 일산동구 호수로 731,37.658769,126.76252,,KCISA,KCISA
찬란한 유산,성산대교,playground,서울특별시 마포구 망원동 성산대교,37.552775,126.89155,,KCISA,KCISA
찬란한 유산,연세대학교 신촌캠퍼스,playground,서울특별시 서대문구 연세로 50,37.5637563,126.937546,,KCISA,KCISA
찬란한 유산,낙산성곽서길,playground,서울특별시 종로구 동숭동,37.578071,127.00843,,KCISA,KCISA
찬란한 유산,쌈지길,playground,서울특별시 종로구 인사동길 44,37.574295,126.98487,,KCISA,KCISA
찬란한 유산,보신각터,playground,서울특별시 종로구 종로 54,37.569751,126.98369,,KCISA,KCISA
참교육,여의도한강공원,playground,서울 영등포구 여의도동 85,37.5263886,126.9351293,https://ys-dl.tistory.com/entry/%EC%B0%B8%EA%B5%90%EC%9C%A1-%EC%B4%AC%EC%98%81%EC%A7%80-8%EA%B3%B3%EC%9D%84-%EC%95%8C%EB%A0%A4%EB%93%9C%EB%A6%BD%EB%8B%88%EB%8B%A4%EC%97%85%EB%8D%B0%EC%9D%B4%ED%8A%B8%EC%A4%91,YSDL,KAKAO
참교육,교하중앙공원,playground,경기 파주시 숲속노을로 256,37.72344543,126.7149091,https://ys-dl.tistory.com/entry/%EC%B0%B8%EA%B5%90%EC%9C%A1-%EC%B4%AC%EC%98%81%EC%A7%80-8%EA%B3%B3%EC%9D%84-%EC%95%8C%EB%A0%A4%EB%93%9C%EB%A6%BD%EB%8B%88%EB%8B%A4%EC%97%85%EB%8D%B0%EC%9D%B4%ED%8A%B8%EC%A4%91,YSDL,KAKAO
참교육,왕산공원,playground,경기 고양시 일산서구 대화동 2092,37.68196109,126.7515647,https://ys-dl.tistory.com/entry/%EC%B0%B8%EA%B5%90%EC%9C%A1-%EC%B4%AC%EC%98%81%EC%A7%80-8%EA%B3%B3%EC%9D%84-%EC%95%8C%EB%A0%A4%EB%93%9C%EB%A6%BD%EB%8B%88%EB%8B%A4%EC%97%85%EB%8D%B0%EC%9D%B4%ED%8A%B8%EC%A4%91,YSDL,KAKAO
참교육,수원컨벤션센터,playground,경기 수원시 영통구 광교중앙로 140,37.28581989,127.0595135,https://ys-dl.tistory.com/entry/%EC%B0%B8%EA%B5%90%EC%9C%A1-%EC%B4%AC%EC%98%81%EC%A7%80-8%EA%B3%B3%EC%9D%84-%EC%95%8C%EB%A0%A4%EB%93%9C%EB%A6%BD%EB%8B%88%EB%8B%A4%EC%97%85%EB%8D%B0%EC%9D%B4%ED%8A%B8%EC%A4%91,YSDL,KAKAO
참교육,도시상징광장,playground,세종특별자치시 나성동 697-4,36.48606025,127.2639519,https://ys-dl.tistory.com/entry/%EC%B0%B8%EA%B5%90%EC%9C%A1-%EC%B4%AC%EC%98%81%EC%A7%80-8%EA%B3%B3%EC%9D%84-%EC%95%8C%EB%A0%A4%EB%93%9C%EB%A6%BD%EB%8B%88%EB%8B%A4%EC%97%85%EB%8D%B0%EC%9D%B4%ED%8A%B8%EC%A4%91,YSDL,KAKAO
천국의 계단,김포국제공항,playground,서울특별시 강서구 하늘길 112,37.558655,126.79228,,KCISA,KCISA
천국의 계단,롯데월드,playground,서울특별시 송파구 올림픽로 240,37.5112601,127.097998,,KCISA,KCISA
천국의 계단,문화역서울284,playground,서울특별시 중구 통일로 1,37.555944,126.971594,,KCISA,KCISA
천국의 눈물,스포엔샤웨딩,playground,서울특별시 강남구 도산대로81길 16-6,37.5255713,127.047991,,KCISA,KCISA
천원짜리 변호사,도롱이연못,playground,강원도 정선군 사북읍 사북리 도롱이연못,37.1892,128.810875,,KCISA,KCISA
천원짜리 변호사,경희대국제캠퍼스,playground,경기도 용인시 기흥구 덕영대로 1732,37.240921,127.07958,,KCISA,KCISA
천원짜리 변호사,경기영어마을 파주캠퍼스,playground,경기도 파주시 탄현면 얼음실로 40,37.7852355,126.703739,,KCISA,KCISA
천원짜리 변호사,가온문화공원,playground,서울특별시 마포구 상암동 1594,37.58181,126.88765,,KCISA,KCISA
천원짜리 변호사,한성대학교,playground,서울특별시 성북구 삼선교로16길 116,37.581754,127.01039,,KCISA,KCISA
천원짜리 변호사,서강대교,playground,서울특별시 영등포구 여의도동 서강대교,37.536911,126.92495,,KCISA,KCISA
천원짜리 변호사,한강대교,playground,서울특별시 용산구 이촌동 한강대교,37.517492,126.95897,,KCISA,KCISA
천원짜리 변호사,이촌로29길,playground,서울특별시 용산구 이촌로29길,37.525257,126.96103,,KCISA,KCISA
천원짜리 변호사,서울역,playground,서울특별시 용산구 한강대로 405,37.554719,126.97065,,KCISA,KCISA
천원짜리 변호사,낙산공원,playground,서울특별시 종로구 낙산길 41,37.580667,127.00746,,KCISA,KCISA
천일의 약속,HW컨벤션센터,playground,서울특별시 종로구 자하문로 255,37.597064,126.96244,,KCISA,KCISA
철인왕후,용인 대장금 파크,playground,경기도 용인시 처인구 백암면 용천드라마길 25,37.1209396,127.337296,,KCISA,KCISA
철인왕후,문경새재촬영장 (오픈세트장),playground,경상북도 문경시 문경읍 새재로 1037,36.771097,128.073937,,KCISA,KCISA
철인왕후,병산서원,playground,경상북도 안동시 풍천면 병산길 386,36.54056,128.55275,,KCISA,KCISA
철인왕후,궁남지,playground,충청남도 부여군 부여읍 궁남로 52,36.269619,126.91224,,KCISA,KCISA
첫사랑,양평 두물머리,playground,경기도 양평군 양서면 양수리,37.532869,127.31599,,KCISA,KCISA
첫사랑은 처음이라서,오죽헌 경내,playground,강원도 강릉시 율곡로3139번길 24,37.7775069,128.877159,,KCISA,KCISA
첫사랑은 처음이라서,일산문화광장,playground,경기도 고양시 일산동구 중앙로 1271-4,37.65839,126.7704,,KCISA,KCISA
첫사랑은 처음이라서,플럼라인,playground,경기도 파주시 문발로 165,37.709541,126.6854,,KCISA,KCISA
첫사랑은 처음이라서,최인아 책방,playground,서울특별시 강남구 선릉로 521,37.506026,127.047895,,KCISA,KCISA
첫사랑은 처음이라서,CTS기독교TV,playground,서울특별시 동작구 노량진로 100,37.513013,126.93699,,KCISA,KCISA
첫사랑은 처음이라서,성미산로26길,playground,서울특별시 마포구 성미산로26길 35,37.562369,126.92334,,KCISA,KCISA
첫사랑은 처음이라서,성미산로29길,playground,서울특별시 마포구 성미산로29길 3,37.564235,126.92285,,KCISA,KCISA
첫사랑은 처음이라서,화성빌딩,playground,서울특별시 마포구 양화로6길 50,37.548645,126.91698,,KCISA,KCISA
첫사랑은 처음이라서,어울마당로,playground,서울특별시 마포구 어울마당로,37.55003,126.92113,,KCISA,KCISA
첫사랑은 처음이라서,전원빌딩,playground,서울특별시 마포구 와우산로 64,37.550197,126.92324,,KCISA,KCISA
첫사랑은 처음이라서,신촌벽화터널,playground,서울특별시 서대문구 대신동 143-28,37.560188,126.94127,,KCISA,KCISA
첫사랑은 처음이라서,대현문화공원,playground,서울특별시 서대문구 대현동 146,37.557639,126.94551,,KCISA,KCISA
첫사랑은 처음이라서,한성대학교,playground,서울특별시 성북구 삼선교로16길 116,37.581754,127.01039,,KCISA,KCISA
첫사랑은 처음이라서,원효대교,playground,서울특별시 영등포구 여의도동 원효대교,37.527046,126.94571,,KCISA,KCISA
첫사랑은 처음이라서,서울후암초등학교,playground,서울특별시 용산구 두텁바위로 140,37.55134,126.98217,,KCISA,KCISA
첫사랑은 처음이라서,소월로 계단 4번,playground,서울특별시 용산구 소월로20길 6,37.546258,126.98541,,KCISA,KCISA
첫사랑은 처음이라서,동작대교,playground,서울특별시 용산구 이촌동 동작대교,37.51041,126.981893,,KCISA,KCISA
첫사랑은 처음이라서,이촌로29길,playground,서울특별시 용산구 이촌로29길,37.525257,126.96103,,KCISA,KCISA
첫사랑은 처음이라서,가야랑빌딩,playground,서울특별시 용산구 회나무로 66,37.540098,126.99385,,KCISA,KCISA
첫사랑은 처음이라서,소월로,playground,서울특별시 용산구 후암동 소월로,37.544714,126.99091,,KCISA,KCISA
첫사랑은 처음이라서,드림아트센터,playground,서울특별시 종로구 동숭길 123,37.583254,127.00326,,KCISA,KCISA
첫사랑은 처음이라서,인왕산 한양도성산책로 계단,playground,서울특별시 종로구 무악동 통일로18나길,37.577928,126.96162,,KCISA,KCISA
첫사랑은 처음이라서,중앙고등학교,playground,서울특별시 종로구 창덕궁길 164,37.584081,126.986846,,KCISA,KCISA
첫사랑은 처음이라서,명동쇼핑거리,playground,서울특별시 중구 명동길 명동쇼핑거리,37.564111,126.98609,,KCISA,KCISA
첫사랑은 처음이라서,서울디자인재단,playground,서울특별시 중구 을지로 281,37.566752,127.0101,,KCISA,KCISA
첫사랑은 처음이라서,스테이트 타워 남산,playground,서울특별시 중구 퇴계로 100,37.560342,126.98297,,KCISA,KCISA
첫사랑은 처음이라서,인천국제공항,playground,인천광역시 중구 공항로 272,37.44919,126.4514,,KCISA,KCISA
첫사랑은 처음이라서,전주전동성당,playground,전라북도 전주시 완산구 태조로 51,35.813311,127.14919,,KCISA,KCISA
첫사랑은 처음이라서,향교길,playground,전라북도 전주시 완산구 향교길 105,35.812052,127.15541,,KCISA,KCISA
청년 김대건,효원공원 월화원,playground,경기 수원시 팔달구 인계동 1117,37.26524908,127.0377333,https://ys-dl.tistory.com/entry/%EC%B2%AD%EB%85%84-%EA%B9%80%EB%8C%80%EA%B1%B4-%EC%B4%AC%EC%98%81%EC%A7%80-9%EA%B3%B3%EC%9D%84-%EC%95%8C%EB%A0%A4%EB%93%9C%EB%A6%BD%EB%8B%88%EB%8B%A4%EC%97%85%EB%8D%B0%EC%9D%B4%ED%8A%B8%EC%A4%91,YSDL,KAKAO
청년 김대건,웰컴투동막골촬영지,playground,강원특별자치도 평창군 미탄면 동막골길 122,37.31427992,128.4710278,https://ys-dl.tistory.com/entry/%EC%B2%AD%EB%85%84-%EA%B9%80%EB%8C%80%EA%B1%B4-%EC%B4%AC%EC%98%81%EC%A7%80-9%EA%B3%B3%EC%9D%84-%EC%95%8C%EB%A0%A4%EB%93%9C%EB%A6%BD%EB%8B%88%EB%8B%A4%EC%97%85%EB%8D%B0%EC%9D%B4%ED%8A%B8%EC%A4%91,YSDL,KAKAO
청년 김대건,온달오픈세트장,playground,충북 단양군 영춘면 온달로 23,37.06239124,128.4916631,https://ys-dl.tistory.com/entry/%EC%B2%AD%EB%85%84-%EA%B9%80%EB%8C%80%EA%B1%B4-%EC%B4%AC%EC%98%81%EC%A7%80-9%EA%B3%B3%EC%9D%84-%EC%95%8C%EB%A0%A4%EB%93%9C%EB%A6%BD%EB%8B%88%EB%8B%A4%EC%97%85%EB%8D%B0%EC%9D%B4%ED%8A%B8%EC%A4%91,YSDL,KAKAO
청년 김대건,부안영상테마파크,playground,전북특별자치도 부안군 변산면 격포로 309-64,35.62180698,126.485383,https://ys-dl.tistory.com/entry/%EC%B2%AD%EB%85%84-%EA%B9%80%EB%8C%80%EA%B1%B4-%EC%B4%AC%EC%98%81%EC%A7%80-9%EA%B3%B3%EC%9D%84-%EC%95%8C%EB%A0%A4%EB%93%9C%EB%A6%BD%EB%8B%88%EB%8B%A4%EC%97%85%EB%8D%B0%EC%9D%B4%ED%8A%B8%EC%A4%91,YSDL,KAKAO
청년 김대건,가은오픈세트장,playground,경북 문경시 가은읍 왕능길 112,36.65259087,128.064788,https://ys-dl.tistory.com/entry/%EC%B2%AD%EB%85%84-%EA%B9%80%EB%8C%80%EA%B1%B4-%EC%B4%AC%EC%98%81%EC%A7%80-9%EA%B3%B3%EC%9D%84-%EC%95%8C%EB%A0%A4%EB%93%9C%EB%A6%BD%EB%8B%88%EB%8B%A4%EC%97%85%EB%8D%B0%EC%9D%B4%ED%8A%B8%EC%A4%91,YSDL,KAKAO
청년 김대건,해양드라마세트장,playground,경남 창원시 마산합포구 구산면 석곡리 772-1,35.10987959,128.541367,https://ys-dl.tistory.com/entry/%EC%B2%AD%EB%85%84-%EA%B9%80%EB%8C%80%EA%B1%B4-%EC%B4%AC%EC%98%81%EC%A7%80-9%EA%B3%B3%EC%9D%84-%EC%95%8C%EB%A0%A4%EB%93%9C%EB%A6%BD%EB%8B%88%EB%8B%A4%EC%97%85%EB%8D%B0%EC%9D%B4%ED%8A%B8%EC%A4%91,YSDL,KAKAO
청년 김대건,상가리야자숲,playground,제주특별자치도 제주시 애월읍 상가리 536,33.43920784,126.35828,https://ys-dl.tistory.com/entry/%EC%B2%AD%EB%85%84-%EA%B9%80%EB%8C%80%EA%B1%B4-%EC%B4%AC%EC%98%81%EC%A7%80-9%EA%B3%B3%EC%9D%84-%EC%95%8C%EB%A0%A4%EB%93%9C%EB%A6%BD%EB%8B%88%EB%8B%A4%EC%97%85%EB%8D%B0%EC%9D%B4%ED%8A%B8%EC%A4%91,YSDL,KAKAO
청담동 앨리스,SBS프리즘타워,playground,서울특별시 마포구 상암산로 82,37.579725,126.89269,,KCISA,KCISA
청담동 앨리스,드래곤힐스파,playground,서울특별시 용산구 한강대로21나길 40,37.554719,126.97065,,KCISA,KCISA
청담동 앨리스,누죤패션몰,playground,서울특별시 중구 을지로45길 62,37.566948,127.01298,,KCISA,KCISA
청춘기록,아난티 클럽 서울,playground,경기도 가평군 설악면 유명로 961-34,37.619609,127.48216,,KCISA,KCISA
청춘기록,배곧한울공원,playground,경기도 시흥시 해송십리로 61,37.3526512,126.702781,,KCISA,KCISA
청춘기록,허브빌리지,playground,경기도 연천군 왕징면 북삼리 222,38.088324,127.00527,,KCISA,KCISA
청춘기록,경기영어마을 파주캠퍼스,playground,경기도 파주시 탄현면 얼음실로 40,37.7852355,126.703739,,KCISA,KCISA
청춘기록,남양성모성지,playground,경기도 화성시 남양읍 남양성지로 112,37.206388,126.81689,,KCISA,KCISA
청춘기록,문경새재촬영장 (오픈세트장),playground,경상북도 문경시 문경읍 새재로 1037,36.771097,128.073937,,KCISA,KCISA
청춘기록,코엑스,playground,서울특별시 강남구 영동대로 513,37.510177,127.05866,,KCISA,KCISA
청춘기록,성미산로26길,playground,서울특별시 마포구 성미산로26길 35,37.562369,126.92334,,KCISA,KCISA
청춘기록,엘리카메라,playground,서울특별시 마포구 성미산로29길 30-3 102호,37.565476,126.92217,,KCISA,KCISA
청춘기록,어울마당로,playground,서울특별시 마포구 어울마당로,37.55003,126.92113,,KCISA,KCISA
청춘기록,KB청춘마루,playground,서울특별시 마포구 홍익로 18,37.554212,126.923,,KCISA,KCISA
청춘기록,신촌벽화터널,playground,서울특별시 서대문구 대신동 143-28,37.560188,126.94127,,KCISA,KCISA
청춘기록,성산로22길,playground,서울특별시 서대문구 성산로22길 22,37.559871,126.93404,,KCISA,KCISA
청춘기록,달맞이근린공원,playground,서울특별시 성동구 금호동4가 27,37.543241,127.02081,,KCISA,KCISA
청춘기록,여의도공원,playground,서울특별시 영등포구 여의공원로 68,37.5281241,126.925754,,KCISA,KCISA
청춘기록,서강대교,playground,서울특별시 영등포구 여의도동 서강대교,37.536911,126.92495,,KCISA,KCISA
청춘기록,녹사평 육교,playground,서울특별시 용산구 녹사평대로 195,37.534758,126.98656,,KCISA,KCISA
청춘기록,대원정사 옥상주차장,playground,서울특별시 용산구 두텁바위로60길 49,37.548873,126.98352,,KCISA,KCISA
청춘기록,독서당어린이공원,playground,서울특별시 용산구 한남동 1-32,37.534449,127.01247,,KCISA,KCISA
청춘기록,회나무로6길,playground,서울특별시 용산구 회나무로 14,37.538661,126.98862,,KCISA,KCISA
청춘기록,소월로,playground,서울특별시 용산구 후암동 소월로,37.544714,126.99091,,KCISA,KCISA
청춘기록,서울디자인재단,playground,서울특별시 중구 을지로 281,37.566752,127.0101,,KCISA,KCISA
청춘기록,스테이트 타워 남산,playground,서울특별시 중구 퇴계로 100,37.560342,126.98297,,KCISA,KCISA
청춘기록,남산골한옥마을,playground,서울특별시 중구 퇴계로34길 28,37.559307,126.994476,,KCISA,KCISA
청춘기록,송도컨벤시아,playground,인천광역시 연수구 센트럴로 123,37.389109,126.64613,,KCISA,KCISA
청춘기록,인천국제공항,playground,인천광역시 중구 공항로 272,37.44919,126.4514,,KCISA,KCISA
청춘기록,광한루원,playground,전라북도 남원시 요천로 1447,35.403918,127.379758,,KCISA,KCISA
청춘시대,성산로22길,playground,서울특별시 서대문구 성산로22길 22,37.559871,126.93404,,KCISA,KCISA
청춘시대,연세대학교 신촌캠퍼스,playground,서울특별시 서대문구 연세로 50,37.5637563,126.937546,,KCISA,KCISA
청춘시대,행주산성공원,playground,경기도 고양시 덕양구 행주외동 140-8,37.598424,126.81911,,KCISA,KCISA
청춘시대,청아공원기독교전용관,playground,경기도 고양시 일산동구 은마길 129,37.719031,126.80572,,KCISA,KCISA
청춘시대,모란미술관,playground,경기도 남양주시 화도읍 경춘로2110번길 8,37.650409,127.324322,,KCISA,KCISA
청춘시대,어울마당로,playground,서울특별시 마포구 어울마당로,37.55003,126.92113,,KCISA,KCISA
청춘시대,유삼빌딩,playground,서울특별시 마포구 월드컵로10길 9,37.554635,126.91221,,KCISA,KCISA
청춘시대,연세대학교 신촌캠퍼스,playground,서울특별시 서대문구 연세로 50,37.5637563,126.937546,,KCISA,KCISA
청춘시대,인천국제공항,playground,인천광역시 중구 공항로 272,37.44919,126.4514,,KCISA,KCISA
청춘시대,광천역 장항선,playground,충청남도 홍성군 광천읍 광천로273번길 85,36.50196,126.622493,,KCISA,KCISA
체크인 한양,남양주종합촬영소,playground,경기 남양주시 조안면 북한강로855번길 138,37.60400192,127.3225153,https://ys-dl.tistory.com/entry/%EC%B2%B4%ED%81%AC%EC%9D%B8-%ED%95%9C%EC%96%91-%EC%B4%AC%EC%98%81%EC%A7%80-5%EA%B3%B3%EC%9D%84-%EC%95%8C%EB%A0%A4%EB%93%9C%EB%A6%BD%EB%8B%88%EB%8B%A4%EC%97%85%EB%8D%B0%EC%9D%B4%ED%8A%B8%EC%A4%91,YSDL,KAKAO
체크인 한양,용인대장금파크 관가,playground,경기 용인시 처인구 백암면 용천드라마길 25,37.12160248,127.3376128,https://ys-dl.tistory.com/entry/%EC%B2%B4%ED%81%AC%EC%9D%B8-%ED%95%9C%EC%96%91-%EC%B4%AC%EC%98%81%EC%A7%80-5%EA%B3%B3%EC%9D%84-%EC%95%8C%EB%A0%A4%EB%93%9C%EB%A6%BD%EB%8B%88%EB%8B%A4%EC%97%85%EB%8D%B0%EC%9D%B4%ED%8A%B8%EC%A4%91,YSDL,KAKAO
체크인 한양,우암사적공원,playground,대전 동구 충정로 53,36.34786121,127.4582386,https://ys-dl.tistory.com/entry/%EC%B2%B4%ED%81%AC%EC%9D%B8-%ED%95%9C%EC%96%91-%EC%B4%AC%EC%98%81%EC%A7%80-5%EA%B3%B3%EC%9D%84-%EC%95%8C%EB%A0%A4%EB%93%9C%EB%A6%BD%EB%8B%88%EB%8B%A4%EC%97%85%EB%8D%B0%EC%9D%B4%ED%8A%B8%EC%A4%91,YSDL,KAKAO
체크인 한양,운보의집,playground,충북 청주시 청원구 내수읍 형동2길 92-41,36.69223114,127.5651097,https://ys-dl.tistory.com/entry/%EC%B2%B4%ED%81%AC%EC%9D%B8-%ED%95%9C%EC%96%91-%EC%B4%AC%EC%98%81%EC%A7%80-5%EA%B3%B3%EC%9D%84-%EC%95%8C%EB%A0%A4%EB%93%9C%EB%A6%BD%EB%8B%88%EB%8B%A4%EC%97%85%EB%8D%B0%EC%9D%B4%ED%8A%B8%EC%A4%91,YSDL,KAKAO
체크인 한양,바람의화원 세트장,playground,충북 괴산군 청천면 송문로덕평1길 44-18,36.72666312,127.8057002,https://ys-dl.tistory.com/entry/%EC%B2%B4%ED%81%AC%EC%9D%B8-%ED%95%9C%EC%96%91-%EC%B4%AC%EC%98%81%EC%A7%80-5%EA%B3%B3%EC%9D%84-%EC%95%8C%EB%A0%A4%EB%93%9C%EB%A6%BD%EB%8B%88%EB%8B%A4%EC%97%85%EB%8D%B0%EC%9D%B4%ED%8A%B8%EC%A4%91,YSDL,KAKAO
체크인 한양,온달오픈세트장,playground,충북 단양군 영춘면 온달로 23,37.06239124,128.4916631,https://ys-dl.tistory.com/entry/%EC%B2%B4%ED%81%AC%EC%9D%B8-%ED%95%9C%EC%96%91-%EC%B4%AC%EC%98%81%EC%A7%80-5%EA%B3%B3%EC%9D%84-%EC%95%8C%EB%A0%A4%EB%93%9C%EB%A6%BD%EB%8B%88%EB%8B%A4%EC%97%85%EB%8D%B0%EC%9D%B4%ED%8A%B8%EC%A4%91,YSDL,KAKAO
체크인 한양,궁남지,playground,충남 부여군 부여읍 궁남로 52,36.26963029,126.9123128,https://ys-dl.tistory.com/entry/%EC%B2%B4%ED%81%AC%EC%9D%B8-%ED%95%9C%EC%96%91-%EC%B4%AC%EC%98%81%EC%A7%80-5%EA%B3%B3%EC%9D%84-%EC%95%8C%EB%A0%A4%EB%93%9C%EB%A6%BD%EB%8B%88%EB%8B%A4%EC%97%85%EB%8D%B0%EC%9D%B4%ED%8A%B8%EC%A4%91,YSDL,KAKAO
체크인 한양,서동요테마파크,playground,충남 부여군 충화면 충신로 616,36.14429091,126.8238118,https://ys-dl.tistory.com/entry/%EC%B2%B4%ED%81%AC%EC%9D%B8-%ED%95%9C%EC%96%91-%EC%B4%AC%EC%98%81%EC%A7%80-5%EA%B3%B3%EC%9D%84-%EC%95%8C%EB%A0%A4%EB%93%9C%EB%A6%BD%EB%8B%88%EB%8B%A4%EC%97%85%EB%8D%B0%EC%9D%B4%ED%8A%B8%EC%A4%91,YSDL,KAKAO
체크인 한양,문헌서원,playground,충남 서천군 기산면 서원로172번길 66,36.09169946,126.7855556,https://ys-dl.tistory.com/entry/%EC%B2%B4%ED%81%AC%EC%9D%B8-%ED%95%9C%EC%96%91-%EC%B4%AC%EC%98%81%EC%A7%80-5%EA%B3%B3%EC%9D%84-%EC%95%8C%EB%A0%A4%EB%93%9C%EB%A6%BD%EB%8B%88%EB%8B%A4%EC%97%85%EB%8D%B0%EC%9D%B4%ED%8A%B8%EC%A4%91,YSDL,KAKAO
체크인 한양,전주향교,playground,전북특별자치도 전주시 완산구 향교길 139,35.81275813,127.157134,https://ys-dl.tistory.com/entry/%EC%B2%B4%ED%81%AC%EC%9D%B8-%ED%95%9C%EC%96%91-%EC%B4%AC%EC%98%81%EC%A7%80-5%EA%B3%B3%EC%9D%84-%EC%95%8C%EB%A0%A4%EB%93%9C%EB%A6%BD%EB%8B%88%EB%8B%A4%EC%97%85%EB%8D%B0%EC%9D%B4%ED%8A%B8%EC%A4%91,YSDL,KAKAO
체크인 한양,광한루원,playground,전북특별자치도 남원시 요천로 1447,35.40391878,127.3797814,https://ys-dl.tistory.com/entry/%EC%B2%B4%ED%81%AC%EC%9D%B8-%ED%95%9C%EC%96%91-%EC%B4%AC%EC%98%81%EC%A7%80-5%EA%B3%B3%EC%9D%84-%EC%95%8C%EB%A0%A4%EB%93%9C%EB%A6%BD%EB%8B%88%EB%8B%A4%EC%97%85%EB%8D%B0%EC%9D%B4%ED%8A%B8%EC%A4%91,YSDL,KAKAO
체크인 한양,순천 낙안읍성,playground,전남광주통합특별시 순천시 낙안면 충민길 30,34.90631043,127.3417772,https://ys-dl.tistory.com/entry/%EC%B2%B4%ED%81%AC%EC%9D%B8-%ED%95%9C%EC%96%91-%EC%B4%AC%EC%98%81%EC%A7%80-5%EA%B3%B3%EC%9D%84-%EC%95%8C%EB%A0%A4%EB%93%9C%EB%A6%BD%EB%8B%88%EB%8B%A4%EC%97%85%EB%8D%B0%EC%9D%B4%ED%8A%B8%EC%A4%91,YSDL,KAKAO
체크인 한양,소수서원,playground,경북 영주시 순흥면 소백로 2740,36.92562067,128.5802029,https://ys-dl.tistory.com/entry/%EC%B2%B4%ED%81%AC%EC%9D%B8-%ED%95%9C%EC%96%91-%EC%B4%AC%EC%98%81%EC%A7%80-5%EA%B3%B3%EC%9D%84-%EC%95%8C%EB%A0%A4%EB%93%9C%EB%A6%BD%EB%8B%88%EB%8B%A4%EC%97%85%EB%8D%B0%EC%9D%B4%ED%8A%B8%EC%A4%91,YSDL,KAKAO
체크인 한양,문경새재오픈세트장,playground,경북 문경시 문경읍 새재로 1037,36.77139968,128.074072,https://ys-dl.tistory.com/entry/%EC%B2%B4%ED%81%AC%EC%9D%B8-%ED%95%9C%EC%96%91-%EC%B4%AC%EC%98%81%EC%A7%80-5%EA%B3%B3%EC%9D%84-%EC%95%8C%EB%A0%A4%EB%93%9C%EB%A6%BD%EB%8B%88%EB%8B%A4%EC%97%85%EB%8D%B0%EC%9D%B4%ED%8A%B8%EC%A4%91,YSDL,KAKAO
체크인 한양,가은오픈세트장,playground,경북 문경시 가은읍 왕능길 112,36.65259087,128.064788,https://ys-dl.tistory.com/entry/%EC%B2%B4%ED%81%AC%EC%9D%B8-%ED%95%9C%EC%96%91-%EC%B4%AC%EC%98%81%EC%A7%80-5%EA%B3%B3%EC%9D%84-%EC%95%8C%EB%A0%A4%EB%93%9C%EB%A6%BD%EB%8B%88%EB%8B%A4%EC%97%85%EB%8D%B0%EC%9D%B4%ED%8A%B8%EC%A4%91,YSDL,KAKAO
체크인 한양,마성오픈세트장,playground,경북 문경시 마성면 가은로 311-18,36.65082248,128.0794536,https://ys-dl.tistory.com/entry/%EC%B2%B4%ED%81%AC%EC%9D%B8-%ED%95%9C%EC%96%91-%EC%B4%AC%EC%98%81%EC%A7%80-5%EA%B3%B3%EC%9D%84-%EC%95%8C%EB%A0%A4%EB%93%9C%EB%A6%BD%EB%8B%88%EB%8B%A4%EC%97%85%EB%8D%B0%EC%9D%B4%ED%8A%B8%EC%A4%91,YSDL,KAKAO
체크인 한양,병산서원,playground,경북 안동시 풍천면 병산길 386,36.54057514,128.5526253,https://ys-dl.tistory.com/entry/%EC%B2%B4%ED%81%AC%EC%9D%B8-%ED%95%9C%EC%96%91-%EC%B4%AC%EC%98%81%EC%A7%80-5%EA%B3%B3%EC%9D%84-%EC%95%8C%EB%A0%A4%EB%93%9C%EB%A6%BD%EB%8B%88%EB%8B%A4%EC%97%85%EB%8D%B0%EC%9D%B4%ED%8A%B8%EC%A4%91,YSDL,KAKAO
체크인 한양,송소고택,playground,경북 청송군 파천면 송소고택길 15-2,36.43623923,129.0264056,https://ys-dl.tistory.com/entry/%EC%B2%B4%ED%81%AC%EC%9D%B8-%ED%95%9C%EC%96%91-%EC%B4%AC%EC%98%81%EC%A7%80-5%EA%B3%B3%EC%9D%84-%EC%95%8C%EB%A0%A4%EB%93%9C%EB%A6%BD%EB%8B%88%EB%8B%A4%EC%97%85%EB%8D%B0%EC%9D%B4%ED%8A%B8%EC%A4%91,YSDL,KAKAO
체크인 한양,화림동계곡,playground,경남 함양군 안의면 월림리 1472,35.62324082,127.7798612,https://ys-dl.tistory.com/entry/%EC%B2%B4%ED%81%AC%EC%9D%B8-%ED%95%9C%EC%96%91-%EC%B4%AC%EC%98%81%EC%A7%80-5%EA%B3%B3%EC%9D%84-%EC%95%8C%EB%A0%A4%EB%93%9C%EB%A6%BD%EB%8B%88%EB%8B%A4%EC%97%85%EB%8D%B0%EC%9D%B4%ED%8A%B8%EC%A4%91,YSDL,KAKAO
초면에 사랑합니다,서울랜드,playground,경기도 과천시 광명로 181,37.433807,127.01894,,KCISA,KCISA
초면에 사랑합니다,쉴낙원 김포장례식장,playground,경기도 김포시 승가로58번길 7,37.607202,126.71541,,KCISA,KCISA
초면에 사랑합니다,용인 대장금 파크,playground,경기도 용인시 처인구 백암면 용천드라마길 25,37.1209396,127.337296,,KCISA,KCISA
초면에 사랑합니다,폴라데이 캠핑장,playground,경기도 포천시 군내면 선정비로 58,37.887005,127.2155,,KCISA,KCISA
초면에 사랑합니다,청려수련원,playground,경기도 화성시 풀무골로110번길 69,37.20499,127.145909,,KCISA,KCISA
초면에 사랑합니다,성미산로23길,playground,서울특별시 마포구 성미산로23길,37.565007,126.92083,,KCISA,KCISA
초면에 사랑합니다,미쓰윤,playground,서울특별시 서초구 양재천로17길 3,37.475363,127.03775,,KCISA,KCISA
초면에 사랑합니다,롯데월드몰,playground,서울특별시 송파구 올림픽로 300,37.512599,127.102714,,KCISA,KCISA
초면에 사랑합니다,한강 공원 여의도 지구,playground,서울특별시 영등포구 여의동로 290,37.5290674,126.936218,,KCISA,KCISA
초면에 사랑합니다,서울마리나 클럽&요트,playground,서울특별시 영등포구 여의서로 160,37.534829,126.91157,,KCISA,KCISA
초면에 사랑합니다,낙산공원,playground,서울특별시 종로구 낙산길 41,37.580667,127.00746,,KCISA,KCISA
초면에 사랑합니다,윤보선길,playground,서울특별시 종로구 윤보선길,37.577559,126.98376,,KCISA,KCISA
초면에 사랑합니다,서울광장,playground,서울특별시 중구 태평로1가 54-3,37.565574,126.9779,,KCISA,KCISA
초면에 사랑합니다,서울의료원,playground,서울특별시 중랑구 신내로 156,37.612739,127.09819,,KCISA,KCISA
초면에 사랑합니다,용현1.4동,playground,인천광역시 미추홀구 수봉남로18번길 81-22,37.457023,126.6609,,KCISA,KCISA
초콜릿,의정부주교좌성당,playground,경기도 의정부시 신흥로265번길 27,37.739676,127.04144,,KCISA,KCISA
초콜릿,경기영어마을 파주캠퍼스,playground,경기도 파주시 탄현면 얼음실로 40,37.7852355,126.703739,,KCISA,KCISA
초콜릿,계명대학교 성서캠퍼스,playground,대구광역시 달서구 달구벌대로 1095,35.8555794,128.484165,,KCISA,KCISA
초콜릿,보신각터,playground,서울특별시 종로구 종로 54,37.569751,126.98369,,KCISA,KCISA
초콜릿,정도리구계등,playground,전라남도 완도군 완도읍 정도리 152,34.297867,126.70842,,KCISA,KCISA
초콜릿,대천해수욕장,playground,충청남도 보령시 머드로 123,36.313427,126.51139,,KCISA,KCISA
총각네 야채가게,일산호수공원,playground,경기도 고양시 일산동구 호수로 731,37.658769,126.76252,,KCISA,KCISA
총리와 나,경희대국제캠퍼스,playground,경기도 용인시 기흥구 덕영대로 1732,37.240921,127.07958,,KCISA,KCISA
총리와 나,토정로,playground,서울특별시 마포구 토정로 20,37.545541,126.91284,,KCISA,KCISA
총리와 나,덕수궁 돌담길,playground,서울특별시 중구 세종대로 99,37.565924,126.97501,,KCISA,KCISA
최강 배달꾼,거진해수욕장,playground,강원도 고성군 거진읍 거진리 22-59,38.443074,128.45517,,KCISA,KCISA
최강 배달꾼,거탄진로209번길,playground,강원도 고성군 거진읍 거탄진로209번길 5-4,38.448897,128.46331,,KCISA,KCISA
최강 배달꾼,동탄반송길,playground,경기도 화성시 동탄반송길,37.209463,127.06384,,KCISA,KCISA
최강 배달꾼,매향리평화역사관,playground,경기도 화성시 우정읍 기아자동차로 199,37.047902,126.76345,,KCISA,KCISA
최강 배달꾼,매향리선착장,playground,경기도 화성시 우정읍 매향리 945,37.037638,126.74895,,KCISA,KCISA
최강 배달꾼,KT&G서울사옥,playground,서울특별시 강남구 영동대로 416,37.506558,127.06523,,KCISA,KCISA
최강 배달꾼,천호 문구 완구 거리 앞,playground,서울특별시 강동구 천호동 456-16,37.539505,127.12268,,KCISA,KCISA
최강 배달꾼,광진교,playground,서울특별시 강동구 천호동 광진교,37.544739,127.11322,,KCISA,KCISA
최강 배달꾼,건국대학교,playground,서울특별시 광진구 능동로 120,37.5425241,127.073699,,KCISA,KCISA
최강 배달꾼,잠실대교,playground,서울특별시 광진구 자양동 574-1,37.526749,127.0828,,KCISA,KCISA
최강 배달꾼,세빛섬,playground,서울특별시 서초구 올림픽대로 683,37.512019,126.9953,,KCISA,KCISA
최강 배달꾼,천호대교,playground,서울특별시 송파구 풍납동 천호대교,37.542878,127.11222,,KCISA,KCISA
최강 배달꾼,잠실한강3호점(GS25 한강잠실3호점),playground,서울특별시 송파구 한가람로 65,37.519762,127.09342,,KCISA,KCISA
최강 배달꾼,노들섬,playground,서울특별시 용산구 양녕로 445,37.5181029,126.957064,,KCISA,KCISA
최강 배달꾼,소월로38길,playground,서울특별시 용산구 이태원동 262-83,37.543342,126.98943,,KCISA,KCISA
최강 배달꾼,익산 교도소 세트장,playground,전라북도 익산시 성당면 함낭로 207,36.069334,126.93158,,KCISA,KCISA
최고다 이순신,기계산업진흥회 (구 기계회관 본관),playground,서울특별시 영등포구 은행로 37,37.529414,126.9226,,KCISA,KCISA
최고의 결혼,명동쇼핑거리,playground,서울특별시 중구 명동길 명동쇼핑거리,37.564111,126.98609,,KCISA,KCISA
최고의 사랑,킨텍스제1전시장,playground,경기 고양시 일산서구 킨텍스로 217-60,37.669337,126.746033,,KCISA,KCISA
최고의 사랑,MBC일산드림센터,playground,경기도 고양시 일산동구 호수로 596,37.6547819,126.770815,,KCISA,KCISA
최고의 사랑,일산호수공원,playground,경기도 고양시 일산동구 호수로 731,37.658769,126.76252,,KCISA,KCISA
최고의 사랑,경희대학교 서울캠퍼스,playground,서울특별시 동대문구 경희대로 26,37.595363,127.05276,,KCISA,KCISA
최고의 사랑,서울약령시장,playground,서울특별시 동대문구 약령중앙로 10,37.578341,127.0368,,KCISA,KCISA
최고의 사랑,응봉산 팔각정,playground,서울특별시 성동구 독서당로60길 13-1,37.547805,127.029886,,KCISA,KCISA
최고의 사랑,롯데월드,playground,서울특별시 송파구 올림픽로 240,37.5112601,127.097998,,KCISA,KCISA
최고의 사랑,석촌호수,playground,서울특별시 송파구 잠실동 47,37.509919,127.10298,,KCISA,KCISA
최고의 사랑,서강대교,playground,서울특별시 영등포구 여의도동 서강대교,37.536911,126.92495,,KCISA,KCISA
최고의 사랑,춘원당 한방박물관,playground,서울특별시 종로구 돈화문로9길 27,37.571731,126.99033,,KCISA,KCISA
최고의 사랑,세종문화회관,playground,서울특별시 종로구 세종대로 175,37.572139,126.97634,,KCISA,KCISA
최고의 사랑,청운공원,playground,서울특별시 종로구 창의문로 119 청운 공원,37.5919695,126.966814,,KCISA,KCISA
최고의 사랑,디스페이스,playground,서울특별시 종로구 평창30길 27,37.61235,126.97481,,KCISA,KCISA
최고의 사랑,김종영미술관,playground,서울특별시 종로구 평창32길 30,37.612925,126.97757,,KCISA,KCISA
최고의 사랑,서울의료원,playground,서울특별시 중랑구 신내로 156,37.612739,127.09819,,KCISA,KCISA
최고의 엔딩,김포국제공항,playground,서울특별시 강서구 하늘길 112,37.558655,126.79228,,KCISA,KCISA
최고의 엔딩,경의선숲길공원,playground,서울특별시 마포구 연남동 연남로 80,37.5661595,126.919015,,KCISA,KCISA
최고의 이혼,여의서로,playground,서울특별시 영등포구 여의도동,37.533522,126.91482,,KCISA,KCISA
최고의 이혼,동작대교,playground,서울특별시 용산구 이촌동 동작대교,37.51041,126.981893,,KCISA,KCISA
최고의 한방,DMC문화공원,playground,서울특별시 마포구 월드컵북로 366,37.577736,126.89216,,KCISA,KCISA
최고의 한방,서강대교,playground,서울특별시 영등포구 여의도동 서강대교,37.536911,126.92495,,KCISA,KCISA
최고의 한방,원효대교,playground,서울특별시 영등포구 여의도동 원효대교,37.527046,126.94571,,KCISA,KCISA
최고의 한방,한강 공원 여의도 지구,playground,서울특별시 영등포구 여의동로 290,37.5290674,126.936218,,KCISA,KCISA
최고의 한방,한강철교,playground,서울특별시 용산구 이촌동 한강철교,37.51938,126.9512,,KCISA,KCISA
최애의 사원,스카이아트홀,playground,서울 강서구 화곡로63길 65,37.55797393,126.8491892,https://ys-dl.tistory.com/entry/%EC%B5%9C%EC%95%A0%EC%9D%98-%EC%82%AC%EC%9B%90-%EC%B4%AC%EC%98%81%EC%A7%80-18%EA%B3%B3%EC%9D%84-%EC%95%8C%EB%A0%A4%EB%93%9C%EB%A6%BD%EB%8B%88%EB%8B%A4%EC%97%85%EB%8D%B0%EC%9D%B4%ED%8A%B8%EC%A4%91,YSDL,KAKAO
최애의 사원,DMC문화공원,playground,서울 마포구 상암동 1611,37.57804851,126.8923623,https://ys-dl.tistory.com/entry/%EC%B5%9C%EC%95%A0%EC%9D%98-%EC%82%AC%EC%9B%90-%EC%B4%AC%EC%98%81%EC%A7%80-18%EA%B3%B3%EC%9D%84-%EC%95%8C%EB%A0%A4%EB%93%9C%EB%A6%BD%EB%8B%88%EB%8B%A4%EC%97%85%EB%8D%B0%EC%9D%B4%ED%8A%B8%EC%A4%91,YSDL,KAKAO
최애의 사원,평화의공원,playground,서울 마포구 상암동 1535,37.56247083,126.8949472,https://ys-dl.tistory.com/entry/%EC%B5%9C%EC%95%A0%EC%9D%98-%EC%82%AC%EC%9B%90-%EC%B4%AC%EC%98%81%EC%A7%80-18%EA%B3%B3%EC%9D%84-%EC%95%8C%EB%A0%A4%EB%93%9C%EB%A6%BD%EB%8B%88%EB%8B%A4%EC%97%85%EB%8D%B0%EC%9D%B4%ED%8A%B8%EC%A4%91,YSDL,KAKAO
최애의 사원,CGV 신촌아트레온,playground,서울 서대문구 신촌로 129,37.55651713,126.9402493,https://ys-dl.tistory.com/entry/%EC%B5%9C%EC%95%A0%EC%9D%98-%EC%82%AC%EC%9B%90-%EC%B4%AC%EC%98%81%EC%A7%80-18%EA%B3%B3%EC%9D%84-%EC%95%8C%EB%A0%A4%EB%93%9C%EB%A6%BD%EB%8B%88%EB%8B%A4%EC%97%85%EB%8D%B0%EC%9D%B4%ED%8A%B8%EC%A4%91,YSDL,KAKAO
최애의 사원,인왕산,playground,서울 종로구 옥인동 산 3-39,37.58489976,126.9578444,https://ys-dl.tistory.com/entry/%EC%B5%9C%EC%95%A0%EC%9D%98-%EC%82%AC%EC%9B%90-%EC%B4%AC%EC%98%81%EC%A7%80-18%EA%B3%B3%EC%9D%84-%EC%95%8C%EB%A0%A4%EB%93%9C%EB%A6%BD%EB%8B%88%EB%8B%A4%EC%97%85%EB%8D%B0%EC%9D%B4%ED%8A%B8%EC%A4%91,YSDL,KAKAO
최애의 사원,열린송현녹지광장,playground,서울 종로구 송현동 48-9,37.57656808,126.9817151,https://ys-dl.tistory.com/entry/%EC%B5%9C%EC%95%A0%EC%9D%98-%EC%82%AC%EC%9B%90-%EC%B4%AC%EC%98%81%EC%A7%80-18%EA%B3%B3%EC%9D%84-%EC%95%8C%EB%A0%A4%EB%93%9C%EB%A6%BD%EB%8B%88%EB%8B%A4%EC%97%85%EB%8D%B0%EC%9D%B4%ED%8A%B8%EC%A4%91,YSDL,KAKAO
최애의 사원,흥인지문공원,playground,서울 종로구 종로 285,37.57193442,127.0092143,https://ys-dl.tistory.com/entry/%EC%B5%9C%EC%95%A0%EC%9D%98-%EC%82%AC%EC%9B%90-%EC%B4%AC%EC%98%81%EC%A7%80-18%EA%B3%B3%EC%9D%84-%EC%95%8C%EB%A0%A4%EB%93%9C%EB%A6%BD%EB%8B%88%EB%8B%A4%EC%97%85%EB%8D%B0%EC%9D%B4%ED%8A%B8%EC%A4%91,YSDL,KAKAO
최애의 사원,한강,playground,서울 영등포구 여의도동,37.52508922,126.9475451,https://ys-dl.tistory.com/entry/%EC%B5%9C%EC%95%A0%EC%9D%98-%EC%82%AC%EC%9B%90-%EC%B4%AC%EC%98%81%EC%A7%80-18%EA%B3%B3%EC%9D%84-%EC%95%8C%EB%A0%A4%EB%93%9C%EB%A6%BD%EB%8B%88%EB%8B%A4%EC%97%85%EB%8D%B0%EC%9D%B4%ED%8A%B8%EC%A4%91,YSDL,KAKAO
최애의 사원,월드파크,playground,서울 송파구 올림픽로 300,37.51296298,127.1047165,https://ys-dl.tistory.com/entry/%EC%B5%9C%EC%95%A0%EC%9D%98-%EC%82%AC%EC%9B%90-%EC%B4%AC%EC%98%81%EC%A7%80-18%EA%B3%B3%EC%9D%84-%EC%95%8C%EB%A0%A4%EB%93%9C%EB%A6%BD%EB%8B%88%EB%8B%A4%EC%97%85%EB%8D%B0%EC%9D%B4%ED%8A%B8%EC%A4%91,YSDL,KAKAO
최애의 사원,백현어린이공원,playground,경기 성남시 분당구 정자동 72,37.37121469,127.1123293,https://ys-dl.tistory.com/entry/%EC%B5%9C%EC%95%A0%EC%9D%98-%EC%82%AC%EC%9B%90-%EC%B4%AC%EC%98%81%EC%A7%80-18%EA%B3%B3%EC%9D%84-%EC%95%8C%EB%A0%A4%EB%93%9C%EB%A6%BD%EB%8B%88%EB%8B%A4%EC%97%85%EB%8D%B0%EC%9D%B4%ED%8A%B8%EC%A4%91,YSDL,KAKAO
최애의 사원,만석공원,playground,경기 수원시 장안구 송죽동 434,37.30045508,127.0014437,https://ys-dl.tistory.com/entry/%EC%B5%9C%EC%95%A0%EC%9D%98-%EC%82%AC%EC%9B%90-%EC%B4%AC%EC%98%81%EC%A7%80-18%EA%B3%B3%EC%9D%84-%EC%95%8C%EB%A0%A4%EB%93%9C%EB%A6%BD%EB%8B%88%EB%8B%A4%EC%97%85%EB%8D%B0%EC%9D%B4%ED%8A%B8%EC%A4%91,YSDL,KAKAO
최애의 사원,먼내어린이공원,playground,경기 수원시 영통구 원천동 463-1,37.26953804,127.0578242,https://ys-dl.tistory.com/entry/%EC%B5%9C%EC%95%A0%EC%9D%98-%EC%82%AC%EC%9B%90-%EC%B4%AC%EC%98%81%EC%A7%80-18%EA%B3%B3%EC%9D%84-%EC%95%8C%EB%A0%A4%EB%93%9C%EB%A6%BD%EB%8B%88%EB%8B%A4%EC%97%85%EB%8D%B0%EC%9D%B4%ED%8A%B8%EC%A4%91,YSDL,KAKAO
최애의 사원,쌍산재,playground,전남광주통합특별시 구례군 마산면 장수길 3-2,35.21575369,127.4980434,https://ys-dl.tistory.com/entry/%EC%B5%9C%EC%95%A0%EC%9D%98-%EC%82%AC%EC%9B%90-%EC%B4%AC%EC%98%81%EC%A7%80-18%EA%B3%B3%EC%9D%84-%EC%95%8C%EB%A0%A4%EB%93%9C%EB%A6%BD%EB%8B%88%EB%8B%A4%EC%97%85%EB%8D%B0%EC%9D%B4%ED%8A%B8%EC%A4%91,YSDL,KAKAO
추노,비둘기낭폭포,playground,경기도 포천시 영북면 대회산리 415-2,38.079827,127.217505,,KCISA,KCISA
추노,사성암,playground,전라남도 구례군 문척면 사성암길 303,35.180003,127.4806,,KCISA,KCISA
추노,광한루원,playground,전라북도 남원시 요천로 1447,35.403918,127.379758,,KCISA,KCISA
추리의 여왕,라페스타,playground,경기도 고양시 일산동구 중앙로 1305-56,37.661839,126.76796,,KCISA,KCISA
추리의 여왕,오이도빨강등대,playground,경기도 시흥시 오이도로 175,37.345438,126.68744,,KCISA,KCISA
추리의 여왕,오이도 황새 바위길,playground,경기도 시흥시 정왕동 황새바위길,37.327881,126.75708,,KCISA,KCISA
추리의 여왕,루나휘트니스,playground,경기도 용인시 기흥구 동백5로 22,37.275931,127.15132,,KCISA,KCISA
추리의 여왕,대전근현대사전시관,playground,대전광역시 중구 중앙로 101,36.3266855,127.420912,,KCISA,KCISA
추리의 여왕,로프트가든344,playground,서울특별시 양천구 오목로 344 청학빌딩 8층,37.523837,126.87529,,KCISA,KCISA
추리의 여왕,율곡로3길,playground,서울특별시 종로구 율곡로3길,37.577811,126.98239,,KCISA,KCISA
추리의 여왕,선재도,playground,인천광역시 옹진군 영흥면 선재리,37.229269,126.53284,,KCISA,KCISA
추리의 여왕,인천국제공항,playground,인천광역시 중구 공항로 272,37.44919,126.4514,,KCISA,KCISA
추리의 여왕,노량진로,playground,서울특별시 동작구 노량진로,37.513432,126.94016,,KCISA,KCISA
추리의 여왕,도림로,playground,서울특별시 영등포구 도림로 436-11,37.514911,126.89485,,KCISA,KCISA
추리의 여왕,마로니에 공원,playground,서울특별시 종로구 대학로 104,37.580499,127.00244,,KCISA,KCISA
추리의 여왕,인천서구문화회관,playground,인천광역시 서구 서달로 190,37.515402,126.67993,,KCISA,KCISA
춘화연애담,남양주종합촬영소,playground,경기 남양주시 조안면 북한강로855번길 138,37.60400192,127.3225153,https://ys-dl.tistory.com/entry/%EC%B6%98%ED%99%94%EC%97%B0%EC%95%A0%EB%8B%B4-%EC%B4%AC%EC%98%81%EC%A7%80-7%EA%B3%B3%EC%9D%84-%EC%95%8C%EB%A0%A4%EB%93%9C%EB%A6%BD%EB%8B%88%EB%8B%A4%EC%97%85%EB%8D%B0%EC%9D%B4%ED%8A%B8%EC%A4%91,YSDL,KAKAO
춘화연애담,바람의화원 세트장,playground,충북 괴산군 청천면 송문로덕평1길 44-18,36.72666312,127.8057002,https://ys-dl.tistory.com/entry/%EC%B6%98%ED%99%94%EC%97%B0%EC%95%A0%EB%8B%B4-%EC%B4%AC%EC%98%81%EC%A7%80-7%EA%B3%B3%EC%9D%84-%EC%95%8C%EB%A0%A4%EB%93%9C%EB%A6%BD%EB%8B%88%EB%8B%A4%EC%97%85%EB%8D%B0%EC%9D%B4%ED%8A%B8%EC%A4%91,YSDL,KAKAO
춘화연애담,우암사적공원,playground,대전 동구 충정로 53,36.34786121,127.4582386,https://ys-dl.tistory.com/entry/%EC%B6%98%ED%99%94%EC%97%B0%EC%95%A0%EB%8B%B4-%EC%B4%AC%EC%98%81%EC%A7%80-7%EA%B3%B3%EC%9D%84-%EC%95%8C%EB%A0%A4%EB%93%9C%EB%A6%BD%EB%8B%88%EB%8B%A4%EC%97%85%EB%8D%B0%EC%9D%B4%ED%8A%B8%EC%A4%91,YSDL,KAKAO
춘화연애담,파평윤씨종학당,playground,충남 논산시 노성면 종학길 39-6,36.29125345,127.0970489,https://ys-dl.tistory.com/entry/%EC%B6%98%ED%99%94%EC%97%B0%EC%95%A0%EB%8B%B4-%EC%B4%AC%EC%98%81%EC%A7%80-7%EA%B3%B3%EC%9D%84-%EC%95%8C%EB%A0%A4%EB%93%9C%EB%A6%BD%EB%8B%88%EB%8B%A4%EC%97%85%EB%8D%B0%EC%9D%B4%ED%8A%B8%EC%A4%91,YSDL,KAKAO
춘화연애담,궁남지,playground,충남 부여군 부여읍 궁남로 52,36.26963029,126.9123128,https://ys-dl.tistory.com/entry/%EC%B6%98%ED%99%94%EC%97%B0%EC%95%A0%EB%8B%B4-%EC%B4%AC%EC%98%81%EC%A7%80-7%EA%B3%B3%EC%9D%84-%EC%95%8C%EB%A0%A4%EB%93%9C%EB%A6%BD%EB%8B%88%EB%8B%A4%EC%97%85%EB%8D%B0%EC%9D%B4%ED%8A%B8%EC%A4%91,YSDL,KAKAO
춘화연애담,문헌서원,playground,충남 서천군 기산면 서원로172번길 66,36.09169946,126.7855556,https://ys-dl.tistory.com/entry/%EC%B6%98%ED%99%94%EC%97%B0%EC%95%A0%EB%8B%B4-%EC%B4%AC%EC%98%81%EC%A7%80-7%EA%B3%B3%EC%9D%84-%EC%95%8C%EB%A0%A4%EB%93%9C%EB%A6%BD%EB%8B%88%EB%8B%A4%EC%97%85%EB%8D%B0%EC%9D%B4%ED%8A%B8%EC%A4%91,YSDL,KAKAO
춘화연애담,봉서사,playground,충남 서천군 한산면 건지산길 122,36.08791974,126.7932438,https://ys-dl.tistory.com/entry/%EC%B6%98%ED%99%94%EC%97%B0%EC%95%A0%EB%8B%B4-%EC%B4%AC%EC%98%81%EC%A7%80-7%EA%B3%B3%EC%9D%84-%EC%95%8C%EB%A0%A4%EB%93%9C%EB%A6%BD%EB%8B%88%EB%8B%A4%EC%97%85%EB%8D%B0%EC%9D%B4%ED%8A%B8%EC%A4%91,YSDL,KAKAO
춘화연애담,부안영상테마파크,playground,전북특별자치도 부안군 변산면 격포로 309-64,35.62180698,126.485383,https://ys-dl.tistory.com/entry/%EC%B6%98%ED%99%94%EC%97%B0%EC%95%A0%EB%8B%B4-%EC%B4%AC%EC%98%81%EC%A7%80-7%EA%B3%B3%EC%9D%84-%EC%95%8C%EB%A0%A4%EB%93%9C%EB%A6%BD%EB%8B%88%EB%8B%A4%EC%97%85%EB%8D%B0%EC%9D%B4%ED%8A%B8%EC%A4%91,YSDL,KAKAO
춘화연애담,김명관고택,playground,전북특별자치도 정읍시 산외면 공동길 66,35.61621414,127.0198447,https://ys-dl.tistory.com/entry/%EC%B6%98%ED%99%94%EC%97%B0%EC%95%A0%EB%8B%B4-%EC%B4%AC%EC%98%81%EC%A7%80-7%EA%B3%B3%EC%9D%84-%EC%95%8C%EB%A0%A4%EB%93%9C%EB%A6%BD%EB%8B%88%EB%8B%A4%EC%97%85%EB%8D%B0%EC%9D%B4%ED%8A%B8%EC%A4%91,YSDL,KAKAO
춘화연애담,우화정,playground,전북특별자치도 정읍시 내장동 산 231,35.48643739,126.9102537,https://ys-dl.tistory.com/entry/%EC%B6%98%ED%99%94%EC%97%B0%EC%95%A0%EB%8B%B4-%EC%B4%AC%EC%98%81%EC%A7%80-7%EA%B3%B3%EC%9D%84-%EC%95%8C%EB%A0%A4%EB%93%9C%EB%A6%BD%EB%8B%88%EB%8B%A4%EC%97%85%EB%8D%B0%EC%9D%B4%ED%8A%B8%EC%A4%91,YSDL,KAKAO
춘화연애담,고창읍성,playground,전북특별자치도 고창군 고창읍 읍내리 산 9,35.42973105,126.7048689,https://ys-dl.tistory.com/entry/%EC%B6%98%ED%99%94%EC%97%B0%EC%95%A0%EB%8B%B4-%EC%B4%AC%EC%98%81%EC%A7%80-7%EA%B3%B3%EC%9D%84-%EC%95%8C%EB%A0%A4%EB%93%9C%EB%A6%BD%EB%8B%88%EB%8B%A4%EC%97%85%EB%8D%B0%EC%9D%B4%ED%8A%B8%EC%A4%91,YSDL,KAKAO
춘화연애담,광한루원,playground,전북특별자치도 남원시 요천로 1447,35.40391878,127.3797814,https://ys-dl.tistory.com/entry/%EC%B6%98%ED%99%94%EC%97%B0%EC%95%A0%EB%8B%B4-%EC%B4%AC%EC%98%81%EC%A7%80-7%EA%B3%B3%EC%9D%84-%EC%95%8C%EB%A0%A4%EB%93%9C%EB%A6%BD%EB%8B%88%EB%8B%A4%EC%97%85%EB%8D%B0%EC%9D%B4%ED%8A%B8%EC%A4%91,YSDL,KAKAO
춘화연애담,식영정,playground,전남광주통합특별시 담양군 가사문학면 지곡리 산 75-1,35.18849092,127.0017952,https://ys-dl.tistory.com/entry/%EC%B6%98%ED%99%94%EC%97%B0%EC%95%A0%EB%8B%B4-%EC%B4%AC%EC%98%81%EC%A7%80-7%EA%B3%B3%EC%9D%84-%EC%95%8C%EB%A0%A4%EB%93%9C%EB%A6%BD%EB%8B%88%EB%8B%A4%EC%97%85%EB%8D%B0%EC%9D%B4%ED%8A%B8%EC%A4%91,YSDL,KAKAO
춘화연애담,세량제,playground,전남광주통합특별시 화순군 화순읍 세량리 98,35.07864419,126.9199765,https://ys-dl.tistory.com/entry/%EC%B6%98%ED%99%94%EC%97%B0%EC%95%A0%EB%8B%B4-%EC%B4%AC%EC%98%81%EC%A7%80-7%EA%B3%B3%EC%9D%84-%EC%95%8C%EB%A0%A4%EB%93%9C%EB%A6%BD%EB%8B%88%EB%8B%A4%EC%97%85%EB%8D%B0%EC%9D%B4%ED%8A%B8%EC%A4%91,YSDL,KAKAO
춘화연애담,보성열화정,playground,전남광주통합특별시 보성군 득량면 오봉리 230,34.76377016,127.1878846,https://ys-dl.tistory.com/entry/%EC%B6%98%ED%99%94%EC%97%B0%EC%95%A0%EB%8B%B4-%EC%B4%AC%EC%98%81%EC%A7%80-7%EA%B3%B3%EC%9D%84-%EC%95%8C%EB%A0%A4%EB%93%9C%EB%A6%BD%EB%8B%88%EB%8B%A4%EC%97%85%EB%8D%B0%EC%9D%B4%ED%8A%B8%EC%A4%91,YSDL,KAKAO
춘화연애담,문경새재오픈세트장,playground,경북 문경시 문경읍 새재로 1037,36.77139968,128.074072,https://ys-dl.tistory.com/entry/%EC%B6%98%ED%99%94%EC%97%B0%EC%95%A0%EB%8B%B4-%EC%B4%AC%EC%98%81%EC%A7%80-7%EA%B3%B3%EC%9D%84-%EC%95%8C%EB%A0%A4%EB%93%9C%EB%A6%BD%EB%8B%88%EB%8B%A4%EC%97%85%EB%8D%B0%EC%9D%B4%ED%8A%B8%EC%A4%91,YSDL,KAKAO
춘화연애담,문경생태미로공원,playground,경북 문경시 문경읍 상초리 220,36.7644583,128.0748174,https://ys-dl.tistory.com/entry/%EC%B6%98%ED%99%94%EC%97%B0%EC%95%A0%EB%8B%B4-%EC%B4%AC%EC%98%81%EC%A7%80-7%EA%B3%B3%EC%9D%84-%EC%95%8C%EB%A0%A4%EB%93%9C%EB%A6%BD%EB%8B%88%EB%8B%A4%EC%97%85%EB%8D%B0%EC%9D%B4%ED%8A%B8%EC%A4%91,YSDL,KAKAO
춘화연애담,안동군자마을,playground,경북 안동시 와룡면 군자리길 29,36.67374521,128.8022828,https://ys-dl.tistory.com/entry/%EC%B6%98%ED%99%94%EC%97%B0%EC%95%A0%EB%8B%B4-%EC%B4%AC%EC%98%81%EC%A7%80-7%EA%B3%B3%EC%9D%84-%EC%95%8C%EB%A0%A4%EB%93%9C%EB%A6%BD%EB%8B%88%EB%8B%A4%EC%97%85%EB%8D%B0%EC%9D%B4%ED%8A%B8%EC%A4%91,YSDL,KAKAO
춘화연애담,안동탁청정,playground,경북 안동시 와룡면 군자리길 21,36.67332484,128.8030896,https://ys-dl.tistory.com/entry/%EC%B6%98%ED%99%94%EC%97%B0%EC%95%A0%EB%8B%B4-%EC%B4%AC%EC%98%81%EC%A7%80-7%EA%B3%B3%EC%9D%84-%EC%95%8C%EB%A0%A4%EB%93%9C%EB%A6%BD%EB%8B%88%EB%8B%A4%EC%97%85%EB%8D%B0%EC%9D%B4%ED%8A%B8%EC%A4%91,YSDL,KAKAO
춘화연애담,안동호 해상촬영세트장,playground,경북 안동시 석동동 1496,36.57615821,128.783085,https://ys-dl.tistory.com/entry/%EC%B6%98%ED%99%94%EC%97%B0%EC%95%A0%EB%8B%B4-%EC%B4%AC%EC%98%81%EC%A7%80-7%EA%B3%B3%EC%9D%84-%EC%95%8C%EB%A0%A4%EB%93%9C%EB%A6%BD%EB%8B%88%EB%8B%A4%EC%97%85%EB%8D%B0%EC%9D%B4%ED%8A%B8%EC%A4%91,YSDL,KAKAO
춘화연애담,만휴정,playground,경북 안동시 길안면 묵계하리길 42,36.41044601,128.9098517,https://ys-dl.tistory.com/entry/%EC%B6%98%ED%99%94%EC%97%B0%EC%95%A0%EB%8B%B4-%EC%B4%AC%EC%98%81%EC%A7%80-7%EA%B3%B3%EC%9D%84-%EC%95%8C%EB%A0%A4%EB%93%9C%EB%A6%BD%EB%8B%88%EB%8B%A4%EC%97%85%EB%8D%B0%EC%9D%B4%ED%8A%B8%EC%A4%91,YSDL,KAKAO
춘화연애담,소수서원,playground,경북 영주시 순흥면 소백로 2740,36.92562067,128.5802029,https://ys-dl.tistory.com/entry/%EC%B6%98%ED%99%94%EC%97%B0%EC%95%A0%EB%8B%B4-%EC%B4%AC%EC%98%81%EC%A7%80-7%EA%B3%B3%EC%9D%84-%EC%95%8C%EB%A0%A4%EB%93%9C%EB%A6%BD%EB%8B%88%EB%8B%A4%EC%97%85%EB%8D%B0%EC%9D%B4%ED%8A%B8%EC%A4%91,YSDL,KAKAO
춘화연애담,독락당,playground,경북 경주시 안강읍 옥산서원길 300-3,36.01659882,129.1599124,https://ys-dl.tistory.com/entry/%EC%B6%98%ED%99%94%EC%97%B0%EC%95%A0%EB%8B%B4-%EC%B4%AC%EC%98%81%EC%A7%80-7%EA%B3%B3%EC%9D%84-%EC%95%8C%EB%A0%A4%EB%93%9C%EB%A6%BD%EB%8B%88%EB%8B%A4%EC%97%85%EB%8D%B0%EC%9D%B4%ED%8A%B8%EC%A4%91,YSDL,KAKAO
춘화연애담,옥산서원,playground,경북 경주시 안강읍 옥산서원길 216-27,36.01169114,129.1632474,https://ys-dl.tistory.com/entry/%EC%B6%98%ED%99%94%EC%97%B0%EC%95%A0%EB%8B%B4-%EC%B4%AC%EC%98%81%EC%A7%80-7%EA%B3%B3%EC%9D%84-%EC%95%8C%EB%A0%A4%EB%93%9C%EB%A6%BD%EB%8B%88%EB%8B%A4%EC%97%85%EB%8D%B0%EC%9D%B4%ED%8A%B8%EC%A4%91,YSDL,KAKAO
출사표,리본약국,playground,경기도 군포시 산본로323번길 15 110-111호,37.358617,126.93225,,KCISA,KCISA
출사표,우저서원,playground,경기도 김포시 중봉로25번길 87,37.626854,126.69417,,KCISA,KCISA
출사표,서울시티클럽,playground,서울특별시 영등포구 여의공원로 101 C.C.M.M빌딩,37.529282,126.92486,,KCISA,KCISA
출사표,중소기업중앙회,playground,서울특별시 영등포구 은행로 30,37.52816,126.9227,,KCISA,KCISA
출사표,경희궁3길,playground,서울특별시 종로구 사직동 경희궁 3길,37.57329,126.96731,,KCISA,KCISA
출사표,인천종합문화예술회관,playground,인천광역시 남동구 예술로 149,37.447802,126.70008,,KCISA,KCISA
출사표,인천광역시청,playground,인천광역시 남동구 정각로 29,37.455953,126.70552,,KCISA,KCISA
출사표,동구 어린이 교통공원,playground,인천광역시 동구 방축로177번길 31,37.478016,126.66968,,KCISA,KCISA
출사표,우리사진관,playground,인천광역시 동구 송현공원로 100,37.480605,126.64237,,KCISA,KCISA
출사표,인형문구완구,playground,인천광역시 미추홀구 경인로354번길 54,37.456049,126.67905,,KCISA,KCISA
출사표,수봉남로18번길,playground,인천광역시 미추홀구 수봉남로18번길 43-11,37.456913,126.65895,,KCISA,KCISA
출사표,수봉남로24번길,playground,인천광역시 미추홀구 수봉남로24번길,37.457147,126.66079,,KCISA,KCISA
출사표,미추홀구청삼거리육교,playground,인천광역시 미추홀구 숭의동 457-49,37.466631,126.64925,,KCISA,KCISA
출사표,우각로문화마을,playground,인천광역시 미추홀구 우각로122번길 19,37.468936,126.64468,,KCISA,KCISA
출사표,한신그랜드힐빌리지 앞 고가도로,playground,인천광역시 서구 서곶로 16,37.521026,126.683457,,KCISA,KCISA
출사표,서곶근린공원,playground,인천광역시 서구 심곡로 151,37.54648,126.68025,,KCISA,KCISA
출사표,제물량로,playground,인천광역시 중구 제물량로 196,37.470995,126.62273,,KCISA,KCISA
출사표,인천아트플랫폼,playground,인천광역시 중구 제물량로218번길 3,37.472906,126.62001,,KCISA,KCISA
출사표,도원보행자터널,playground,인천광역시 중구 참외전로 191,37.471426,126.63698,,KCISA,KCISA
취하는 로맨스,망원한강공원,playground,서울 마포구 마포나루길 467,37.55172455,126.9000276,https://ys-dl.tistory.com/entry/%EC%B7%A8%ED%95%98%EB%8A%94-%EB%A1%9C%EB%A7%A8%EC%8A%A4-%EC%B4%AC%EC%98%81%EC%A7%80-17%EA%B3%B3%EC%9D%84-%EC%95%8C%EB%A0%A4%EB%93%9C%EB%A6%BD%EB%8B%88%EB%8B%A4%EC%97%85%EB%8D%B0%EC%9D%B4%ED%8A%B8%EC%A4%91,YSDL,KAKAO
취하는 로맨스,용마랜드,playground,서울 중랑구 망우로70길 118,37.59477741,127.1054538,https://ys-dl.tistory.com/entry/%EC%B7%A8%ED%95%98%EB%8A%94-%EB%A1%9C%EB%A7%A8%EC%8A%A4-%EC%B4%AC%EC%98%81%EC%A7%80-17%EA%B3%B3%EC%9D%84-%EC%95%8C%EB%A0%A4%EB%93%9C%EB%A6%BD%EB%8B%88%EB%8B%A4%EC%97%85%EB%8D%B0%EC%9D%B4%ED%8A%B8%EC%A4%91,YSDL,KAKAO
취하는 로맨스,퍼스트가든,playground,경기 파주시 탑삭골길 260,37.73208579,126.794631,https://ys-dl.tistory.com/entry/%EC%B7%A8%ED%95%98%EB%8A%94-%EB%A1%9C%EB%A7%A8%EC%8A%A4-%EC%B4%AC%EC%98%81%EC%A7%80-17%EA%B3%B3%EC%9D%84-%EC%95%8C%EB%A0%A4%EB%93%9C%EB%A6%BD%EB%8B%88%EB%8B%A4%EC%97%85%EB%8D%B0%EC%9D%B4%ED%8A%B8%EC%A4%91,YSDL,KAKAO
취하는 로맨스,설매재,playground,경기 양평군 옥천면 용천리,37.56354265,127.5124347,https://ys-dl.tistory.com/entry/%EC%B7%A8%ED%95%98%EB%8A%94-%EB%A1%9C%EB%A7%A8%EC%8A%A4-%EC%B4%AC%EC%98%81%EC%A7%80-17%EA%B3%B3%EC%9D%84-%EC%95%8C%EB%A0%A4%EB%93%9C%EB%A6%BD%EB%8B%88%EB%8B%A4%EC%97%85%EB%8D%B0%EC%9D%B4%ED%8A%B8%EC%A4%91,YSDL,KAKAO
취하는 로맨스,여주중앙로 문화의거리,playground,경기 여주시 창동 250-14,37.29703475,127.6352425,https://ys-dl.tistory.com/entry/%EC%B7%A8%ED%95%98%EB%8A%94-%EB%A1%9C%EB%A7%A8%EC%8A%A4-%EC%B4%AC%EC%98%81%EC%A7%80-17%EA%B3%B3%EC%9D%84-%EC%95%8C%EB%A0%A4%EB%93%9C%EB%A6%BD%EB%8B%88%EB%8B%A4%EC%97%85%EB%8D%B0%EC%9D%B4%ED%8A%B8%EC%A4%91,YSDL,KAKAO
취하는 로맨스,용호별빛공원,playground,부산 남구 용호동 5-5,35.13281786,129.1200264,https://ys-dl.tistory.com/entry/%EC%B7%A8%ED%95%98%EB%8A%94-%EB%A1%9C%EB%A7%A8%EC%8A%A4-%EC%B4%AC%EC%98%81%EC%A7%80-17%EA%B3%B3%EC%9D%84-%EC%95%8C%EB%A0%A4%EB%93%9C%EB%A6%BD%EB%8B%88%EB%8B%A4%EC%97%85%EB%8D%B0%EC%9D%B4%ED%8A%B8%EC%A4%91,YSDL,KAKAO
취하는 로맨스,송도해수욕장,playground,부산 서구 암남동 135-5,35.07594544,129.0169544,https://ys-dl.tistory.com/entry/%EC%B7%A8%ED%95%98%EB%8A%94-%EB%A1%9C%EB%A7%A8%EC%8A%A4-%EC%B4%AC%EC%98%81%EC%A7%80-17%EA%B3%B3%EC%9D%84-%EC%95%8C%EB%A0%A4%EB%93%9C%EB%A6%BD%EB%8B%88%EB%8B%A4%EC%97%85%EB%8D%B0%EC%9D%B4%ED%8A%B8%EC%A4%91,YSDL,KAKAO
층간,솔찬공원,playground,인천 연수구 컨벤시아대로391번길 20,37.37236048,126.6282104,https://ys-dl.tistory.com/entry/%EC%B8%B5%EA%B0%84-%EC%B4%AC%EC%98%81%EC%A7%80-6%EA%B3%B3%EC%9D%84-%EC%95%8C%EB%A0%A4%EB%93%9C%EB%A6%BD%EB%8B%88%EB%8B%A4,YSDL,KAKAO
치얼업,아쿠아플라넷 일산,playground,경기도 고양시 일산서구 한류월드로 282,37.66383,126.75556,,KCISA,KCISA
치얼업,의정부미술도서관,playground,경기도 의정부시 민락로 248,37.7442371,127.106934,,KCISA,KCISA
치얼업,성산로22길,playground,서울특별시 서대문구 성산로22길 22,37.559871,126.93404,,KCISA,KCISA
치얼업,연세대학교 신촌캠퍼스,playground,서울특별시 서대문구 연세로 50,37.5637563,126.937546,,KCISA,KCISA
치얼업,더리버,playground,서울특별시 용산구 용산동6가 451,37.507108,126.98472,,KCISA,KCISA
치즈인더트랩,서울과학기술대학교,playground,서울특별시 노원구 공릉로 232,37.629632,127.07845,,KCISA,KCISA
치즈인더트랩,서울과학기술대학교 도예관 뒷길,playground,서울특별시 노원구 공릉로 232,37.635251,127.078836,,KCISA,KCISA
치즈인더트랩,서울과학기술대학교 연못 붕어방,playground,서울특별시 노원구 공릉로 232,37.633385,127.077999,,KCISA,KCISA
치즈인더트랩,서울과학기술대학교 중앙도서관,playground,서울특별시 노원구 공릉로 232,37.632898,127.076696,,KCISA,KCISA
치즈인더트랩,서울과학기술대학교 창학관 앞 벤치,playground,서울특별시 노원구 공릉로 232,37.632329,127.079437,,KCISA,KCISA
치즈인더트랩,서울과학기술대학교 향학로,playground,서울특별시 노원구 공릉로 232,37.631951,127.077098,,KCISA,KCISA
치즈인더트랩,엔씨큐브,playground,인천광역시 연수구 아트센터대로 87,37.402243,126.64027,,KCISA,KCISA
친애하는 X,노들섬,playground,서울 용산구 양녕로 445,37.51766014,126.9580339,https://ys-dl.tistory.com/entry/%EC%B9%9C%EC%95%A0%ED%95%98%EB%8A%94-X-%EC%B4%AC%EC%98%81%EC%A7%80-7%EA%B3%B3%EC%9D%84-%EC%95%8C%EB%A0%A4%EB%93%9C%EB%A6%BD%EB%8B%88%EB%8B%A4%EC%97%85%EB%8D%B0%EC%9D%B4%ED%8A%B8%EC%A4%91,YSDL,KAKAO
친애하는 X,반포한강공원,playground,서울 서초구 반포동 115-5,37.51081993,126.997161,https://ys-dl.tistory.com/entry/%EC%B9%9C%EC%95%A0%ED%95%98%EB%8A%94-X-%EC%B4%AC%EC%98%81%EC%A7%80-7%EA%B3%B3%EC%9D%84-%EC%95%8C%EB%A0%A4%EB%93%9C%EB%A6%BD%EB%8B%88%EB%8B%A4%EC%97%85%EB%8D%B0%EC%9D%B4%ED%8A%B8%EC%A4%91,YSDL,KAKAO
친애하는 X,부띠크모나코미술관,playground,서울 서초구 서초대로 397,37.49746266,127.0247975,https://ys-dl.tistory.com/entry/%EC%B9%9C%EC%95%A0%ED%95%98%EB%8A%94-X-%EC%B4%AC%EC%98%81%EC%A7%80-7%EA%B3%B3%EC%9D%84-%EC%95%8C%EB%A0%A4%EB%93%9C%EB%A6%BD%EB%8B%88%EB%8B%A4%EC%97%85%EB%8D%B0%EC%9D%B4%ED%8A%B8%EC%A4%91,YSDL,KAKAO
친애하는 X,선녀바위해변,playground,인천 영종구 을왕동 678-188,37.43947594,126.3787082,https://ys-dl.tistory.com/entry/%EC%B9%9C%EC%95%A0%ED%95%98%EB%8A%94-X-%EC%B4%AC%EC%98%81%EC%A7%80-7%EA%B3%B3%EC%9D%84-%EC%95%8C%EB%A0%A4%EB%93%9C%EB%A6%BD%EB%8B%88%EB%8B%A4%EC%97%85%EB%8D%B0%EC%9D%B4%ED%8A%B8%EC%A4%91,YSDL,KAKAO
친애하는 X,도성사,playground,경기 포천시 화현면 화동로596번길 90,37.9141207,127.3164841,https://ys-dl.tistory.com/entry/%EC%B9%9C%EC%95%A0%ED%95%98%EB%8A%94-X-%EC%B4%AC%EC%98%81%EC%A7%80-7%EA%B3%B3%EC%9D%84-%EC%95%8C%EB%A0%A4%EB%93%9C%EB%A6%BD%EB%8B%88%EB%8B%A4%EC%97%85%EB%8D%B0%EC%9D%B4%ED%8A%B8%EC%A4%91,YSDL,KAKAO
친애하는 X,미메시스 아트 뮤지엄,playground,경기 파주시 문발로 253,37.71679273,126.6889188,https://ys-dl.tistory.com/entry/%EC%B9%9C%EC%95%A0%ED%95%98%EB%8A%94-X-%EC%B4%AC%EC%98%81%EC%A7%80-7%EA%B3%B3%EC%9D%84-%EC%95%8C%EB%A0%A4%EB%93%9C%EB%A6%BD%EB%8B%88%EB%8B%A4%EC%97%85%EB%8D%B0%EC%9D%B4%ED%8A%B8%EC%A4%91,YSDL,KAKAO
친애하는 X,영화의전당,playground,부산 해운대구 수영강변대로 120,35.17102492,129.1270113,https://ys-dl.tistory.com/entry/%EC%B9%9C%EC%95%A0%ED%95%98%EB%8A%94-X-%EC%B4%AC%EC%98%81%EC%A7%80-7%EA%B3%B3%EC%9D%84-%EC%95%8C%EB%A0%A4%EB%93%9C%EB%A6%BD%EB%8B%88%EB%8B%A4%EC%97%85%EB%8D%B0%EC%9D%B4%ED%8A%B8%EC%A4%91,YSDL,KAKAO
친애하는 판사님께,안성팜랜드,playground,경기도 안성시 공도읍 대신두길 28,36.9904684,127.194467,,KCISA,KCISA
친애하는 판사님께,서울중앙지방법원,playground,서울특별시 서초구 서초중앙로 157,37.496068,127.01148,,KCISA,KCISA
친애하는 판사님께,장흥교도소 세트장,playground,전라남도 장흥군 장흥읍 원도리 191,34.686804,126.91329,,KCISA,KCISA
친애하는 판사님께,대둔산 금강구름다리,playground,전라북도 완주군 운주면 산북리,36.123133,127.32339,,KCISA,KCISA
카이로스,동작대교,playground,서울특별시 용산구 이촌동 동작대교,37.51041,126.981893,,KCISA,KCISA
카이로스,한국의 집,playground,서울특별시 중구 퇴계로36길 10,37.560304,126.99471,,KCISA,KCISA
카지노,송현근린공원 향적사,playground,인천 제물포구 송현공원로 71-10,37.47902311,126.6412857,https://ys-dl.tistory.com/entry/%EC%B9%B4%EC%A7%80%EB%85%B8-%EC%8B%9C%EC%A6%8C1-%EC%B4%AC%EC%98%81%EC%A7%80-7%EA%B3%B3%EC%9D%84-%EC%95%8C%EB%A0%A4%EB%93%9C%EB%A6%BD%EB%8B%88%EB%8B%A4%EC%97%85%EB%8D%B0%EC%9D%B4%ED%8A%B8%EC%A4%91,YSDL,KAKAO
카지노,진흥굴,playground,전북특별자치도 고창군 아산면 삼인리 산 97,35.48124819,126.5651034,https://ys-dl.tistory.com/entry/%EC%B9%B4%EC%A7%80%EB%85%B8-%EC%8B%9C%EC%A6%8C1-%EC%B4%AC%EC%98%81%EC%A7%80-7%EA%B3%B3%EC%9D%84-%EC%95%8C%EB%A0%A4%EB%93%9C%EB%A6%BD%EB%8B%88%EB%8B%A4%EC%97%85%EB%8D%B0%EC%9D%B4%ED%8A%B8%EC%A4%91,YSDL,KAKAO
카지노,순천드라마촬영장,playground,전남광주통합특별시 순천시 비례골길 24,34.9570842,127.5380338,https://ys-dl.tistory.com/entry/%EC%B9%B4%EC%A7%80%EB%85%B8-%EC%8B%9C%EC%A6%8C1-%EC%B4%AC%EC%98%81%EC%A7%80-7%EA%B3%B3%EC%9D%84-%EC%95%8C%EB%A0%A4%EB%93%9C%EB%A6%BD%EB%8B%88%EB%8B%A4%EC%97%85%EB%8D%B0%EC%9D%B4%ED%8A%B8%EC%A4%91,YSDL,KAKAO
캐리어를 끄는 여자,화이트블럭,playground,경기도 파주시 탄현면 헤이리마을길 72,37.7889189,126.699592,,KCISA,KCISA
캐리어를 끄는 여자,서울중앙지방법원,playground,서울특별시 서초구 서초중앙로 157,37.496068,127.01148,,KCISA,KCISA
캐리어를 끄는 여자,IFC서울,playground,서울특별시 영등포구 국제금융로 10,37.525023,126.92565,,KCISA,KCISA
캐리어를 끄는 여자,노들섬,playground,서울특별시 용산구 양녕로 445,37.5181029,126.957064,,KCISA,KCISA
캐셔로,노들섬,playground,서울 용산구 양녕로 445,37.51766014,126.9580339,https://ys-dl.tistory.com/entry/%EC%BA%90%EC%85%94%EB%A1%9C-%EC%B4%AC%EC%98%81%EC%A7%80-10%EA%B3%B3%EC%9D%84-%EC%95%8C%EB%A0%A4%EB%93%9C%EB%A6%BD%EB%8B%88%EB%8B%A4%EC%97%85%EB%8D%B0%EC%9D%B4%ED%8A%B8%EC%A4%91,YSDL,KAKAO
캐셔로,보광사,playground,서울 강북구 삼양로145길 177,37.64948287,127.0034335,https://ys-dl.tistory.com/entry/%EC%BA%90%EC%85%94%EB%A1%9C-%EC%B4%AC%EC%98%81%EC%A7%80-10%EA%B3%B3%EC%9D%84-%EC%95%8C%EB%A0%A4%EB%93%9C%EB%A6%BD%EB%8B%88%EB%8B%A4%EC%97%85%EB%8D%B0%EC%9D%B4%ED%8A%B8%EC%A4%91,YSDL,KAKAO
캐셔로,선샤인스튜디오,playground,충남 논산시 연무읍 봉황로 90,36.10274483,127.1048191,https://ys-dl.tistory.com/entry/%EC%BA%90%EC%85%94%EB%A1%9C-%EC%B4%AC%EC%98%81%EC%A7%80-10%EA%B3%B3%EC%9D%84-%EC%95%8C%EB%A0%A4%EB%93%9C%EB%A6%BD%EB%8B%88%EB%8B%A4%EC%97%85%EB%8D%B0%EC%9D%B4%ED%8A%B8%EC%A4%91,YSDL,KAKAO
캐셔로,용담호사진문화관,playground,전북특별자치도 진안군 정천면 진용로 1911,35.91607181,127.4876386,https://ys-dl.tistory.com/entry/%EC%BA%90%EC%85%94%EB%A1%9C-%EC%B4%AC%EC%98%81%EC%A7%80-10%EA%B3%B3%EC%9D%84-%EC%95%8C%EB%A0%A4%EB%93%9C%EB%A6%BD%EB%8B%88%EB%8B%A4%EC%97%85%EB%8D%B0%EC%9D%B4%ED%8A%B8%EC%A4%91,YSDL,KAKAO
캐셔로,순천드라마촬영장,playground,전남광주통합특별시 순천시 비례골길 24,34.9570842,127.5380338,https://ys-dl.tistory.com/entry/%EC%BA%90%EC%85%94%EB%A1%9C-%EC%B4%AC%EC%98%81%EC%A7%80-10%EA%B3%B3%EC%9D%84-%EC%95%8C%EB%A0%A4%EB%93%9C%EB%A6%BD%EB%8B%88%EB%8B%A4%EC%97%85%EB%8D%B0%EC%9D%B4%ED%8A%B8%EC%A4%91,YSDL,KAKAO
커넥션,남애3리해변,playground,강원특별자치도 양양군 현남면 남애리,37.94601803,128.7848811,https://ys-dl.tistory.com/entry/%EC%BB%A4%EB%84%A5%EC%85%98-%EC%B4%AC%EC%98%81%EC%A7%80-8%EA%B3%B3%EC%9D%84-%EC%95%8C%EB%A0%A4%EB%93%9C%EB%A6%BD%EB%8B%88%EB%8B%A4%EC%97%85%EB%8D%B0%EC%9D%B4%ED%8A%B8%EC%A4%91,YSDL,KAKAO
커넥션,소제동 장승,playground,대전 동구 소제동 298-2,36.33509743,127.4384226,https://ys-dl.tistory.com/entry/%EC%BB%A4%EB%84%A5%EC%85%98-%EC%B4%AC%EC%98%81%EC%A7%80-8%EA%B3%B3%EC%9D%84-%EC%95%8C%EB%A0%A4%EB%93%9C%EB%A6%BD%EB%8B%88%EB%8B%A4%EC%97%85%EB%8D%B0%EC%9D%B4%ED%8A%B8%EC%A4%91,YSDL,KAKAO
커넥션,제민천,playground,충남 공주시 반죽동,36.45254898,127.1232808,https://ys-dl.tistory.com/entry/%EC%BB%A4%EB%84%A5%EC%85%98-%EC%B4%AC%EC%98%81%EC%A7%80-8%EA%B3%B3%EC%9D%84-%EC%95%8C%EB%A0%A4%EB%93%9C%EB%A6%BD%EB%8B%88%EB%8B%A4%EC%97%85%EB%8D%B0%EC%9D%B4%ED%8A%B8%EC%A4%91,YSDL,KAKAO
커피 한잔 할까요,의정부 젊음의거리,playground,경기도 의정부시 행복로 28,37.740861,127.04935,,KCISA,KCISA
커피 한잔 할까요,북악팔각정,playground,서울특별시 종로구 북악산로 267,37.601612,126.98065,,KCISA,KCISA
커피 한잔 할까요,인천대공원,playground,인천광역시 남동구 무네미로 236,37.45671,126.7579,,KCISA,KCISA
커피프린스 1호점,홍익문화공원,playground,경기 의정부시 의정부동 546-2,37.73383839,127.0394185,https://ys-dl.tistory.com/entry/%EC%BB%A4%ED%94%BC%ED%94%84%EB%A6%B0%EC%8A%A4-%EC%B4%AC%EC%98%81%EC%A7%80-%EC%84%9C%EC%9A%B8-27%EA%B3%B3%EC%9D%84-%EC%95%8C%EB%A0%A4%EB%93%9C%EB%A6%BD%EB%8B%88%EB%8B%A4,YSDL,KAKAO
커피프린스 1호점,서강대교,playground,서울특별시 영등포구 여의도동 서강대교,37.536911,126.92495,,KCISA,KCISA
커피프린스 1호점,북악팔각정,playground,서울특별시 종로구 북악산로 267,37.601612,126.98065,,KCISA,KCISA
커피프린스 1호점,율곡로3길,playground,서울특별시 종로구 율곡로3길,37.577811,126.98239,,KCISA,KCISA
커피프린스 1호점,영풍문고 종로본점,playground,서울특별시 종로구 청계천로 41,37.569735,126.98225,,KCISA,KCISA
커피프린스 1호점,IDEA VILL,playground,서울특별시 종로구 평창16길 27,37.611473,126.9652,,KCISA,KCISA
커피프린스 1호점,서울애니메이션센터,playground,서울특별시 중구 소파로 130,37.559163,126.98783,,KCISA,KCISA
컨피던스맨KR,일민미술관,playground,서울 종로구 세종대로 152,37.56988199,126.9776372,https://ys-dl.tistory.com/entry/%EC%BB%A8%ED%94%BC%EB%8D%98%EC%8A%A4%EB%A7%A8KR-%EC%B4%AC%EC%98%81%EC%A7%80-10%EA%B3%B3%EC%9D%84-%EC%95%8C%EB%A0%A4%EB%93%9C%EB%A6%BD%EB%8B%88%EB%8B%A4%EC%97%85%EB%8D%B0%EC%9D%B4%ED%8A%B8%EC%A4%91,YSDL,KAKAO
컨피던스맨KR,청계천,playground,서울 종로구 서린동 148,37.56914697,126.9786471,https://ys-dl.tistory.com/entry/%EC%BB%A8%ED%94%BC%EB%8D%98%EC%8A%A4%EB%A7%A8KR-%EC%B4%AC%EC%98%81%EC%A7%80-10%EA%B3%B3%EC%9D%84-%EC%95%8C%EB%A0%A4%EB%93%9C%EB%A6%BD%EB%8B%88%EB%8B%A4%EC%97%85%EB%8D%B0%EC%9D%B4%ED%8A%B8%EC%A4%91,YSDL,KAKAO
컨피던스맨KR,세운광장,playground,서울 종로구 종로3가 143-1,37.57025162,126.9951462,https://ys-dl.tistory.com/entry/%EC%BB%A8%ED%94%BC%EB%8D%98%EC%8A%A4%EB%A7%A8KR-%EC%B4%AC%EC%98%81%EC%A7%80-10%EA%B3%B3%EC%9D%84-%EC%95%8C%EB%A0%A4%EB%93%9C%EB%A6%BD%EB%8B%88%EB%8B%A4%EC%97%85%EB%8D%B0%EC%9D%B4%ED%8A%B8%EC%A4%91,YSDL,KAKAO
컨피던스맨KR,서래섬,playground,서울 서초구 반포동 137-41,37.50802101,126.9899294,https://ys-dl.tistory.com/entry/%EC%BB%A8%ED%94%BC%EB%8D%98%EC%8A%A4%EB%A7%A8KR-%EC%B4%AC%EC%98%81%EC%A7%80-10%EA%B3%B3%EC%9D%84-%EC%95%8C%EB%A0%A4%EB%93%9C%EB%A6%BD%EB%8B%88%EB%8B%A4%EC%97%85%EB%8D%B0%EC%9D%B4%ED%8A%B8%EC%A4%91,YSDL,KAKAO
컨피던스맨KR,잠원한강공원,playground,서울 강남구 압구정동 386,37.52733381,127.0190467,https://ys-dl.tistory.com/entry/%EC%BB%A8%ED%94%BC%EB%8D%98%EC%8A%A4%EB%A7%A8KR-%EC%B4%AC%EC%98%81%EC%A7%80-10%EA%B3%B3%EC%9D%84-%EC%95%8C%EB%A0%A4%EB%93%9C%EB%A6%BD%EB%8B%88%EB%8B%A4%EC%97%85%EB%8D%B0%EC%9D%B4%ED%8A%B8%EC%A4%91,YSDL,KAKAO
컨피던스맨KR,미메시스 아트 뮤지엄,playground,경기 파주시 문발로 253,37.71679273,126.6889188,https://ys-dl.tistory.com/entry/%EC%BB%A8%ED%94%BC%EB%8D%98%EC%8A%A4%EB%A7%A8KR-%EC%B4%AC%EC%98%81%EC%A7%80-10%EA%B3%B3%EC%9D%84-%EC%95%8C%EB%A0%A4%EB%93%9C%EB%A6%BD%EB%8B%88%EB%8B%A4%EC%97%85%EB%8D%B0%EC%9D%B4%ED%8A%B8%EC%A4%91,YSDL,KAKAO
컨피던스맨KR,킨텍스 제2전시장,playground,경기 고양시 일산서구 킨텍스로 217-59,37.664472,126.7418147,https://ys-dl.tistory.com/entry/%EC%BB%A8%ED%94%BC%EB%8D%98%EC%8A%A4%EB%A7%A8KR-%EC%B4%AC%EC%98%81%EC%A7%80-10%EA%B3%B3%EC%9D%84-%EC%95%8C%EB%A0%A4%EB%93%9C%EB%A6%BD%EB%8B%88%EB%8B%A4%EC%97%85%EB%8D%B0%EC%9D%B4%ED%8A%B8%EC%A4%91,YSDL,KAKAO
컨피던스맨KR,청남대,playground,충북 청주시 상당구 문의면 청남대길 646,36.46284608,127.4917654,https://ys-dl.tistory.com/entry/%EC%BB%A8%ED%94%BC%EB%8D%98%EC%8A%A4%EB%A7%A8KR-%EC%B4%AC%EC%98%81%EC%A7%80-10%EA%B3%B3%EC%9D%84-%EC%95%8C%EB%A0%A4%EB%93%9C%EB%A6%BD%EB%8B%88%EB%8B%A4%EC%97%85%EB%8D%B0%EC%9D%B4%ED%8A%B8%EC%A4%91,YSDL,KAKAO
컨피던스맨KR,대전오월드,playground,대전 중구 사정공원로 70,36.2893534,127.3977541,https://ys-dl.tistory.com/entry/%EC%BB%A8%ED%94%BC%EB%8D%98%EC%8A%A4%EB%A7%A8KR-%EC%B4%AC%EC%98%81%EC%A7%80-10%EA%B3%B3%EC%9D%84-%EC%95%8C%EB%A0%A4%EB%93%9C%EB%A6%BD%EB%8B%88%EB%8B%A4%EC%97%85%EB%8D%B0%EC%9D%B4%ED%8A%B8%EC%A4%91,YSDL,KAKAO
컨피던스맨KR,온양민속박물관,playground,충남 아산시 충무로 123,36.79204299,127.0062967,https://ys-dl.tistory.com/entry/%EC%BB%A8%ED%94%BC%EB%8D%98%EC%8A%A4%EB%A7%A8KR-%EC%B4%AC%EC%98%81%EC%A7%80-10%EA%B3%B3%EC%9D%84-%EC%95%8C%EB%A0%A4%EB%93%9C%EB%A6%BD%EB%8B%88%EB%8B%A4%EC%97%85%EB%8D%B0%EC%9D%B4%ED%8A%B8%EC%A4%91,YSDL,KAKAO
컨피던스맨KR,몽산포해수욕장,playground,충남 태안군 남면 신장리 353-59,36.66939031,126.2866187,https://ys-dl.tistory.com/entry/%EC%BB%A8%ED%94%BC%EB%8D%98%EC%8A%A4%EB%A7%A8KR-%EC%B4%AC%EC%98%81%EC%A7%80-10%EA%B3%B3%EC%9D%84-%EC%95%8C%EB%A0%A4%EB%93%9C%EB%A6%BD%EB%8B%88%EB%8B%A4%EC%97%85%EB%8D%B0%EC%9D%B4%ED%8A%B8%EC%A4%91,YSDL,KAKAO
컨피던스맨KR,선샤인스튜디오,playground,충남 논산시 연무읍 봉황로 90,36.10274483,127.1048191,https://ys-dl.tistory.com/entry/%EC%BB%A8%ED%94%BC%EB%8D%98%EC%8A%A4%EB%A7%A8KR-%EC%B4%AC%EC%98%81%EC%A7%80-10%EA%B3%B3%EC%9D%84-%EC%95%8C%EB%A0%A4%EB%93%9C%EB%A6%BD%EB%8B%88%EB%8B%A4%EC%97%85%EB%8D%B0%EC%9D%B4%ED%8A%B8%EC%A4%91,YSDL,KAKAO
컨피던스맨KR,문경새재오픈세트장,playground,경북 문경시 문경읍 새재로 1037,36.77139968,128.074072,https://ys-dl.tistory.com/entry/%EC%BB%A8%ED%94%BC%EB%8D%98%EC%8A%A4%EB%A7%A8KR-%EC%B4%AC%EC%98%81%EC%A7%80-10%EA%B3%B3%EC%9D%84-%EC%95%8C%EB%A0%A4%EB%93%9C%EB%A6%BD%EB%8B%88%EB%8B%A4%EC%97%85%EB%8D%B0%EC%9D%B4%ED%8A%B8%EC%A4%91,YSDL,KAKAO
컨피던스맨KR,김룡사,playground,경북 문경시 산북면 김용길 372,36.73938419,128.2232713,https://ys-dl.tistory.com/entry/%EC%BB%A8%ED%94%BC%EB%8D%98%EC%8A%A4%EB%A7%A8KR-%EC%B4%AC%EC%98%81%EC%A7%80-10%EA%B3%B3%EC%9D%84-%EC%95%8C%EB%A0%A4%EB%93%9C%EB%A6%BD%EB%8B%88%EB%8B%A4%EC%97%85%EB%8D%B0%EC%9D%B4%ED%8A%B8%EC%A4%91,YSDL,KAKAO
컬러 러쉬,경주세계문화엑스포공원,playground,경상북도 경주시 경감로 614,35.83243,129.2889,,KCISA,KCISA
쾌걸 춘향,광한루원,playground,전라북도 남원시 요천로 1447,35.403918,127.379758,,KCISA,KCISA
크래시,노들섬,playground,서울 용산구 양녕로 445,37.51766014,126.9580339,https://ys-dl.tistory.com/entry/%ED%81%AC%EB%9E%98%EC%8B%9C-%EC%B4%AC%EC%98%81%EC%A7%80-3%EA%B3%B3%EC%9D%84-%EC%95%8C%EB%A0%A4%EB%93%9C%EB%A6%BD%EB%8B%88%EB%8B%A4%EC%97%85%EB%8D%B0%EC%9D%B4%ED%8A%B8%EC%A4%91,YSDL,KAKAO
크래시,만양정육점,playground,충북 옥천군 옥천읍 마암로1길 5,36.29298199,127.5665959,https://ys-dl.tistory.com/entry/%ED%81%AC%EB%9E%98%EC%8B%9C-%EC%B4%AC%EC%98%81%EC%A7%80-3%EA%B3%B3%EC%9D%84-%EC%95%8C%EB%A0%A4%EB%93%9C%EB%A6%BD%EB%8B%88%EB%8B%A4%EC%97%85%EB%8D%B0%EC%9D%B4%ED%8A%B8%EC%A4%91,YSDL,KAKAO
크레이지 러브,도산대로,playground,서울특별시 강남구 도산대로 216,37.520434,127.03036,,KCISA,KCISA
크레이지 러브,신사동 가로수길,playground,서울특별시 강남구 신사동 가로수길,37.521306,127.02283,,KCISA,KCISA
크레이지 러브,더발렌티청담,playground,서울특별시 강남구 영동대로 728,37.523044,127.05605,,KCISA,KCISA
크레이지 러브,소노타워,playground,서울특별시 송파구 법원로 135,37.487007,127.11837,,KCISA,KCISA
크레이지 러브,이촌 한강공원,playground,서울특별시 용산구 서빙고동 287-4,37.5176063,126.992288,,KCISA,KCISA
크레이지 러브,삼순이 계단,playground,서울특별시 중구 남산공원길 649,37.554717,126.98177,,KCISA,KCISA
크레이지 러브,인천국제공항,playground,인천광역시 중구 공항로 272,37.44919,126.4514,,KCISA,KCISA
크레이지 러브,호서대학교 아산캠퍼스,playground,충청남도 아산시 배방읍 호서로79번길 20,36.7354844,127.074099,,KCISA,KCISA
크로스,야탑로,playground,경기도 성남시 분당구 야탑로,37.406486,127.15374,,KCISA,KCISA
크로스,봉안당 홈,playground,경기도 성남시 분당구 판교로 808,37.404824,127.16199,,KCISA,KCISA
크로스,미즈제일여성병원,playground,대전광역시 유성구 계룡로 126,36.352533,127.3443,,KCISA,KCISA
크로스,월드컵북로44길,playground,서울특별시 마포구 월드컵북로44길,37.577895,126.89328,,KCISA,KCISA
크로스,가톨릭대학교 서울성모병원,playground,서울특별시 서초구 반포대로 222,37.501777,127.00477,,KCISA,KCISA
크로스,서울중앙지방법원,playground,서울특별시 서초구 서초중앙로 157,37.496068,127.01148,,KCISA,KCISA
크로스,프리바아워,playground,서울특별시 용산구 회나무로 13나길 42-1,37.54138,126.99225,,KCISA,KCISA
크로스,우각로문화마을,playground,인천광역시 미추홀구 우각로122번길 19,37.468936,126.64468,,KCISA,KCISA
크로스,인천국제공항,playground,인천광역시 중구 공항로 272,37.44919,126.4514,,KCISA,KCISA
크로스,장흥교도소 세트장,playground,전라남도 장흥군 장흥읍 원도리 191,34.686804,126.91329,,KCISA,KCISA
크리미널 마인드,법조로149번길,playground,경기도 수원시 영통구 법조로149번길,37.290484,127.07136,,KCISA,KCISA
크리미널 마인드,포천허브아일랜드,playground,경기도 포천시 신북면 청신로947번길 35,37.965751,127.12917,,KCISA,KCISA
크리미널 마인드,강동구청거리,playground,서울특별시 강동구 성내동 성내로6길,37.529546,127.12345,,KCISA,KCISA
크리미널 마인드,CJ ENM,playground,서울특별시 마포구 상암산로 66,37.578581,126.89189,,KCISA,KCISA
크리미널 마인드,윤희빌딩,playground,서울특별시 서대문구 신촌역로 22-8,37.558825,126.9433,,KCISA,KCISA
크리미널 마인드,서대문형무소역사관,playground,서울특별시 서대문구 통일로 251,37.574692,126.95649,,KCISA,KCISA
크리미널 마인드,산정빌딩,playground,서울특별시 양천구 신정중앙로 90,37.526337,126.86163,,KCISA,KCISA
크리미널 마인드,컨벤시아대로130번길,playground,인천광역시 연수구 컨벤시아대로130번길,37.395505,126.64066,,KCISA,KCISA
크리미널 마인드,익산 교도소 세트장,playground,전라북도 익산시 성당면 함낭로 207,36.069334,126.93158,,KCISA,KCISA
크리미널 마인드,독립기념관,playground,충청남도 천안시 동남구 목천읍 삼방로 95,36.783538,127.2232,,KCISA,KCISA
클라이맥스,우리옛돌박물관,playground,서울 성북구 대사관로13길 66,37.60090128,126.9900856,https://ys-dl.tistory.com/entry/%ED%81%B4%EB%9D%BC%EC%9D%B4%EB%A7%A5%EC%8A%A4-%EC%B4%AC%EC%98%81%EC%A7%80-5%EA%B3%B3%EC%9D%84-%EC%95%8C%EB%A0%A4%EB%93%9C%EB%A6%BD%EB%8B%88%EB%8B%A4%EC%97%85%EB%8D%B0%EC%9D%B4%ED%8A%B8%EC%A4%91,YSDL,KAKAO
클라이맥스,삼성해맞이공원,playground,서울 강남구 삼성동 82,37.5196741,127.0619385,https://ys-dl.tistory.com/entry/%ED%81%B4%EB%9D%BC%EC%9D%B4%EB%A7%A5%EC%8A%A4-%EC%B4%AC%EC%98%81%EC%A7%80-5%EA%B3%B3%EC%9D%84-%EC%95%8C%EB%A0%A4%EB%93%9C%EB%A6%BD%EB%8B%88%EB%8B%A4%EC%97%85%EB%8D%B0%EC%9D%B4%ED%8A%B8%EC%A4%91,YSDL,KAKAO
클라이맥스,불국사,playground,경북 경주시 불국로 385,35.78991466,129.3318426,https://ys-dl.tistory.com/entry/%ED%81%B4%EB%9D%BC%EC%9D%B4%EB%A7%A5%EC%8A%A4-%EC%B4%AC%EC%98%81%EC%A7%80-5%EA%B3%B3%EC%9D%84-%EC%95%8C%EB%A0%A4%EB%93%9C%EB%A6%BD%EB%8B%88%EB%8B%A4%EC%97%85%EB%8D%B0%EC%9D%B4%ED%8A%B8%EC%A4%91,YSDL,KAKAO
클라이맥스,선녀바위해변,playground,인천 영종구 을왕동 678-188,37.43947594,126.3787082,https://ys-dl.tistory.com/entry/%ED%81%B4%EB%9D%BC%EC%9D%B4%EB%A7%A5%EC%8A%A4-%EC%B4%AC%EC%98%81%EC%A7%80-5%EA%B3%B3%EC%9D%84-%EC%95%8C%EB%A0%A4%EB%93%9C%EB%A6%BD%EB%8B%88%EB%8B%A4%EC%97%85%EB%8D%B0%EC%9D%B4%ED%8A%B8%EC%A4%91,YSDL,KAKAO
클라이맥스,국립공주박물관,playground,충남 공주시 관광단지길 34,36.46550084,127.1119704,https://ys-dl.tistory.com/entry/%ED%81%B4%EB%9D%BC%EC%9D%B4%EB%A7%A5%EC%8A%A4-%EC%B4%AC%EC%98%81%EC%A7%80-5%EA%B3%B3%EC%9D%84-%EC%95%8C%EB%A0%A4%EB%93%9C%EB%A6%BD%EB%8B%88%EB%8B%A4%EC%97%85%EB%8D%B0%EC%9D%B4%ED%8A%B8%EC%A4%91,YSDL,KAKAO
키스 먼저 할까요,일산문화광장,playground,경기도 고양시 일산동구 중앙로 1271-4,37.65839,126.7704,,KCISA,KCISA
키스 먼저 할까요,서울대공원,playground,경기도 과천시 대공원광장로 102,37.427542,127.01701,,KCISA,KCISA
키스 먼저 할까요,경기영어마을 파주캠퍼스,playground,경기도 파주시 탄현면 얼음실로 40,37.7852355,126.703739,,KCISA,KCISA
키스 먼저 할까요,서울중앙지방법원,playground,서울특별시 서초구 서초중앙로 157,37.496068,127.01148,,KCISA,KCISA
키스 먼저 할까요,낙산공원,playground,서울특별시 종로구 낙산길 41,37.580667,127.00746,,KCISA,KCISA
키스 먼저 할까요,북촌로5나길,playground,서울특별시 종로구 북촌로5나길 3-15,37.581058,126.9819,,KCISA,KCISA
키스라이팅,양화한강공원,playground,서울 영등포구 노들로 221,37.53780834,126.9029383,https://ys-dl.tistory.com/entry/%ED%82%A4%EC%8A%A4%EB%9D%BC%EC%9D%B4%ED%8C%85-%EC%B4%AC%EC%98%81%EC%A7%80-5%EA%B3%B3%EC%9D%84-%EC%95%8C%EB%A0%A4%EB%93%9C%EB%A6%BD%EB%8B%88%EB%8B%A4%EC%97%85%EB%8D%B0%EC%9D%B4%ED%8A%B8%EC%A4%91,YSDL,KAKAO
키스식스센스,네오위즈,playground,경기도 성남시 분당구 대왕판교로645번길 14,37.400557,127.104395,,KCISA,KCISA
키스식스센스,화랑육교,playground,경기도 성남시 분당구 삼평동 화랑육교,37.40165,127.1052,,KCISA,KCISA
키스식스센스,안성팜랜드,playground,경기도 안성시 공도읍 대신두길 28,36.9904684,127.194467,,KCISA,KCISA
키스식스센스,경기영어마을 파주캠퍼스,playground,경기도 파주시 탄현면 얼음실로 40,37.7852355,126.703739,,KCISA,KCISA
키스식스센스,소노펠리체 컨벤션,playground,서울특별시 강남구 테헤란로87길 22 3층,37.509595,127.059436,,KCISA,KCISA
키스식스센스,동아디지털미디어센터,playground,서울특별시 마포구 매봉산로 75,37.57832,126.89285,,KCISA,KCISA
키스식스센스,청계산입구,playground,서울특별시 서초구 청계산로 지하 179,37.448334,127.05471,,KCISA,KCISA
키스식스센스,자매근린공원,playground,서울특별시 영등포구 여의대방로 372-1,37.517512,126.93019,,KCISA,KCISA
키스식스센스,경희궁3길,playground,서울특별시 종로구 사직동 경희궁 3길,37.57329,126.96731,,KCISA,KCISA
키스식스센스,율곡로3길,playground,서울특별시 종로구 율곡로3길,37.577811,126.98239,,KCISA,KCISA
키스식스센스,안국동 We Are Young 벽화,playground,서울특별시 종로구 율곡로3길 64 육교 밑,37.578366,126.98219,,KCISA,KCISA
키스식스센스,청파로,playground,서울특별시 중구 청파로 425-2,37.557665,126.96895,,KCISA,KCISA
킥킥킥킥,가온문화공원,playground,서울 마포구 상암동 1594,37.58191481,126.8876787,https://ys-dl.tistory.com/entry/%ED%82%A5%ED%82%A5%ED%82%A5%ED%82%A5-%EC%B4%AC%EC%98%81%EC%A7%80-5%EA%B3%B3%EC%9D%84-%EC%95%8C%EB%A0%A4%EB%93%9C%EB%A6%BD%EB%8B%88%EB%8B%A4%EC%97%85%EB%8D%B0%EC%9D%B4%ED%8A%B8%EC%A4%91,YSDL,KAKAO
킥킥킥킥,약천사,playground,제주특별자치도 서귀포시 이어도로 293-28,33.24623622,126.4494585,https://ys-dl.tistory.com/entry/%ED%82%A5%ED%82%A5%ED%82%A5%ED%82%A5-%EC%B4%AC%EC%98%81%EC%A7%80-5%EA%B3%B3%EC%9D%84-%EC%95%8C%EB%A0%A4%EB%93%9C%EB%A6%BD%EB%8B%88%EB%8B%A4%EC%97%85%EB%8D%B0%EC%9D%B4%ED%8A%B8%EC%A4%91,YSDL,KAKAO
킥킥킥킥,향동천,playground,경기 고양시 덕양구 향동동,37.5973199,126.8895127,https://ys-dl.tistory.com/entry/%ED%82%A5%ED%82%A5%ED%82%A5%ED%82%A5-%EC%B4%AC%EC%98%81%EC%A7%80-5%EA%B3%B3%EC%9D%84-%EC%95%8C%EB%A0%A4%EB%93%9C%EB%A6%BD%EB%8B%88%EB%8B%A4%EC%97%85%EB%8D%B0%EC%9D%B4%ED%8A%B8%EC%A4%91,YSDL,KAKAO
킥킥킥킥,구래동문화의거리,playground,경기 김포시 구래동 6883-3,37.64500894,126.6266585,https://ys-dl.tistory.com/entry/%ED%82%A5%ED%82%A5%ED%82%A5%ED%82%A5-%EC%B4%AC%EC%98%81%EC%A7%80-5%EA%B3%B3%EC%9D%84-%EC%95%8C%EB%A0%A4%EB%93%9C%EB%A6%BD%EB%8B%88%EB%8B%A4%EC%97%85%EB%8D%B0%EC%9D%B4%ED%8A%B8%EC%A4%91,YSDL,KAKAO
킥킥킥킥,은계중앙공원,playground,경기 시흥시 은행동 55,37.44125808,126.8002344,https://ys-dl.tistory.com/entry/%ED%82%A5%ED%82%A5%ED%82%A5%ED%82%A5-%EC%B4%AC%EC%98%81%EC%A7%80-5%EA%B3%B3%EC%9D%84-%EC%95%8C%EB%A0%A4%EB%93%9C%EB%A6%BD%EB%8B%88%EB%8B%A4%EC%97%85%EB%8D%B0%EC%9D%B4%ED%8A%B8%EC%A4%91,YSDL,KAKAO
킥킥킥킥,우음도,playground,경기 화성시 만세구 송산면 고정리 1195-2,37.28642581,126.7411407,https://ys-dl.tistory.com/entry/%ED%82%A5%ED%82%A5%ED%82%A5%ED%82%A5-%EC%B4%AC%EC%98%81%EC%A7%80-5%EA%B3%B3%EC%9D%84-%EC%95%8C%EB%A0%A4%EB%93%9C%EB%A6%BD%EB%8B%88%EB%8B%A4%EC%97%85%EB%8D%B0%EC%9D%B4%ED%8A%B8%EC%A4%91,YSDL,KAKAO
"킬미, 힐미",등명해변,playground,강원도 강릉시 강동면 정동진리 440-7,37.704451,129.01646,,KCISA,KCISA
"킬미, 힐미",아쿠아플라넷 일산,playground,경기도 고양시 일산서구 한류월드로 282,37.66383,126.75556,,KCISA,KCISA
"킬미, 힐미",에버랜드,playground,경기도 용인시 처인구 포곡읍 에버랜드로 199,37.2896511,127.217242,,KCISA,KCISA
"킬미, 힐미",상암문화광장,playground,서울특별시 마포구 성암로 255,37.580159,126.89138,,KCISA,KCISA
"킬미, 힐미",가톨릭관동대학교 국제성모병원,playground,인천광역시 서구 심곡로100번길 25,37.542425,126.68384,,KCISA,KCISA
킬힐,킨텍스,playground,경기도 고양시 일산서구 킨텍스로 217-60,37.668805,126.74593,,KCISA,KCISA
킬힐,마임비전빌리지,playground,경기도 여주시 능서면 용은리 443,37.2925249,127.539781,,KCISA,KCISA
킬힐,한옥카페 선운각,playground,서울특별시 강북구 우이동 265-16,37.6549982,126.999365,,KCISA,KCISA
킹더랜드,난지한강공원,playground,서울 마포구 상암동 495-72,37.56703991,126.8756078,https://ys-dl.tistory.com/entry/%ED%82%B9%EB%8D%94%EB%9E%9C%EB%93%9C-%EC%B4%AC%EC%98%81%EC%A7%80-4%EA%B3%B3%EC%9D%84-%EC%95%8C%EB%A0%A4%EB%93%9C%EB%A6%BD%EB%8B%88%EB%8B%A4%EC%97%85%EB%8D%B0%EC%9D%B4%ED%8A%B8%EC%A4%91,YSDL,KAKAO
킹더랜드,연남장,playground,서울 서대문구 연희로5길 22,37.56432979,126.9275831,https://ys-dl.tistory.com/entry/%ED%82%B9%EB%8D%94%EB%9E%9C%EB%93%9C-%EC%B4%AC%EC%98%81%EC%A7%80-4%EA%B3%B3%EC%9D%84-%EC%95%8C%EB%A0%A4%EB%93%9C%EB%A6%BD%EB%8B%88%EB%8B%A4%EC%97%85%EB%8D%B0%EC%9D%B4%ED%8A%B8%EC%A4%91,YSDL,KAKAO
킹더랜드,용인대장금파크 관가,playground,경기 용인시 처인구 백암면 용천드라마길 25,37.12160248,127.3376128,https://ys-dl.tistory.com/entry/%ED%82%B9%EB%8D%94%EB%9E%9C%EB%93%9C-%EC%B4%AC%EC%98%81%EC%A7%80-4%EA%B3%B3%EC%9D%84-%EC%95%8C%EB%A0%A4%EB%93%9C%EB%A6%BD%EB%8B%88%EB%8B%A4%EC%97%85%EB%8D%B0%EC%9D%B4%ED%8A%B8%EC%A4%91,YSDL,KAKAO
킹더랜드,가파도,playground,제주특별자치도 서귀포시 대정읍 가파리 276,33.17001212,126.2714103,https://ys-dl.tistory.com/entry/%ED%82%B9%EB%8D%94%EB%9E%9C%EB%93%9C-%EC%B4%AC%EC%98%81%EC%A7%80-4%EA%B3%B3%EC%9D%84-%EC%95%8C%EB%A0%A4%EB%93%9C%EB%A6%BD%EB%8B%88%EB%8B%A4%EC%97%85%EB%8D%B0%EC%9D%B4%ED%8A%B8%EC%A4%91,YSDL,KAKAO
킹덤,한국민속촌,playground,경기도 용인시 기흥구 민속촌로 90,37.260092,127.12036,,KCISA,KCISA
킹덤,용인 대장금 파크,playground,경기도 용인시 처인구 백암면 용천드라마길 25 ,37.1209396,127.337296,,KCISA,KCISA
킹덤,로케이션 이음 (구 로얄퀘스트),playground,경기도 파주시 탄현면 새오리로286번길 48-70,37.713531,126.74641,,KCISA,KCISA
킹덤,비둘기낭폭포,playground,경기도 포천시 영북면 대회산리 415-2,38.079827,127.217505,,KCISA,KCISA
킹덤,황매산,playground,경상남도 산청군 차황면 법평리 산 1,35.486018,127.97475,,KCISA,KCISA
킹덤,문경새재 도립공원,playground,경상북도 문경시 문경읍 새재로 932,36.761562,128.076718,,KCISA,KCISA
킹덤,내연산 12폭포,playground,경상북도 포항시 북구 송라면 보경로 53,36.252974,129.311379,,KCISA,KCISA
킹덤,경복궁,playground,서울특별시 종로구 사직로 161,37.5806736,126.976952,,KCISA,KCISA
킹덤,창덕궁,playground,서울특별시 종로구 율곡로 99,37.582757,126.991295,,KCISA,KCISA
킹덤,창경궁,playground,서울특별시 종로구 창경궁로 185,37.578737,126.99524,,KCISA,KCISA
킹덤,창경궁 통명전,playground,서울특별시 종로구 창경궁로 185,37.578737,126.99524,,KCISA,KCISA
킹덤,궁항 전라좌수영,playground,전라북도 부안군 변산면 궁항영상길 91,35.609973,126.465986,,KCISA,KCISA
킹덤,신성리 갈대밭,playground,충청남도 서천군 한산면 신성리 125-1,36.068336,126.86074,,KCISA,KCISA
킹덤,창경궁,playground,서울특별시 종로구 창경궁로 185,37.578737,126.99524,,KCISA,KCISA
타인은 지옥이다,한마음교회,playground,경기도 성남시 수정구 수정로188번길 16,37.442222,127.14121,,KCISA,KCISA
타인은 지옥이다,로데오프라자,playground,서울특별시 광진구 동일로20길 106,37.539512,127.06924,,KCISA,KCISA
타인은 지옥이다,성지빌딩,playground,서울특별시 용산구 한강대로40길 13,37.530418,126.97006,,KCISA,KCISA
타인은 지옥이다,대학로11길,playground,서울특별시 종로구 대학로11길 13,37.582193,127.00092,,KCISA,KCISA
타임즈,합천 영상 테마파크,playground,경상남도 합천군 용주면 합천호수로 757,35.5489346,128.072475,,KCISA,KCISA
타임즈,SBS프리즘타워,playground,서울특별시 마포구 상암산로 82,37.579725,126.89269,,KCISA,KCISA
탁류,유명산,playground,경기 가평군 설악면 가일리 산 58-1,37.57528381,127.4865726,https://ys-dl.tistory.com/entry/%ED%83%81%EB%A5%98-%EC%B4%AC%EC%98%81%EC%A7%80-5%EA%B3%B3%EC%9D%84-%EC%95%8C%EB%A0%A4%EB%93%9C%EB%A6%BD%EB%8B%88%EB%8B%A4%EC%97%85%EB%8D%B0%EC%9D%B4%ED%8A%B8%EC%A4%91,YSDL,KAKAO
탁류,용인대장금파크 관가,playground,경기 용인시 처인구 백암면 용천드라마길 25,37.12160248,127.3376128,https://ys-dl.tistory.com/entry/%ED%83%81%EB%A5%98-%EC%B4%AC%EC%98%81%EC%A7%80-5%EA%B3%B3%EC%9D%84-%EC%95%8C%EB%A0%A4%EB%93%9C%EB%A6%BD%EB%8B%88%EB%8B%A4%EC%97%85%EB%8D%B0%EC%9D%B4%ED%8A%B8%EC%A4%91,YSDL,KAKAO
탁류,문경새재오픈세트장,playground,경북 문경시 문경읍 새재로 1037,36.77139968,128.074072,https://ys-dl.tistory.com/entry/%ED%83%81%EB%A5%98-%EC%B4%AC%EC%98%81%EC%A7%80-5%EA%B3%B3%EC%9D%84-%EC%95%8C%EB%A0%A4%EB%93%9C%EB%A6%BD%EB%8B%88%EB%8B%A4%EC%97%85%EB%8D%B0%EC%9D%B4%ED%8A%B8%EC%A4%91,YSDL,KAKAO
탁류,가은오픈세트장,playground,경북 문경시 가은읍 왕능길 112,36.65259087,128.064788,https://ys-dl.tistory.com/entry/%ED%83%81%EB%A5%98-%EC%B4%AC%EC%98%81%EC%A7%80-5%EA%B3%B3%EC%9D%84-%EC%95%8C%EB%A0%A4%EB%93%9C%EB%A6%BD%EB%8B%88%EB%8B%A4%EC%97%85%EB%8D%B0%EC%9D%B4%ED%8A%B8%EC%A4%91,YSDL,KAKAO
탁류,함양 일두 정여창 고택,playground,경남 함양군 지곡면 개평길 50-13,35.56632692,127.7681729,https://ys-dl.tistory.com/entry/%ED%83%81%EB%A5%98-%EC%B4%AC%EC%98%81%EC%A7%80-5%EA%B3%B3%EC%9D%84-%EC%95%8C%EB%A0%A4%EB%93%9C%EB%A6%BD%EB%8B%88%EB%8B%A4%EC%97%85%EB%8D%B0%EC%9D%B4%ED%8A%B8%EC%A4%91,YSDL,KAKAO
탄금,설매재,playground,경기 양평군 옥천면 용천리,37.56354265,127.5124347,https://ys-dl.tistory.com/entry/%ED%83%84%EA%B8%88-%EC%B4%AC%EC%98%81%EC%A7%80-7%EA%B3%B3%EC%9D%84-%EC%95%8C%EB%A0%A4%EB%93%9C%EB%A6%BD%EB%8B%88%EB%8B%A4%EC%97%85%EB%8D%B0%EC%9D%B4%ED%8A%B8%EC%A4%91,YSDL,KAKAO
탄금,한국민속촌,playground,경기 용인시 기흥구 민속촌로 90,37.25961523,127.1198007,https://ys-dl.tistory.com/entry/%ED%83%84%EA%B8%88-%EC%B4%AC%EC%98%81%EC%A7%80-7%EA%B3%B3%EC%9D%84-%EC%95%8C%EB%A0%A4%EB%93%9C%EB%A6%BD%EB%8B%88%EB%8B%A4%EC%97%85%EB%8D%B0%EC%9D%B4%ED%8A%B8%EC%A4%91,YSDL,KAKAO
탄금,용인대장금파크 관가,playground,경기 용인시 처인구 백암면 용천드라마길 25,37.12160248,127.3376128,https://ys-dl.tistory.com/entry/%ED%83%84%EA%B8%88-%EC%B4%AC%EC%98%81%EC%A7%80-7%EA%B3%B3%EC%9D%84-%EC%95%8C%EB%A0%A4%EB%93%9C%EB%A6%BD%EB%8B%88%EB%8B%A4%EC%97%85%EB%8D%B0%EC%9D%B4%ED%8A%B8%EC%A4%91,YSDL,KAKAO
탄금,고석정,playground,강원특별자치도 철원군 동송읍 장흥리 725-13,38.18526249,127.2879543,https://ys-dl.tistory.com/entry/%ED%83%84%EA%B8%88-%EC%B4%AC%EC%98%81%EC%A7%80-7%EA%B3%B3%EC%9D%84-%EC%95%8C%EB%A0%A4%EB%93%9C%EB%A6%BD%EB%8B%88%EB%8B%A4%EC%97%85%EB%8D%B0%EC%9D%B4%ED%8A%B8%EC%A4%91,YSDL,KAKAO
탄금,바람의화원 세트장,playground,충북 괴산군 청천면 송문로덕평1길 44-18,36.72666312,127.8057002,https://ys-dl.tistory.com/entry/%ED%83%84%EA%B8%88-%EC%B4%AC%EC%98%81%EC%A7%80-7%EA%B3%B3%EC%9D%84-%EC%95%8C%EB%A0%A4%EB%93%9C%EB%A6%BD%EB%8B%88%EB%8B%A4%EC%97%85%EB%8D%B0%EC%9D%B4%ED%8A%B8%EC%A4%91,YSDL,KAKAO
탄금,마도해안절벽,playground,충남 태안군 근흥면 신진도리,36.6837131,126.1281774,https://ys-dl.tistory.com/entry/%ED%83%84%EA%B8%88-%EC%B4%AC%EC%98%81%EC%A7%80-7%EA%B3%B3%EC%9D%84-%EC%95%8C%EB%A0%A4%EB%93%9C%EB%A6%BD%EB%8B%88%EB%8B%A4%EC%97%85%EB%8D%B0%EC%9D%B4%ED%8A%B8%EC%A4%91,YSDL,KAKAO
탄금,꽃지해수욕장,playground,충남 태안군 안면읍 승언리 339-285,36.49718208,126.3360205,https://ys-dl.tistory.com/entry/%ED%83%84%EA%B8%88-%EC%B4%AC%EC%98%81%EC%A7%80-7%EA%B3%B3%EC%9D%84-%EC%95%8C%EB%A0%A4%EB%93%9C%EB%A6%BD%EB%8B%88%EB%8B%A4%EC%97%85%EB%8D%B0%EC%9D%B4%ED%8A%B8%EC%A4%91,YSDL,KAKAO
탄금,선운산,playground,전북특별자치도 고창군 심원면 연화리 산 130,35.49867527,126.568986,https://ys-dl.tistory.com/entry/%ED%83%84%EA%B8%88-%EC%B4%AC%EC%98%81%EC%A7%80-7%EA%B3%B3%EC%9D%84-%EC%95%8C%EB%A0%A4%EB%93%9C%EB%A6%BD%EB%8B%88%EB%8B%A4%EC%97%85%EB%8D%B0%EC%9D%B4%ED%8A%B8%EC%A4%91,YSDL,KAKAO
탄금,죽녹원,playground,전남광주통합특별시 담양군 담양읍 향교리 산 44,35.32783715,126.9859309,https://ys-dl.tistory.com/entry/%ED%83%84%EA%B8%88-%EC%B4%AC%EC%98%81%EC%A7%80-7%EA%B3%B3%EC%9D%84-%EC%95%8C%EB%A0%A4%EB%93%9C%EB%A6%BD%EB%8B%88%EB%8B%A4%EC%97%85%EB%8D%B0%EC%9D%B4%ED%8A%B8%EC%A4%91,YSDL,KAKAO
탄금,보성열화정,playground,전남광주통합특별시 보성군 득량면 오봉리 230,34.76377016,127.1878846,https://ys-dl.tistory.com/entry/%ED%83%84%EA%B8%88-%EC%B4%AC%EC%98%81%EC%A7%80-7%EA%B3%B3%EC%9D%84-%EC%95%8C%EB%A0%A4%EB%93%9C%EB%A6%BD%EB%8B%88%EB%8B%A4%EC%97%85%EB%8D%B0%EC%9D%B4%ED%8A%B8%EC%A4%91,YSDL,KAKAO
탄금,소수서원,playground,경북 영주시 순흥면 소백로 2740,36.92562067,128.5802029,https://ys-dl.tistory.com/entry/%ED%83%84%EA%B8%88-%EC%B4%AC%EC%98%81%EC%A7%80-7%EA%B3%B3%EC%9D%84-%EC%95%8C%EB%A0%A4%EB%93%9C%EB%A6%BD%EB%8B%88%EB%8B%A4%EC%97%85%EB%8D%B0%EC%9D%B4%ED%8A%B8%EC%A4%91,YSDL,KAKAO
탄금,문경새재오픈세트장,playground,경북 문경시 문경읍 새재로 1037,36.77139968,128.074072,https://ys-dl.tistory.com/entry/%ED%83%84%EA%B8%88-%EC%B4%AC%EC%98%81%EC%A7%80-7%EA%B3%B3%EC%9D%84-%EC%95%8C%EB%A0%A4%EB%93%9C%EB%A6%BD%EB%8B%88%EB%8B%A4%EC%97%85%EB%8D%B0%EC%9D%B4%ED%8A%B8%EC%A4%91,YSDL,KAKAO
탄금,학천정,playground,경북 문경시 가은읍 학천정길 23-2,36.67108956,127.9714878,https://ys-dl.tistory.com/entry/%ED%83%84%EA%B8%88-%EC%B4%AC%EC%98%81%EC%A7%80-7%EA%B3%B3%EC%9D%84-%EC%95%8C%EB%A0%A4%EB%93%9C%EB%A6%BD%EB%8B%88%EB%8B%A4%EC%97%85%EB%8D%B0%EC%9D%B4%ED%8A%B8%EC%A4%91,YSDL,KAKAO
탄금,선유동계곡,playground,경북 문경시 가은읍 완장리,36.66958162,127.9760551,https://ys-dl.tistory.com/entry/%ED%83%84%EA%B8%88-%EC%B4%AC%EC%98%81%EC%A7%80-7%EA%B3%B3%EC%9D%84-%EC%95%8C%EB%A0%A4%EB%93%9C%EB%A6%BD%EB%8B%88%EB%8B%A4%EC%97%85%EB%8D%B0%EC%9D%B4%ED%8A%B8%EC%A4%91,YSDL,KAKAO
탄금,주암정,playground,경북 문경시 산북면 서중리 41-2,36.63467593,128.2544855,https://ys-dl.tistory.com/entry/%ED%83%84%EA%B8%88-%EC%B4%AC%EC%98%81%EC%A7%80-7%EA%B3%B3%EC%9D%84-%EC%95%8C%EB%A0%A4%EB%93%9C%EB%A6%BD%EB%8B%88%EB%8B%A4%EC%97%85%EB%8D%B0%EC%9D%B4%ED%8A%B8%EC%A4%91,YSDL,KAKAO
탄금,송소고택,playground,경북 청송군 파천면 송소고택길 15-2,36.43623923,129.0264056,https://ys-dl.tistory.com/entry/%ED%83%84%EA%B8%88-%EC%B4%AC%EC%98%81%EC%A7%80-7%EA%B3%B3%EC%9D%84-%EC%95%8C%EB%A0%A4%EB%93%9C%EB%A6%BD%EB%8B%88%EB%8B%A4%EC%97%85%EB%8D%B0%EC%9D%B4%ED%8A%B8%EC%A4%91,YSDL,KAKAO
탄금,함양 일두 정여창 고택,playground,경남 함양군 지곡면 개평길 50-13,35.56632692,127.7681729,https://ys-dl.tistory.com/entry/%ED%83%84%EA%B8%88-%EC%B4%AC%EC%98%81%EC%A7%80-7%EA%B3%B3%EC%9D%84-%EC%95%8C%EB%A0%A4%EB%93%9C%EB%A6%BD%EB%8B%88%EB%8B%A4%EC%97%85%EB%8D%B0%EC%9D%B4%ED%8A%B8%EC%A4%91,YSDL,KAKAO
탄금,최참판댁,playground,경남 하동군 악양면 평사리길 66-7,35.15559061,127.6881004,https://ys-dl.tistory.com/entry/%ED%83%84%EA%B8%88-%EC%B4%AC%EC%98%81%EC%A7%80-7%EA%B3%B3%EC%9D%84-%EC%95%8C%EB%A0%A4%EB%93%9C%EB%A6%BD%EB%8B%88%EB%8B%A4%EC%97%85%EB%8D%B0%EC%9D%B4%ED%8A%B8%EC%A4%91,YSDL,KAKAO
탄금,화왕산,playground,경남 창녕군 고암면 우천리 산 80-2,35.547161,128.5316422,https://ys-dl.tistory.com/entry/%ED%83%84%EA%B8%88-%EC%B4%AC%EC%98%81%EC%A7%80-7%EA%B3%B3%EC%9D%84-%EC%95%8C%EB%A0%A4%EB%93%9C%EB%A6%BD%EB%8B%88%EB%8B%A4%EC%97%85%EB%8D%B0%EC%9D%B4%ED%8A%B8%EC%A4%91,YSDL,KAKAO
태양의 후예,삼탄아트마인,playground,강원도 정선군 고한읍 함백산로 1445-44,37.185266,128.88212,,KCISA,KCISA
태양의 후예,통리탄탄파크 (태양의 후예 태백세트장),playground,강원도 태백시 통골길 116-44,37.160815,129.042888,,KCISA,KCISA
태양의 후예,태양의후예 태백세트장,playground,강원도 태백시 통동 산 67-38,37.154824,129.04035,,KCISA,KCISA
태양의 후예,벽초지수목원,playground,경기도 파주시 광탄면 부흥로 242,37.800977,126.873712,,KCISA,KCISA
태양의 후예,비플러스엠,playground,서울특별시 마포구 마포대로16길 7-14,37.551801,126.956743,,KCISA,KCISA
태양의 후예,가톨릭대학교 서울성모병원,playground,서울특별시 서초구 반포대로 222,37.501777,127.00477,,KCISA,KCISA
태양의 후예,열우물 벽화마을,playground,인천광역시 부평구 열우물로102번길 35-2,37.477439,126.69753,,KCISA,KCISA
태양의 후예,가톨릭관동대학교 국제성모병원,playground,인천광역시 서구 심곡로100번길 25,37.542425,126.68384,,KCISA,KCISA
태양의 후예,G타워,playground,인천광역시 연수구 아트센터대로 175,37.396166,126.63419,,KCISA,KCISA
태조 왕건,문경새재촬영장 (오픈세트장),playground,경상북도 문경시 문경읍 새재로 1037,36.771097,128.073937,,KCISA,KCISA
태조 왕건,창경궁,playground,서울특별시 종로구 창경궁로 185,37.578737,126.99524,,KCISA,KCISA
태풍상사,연희숲속쉼터,playground,서울 서대문구 연희동,37.58034857,126.9387121,https://ys-dl.tistory.com/entry/%ED%83%9C%ED%92%8D%EC%83%81%EC%82%AC-%EC%B4%AC%EC%98%81%EC%A7%80-11%EA%B3%B3%EC%9D%84-%EC%95%8C%EB%A0%A4%EB%93%9C%EB%A6%BD%EB%8B%88%EB%8B%A4%EC%97%85%EB%8D%B0%EC%9D%B4%ED%8A%B8%EC%A4%91,YSDL,KAKAO
태풍상사,월곡산,playground,서울 성북구 상월곡동 산 1-1,37.61002852,127.0442956,https://ys-dl.tistory.com/entry/%ED%83%9C%ED%92%8D%EC%83%81%EC%82%AC-%EC%B4%AC%EC%98%81%EC%A7%80-11%EA%B3%B3%EC%9D%84-%EC%95%8C%EB%A0%A4%EB%93%9C%EB%A6%BD%EB%8B%88%EB%8B%A4%EC%97%85%EB%8D%B0%EC%9D%B4%ED%8A%B8%EC%A4%91,YSDL,KAKAO
태풍상사,일산호수공원,playground,경기 고양시 일산동구 호수로 595,37.65613604,126.7641415,https://ys-dl.tistory.com/entry/%ED%83%9C%ED%92%8D%EC%83%81%EC%82%AC-%EC%B4%AC%EC%98%81%EC%A7%80-11%EA%B3%B3%EC%9D%84-%EC%95%8C%EB%A0%A4%EB%93%9C%EB%A6%BD%EB%8B%88%EB%8B%A4%EC%97%85%EB%8D%B0%EC%9D%B4%ED%8A%B8%EC%A4%91,YSDL,KAKAO
태풍상사,부남해변,playground,강원특별자치도 삼척시 근덕면 부남리,37.36216254,129.2511284,https://ys-dl.tistory.com/entry/%ED%83%9C%ED%92%8D%EC%83%81%EC%82%AC-%EC%B4%AC%EC%98%81%EC%A7%80-11%EA%B3%B3%EC%9D%84-%EC%95%8C%EB%A0%A4%EB%93%9C%EB%A6%BD%EB%8B%88%EB%8B%A4%EC%97%85%EB%8D%B0%EC%9D%B4%ED%8A%B8%EC%A4%91,YSDL,KAKAO
태풍상사,송도해수욕장,playground,부산 서구 암남동 135-5,35.07594544,129.0169544,https://ys-dl.tistory.com/entry/%ED%83%9C%ED%92%8D%EC%83%81%EC%82%AC-%EC%B4%AC%EC%98%81%EC%A7%80-11%EA%B3%B3%EC%9D%84-%EC%95%8C%EB%A0%A4%EB%93%9C%EB%A6%BD%EB%8B%88%EB%8B%A4%EC%97%85%EB%8D%B0%EC%9D%B4%ED%8A%B8%EC%A4%91,YSDL,KAKAO
터널,서울과학기술대학교,playground,서울특별시 노원구 공릉로 232,37.629632,127.07845,,KCISA,KCISA
터널,성산대교,playground,서울특별시 마포구 망원동 성산대교,37.552775,126.89155,,KCISA,KCISA
터널,국립중앙도서관,playground,서울특별시 서초구 반포대로 201,37.497887,127.00363,,KCISA,KCISA
터널,신길로34길,playground,서울특별시 영등포구 신길로34길,37.505156,126.91184,,KCISA,KCISA
터널,이랜드크루즈,playground,서울특별시 영등포구 여의동로 280,37.5290674,126.936218,,KCISA,KCISA
터널,가톨릭관동대학교 국제성모병원,playground,인천광역시 서구 심곡로100번길 25,37.542425,126.68384,,KCISA,KCISA
터널,구진포폐터널,playground,전라남도 나주시 안창동,35.004003,126.67558,,KCISA,KCISA
터널,익산 교도소 세트장,playground,전라북도 익산시 성당면 함낭로 207,36.069334,126.93158,,KCISA,KCISA
터널,물레방아 휴게소,playground,충청북도 제천시 한수면 송계리 1012,36.855472,128.08621,,KCISA,KCISA
터치,압구정로,playground,서울특별시 강남구 압구정로 436,37.526557,127.04465,,KCISA,KCISA
터치,플랫폼엘,playground,서울특별시 강남구 언주로133길 11,37.516109,127.0343,,KCISA,KCISA
터치,스타시티빌딩,playground,서울특별시 강동구 구천면로 140,37.542255,127.12045,,KCISA,KCISA
터치,잠실대교,playground,서울특별시 광진구 자양동 574-1,37.526749,127.0828,,KCISA,KCISA
터치,가온문화공원,playground,서울특별시 마포구 상암동 1594,37.58181,126.88765,,KCISA,KCISA
터치,이화벽화마을,playground,서울특별시 종로구 낙산성곽서1길 28,37.578224,127.008009,,KCISA,KCISA
터치,낙산성곽서길,playground,서울특별시 종로구 동숭동,37.578071,127.00843,,KCISA,KCISA
톱스타 유백이,경희대학교 서울캠퍼스,playground,서울특별시 동대문구 경희대로 26,37.595363,127.05276,,KCISA,KCISA
투깝스,양평 두물머리,playground,경기도 양평군 양서면 양수리,37.532869,127.31599,,KCISA,KCISA
투깝스,국립교통재활병원,playground,경기도 양평군 양평읍 중앙로 260,37.4897334,127.518454,,KCISA,KCISA
투깝스,화이트블럭,playground,경기도 파주시 탄현면 헤이리마을길 72,37.7889189,126.699592,,KCISA,KCISA
투깝스,드림타워,playground,서울특별시 마포구 월드컵북로56길 19,37.582217,126.8883,,KCISA,KCISA
투깝스,한강 공원 여의도 지구,playground,서울특별시 영등포구 여의동로 290,37.5290674,126.936218,,KCISA,KCISA
투깝스,한강대교,playground,서울특별시 용산구 이촌동 한강대교,37.517492,126.95897,,KCISA,KCISA
투깝스,508shop,playground,서울특별시 종로구 낙산성곽서1길 15,37.577646,127.00802,,KCISA,KCISA
투깝스,북촌로5가길,playground,서울특별시 종로구 북촌로5가길 12-7,37.580327,126.98237,,KCISA,KCISA
투깝스,서순라길,playground,서울특별시 종로구 서순라길 149,37.576826,126.99161,,KCISA,KCISA
투깝스,율곡로19길,playground,서울특별시 종로구 율곡로19길 68-64,37.5774144,127.007971,,KCISA,KCISA
투깝스,서울한양도성 서울성곽길 남산(목멱산)구간,playground,서울특별시 중구 남창동 205-179,37.564486,127.01016,,KCISA,KCISA
투깝스,용현1.4동,playground,인천광역시 미추홀구 수봉남로18번길 81-22,37.457023,126.6609,,KCISA,KCISA
투제니,서울공연예술고등학교,playground,서울특별시 구로구 오리로22나길 16-26,37.500086,126.8322,,KCISA,KCISA
투제니,WM 엔터테인먼트,playground,서울특별시 마포구 월드컵로15길 8,37.556601,126.90887,,KCISA,KCISA
투제니,물빛광장(여의도),playground,서울특별시 영등포구 여의도동 84-9,37.530806,126.92831,,KCISA,KCISA
투제니,자하문로,playground,서울특별시 종로구 자하문로 223-1,37.594169,126.96344,,KCISA,KCISA
투제니,서천 마량포구,playground,충청남도 서천군 서면 마량리 344,36.128698,126.50677,,KCISA,KCISA
투제니,신성리 갈대밭,playground,충청남도 서천군 한산면 신성리 125-1,36.068336,126.86074,,KCISA,KCISA
트렁크,아트힐 연희,playground,서울 서대문구 연희로11다길 15,37.56730922,126.9273233,https://ys-dl.tistory.com/entry/%ED%8A%B8%EB%A0%81%ED%81%AC-%EC%B4%AC%EC%98%81%EC%A7%80-13%EA%B3%B3%EC%9D%84-%EC%95%8C%EB%A0%A4%EB%93%9C%EB%A6%BD%EB%8B%88%EB%8B%A4%EC%97%85%EB%8D%B0%EC%9D%B4%ED%8A%B8%EC%A4%91,YSDL,KAKAO
트렁크,일산문화광장,playground,경기 고양시 일산동구 장항동 845,37.65859623,126.7708021,https://ys-dl.tistory.com/entry/%ED%8A%B8%EB%A0%81%ED%81%AC-%EC%B4%AC%EC%98%81%EC%A7%80-13%EA%B3%B3%EC%9D%84-%EC%95%8C%EB%A0%A4%EB%93%9C%EB%A6%BD%EB%8B%88%EB%8B%A4%EC%97%85%EB%8D%B0%EC%9D%B4%ED%8A%B8%EC%A4%91,YSDL,KAKAO
트렁크,주천생태공원,playground,전북특별자치도 진안군 주천면 신양리 705-2,35.96778939,127.4337886,https://ys-dl.tistory.com/entry/%ED%8A%B8%EB%A0%81%ED%81%AC-%EC%B4%AC%EC%98%81%EC%A7%80-13%EA%B3%B3%EC%9D%84-%EC%95%8C%EB%A0%A4%EB%93%9C%EB%A6%BD%EB%8B%88%EB%8B%A4%EC%97%85%EB%8D%B0%EC%9D%B4%ED%8A%B8%EC%A4%91,YSDL,KAKAO
트렁크,이훈동정원,playground,전남광주통합특별시 목포시 유동로 63,34.7876225,126.3799705,https://ys-dl.tistory.com/entry/%ED%8A%B8%EB%A0%81%ED%81%AC-%EC%B4%AC%EC%98%81%EC%A7%80-13%EA%B3%B3%EC%9D%84-%EC%95%8C%EB%A0%A4%EB%93%9C%EB%A6%BD%EB%8B%88%EB%8B%A4%EC%97%85%EB%8D%B0%EC%9D%B4%ED%8A%B8%EC%A4%91,YSDL,KAKAO
트렁크,목포 번화로 일본식가옥1,playground,전남광주통합특별시 목포시 번화로 4,34.78596106,126.3797601,https://ys-dl.tistory.com/entry/%ED%8A%B8%EB%A0%81%ED%81%AC-%EC%B4%AC%EC%98%81%EC%A7%80-13%EA%B3%B3%EC%9D%84-%EC%95%8C%EB%A0%A4%EB%93%9C%EB%A6%BD%EB%8B%88%EB%8B%A4%EC%97%85%EB%8D%B0%EC%9D%B4%ED%8A%B8%EC%A4%91,YSDL,KAKAO
트레이서,분당추모공원 휴,playground,경기도 광주시 오포읍 오포로 211-49,37.354236,127.18315,,KCISA,KCISA
트레이서,성신여자대학교 운정그린캠퍼스,playground,서울특별시 강북구 도봉로76가길 55,37.632219,127.0273,,KCISA,KCISA
트레이서,명지빌딩,playground,서울특별시 중구 소파로 129,37.558834,126.98711,,KCISA,KCISA
트레인,원릉역,playground,경기도 고양시 덕양구 원당로 130,37.663042,126.83957,,KCISA,KCISA
트레인,쉴낙원 김포장례식장,playground,경기도 김포시 승가로58번길 7,37.607202,126.71541,,KCISA,KCISA
트레인,성신여자대학교 운정그린캠퍼스,playground,서울특별시 강북구 도봉로76가길 55,37.632219,127.0273,,KCISA,KCISA
트레인,안녕인사동,playground,서울특별시 종로구 인사동길 49,37.574524,126.98347,,KCISA,KCISA
트레인,충남금산경찰서,playground,충청남도 금산군 금산읍 인삼로 201,36.103661,127.5036,,KCISA,KCISA
트레인,증평역,playground,충청북도 증평군 증평읍 역전로 92,36.778111,127.583175,,KCISA,KCISA
트로트의 연인,더컨벤션 잠실점,playground,서울특별시 송파구 올림픽로 319 새마을 교통회관 3층,37.515755,127.10602,,KCISA,KCISA
트리거,으능정이 문화의거리,playground,대전 중구 은행동 216,36.3280053,127.4284485,https://ys-dl.tistory.com/entry/%ED%8A%B8%EB%A6%AC%EA%B1%B0-%EC%B4%AC%EC%98%81%EC%A7%80-9%EA%B3%B3%EC%9D%84-%EC%95%8C%EB%A0%A4%EB%93%9C%EB%A6%BD%EB%8B%88%EB%8B%A4%EC%97%85%EB%8D%B0%EC%9D%B4%ED%8A%B8%EC%A4%91,YSDL,KAKAO
트웰브,난지한강공원,playground,서울 마포구 상암동 495-72,37.56703991,126.8756078,https://ys-dl.tistory.com/entry/%ED%8A%B8%EC%9B%B0%EB%B8%8C-%EC%B4%AC%EC%98%81%EC%A7%80-7%EA%B3%B3%EC%9D%84-%EC%95%8C%EB%A0%A4%EB%93%9C%EB%A6%BD%EB%8B%88%EB%8B%A4%EC%97%85%EB%8D%B0%EC%9D%B4%ED%8A%B8%EC%A4%91,YSDL,KAKAO
트웰브,도화소어린이공원,playground,서울 마포구 토정로37길 22,37.54107657,126.9455413,https://ys-dl.tistory.com/entry/%ED%8A%B8%EC%9B%B0%EB%B8%8C-%EC%B4%AC%EC%98%81%EC%A7%80-7%EA%B3%B3%EC%9D%84-%EC%95%8C%EB%A0%A4%EB%93%9C%EB%A6%BD%EB%8B%88%EB%8B%A4%EC%97%85%EB%8D%B0%EC%9D%B4%ED%8A%B8%EC%A4%91,YSDL,KAKAO
트웰브,재인폭포,playground,경기 연천군 연천읍 부곡리 산 235,38.07693252,127.1433657,https://ys-dl.tistory.com/entry/%ED%8A%B8%EC%9B%B0%EB%B8%8C-%EC%B4%AC%EC%98%81%EC%A7%80-7%EA%B3%B3%EC%9D%84-%EC%95%8C%EB%A0%A4%EB%93%9C%EB%A6%BD%EB%8B%88%EB%8B%A4%EC%97%85%EB%8D%B0%EC%9D%B4%ED%8A%B8%EC%A4%91,YSDL,KAKAO
트웰브,회암사지박물관,playground,경기 양주시 회암사길 11,37.8412091,127.1029294,https://ys-dl.tistory.com/entry/%ED%8A%B8%EC%9B%B0%EB%B8%8C-%EC%B4%AC%EC%98%81%EC%A7%80-7%EA%B3%B3%EC%9D%84-%EC%95%8C%EB%A0%A4%EB%93%9C%EB%A6%BD%EB%8B%88%EB%8B%A4%EC%97%85%EB%8D%B0%EC%9D%B4%ED%8A%B8%EC%A4%91,YSDL,KAKAO
트웰브,남양주종합촬영소,playground,경기 남양주시 조안면 북한강로855번길 138,37.60400192,127.3225153,https://ys-dl.tistory.com/entry/%ED%8A%B8%EC%9B%B0%EB%B8%8C-%EC%B4%AC%EC%98%81%EC%A7%80-7%EA%B3%B3%EC%9D%84-%EC%95%8C%EB%A0%A4%EB%93%9C%EB%A6%BD%EB%8B%88%EB%8B%A4%EC%97%85%EB%8D%B0%EC%9D%B4%ED%8A%B8%EC%A4%91,YSDL,KAKAO
트웰브,용인대장금테마파크,playground,경기 용인시 처인구 백암면 용천드라마길 25,37.12119169,127.3375794,https://ys-dl.tistory.com/entry/%ED%8A%B8%EC%9B%B0%EB%B8%8C-%EC%B4%AC%EC%98%81%EC%A7%80-7%EA%B3%B3%EC%9D%84-%EC%95%8C%EB%A0%A4%EB%93%9C%EB%A6%BD%EB%8B%88%EB%8B%A4%EC%97%85%EB%8D%B0%EC%9D%B4%ED%8A%B8%EC%A4%91,YSDL,KAKAO
트웰브,반야사,playground,충남 논산시 가야곡면 삼전길 104,36.11106625,127.1734706,https://ys-dl.tistory.com/entry/%ED%8A%B8%EC%9B%B0%EB%B8%8C-%EC%B4%AC%EC%98%81%EC%A7%80-7%EA%B3%B3%EC%9D%84-%EC%95%8C%EB%A0%A4%EB%93%9C%EB%A6%BD%EB%8B%88%EB%8B%A4%EC%97%85%EB%8D%B0%EC%9D%B4%ED%8A%B8%EC%A4%91,YSDL,KAKAO
파리의 연인,한국학중앙연구원,playground,경기도 성남시 분당구 하오개로 323,37.39197,127.05438,,KCISA,KCISA
파리의 연인,코엑스,playground,서울특별시 강남구 영동대로 513,37.510177,127.05866,,KCISA,KCISA
파리의 연인,상암월드컵경기장,playground,서울특별시 마포구 월드컵로 240,37.568242,126.89721,,KCISA,KCISA
파리의 연인,노들섬,playground,서울특별시 용산구 양녕로 445,37.5181029,126.957064,,KCISA,KCISA
파리의 연인,한강대교,playground,서울특별시 용산구 이촌동 한강대교,37.517492,126.95897,,KCISA,KCISA
파리의 연인,북촌로11길,playground,서울특별시 종로구 북촌로11길 52,37.582967,126.98348,,KCISA,KCISA
파리의 연인,서울도서관,playground,서울특별시 중구 세종대로 110,37.566291,126.977931,,KCISA,KCISA
파리의 연인,남산공원분수대,playground,서울특별시 중구 회현동1가 100-267,37.554107,126.98194,,KCISA,KCISA
파리의 연인,인천국제공항,playground,인천광역시 중구 공항로 272,37.44919,126.4514,,KCISA,KCISA
파수꾼,플라워카페 라플로르,playground,경기도 파주시 직지길 522,37.717173,126.68928,,KCISA,KCISA
파수꾼,동탄국제고등학교,playground,경기도 화성시 동탄나루로 27,37.1891856,127.078496,,KCISA,KCISA
파수꾼,새한철강상사,playground,서울특별시 영등포구 도림로128가길 13-8,37.514246,126.89772,,KCISA,KCISA
파수꾼,국회의사당,playground,서울특별시 영등포구 의사당대로 1,37.531847,126.91411,,KCISA,KCISA
파수꾼,중림동약현성당,playground,서울특별시 중구 청파로 447-1,37.559115,126.96744,,KCISA,KCISA
파수꾼,송도센트럴파크,playground,인천광역시 연수구 컨벤시아대로 160,37.3924167,126.639565,,KCISA,KCISA
파인: 촌뜨기들,운경고택,playground,서울 종로구 인왕산로 7,37.57506016,126.9667704,https://ys-dl.tistory.com/entry/%ED%8C%8C%EC%9D%B8-%EC%B4%8C%EB%9C%A8%EA%B8%B0%EB%93%A4-%EC%B4%AC%EC%98%81%EC%A7%80-4%EA%B3%B3%EC%9D%84-%EC%95%8C%EB%A0%A4%EB%93%9C%EB%A6%BD%EB%8B%88%EB%8B%A4%EC%97%85%EB%8D%B0%EC%9D%B4%ED%8A%B8%EC%A4%91,YSDL,KAKAO
파인: 촌뜨기들,보광사,playground,서울 강북구 삼양로145길 177,37.64948287,127.0034335,https://ys-dl.tistory.com/entry/%ED%8C%8C%EC%9D%B8-%EC%B4%8C%EB%9C%A8%EA%B8%B0%EB%93%A4-%EC%B4%AC%EC%98%81%EC%A7%80-4%EA%B3%B3%EC%9D%84-%EC%95%8C%EB%A0%A4%EB%93%9C%EB%A6%BD%EB%8B%88%EB%8B%A4%EC%97%85%EB%8D%B0%EC%9D%B4%ED%8A%B8%EC%A4%91,YSDL,KAKAO
파인: 촌뜨기들,선샤인스튜디오,playground,충남 논산시 연무읍 봉황로 90,36.10274483,127.1048191,https://ys-dl.tistory.com/entry/%ED%8C%8C%EC%9D%B8-%EC%B4%8C%EB%9C%A8%EA%B8%B0%EB%93%A4-%EC%B4%AC%EC%98%81%EC%A7%80-4%EA%B3%B3%EC%9D%84-%EC%95%8C%EB%A0%A4%EB%93%9C%EB%A6%BD%EB%8B%88%EB%8B%A4%EC%97%85%EB%8D%B0%EC%9D%B4%ED%8A%B8%EC%A4%91,YSDL,KAKAO
파인: 촌뜨기들,익산 교도소 세트장,playground,전북특별자치도 익산시 성당면 함낭로 207,36.06945155,126.930603,https://ys-dl.tistory.com/entry/%ED%8C%8C%EC%9D%B8-%EC%B4%8C%EB%9C%A8%EA%B8%B0%EB%93%A4-%EC%B4%AC%EC%98%81%EC%A7%80-4%EA%B3%B3%EC%9D%84-%EC%95%8C%EB%A0%A4%EB%93%9C%EB%A6%BD%EB%8B%88%EB%8B%A4%EC%97%85%EB%8D%B0%EC%9D%B4%ED%8A%B8%EC%A4%91,YSDL,KAKAO
파인: 촌뜨기들,순천드라마촬영장,playground,전남광주통합특별시 순천시 비례골길 24,34.9570842,127.5380338,https://ys-dl.tistory.com/entry/%ED%8C%8C%EC%9D%B8-%EC%B4%8C%EB%9C%A8%EA%B8%B0%EB%93%A4-%EC%B4%AC%EC%98%81%EC%A7%80-4%EA%B3%B3%EC%9D%84-%EC%95%8C%EB%A0%A4%EB%93%9C%EB%A6%BD%EB%8B%88%EB%8B%A4%EC%97%85%EB%8D%B0%EC%9D%B4%ED%8A%B8%EC%A4%91,YSDL,KAKAO
파인: 촌뜨기들,합천영상테마파크,playground,경남 합천군 용주면 합천호수로 757,35.54875124,128.0718461,https://ys-dl.tistory.com/entry/%ED%8C%8C%EC%9D%B8-%EC%B4%8C%EB%9C%A8%EA%B8%B0%EB%93%A4-%EC%B4%AC%EC%98%81%EC%A7%80-4%EA%B3%B3%EC%9D%84-%EC%95%8C%EB%A0%A4%EB%93%9C%EB%A6%BD%EB%8B%88%EB%8B%A4%EC%97%85%EB%8D%B0%EC%9D%B4%ED%8A%B8%EC%A4%91,YSDL,KAKAO
판사 이한영,난지한강공원,playground,서울 마포구 상암동 495-72,37.56703991,126.8756078,https://ys-dl.tistory.com/entry/%ED%8C%90%EC%82%AC-%EC%9D%B4%ED%95%9C%EC%98%81-%EC%B4%AC%EC%98%81%EC%A7%80-24%EA%B3%B3%EC%9D%84-%EC%95%8C%EB%A0%A4%EB%93%9C%EB%A6%BD%EB%8B%88%EB%8B%A4%EC%97%85%EB%8D%B0%EC%9D%B4%ED%8A%B8%EC%A4%91,YSDL,KAKAO
판사 이한영,여의도공원,playground,서울 영등포구 여의공원로 68,37.52613492,126.9223482,https://ys-dl.tistory.com/entry/%ED%8C%90%EC%82%AC-%EC%9D%B4%ED%95%9C%EC%98%81-%EC%B4%AC%EC%98%81%EC%A7%80-24%EA%B3%B3%EC%9D%84-%EC%95%8C%EB%A0%A4%EB%93%9C%EB%A6%BD%EB%8B%88%EB%8B%A4%EC%97%85%EB%8D%B0%EC%9D%B4%ED%8A%B8%EC%A4%91,YSDL,KAKAO
판사 이한영,용양봉저정공원,playground,서울 동작구 본동 산 3-9,37.51195058,126.9583176,https://ys-dl.tistory.com/entry/%ED%8C%90%EC%82%AC-%EC%9D%B4%ED%95%9C%EC%98%81-%EC%B4%AC%EC%98%81%EC%A7%80-24%EA%B3%B3%EC%9D%84-%EC%95%8C%EB%A0%A4%EB%93%9C%EB%A6%BD%EB%8B%88%EB%8B%A4%EC%97%85%EB%8D%B0%EC%9D%B4%ED%8A%B8%EC%A4%91,YSDL,KAKAO
판사 이한영,남산공원,playground,서울 중구 남창동 205-4,37.5558408,126.9773199,https://ys-dl.tistory.com/entry/%ED%8C%90%EC%82%AC-%EC%9D%B4%ED%95%9C%EC%98%81-%EC%B4%AC%EC%98%81%EC%A7%80-24%EA%B3%B3%EC%9D%84-%EC%95%8C%EB%A0%A4%EB%93%9C%EB%A6%BD%EB%8B%88%EB%8B%A4%EC%97%85%EB%8D%B0%EC%9D%B4%ED%8A%B8%EC%A4%91,YSDL,KAKAO
판사 이한영,삼순이계단,playground,서울 중구 소파로 46,37.55452971,126.9816933,https://ys-dl.tistory.com/entry/%ED%8C%90%EC%82%AC-%EC%9D%B4%ED%95%9C%EC%98%81-%EC%B4%AC%EC%98%81%EC%A7%80-24%EA%B3%B3%EC%9D%84-%EC%95%8C%EB%A0%A4%EB%93%9C%EB%A6%BD%EB%8B%88%EB%8B%A4%EC%97%85%EB%8D%B0%EC%9D%B4%ED%8A%B8%EC%A4%91,YSDL,KAKAO
판사 이한영,서래섬,playground,서울 서초구 반포동 137-41,37.50802101,126.9899294,https://ys-dl.tistory.com/entry/%ED%8C%90%EC%82%AC-%EC%9D%B4%ED%95%9C%EC%98%81-%EC%B4%AC%EC%98%81%EC%A7%80-24%EA%B3%B3%EC%9D%84-%EC%95%8C%EB%A0%A4%EB%93%9C%EB%A6%BD%EB%8B%88%EB%8B%A4%EC%97%85%EB%8D%B0%EC%9D%B4%ED%8A%B8%EC%A4%91,YSDL,KAKAO
판사 이한영,반포한강공원,playground,서울 서초구 반포동 115-5,37.51081993,126.997161,https://ys-dl.tistory.com/entry/%ED%8C%90%EC%82%AC-%EC%9D%B4%ED%95%9C%EC%98%81-%EC%B4%AC%EC%98%81%EC%A7%80-24%EA%B3%B3%EC%9D%84-%EC%95%8C%EB%A0%A4%EB%93%9C%EB%A6%BD%EB%8B%88%EB%8B%A4%EC%97%85%EB%8D%B0%EC%9D%B4%ED%8A%B8%EC%A4%91,YSDL,KAKAO
판사 이한영,애룡저수지 관용사,playground,경기 파주시 법원읍 애룡길 179-27,37.82878059,126.8567091,https://ys-dl.tistory.com/entry/%ED%8C%90%EC%82%AC-%EC%9D%B4%ED%95%9C%EC%98%81-%EC%B4%AC%EC%98%81%EC%A7%80-24%EA%B3%B3%EC%9D%84-%EC%95%8C%EB%A0%A4%EB%93%9C%EB%A6%BD%EB%8B%88%EB%8B%A4%EC%97%85%EB%8D%B0%EC%9D%B4%ED%8A%B8%EC%A4%91,YSDL,KAKAO
판사 이한영,고양관광정보센터,playground,경기 고양시 일산동구 중앙로 1271-1,37.65948105,126.772692,https://ys-dl.tistory.com/entry/%ED%8C%90%EC%82%AC-%EC%9D%B4%ED%95%9C%EC%98%81-%EC%B4%AC%EC%98%81%EC%A7%80-24%EA%B3%B3%EC%9D%84-%EC%95%8C%EB%A0%A4%EB%93%9C%EB%A6%BD%EB%8B%88%EB%8B%A4%EC%97%85%EB%8D%B0%EC%9D%B4%ED%8A%B8%EC%A4%91,YSDL,KAKAO
판사 이한영,운보의집,playground,충북 청주시 청원구 내수읍 형동2길 92-41,36.69223114,127.5651097,https://ys-dl.tistory.com/entry/%ED%8C%90%EC%82%AC-%EC%9D%B4%ED%95%9C%EC%98%81-%EC%B4%AC%EC%98%81%EC%A7%80-24%EA%B3%B3%EC%9D%84-%EC%95%8C%EB%A0%A4%EB%93%9C%EB%A6%BD%EB%8B%88%EB%8B%A4%EC%97%85%EB%8D%B0%EC%9D%B4%ED%8A%B8%EC%A4%91,YSDL,KAKAO
판사 이한영,익산 교도소 세트장,playground,전북특별자치도 익산시 성당면 함낭로 207,36.06945155,126.930603,https://ys-dl.tistory.com/entry/%ED%8C%90%EC%82%AC-%EC%9D%B4%ED%95%9C%EC%98%81-%EC%B4%AC%EC%98%81%EC%A7%80-24%EA%B3%B3%EC%9D%84-%EC%95%8C%EB%A0%A4%EB%93%9C%EB%A6%BD%EB%8B%88%EB%8B%A4%EC%97%85%EB%8D%B0%EC%9D%B4%ED%8A%B8%EC%A4%91,YSDL,KAKAO
판타스틱,화이트블럭,playground,경기도 파주시 탄현면 헤이리마을길 72,37.7889189,126.699592,,KCISA,KCISA
패밀리,하나아트갤러리,playground,서울 종로구 인사동길 44,37.57425838,126.9848762,https://ys-dl.tistory.com/entry/%ED%8C%A8%EB%B0%80%EB%A6%AC-%EC%B4%AC%EC%98%81%EC%A7%80-6%EA%B3%B3%EC%9D%84-%EC%95%8C%EB%A0%A4%EB%93%9C%EB%A6%BD%EB%8B%88%EB%8B%A4%EC%97%85%EB%8D%B0%EC%9D%B4%ED%8A%B8%EC%A4%91,YSDL,KAKAO
패밀리,인사1010,playground,서울 종로구 인사동10길 10,37.57398817,126.9856325,https://ys-dl.tistory.com/entry/%ED%8C%A8%EB%B0%80%EB%A6%AC-%EC%B4%AC%EC%98%81%EC%A7%80-6%EA%B3%B3%EC%9D%84-%EC%95%8C%EB%A0%A4%EB%93%9C%EB%A6%BD%EB%8B%88%EB%8B%A4%EC%97%85%EB%8D%B0%EC%9D%B4%ED%8A%B8%EC%A4%91,YSDL,KAKAO
패밀리,석촌호수 서호,playground,서울 송파구 잠실동 47,37.50768073,127.0991128,https://ys-dl.tistory.com/entry/%ED%8C%A8%EB%B0%80%EB%A6%AC-%EC%B4%AC%EC%98%81%EC%A7%80-6%EA%B3%B3%EC%9D%84-%EC%95%8C%EB%A0%A4%EB%93%9C%EB%A6%BD%EB%8B%88%EB%8B%A4%EC%97%85%EB%8D%B0%EC%9D%B4%ED%8A%B8%EC%A4%91,YSDL,KAKAO
패밀리,일산호수공원,playground,경기 고양시 일산동구 호수로 595,37.65613604,126.7641415,https://ys-dl.tistory.com/entry/%ED%8C%A8%EB%B0%80%EB%A6%AC-%EC%B4%AC%EC%98%81%EC%A7%80-6%EA%B3%B3%EC%9D%84-%EC%95%8C%EB%A0%A4%EB%93%9C%EB%A6%BD%EB%8B%88%EB%8B%A4%EC%97%85%EB%8D%B0%EC%9D%B4%ED%8A%B8%EC%A4%91,YSDL,KAKAO
패밀리,서울랜드,playground,경기 과천시 광명로 181,37.43390283,127.0187021,https://ys-dl.tistory.com/entry/%ED%8C%A8%EB%B0%80%EB%A6%AC-%EC%B4%AC%EC%98%81%EC%A7%80-6%EA%B3%B3%EC%9D%84-%EC%95%8C%EB%A0%A4%EB%93%9C%EB%A6%BD%EB%8B%88%EB%8B%A4%EC%97%85%EB%8D%B0%EC%9D%B4%ED%8A%B8%EC%A4%91,YSDL,KAKAO
패밀리,당진문예의전당,playground,충남 당진시 무수동2길 25-21,36.8901343,126.6380739,https://ys-dl.tistory.com/entry/%ED%8C%A8%EB%B0%80%EB%A6%AC-%EC%B4%AC%EC%98%81%EC%A7%80-6%EA%B3%B3%EC%9D%84-%EC%95%8C%EB%A0%A4%EB%93%9C%EB%A6%BD%EB%8B%88%EB%8B%A4%EC%97%85%EB%8D%B0%EC%9D%B4%ED%8A%B8%EC%A4%91,YSDL,KAKAO
패션 70's,원당종마목장,playground,경기도 고양시 덕양구 서삼릉길 233-112,37.664249,126.87342,,KCISA,KCISA
퍼스트레이디,용양봉저정공원,playground,서울 동작구 본동 산 3-9,37.51195058,126.9583176,https://ys-dl.tistory.com/entry/%ED%8D%BC%EC%8A%A4%ED%8A%B8%EB%A0%88%EC%9D%B4%EB%94%94-%EC%B4%AC%EC%98%81%EC%A7%80-11%EA%B3%B3%EC%9D%84-%EC%95%8C%EB%A0%A4%EB%93%9C%EB%A6%BD%EB%8B%88%EB%8B%A4%EC%97%85%EB%8D%B0%EC%9D%B4%ED%8A%B8%EC%A4%91,YSDL,KAKAO
퍼스트레이디,청계천,playground,서울 종로구 서린동 148,37.56914697,126.9786471,https://ys-dl.tistory.com/entry/%ED%8D%BC%EC%8A%A4%ED%8A%B8%EB%A0%88%EC%9D%B4%EB%94%94-%EC%B4%AC%EC%98%81%EC%A7%80-11%EA%B3%B3%EC%9D%84-%EC%95%8C%EB%A0%A4%EB%93%9C%EB%A6%BD%EB%8B%88%EB%8B%A4%EC%97%85%EB%8D%B0%EC%9D%B4%ED%8A%B8%EC%A4%91,YSDL,KAKAO
퍼스트레이디,일민미술관,playground,서울 종로구 세종대로 152,37.56988199,126.9776372,https://ys-dl.tistory.com/entry/%ED%8D%BC%EC%8A%A4%ED%8A%B8%EB%A0%88%EC%9D%B4%EB%94%94-%EC%B4%AC%EC%98%81%EC%A7%80-11%EA%B3%B3%EC%9D%84-%EC%95%8C%EB%A0%A4%EB%93%9C%EB%A6%BD%EB%8B%88%EB%8B%A4%EC%97%85%EB%8D%B0%EC%9D%B4%ED%8A%B8%EC%A4%91,YSDL,KAKAO
퍼스트레이디,종묘,playground,서울 종로구 종로 157,37.57610804,126.994213,https://ys-dl.tistory.com/entry/%ED%8D%BC%EC%8A%A4%ED%8A%B8%EB%A0%88%EC%9D%B4%EB%94%94-%EC%B4%AC%EC%98%81%EC%A7%80-11%EA%B3%B3%EC%9D%84-%EC%95%8C%EB%A0%A4%EB%93%9C%EB%A6%BD%EB%8B%88%EB%8B%A4%EC%97%85%EB%8D%B0%EC%9D%B4%ED%8A%B8%EC%A4%91,YSDL,KAKAO
퍼스트레이디,킨텍스 제2전시장,playground,경기 고양시 일산서구 킨텍스로 217-59,37.664472,126.7418147,https://ys-dl.tistory.com/entry/%ED%8D%BC%EC%8A%A4%ED%8A%B8%EB%A0%88%EC%9D%B4%EB%94%94-%EC%B4%AC%EC%98%81%EC%A7%80-11%EA%B3%B3%EC%9D%84-%EC%95%8C%EB%A0%A4%EB%93%9C%EB%A6%BD%EB%8B%88%EB%8B%A4%EC%97%85%EB%8D%B0%EC%9D%B4%ED%8A%B8%EC%A4%91,YSDL,KAKAO
퍼스트레이디,청남대,playground,충북 청주시 상당구 문의면 청남대길 646,36.46284608,127.4917654,https://ys-dl.tistory.com/entry/%ED%8D%BC%EC%8A%A4%ED%8A%B8%EB%A0%88%EC%9D%B4%EB%94%94-%EC%B4%AC%EC%98%81%EC%A7%80-11%EA%B3%B3%EC%9D%84-%EC%95%8C%EB%A0%A4%EB%93%9C%EB%A6%BD%EB%8B%88%EB%8B%A4%EC%97%85%EB%8D%B0%EC%9D%B4%ED%8A%B8%EC%A4%91,YSDL,KAKAO
퍼퓸,아침고요수목원,playground,경기도 가평군 상면 수목원로 432,37.742485,127.35173,,KCISA,KCISA
퍼퓸,한국종합인재개발원,playground,경기도 가평군 청평면 북한강로1636번길 36-6,37.666429,127.38539,,KCISA,KCISA
퍼퓸,안성맞춤천문과학관,playground,경기도 안성시 보개면 남사당로 198,37.032932,127.31257,,KCISA,KCISA
퍼퓸,미스지콜렉션,playground,서울특별시 강남구 압구정로 60길 12,37.526552,127.04178,,KCISA,KCISA
퍼퓸,더발렌티청담,playground,서울특별시 강남구 영동대로 728,37.523044,127.05605,,KCISA,KCISA
퍼퓸,동아디지털미디어센터,playground,서울특별시 마포구 매봉산로 75,37.57832,126.89285,,KCISA,KCISA
퍼퓸,가온문화공원,playground,서울특별시 마포구 상암동 1594,37.58181,126.88765,,KCISA,KCISA
퍼퓸,서래섬,playground,서울특별시 서초구 반포동 137-41,37.507809,126.9896,,KCISA,KCISA
퍼퓸,세빛섬,playground,서울특별시 서초구 올림픽대로 683,37.512019,126.9953,,KCISA,KCISA
퍼퓸,롯데월드,playground,서울특별시 송파구 올림픽로 240,37.5112601,127.097998,,KCISA,KCISA
퍼퓸,여의도 KBS방송국,playground,서울특별시 영등포구 여의공원로 13,37.52563,126.91633,,KCISA,KCISA
퍼퓸,서강대교,playground,서울특별시 영등포구 여의도동 서강대교,37.536911,126.92495,,KCISA,KCISA
퍼퓸,국회의사당,playground,서울특별시 영등포구 의사당대로 1,37.531847,126.91411,,KCISA,KCISA
퍼퓸,서울디자인재단,playground,서울특별시 중구 을지로 281,37.566752,127.0101,,KCISA,KCISA
퍼퓸,용마랜드,playground,서울특별시 중랑구 망우로70길 118,37.594468,127.105556,,KCISA,KCISA
퍼퓸,엔씨큐브,playground,인천광역시 연수구 아트센터대로 87,37.402243,126.64027,,KCISA,KCISA
퍼퓸,트라이보울,playground,인천광역시 연수구 인천타워대로 250,37.394084,126.63504,,KCISA,KCISA
퍼퓸,컨벤시아대로,playground,인천광역시 연수구 컨벤시아대로,37.392001,126.64628,,KCISA,KCISA
페이스 미,놋다리문화공원,playground,서울 강서구 마곡동 790-6,37.56202755,126.8363596,https://ys-dl.tistory.com/entry/%ED%8E%98%EC%9D%B4%EC%8A%A4%EB%AF%B8-%EC%B4%AC%EC%98%81%EC%A7%80-6%EA%B3%B3%EC%9D%84-%EC%95%8C%EB%A0%A4%EB%93%9C%EB%A6%BD%EB%8B%88%EB%8B%A4%EC%97%85%EB%8D%B0%EC%9D%B4%ED%8A%B8%EC%A4%91,YSDL,KAKAO
페이스 미,해돋이공원,playground,인천 연수구 해돋이로 51,37.38771065,126.6544857,https://ys-dl.tistory.com/entry/%ED%8E%98%EC%9D%B4%EC%8A%A4%EB%AF%B8-%EC%B4%AC%EC%98%81%EC%A7%80-6%EA%B3%B3%EC%9D%84-%EC%95%8C%EB%A0%A4%EB%93%9C%EB%A6%BD%EB%8B%88%EB%8B%A4%EC%97%85%EB%8D%B0%EC%9D%B4%ED%8A%B8%EC%A4%91,YSDL,KAKAO
페이지 터너,압구정나들목,playground,서울특별시 강남구 압구정동 압구정나들목,37.373988,126.43924,,KCISA,KCISA
펜트하우스,광교호수공원,playground,경기도 수원시 영통구 광교호수로 57,37.275851,127.06379,,KCISA,KCISA
펜트하우스,의정부교도소,playground,경기도 의정부시 송산로 1111-76,37.723336,127.09159,,KCISA,KCISA
펜트하우스,서울대학교,playground,서울특별시 관악구 관악로 1,37.462256,126.95428,,KCISA,KCISA
펜트하우스,오목사우나탕,playground,서울특별시 성북구 고려대로7길 24,37.586992,127.0209,,KCISA,KCISA
펜트하우스,서경대학교,playground,서울특별시 성북구 서경로 124,37.6150933,127.012403,,KCISA,KCISA
펜트하우스,파크원,playground,서울특별시 영등포구 여의대로 108,37.525144,126.92923,,KCISA,KCISA
펜트하우스,서울마리나 클럽&요트,playground,서울특별시 영등포구 여의서로 160,37.534829,126.91157,,KCISA,KCISA
펜트하우스,프로보크 서울,playground,서울특별시 영등포구 영신로 87,37.515908,126.90135,,KCISA,KCISA
펜트하우스,한국의 집,playground,서울특별시 중구 퇴계로36길 10,37.560304,126.99471,,KCISA,KCISA
펜트하우스,인천국제공항,playground,인천광역시 중구 공항로 272,37.44919,126.4514,,KCISA,KCISA
펜트하우스,분당메모리얼파크,playground,경기도 서남시 분당구새나리로 79,37.403669,127.16401,,KCISA,KCISA
펜트하우스,벽초지수목원,playground,경기도 파주시 광탄면 부흥로 242,37.800977,126.873712,,KCISA,KCISA
펜트하우스,오목사우나탕,playground,서울특별시 성북구 고려대로7길 24,37.586992,127.0209,,KCISA,KCISA
펜트하우스,파크원,playground,서울특별시 영등포구 여의대로 108,37.525144,126.92923,,KCISA,KCISA
펜트하우스,한강 공원 여의도 지구,playground,서울특별시 영등포구 여의동로 290,37.5290674,126.936218,,KCISA,KCISA
펜트하우스,국회의사당,playground,서울특별시 영등포구 의사당대로 1,37.531847,126.91411,,KCISA,KCISA
펜트하우스,동작대교,playground,서울특별시 용산구 이촌동 동작대교,37.51041,126.981893,,KCISA,KCISA
펜트하우스,선문대학교 아산캠퍼스,playground,충청남도 아산시 탕정면 선문로221번길 70,36.798952,127.07489,,KCISA,KCISA
펜트하우스,직탕폭포,playground,강원도 철원군 동송읍 장흥리 336-1,38.20945,127.2655,,KCISA,KCISA
펜트하우스,로케이션 이음 (구 로얄퀘스트),playground,경기도 파주시 탄현면 새오리로286번길 48-70,37.713531,126.74641,,KCISA,KCISA
펜트하우스,조이마당스튜디오,playground,경기도 파주시 파주읍 봉서산로 243,37.83256,126.8035,,KCISA,KCISA
펜트하우스,서울시립대학교,playground,서울특별시 동대문구 서울시립대로 163,37.583383,127.059971,,KCISA,KCISA
펜트하우스,SBS프리즘타워,playground,서울특별시 마포구 상암산로 82,37.579725,126.89269,,KCISA,KCISA
펜트하우스,서울중앙지방법원,playground,서울특별시 서초구 서초중앙로 157,37.496068,127.01148,,KCISA,KCISA
펜트하우스,올림픽공원,playground,서울특별시 송파구 올림픽로 424,37.5209657,127.116064,,KCISA,KCISA
펜트하우스,SBS방송센터,playground,서울특별시 양천구 목동서로 161,37.529043,126.87417,,KCISA,KCISA
펜트하우스,도림로126길,playground,서울특별시 영등포구 도림로126길 1,37.513868,126.89629,,KCISA,KCISA
펜트하우스,중림동약현성당,playground,서울특별시 중구 청파로 447-1,37.559115,126.96744,,KCISA,KCISA
펜트하우스,익산 교도소 세트장,playground,전라북도 익산시 성당면 함낭로 207,36.069334,126.93158,,KCISA,KCISA
편의점 샛별이,성신여자대학교 운정그린캠퍼스,playground,서울특별시 강북구 도봉로76가길 55,37.632219,127.0273,,KCISA,KCISA
편의점 샛별이,SK증권빌딩,playground,서울특별시 영등포구 국제금융로8길 31,37.519695,126.92807,,KCISA,KCISA
편의점 샛별이,서강대교,playground,서울특별시 영등포구 여의도동 서강대교,37.536911,126.92495,,KCISA,KCISA
편의점 샛별이,원효대교,playground,서울특별시 영등포구 여의도동 원효대교,37.527046,126.94571,,KCISA,KCISA
편의점 샛별이,블루스퀘어,playground,서울특별시 용산구 이태원로 294,37.540833,127.002233,,KCISA,KCISA
편의점 샛별이,은영수퍼,playground,서울특별시 은평구 증산로13길 32,37.588143,126.90935,,KCISA,KCISA
편의점 샛별이,무교로,playground,서울특별시 중구 무교동 무교로,37.567385,126.97923,,KCISA,KCISA
평일 오후 세시의 연인,블루메미술관,playground,경기도 파주시 탄현면 헤이리마을길 59-30,37.789284,126.69661,,KCISA,KCISA
평일 오후 세시의 연인,화이트블럭,playground,경기도 파주시 탄현면 헤이리마을길 72,37.7889189,126.699592,,KCISA,KCISA
포레스트,월정사,playground,강원도 평창군 진부면 오대산로 374-8,37.731807,128.592508,,KCISA,KCISA
포레스트,삼성화재 글로벌캠퍼스,playground,경기도 고양시 일산동구 문원길 135,37.7193,126.81494,,KCISA,KCISA
포레스트,미성마을,playground,경상북도 군위군 우보면 미성5길 58-1,36.179747,128.66456,,KCISA,KCISA
포레스트,성미산로29길,playground,서울특별시 마포구 성미산로29길 3,37.564235,126.92285,,KCISA,KCISA
포핸즈,서울숲,playground,서울 성동구 성수동1가 678-1,37.54432223,127.0376178,https://ys-dl.tistory.com/entry/%ED%8F%AC%ED%95%B8%EC%A6%88-%EC%B4%AC%EC%98%81%EC%A7%80-14%EA%B3%B3%EC%9D%84-%EC%95%8C%EB%A0%A4%EB%93%9C%EB%A6%BD%EB%8B%88%EB%8B%A4%EC%97%85%EB%8D%B0%EC%9D%B4%ED%8A%B8%EC%A4%91,YSDL,KAKAO
포핸즈,예술의전당,playground,서울 서초구 남부순환로 2406,37.4794461,127.0137536,https://ys-dl.tistory.com/entry/%ED%8F%AC%ED%95%B8%EC%A6%88-%EC%B4%AC%EC%98%81%EC%A7%80-14%EA%B3%B3%EC%9D%84-%EC%95%8C%EB%A0%A4%EB%93%9C%EB%A6%BD%EB%8B%88%EB%8B%A4%EC%97%85%EB%8D%B0%EC%9D%B4%ED%8A%B8%EC%A4%91,YSDL,KAKAO
포핸즈,구리아트홀,playground,경기 구리시 아차산로 453,37.59554862,127.129884,https://ys-dl.tistory.com/entry/%ED%8F%AC%ED%95%B8%EC%A6%88-%EC%B4%AC%EC%98%81%EC%A7%80-14%EA%B3%B3%EC%9D%84-%EC%95%8C%EB%A0%A4%EB%93%9C%EB%A6%BD%EB%8B%88%EB%8B%A4%EC%97%85%EB%8D%B0%EC%9D%B4%ED%8A%B8%EC%A4%91,YSDL,KAKAO
포핸즈,부천아트센터 콘서트홀,playground,경기 부천시 원미구 소향로 165,37.50186305,126.7665491,https://ys-dl.tistory.com/entry/%ED%8F%AC%ED%95%B8%EC%A6%88-%EC%B4%AC%EC%98%81%EC%A7%80-14%EA%B3%B3%EC%9D%84-%EC%95%8C%EB%A0%A4%EB%93%9C%EB%A6%BD%EB%8B%88%EB%8B%A4%EC%97%85%EB%8D%B0%EC%9D%B4%ED%8A%B8%EC%A4%91,YSDL,KAKAO
폭군,수도사,playground,경남 의령군 용덕면 덕암로 581-137,35.38005449,128.2514671,https://ys-dl.tistory.com/entry/%ED%8F%AD%EA%B5%B0-%EC%B4%AC%EC%98%81%EC%A7%80-16%EA%B3%B3%EC%9D%84-%EC%95%8C%EB%A0%A4%EB%93%9C%EB%A6%BD%EB%8B%88%EB%8B%A4,YSDL,KAKAO
폭군의 셰프,운경고택,playground,서울 종로구 인왕산로 7,37.57506016,126.9667704,https://ys-dl.tistory.com/entry/%ED%8F%AD%EA%B5%B0%EC%9D%98-%EC%85%B0%ED%94%84-%EC%B4%AC%EC%98%81%EC%A7%80-5%EA%B3%B3%EC%9D%84-%EC%95%8C%EB%A0%A4%EB%93%9C%EB%A6%BD%EB%8B%88%EB%8B%A4%EC%97%85%EB%8D%B0%EC%9D%B4%ED%8A%B8%EC%A4%91,YSDL,KAKAO
폭군의 셰프,벽초지수목원,playground,경기 파주시 광탄면 부흥로 242,37.80077004,126.8742585,https://ys-dl.tistory.com/entry/%ED%8F%AD%EA%B5%B0%EC%9D%98-%EC%85%B0%ED%94%84-%EC%B4%AC%EC%98%81%EC%A7%80-5%EA%B3%B3%EC%9D%84-%EC%95%8C%EB%A0%A4%EB%93%9C%EB%A6%BD%EB%8B%88%EB%8B%A4%EC%97%85%EB%8D%B0%EC%9D%B4%ED%8A%B8%EC%A4%91,YSDL,KAKAO
폭군의 셰프,쁘띠프랑스,playground,경기 가평군 청평면 호반로 1063,37.71499518,127.4905368,https://ys-dl.tistory.com/entry/%ED%8F%AD%EA%B5%B0%EC%9D%98-%EC%85%B0%ED%94%84-%EC%B4%AC%EC%98%81%EC%A7%80-5%EA%B3%B3%EC%9D%84-%EC%95%8C%EB%A0%A4%EB%93%9C%EB%A6%BD%EB%8B%88%EB%8B%A4%EC%97%85%EB%8D%B0%EC%9D%B4%ED%8A%B8%EC%A4%91,YSDL,KAKAO
폭군의 셰프,용인대장금파크 관가,playground,경기 용인시 처인구 백암면 용천드라마길 25,37.12160248,127.3376128,https://ys-dl.tistory.com/entry/%ED%8F%AD%EA%B5%B0%EC%9D%98-%EC%85%B0%ED%94%84-%EC%B4%AC%EC%98%81%EC%A7%80-5%EA%B3%B3%EC%9D%84-%EC%95%8C%EB%A0%A4%EB%93%9C%EB%A6%BD%EB%8B%88%EB%8B%A4%EC%97%85%EB%8D%B0%EC%9D%B4%ED%8A%B8%EC%A4%91,YSDL,KAKAO
폭군의 셰프,서동요테마파크,playground,충남 부여군 충화면 충신로 616,36.14429091,126.8238118,https://ys-dl.tistory.com/entry/%ED%8F%AD%EA%B5%B0%EC%9D%98-%EC%85%B0%ED%94%84-%EC%B4%AC%EC%98%81%EC%A7%80-5%EA%B3%B3%EC%9D%84-%EC%95%8C%EB%A0%A4%EB%93%9C%EB%A6%BD%EB%8B%88%EB%8B%A4%EC%97%85%EB%8D%B0%EC%9D%B4%ED%8A%B8%EC%A4%91,YSDL,KAKAO
폭군의 셰프,부안영상테마파크,playground,전북특별자치도 부안군 변산면 격포로 309-64,35.62180698,126.485383,https://ys-dl.tistory.com/entry/%ED%8F%AD%EA%B5%B0%EC%9D%98-%EC%85%B0%ED%94%84-%EC%B4%AC%EC%98%81%EC%A7%80-5%EA%B3%B3%EC%9D%84-%EC%95%8C%EB%A0%A4%EB%93%9C%EB%A6%BD%EB%8B%88%EB%8B%A4%EC%97%85%EB%8D%B0%EC%9D%B4%ED%8A%B8%EC%A4%91,YSDL,KAKAO
폭군의 셰프,문경새재오픈세트장,playground,경북 문경시 문경읍 새재로 1037,36.77139968,128.074072,https://ys-dl.tistory.com/entry/%ED%8F%AD%EA%B5%B0%EC%9D%98-%EC%85%B0%ED%94%84-%EC%B4%AC%EC%98%81%EC%A7%80-5%EA%B3%B3%EC%9D%84-%EC%95%8C%EB%A0%A4%EB%93%9C%EB%A6%BD%EB%8B%88%EB%8B%A4%EC%97%85%EB%8D%B0%EC%9D%B4%ED%8A%B8%EC%A4%91,YSDL,KAKAO
폭군의 셰프,고산정 나루터,playground,경북 안동시 도산면 가송리 901,36.76686679,128.8915786,https://ys-dl.tistory.com/entry/%ED%8F%AD%EA%B5%B0%EC%9D%98-%EC%85%B0%ED%94%84-%EC%B4%AC%EC%98%81%EC%A7%80-5%EA%B3%B3%EC%9D%84-%EC%95%8C%EB%A0%A4%EB%93%9C%EB%A6%BD%EB%8B%88%EB%8B%A4%EC%97%85%EB%8D%B0%EC%9D%B4%ED%8A%B8%EC%A4%91,YSDL,KAKAO
폭군의 셰프,오봉산 마당바위,playground,경북 경주시 서면 천촌리 산 56,35.85359679,129.0489253,https://ys-dl.tistory.com/entry/%ED%8F%AD%EA%B5%B0%EC%9D%98-%EC%85%B0%ED%94%84-%EC%B4%AC%EC%98%81%EC%A7%80-5%EA%B3%B3%EC%9D%84-%EC%95%8C%EB%A0%A4%EB%93%9C%EB%A6%BD%EB%8B%88%EB%8B%A4%EC%97%85%EB%8D%B0%EC%9D%B4%ED%8A%B8%EC%A4%91,YSDL,KAKAO
폭군의 셰프,합천영상테마파크,playground,경남 합천군 용주면 합천호수로 757,35.54875124,128.0718461,https://ys-dl.tistory.com/entry/%ED%8F%AD%EA%B5%B0%EC%9D%98-%EC%85%B0%ED%94%84-%EC%B4%AC%EC%98%81%EC%A7%80-5%EA%B3%B3%EC%9D%84-%EC%95%8C%EB%A0%A4%EB%93%9C%EB%A6%BD%EB%8B%88%EB%8B%A4%EC%97%85%EB%8D%B0%EC%9D%B4%ED%8A%B8%EC%A4%91,YSDL,KAKAO
폭싹 속았수다,염천교수제화거리,playground,서울 중구 칠패로 10-2,37.55932423,126.9700075,https://ys-dl.tistory.com/entry/%ED%8F%AD%EC%8B%B9-%EC%86%8D%EC%95%98%EC%88%98%EB%8B%A4-%EC%B4%AC%EC%98%81%EC%A7%80-3%EA%B3%B3%EC%9D%84-%EC%95%8C%EB%A0%A4%EB%93%9C%EB%A6%BD%EB%8B%88%EB%8B%A4%EC%97%85%EB%8D%B0%EC%9D%B4%ED%8A%B8%EC%A4%91,YSDL,KAKAO
폭싹 속았수다,송현근린공원 향적사,playground,인천 제물포구 송현공원로 71-10,37.47902311,126.6412857,https://ys-dl.tistory.com/entry/%ED%8F%AD%EC%8B%B9-%EC%86%8D%EC%95%98%EC%88%98%EB%8B%A4-%EC%B4%AC%EC%98%81%EC%A7%80-3%EA%B3%B3%EC%9D%84-%EC%95%8C%EB%A0%A4%EB%93%9C%EB%A6%BD%EB%8B%88%EB%8B%A4%EC%97%85%EB%8D%B0%EC%9D%B4%ED%8A%B8%EC%A4%91,YSDL,KAKAO
폭싹 속았수다,광주극장,playground,전남광주통합특별시 동구 충장로46번길 10,35.14992704,126.9123147,https://ys-dl.tistory.com/entry/%ED%8F%AD%EC%8B%B9-%EC%86%8D%EC%95%98%EC%88%98%EB%8B%A4-%EC%B4%AC%EC%98%81%EC%A7%80-3%EA%B3%B3%EC%9D%84-%EC%95%8C%EB%A0%A4%EB%93%9C%EB%A6%BD%EB%8B%88%EB%8B%A4%EC%97%85%EB%8D%B0%EC%9D%B4%ED%8A%B8%EC%A4%91,YSDL,KAKAO
폭싹 속았수다,운문사,playground,경북 청도군 운문면 운문사길 264,35.66125256,128.9603038,https://ys-dl.tistory.com/entry/%ED%8F%AD%EC%8B%B9-%EC%86%8D%EC%95%98%EC%88%98%EB%8B%A4-%EC%B4%AC%EC%98%81%EC%A7%80-3%EA%B3%B3%EC%9D%84-%EC%95%8C%EB%A0%A4%EB%93%9C%EB%A6%BD%EB%8B%88%EB%8B%A4%EC%97%85%EB%8D%B0%EC%9D%B4%ED%8A%B8%EC%A4%91,YSDL,KAKAO
폭싹 속았수다,합천영상테마파크,playground,경남 합천군 용주면 합천호수로 757,35.54875124,128.0718461,https://ys-dl.tistory.com/entry/%ED%8F%AD%EC%8B%B9-%EC%86%8D%EC%95%98%EC%88%98%EB%8B%A4-%EC%B4%AC%EC%98%81%EC%A7%80-3%EA%B3%B3%EC%9D%84-%EC%95%8C%EB%A0%A4%EB%93%9C%EB%A6%BD%EB%8B%88%EB%8B%A4%EC%97%85%EB%8D%B0%EC%9D%B4%ED%8A%B8%EC%A4%91,YSDL,KAKAO
폭싹 속았수다,제주목 관아,playground,제주특별자치도 제주시 관덕로 25,33.51420236,126.5220035,https://ys-dl.tistory.com/entry/%ED%8F%AD%EC%8B%B9-%EC%86%8D%EC%95%98%EC%88%98%EB%8B%A4-%EC%B4%AC%EC%98%81%EC%A7%80-3%EA%B3%B3%EC%9D%84-%EC%95%8C%EB%A0%A4%EB%93%9C%EB%A6%BD%EB%8B%88%EB%8B%A4%EC%97%85%EB%8D%B0%EC%9D%B4%ED%8A%B8%EC%A4%91,YSDL,KAKAO
폭싹 속았수다,광령저수지,playground,제주특별자치도 제주시 애월읍 광령리 3615,33.47132656,126.426828,https://ys-dl.tistory.com/entry/%ED%8F%AD%EC%8B%B9-%EC%86%8D%EC%95%98%EC%88%98%EB%8B%A4-%EC%B4%AC%EC%98%81%EC%A7%80-3%EA%B3%B3%EC%9D%84-%EC%95%8C%EB%A0%A4%EB%93%9C%EB%A6%BD%EB%8B%88%EB%8B%A4%EC%97%85%EB%8D%B0%EC%9D%B4%ED%8A%B8%EC%A4%91,YSDL,KAKAO
폭싹 속았수다,해녀박물관,playground,제주특별자치도 제주시 구좌읍 해녀박물관길 26,33.52357842,126.8634299,https://ys-dl.tistory.com/entry/%ED%8F%AD%EC%8B%B9-%EC%86%8D%EC%95%98%EC%88%98%EB%8B%A4-%EC%B4%AC%EC%98%81%EC%A7%80-3%EA%B3%B3%EC%9D%84-%EC%95%8C%EB%A0%A4%EB%93%9C%EB%A6%BD%EB%8B%88%EB%8B%A4%EC%97%85%EB%8D%B0%EC%9D%B4%ED%8A%B8%EC%A4%91,YSDL,KAKAO
폭싹 속았수다,성산일출봉,playground,제주특별자치도 서귀포시 성산읍 성산리 78,33.45913497,126.9405375,https://ys-dl.tistory.com/entry/%ED%8F%AD%EC%8B%B9-%EC%86%8D%EC%95%98%EC%88%98%EB%8B%A4-%EC%B4%AC%EC%98%81%EC%A7%80-3%EA%B3%B3%EC%9D%84-%EC%95%8C%EB%A0%A4%EB%93%9C%EB%A6%BD%EB%8B%88%EB%8B%A4%EC%97%85%EB%8D%B0%EC%9D%B4%ED%8A%B8%EC%A4%91,YSDL,KAKAO
폭싹 속았수다,군산오름,playground,제주특별자치도 서귀포시 안덕면 창천리 산 3-1,33.25323961,126.3699703,https://ys-dl.tistory.com/entry/%ED%8F%AD%EC%8B%B9-%EC%86%8D%EC%95%98%EC%88%98%EB%8B%A4-%EC%B4%AC%EC%98%81%EC%A7%80-3%EA%B3%B3%EC%9D%84-%EC%95%8C%EB%A0%A4%EB%93%9C%EB%A6%BD%EB%8B%88%EB%8B%A4%EC%97%85%EB%8D%B0%EC%9D%B4%ED%8A%B8%EC%A4%91,YSDL,KAKAO
퐁당퐁당 LOVE,용인 대장금 파크,용인 대장금 파크,경기도 용인시 처인구 백암면 용천드라마길 25,37.1209396,127.337296,,KCISA,KCISA
푸른 바다의 전설,헌화로드라이브코스,playground,강원도 강릉시 강동면 심곡리 헌화로,37.664267,129.05459,,KCISA,KCISA
푸른 바다의 전설,소노벨 비발디파크,playground,강원도 홍천군 서면 한치골길 262,37.648231,127.684097,,KCISA,KCISA
푸른 바다의 전설,홍삼스파 참숯가마 사우나,playground,경기 파주시 탄현면 갈현리 654-7,37.773824,126.717309,,KCISA,KCISA
푸른 바다의 전설,화이트블럭,playground,경기도 파주시 탄현면 헤이리마을길 72,37.7889189,126.699592,,KCISA,KCISA
푸른 바다의 전설,포천 아트밸리 천주호,playground,경기도 포천시 신북면 아트밸리로 234,37.9233996,127.237461,,KCISA,KCISA
푸른 바다의 전설,스타필드 하남,playground,경기도 하남시 미사대로 750,37.545529,127.22356,,KCISA,KCISA
푸른 바다의 전설,최참판댁 촬영지,playground,경상남도 하동군 악양면 평사리길 66-7,35.155725,127.688426,,KCISA,KCISA
푸른 바다의 전설,문경새재 도립공원,playground,경상북도 문경시 문경읍 새재로 932,36.761562,128.076718,,KCISA,KCISA
푸른 바다의 전설,디큐브시티,playground,서울특별시 구로구 경인로 662,37.508892,126.88942,,KCISA,KCISA
푸른 바다의 전설,서울중앙지방법원,playground,서울특별시 서초구 서초중앙로 157,37.496068,127.01148,,KCISA,KCISA
푸른 바다의 전설,63스퀘어,playground,서울특별시 영등포구 63로 50,37.519811,126.94017,,KCISA,KCISA
푸른 바다의 전설,서강대교,playground,서울특별시 영등포구 여의도동 서강대교,37.536911,126.92495,,KCISA,KCISA
푸른 바다의 전설,원효대교,playground,서울특별시 영등포구 여의도동 원효대교,37.527046,126.94571,,KCISA,KCISA
푸른 바다의 전설,N서울타워,playground,서울특별시 용산구 남산공원길 105,37.551168,126.98824,,KCISA,KCISA
푸른 바다의 전설,소월로,playground,서울특별시 용산구 후암동 소월로,37.544714,126.99091,,KCISA,KCISA
푸른 바다의 전설,은평구립도서관,playground,서울특별시 은평구 통일로78가길 13-84,37.618998,126.92837,,KCISA,KCISA
푸른 바다의 전설,국립고궁박물관,playground,서울특별시 종로구 효자로 12,37.5764119,126.976715,,KCISA,KCISA
푸른 바다의 전설,가톨릭관동대학교 국제성모병원,playground,인천광역시 서구 심곡로100번길 25,37.542425,126.68384,,KCISA,KCISA
푸른 바다의 전설,트라이보울,playground,인천광역시 연수구 인천타워대로 250,37.394084,126.63504,,KCISA,KCISA
푸른 바다의 전설,포스코타워송도,playground,인천광역시 연수구 컨벤시아대로 165,37.389269,126.64424,,KCISA,KCISA
푸른 바다의 전설,선재도,playground,인천광역시 옹진군 영흥면 선재리,37.229269,126.53284,,KCISA,KCISA
푸른 바다의 전설,대한다원보성녹차밭,playground,전라남도 보성군 보성읍 녹차로 763-43,34.714824,127.080926,,KCISA,KCISA
푸른 바다의 전설,아쿠아플라넷 여수,playground,전라남도 여수시 오동도로 61-11,34.746475,127.748335,,KCISA,KCISA
푸른 바다의 전설,메이즈랜드,playground,제주특별자치도 제주시 구좌읍 비자림로 2134-47,33.488697,126.800866,,KCISA,KCISA
푸른 바다의 전설,신두리 해수욕장,playground,충청남도 태안군 원북면 신두해변길 201-54,36.845289,126.196708,,KCISA,KCISA
풍경,안국동 윤보선가,playground,서울특별시 종로구 윤보선길 62,37.57853,126.9834,,KCISA,KCISA
풍경,서울광장,playground,서울특별시 중구 태평로1가 54-3,37.565574,126.9779,,KCISA,KCISA
풍문으로 들었소,킨텍스,playground,경기도 고양시 일산서구 킨텍스로 217-60,37.668805,126.74593,,KCISA,KCISA
풍선껌,강문해변,playground,강원도 강릉시 창해로350번길 5,37.79663,128.917612,,KCISA,KCISA
풍선껌,대관령 양떼목장,playground,강원도 평창군 대관령면 대관령마루길 483-32,37.689736,128.753045,,KCISA,KCISA
풍선껌,빛마루방송지원센터,playground,경기도 고양시 일산동구 태극로 60,37.660768,126.75536,,KCISA,KCISA
풍선껌,서강대교,playground,서울특별시 영등포구 여의도동 서강대교,37.536911,126.92495,,KCISA,KCISA
풍선껌,N서울타워,playground,서울특별시 용산구 남산공원길 105,37.551168,126.98824,,KCISA,KCISA
풍선껌,윤보선길,playground,서울특별시 종로구 윤보선길,37.577559,126.98376,,KCISA,KCISA
풍선껌,재단법인 아름지기,playground,서울특별시 종로구 효자로 17,37.577581,126.9739,,KCISA,KCISA
풍선껌,삼순이 계단,playground,서울특별시 중구 남산공원길 649,37.554717,126.98177,,KCISA,KCISA
풍선껌,소파로,playground,서울특별시 중구 소파로 41,37.555114,126.98129,,KCISA,KCISA
풍선껌,인천보건고등학교,playground,인천광역시 서구 서달로 58-16,37.50473,126.681,,KCISA,KCISA
풍선껌,가톨릭관동대학교 국제성모병원,playground,인천광역시 서구 심곡로100번길 25,37.542425,126.68384,,KCISA,KCISA
프라하의 연인,원효대교,playground,서울특별시 영등포구 여의도동 원효대교,37.527046,126.94571,,KCISA,KCISA
프라하의 연인,청계천,playground,서울특별시 종로구 서린동 148,37.569205,126.97791,,KCISA,KCISA
프라하의 연인,세종로공원,playground,서울특별시 종로구 세종대로 지하 189,37.573622,126.97591,,KCISA,KCISA
프라하의 연인,덕수궁 돌담길,playground,서울특별시 중구 세종대로 99,37.565924,126.97501,,KCISA,KCISA
프라하의 연인,내소사,playground,전라북도 부안군 진서면 내소사로 243,35.617773,126.58724,,KCISA,KCISA
프로듀사,에버랜드,playground,경기도 용인시 처인구 포곡읍 에버랜드로 199,37.2896511,127.217242,,KCISA,KCISA
프로듀사,포천허브아일랜드,playground,경기도 포천시 신북면 청신로947번길 35,37.965751,127.12917,,KCISA,KCISA
프로듀사,JYP엔터테인먼트,playground,서울특별시 강남구 압구정로79길 41,37.525513,127.05062,,KCISA,KCISA
프로듀사,여의도 KBS방송국,playground,서울특별시 영등포구 여의공원로 13,37.52563,126.91633,,KCISA,KCISA
프로듀사,서울디자인재단,playground,서울특별시 중구 을지로 281,37.566752,127.0101,,KCISA,KCISA
프로보노,한강,playground,서울 영등포구 여의도동,37.52508922,126.9475451,https://ys-dl.tistory.com/entry/%ED%94%84%EB%A1%9C%EB%B3%B4%EB%85%B8-%EC%B4%AC%EC%98%81%EC%A7%80-12%EA%B3%B3%EC%9D%84-%EC%95%8C%EB%A0%A4%EB%93%9C%EB%A6%BD%EB%8B%88%EB%8B%A4%EC%97%85%EB%8D%B0%EC%9D%B4%ED%8A%B8%EC%A4%91,YSDL,KAKAO
프로보노,양화한강공원,playground,서울 영등포구 노들로 221,37.53780834,126.9029383,https://ys-dl.tistory.com/entry/%ED%94%84%EB%A1%9C%EB%B3%B4%EB%85%B8-%EC%B4%AC%EC%98%81%EC%A7%80-12%EA%B3%B3%EC%9D%84-%EC%95%8C%EB%A0%A4%EB%93%9C%EB%A6%BD%EB%8B%88%EB%8B%A4%EC%97%85%EB%8D%B0%EC%9D%B4%ED%8A%B8%EC%A4%91,YSDL,KAKAO
프로보노,전쟁기념관,playground,서울 용산구 이태원로 29,37.53706845,126.977088,https://ys-dl.tistory.com/entry/%ED%94%84%EB%A1%9C%EB%B3%B4%EB%85%B8-%EC%B4%AC%EC%98%81%EC%A7%80-12%EA%B3%B3%EC%9D%84-%EC%95%8C%EB%A0%A4%EB%93%9C%EB%A6%BD%EB%8B%88%EB%8B%A4%EC%97%85%EB%8D%B0%EC%9D%B4%ED%8A%B8%EC%A4%91,YSDL,KAKAO
프로보노,서린공원,playground,서울 종로구 서린동 82,37.56977984,126.9808248,https://ys-dl.tistory.com/entry/%ED%94%84%EB%A1%9C%EB%B3%B4%EB%85%B8-%EC%B4%AC%EC%98%81%EC%A7%80-12%EA%B3%B3%EC%9D%84-%EC%95%8C%EB%A0%A4%EB%93%9C%EB%A6%BD%EB%8B%88%EB%8B%A4%EC%97%85%EB%8D%B0%EC%9D%B4%ED%8A%B8%EC%A4%91,YSDL,KAKAO
프로보노,청계천,playground,서울 종로구 서린동 148,37.56914697,126.9786471,https://ys-dl.tistory.com/entry/%ED%94%84%EB%A1%9C%EB%B3%B4%EB%85%B8-%EC%B4%AC%EC%98%81%EC%A7%80-12%EA%B3%B3%EC%9D%84-%EC%95%8C%EB%A0%A4%EB%93%9C%EB%A6%BD%EB%8B%88%EB%8B%A4%EC%97%85%EB%8D%B0%EC%9D%B4%ED%8A%B8%EC%A4%91,YSDL,KAKAO
프로보노,종묘,playground,서울 종로구 종로 157,37.57610804,126.994213,https://ys-dl.tistory.com/entry/%ED%94%84%EB%A1%9C%EB%B3%B4%EB%85%B8-%EC%B4%AC%EC%98%81%EC%A7%80-12%EA%B3%B3%EC%9D%84-%EC%95%8C%EB%A0%A4%EB%93%9C%EB%A6%BD%EB%8B%88%EB%8B%A4%EC%97%85%EB%8D%B0%EC%9D%B4%ED%8A%B8%EC%A4%91,YSDL,KAKAO
프로보노,광화문광장,playground,서울 종로구 세종로 1-68,37.57260286,126.9769164,https://ys-dl.tistory.com/entry/%ED%94%84%EB%A1%9C%EB%B3%B4%EB%85%B8-%EC%B4%AC%EC%98%81%EC%A7%80-12%EA%B3%B3%EC%9D%84-%EC%95%8C%EB%A0%A4%EB%93%9C%EB%A6%BD%EB%8B%88%EB%8B%A4%EC%97%85%EB%8D%B0%EC%9D%B4%ED%8A%B8%EC%A4%91,YSDL,KAKAO
프로보노,성북천,playground,서울 성북구 삼선동4가,37.589637,127.0109013,https://ys-dl.tistory.com/entry/%ED%94%84%EB%A1%9C%EB%B3%B4%EB%85%B8-%EC%B4%AC%EC%98%81%EC%A7%80-12%EA%B3%B3%EC%9D%84-%EC%95%8C%EB%A0%A4%EB%93%9C%EB%A6%BD%EB%8B%88%EB%8B%A4%EC%97%85%EB%8D%B0%EC%9D%B4%ED%8A%B8%EC%A4%91,YSDL,KAKAO
"플레이, 플리",여의도한강공원,playground,서울 영등포구 여의도동 85,37.5263886,126.9351293,https://ys-dl.tistory.com/entry/%ED%94%8C%EB%A0%88%EC%9D%B4%ED%94%8C%EB%A6%AC-%EC%B4%AC%EC%98%81%EC%A7%80-21%EA%B3%B3%EC%9D%84-%EC%95%8C%EB%A0%A4%EB%93%9C%EB%A6%BD%EB%8B%88%EB%8B%A4%EC%97%85%EB%8D%B0%EC%9D%B4%ED%8A%B8%EC%A4%91,YSDL,KAKAO
"플레이, 플리",해남공원,playground,전남광주통합특별시 해남군 해남읍 구교리 308,34.57584436,126.5922709,https://ys-dl.tistory.com/entry/%ED%94%8C%EB%A0%88%EC%9D%B4%ED%94%8C%EB%A6%AC-%EC%B4%AC%EC%98%81%EC%A7%80-21%EA%B3%B3%EC%9D%84-%EC%95%8C%EB%A0%A4%EB%93%9C%EB%A6%BD%EB%8B%88%EB%8B%A4%EC%97%85%EB%8D%B0%EC%9D%B4%ED%8A%B8%EC%A4%91,YSDL,KAKAO
"플레이, 플리",강화산성,playground,인천 강화군 강화읍 관청리 산 43-1,37.75465426,126.4779209,https://ys-dl.tistory.com/entry/%ED%94%8C%EB%A0%88%EC%9D%B4%ED%94%8C%EB%A6%AC-%EC%B4%AC%EC%98%81%EC%A7%80-21%EA%B3%B3%EC%9D%84-%EC%95%8C%EB%A0%A4%EB%93%9C%EB%A6%BD%EB%8B%88%EB%8B%A4%EC%97%85%EB%8D%B0%EC%9D%B4%ED%8A%B8%EC%A4%91,YSDL,KAKAO
"플레이, 플리",인하문화의거리,playground,인천 미추홀구 경인남길30번길 45-1,37.45196757,126.6570293,https://ys-dl.tistory.com/entry/%ED%94%8C%EB%A0%88%EC%9D%B4%ED%94%8C%EB%A6%AC-%EC%B4%AC%EC%98%81%EC%A7%80-21%EA%B3%B3%EC%9D%84-%EC%95%8C%EB%A0%A4%EB%93%9C%EB%A6%BD%EB%8B%88%EB%8B%A4%EC%97%85%EB%8D%B0%EC%9D%B4%ED%8A%B8%EC%A4%91,YSDL,KAKAO
"플레이, 플리",아를테마수목공원,playground,강원특별자치도 화천군 하남면 거례리 514-1,38.07214455,127.6883757,https://ys-dl.tistory.com/entry/%ED%94%8C%EB%A0%88%EC%9D%B4%ED%94%8C%EB%A6%AC-%EC%B4%AC%EC%98%81%EC%A7%80-21%EA%B3%B3%EC%9D%84-%EC%95%8C%EB%A0%A4%EB%93%9C%EB%A6%BD%EB%8B%88%EB%8B%A4%EC%97%85%EB%8D%B0%EC%9D%B4%ED%8A%B8%EC%A4%91,YSDL,KAKAO
플레이어,아이앤씨테크놀로지,playground,경기도 성남시 분당구 판교로255번길 24,37.405082,127.10111,,KCISA,KCISA
피고인,한국종합인재개발원,playground,경기도 가평군 청평면 북한강로1636번길 36-6,37.666429,127.38539,,KCISA,KCISA
피고인,서울중앙지방법원,playground,서울특별시 서초구 서초중앙로 157,37.496068,127.01148,,KCISA,KCISA
피고인,HW컨벤션센터,playground,서울특별시 종로구 자하문로 255,37.597064,126.96244,,KCISA,KCISA
피노키오,원마운트,playground,경기도 고양시 일산서구 한류월드로 300,37.664347,126.754379,,KCISA,KCISA
피노키오,서울특별시 보라매병원,playground,서울특별시 동작구 보라매로5길 20,37.493287,126.92424,,KCISA,KCISA
피노키오,SBS프리즘타워,playground,서울특별시 마포구 상암산로 82,37.579725,126.89269,,KCISA,KCISA
피노키오,원효대교,playground,서울특별시 영등포구 여의도동 원효대교,37.527046,126.94571,,KCISA,KCISA
피노키오,동작대교,playground,서울특별시 용산구 이촌동 동작대교,37.51041,126.981893,,KCISA,KCISA
피라미드 게임,파주영상테마파크,playground,경기 파주시 장터고개길 40-40,37.77403243,126.7348055,https://ys-dl.tistory.com/entry/%ED%94%BC%EB%9D%BC%EB%AF%B8%EB%93%9C-%EA%B2%8C%EC%9E%84-%EC%B4%AC%EC%98%81%EC%A7%80-14%EA%B3%B3%EC%9D%84-%EC%95%8C%EB%A0%A4%EB%93%9C%EB%A6%BD%EB%8B%88%EB%8B%A4%EC%97%85%EB%8D%B0%EC%9D%B4%ED%8A%B8%EC%A4%91,YSDL,KAKAO
피라미드 게임,미메시스 아트 뮤지엄,playground,경기 파주시 문발로 253,37.71679273,126.6889188,https://ys-dl.tistory.com/entry/%ED%94%BC%EB%9D%BC%EB%AF%B8%EB%93%9C-%EA%B2%8C%EC%9E%84-%EC%B4%AC%EC%98%81%EC%A7%80-14%EA%B3%B3%EC%9D%84-%EC%95%8C%EB%A0%A4%EB%93%9C%EB%A6%BD%EB%8B%88%EB%8B%A4%EC%97%85%EB%8D%B0%EC%9D%B4%ED%8A%B8%EC%A4%91,YSDL,KAKAO
피라미드 게임,해운대블루라인파크 미포정거장,playground,부산 해운대구 달맞이길62번길 13,35.1581526,129.1728147,https://ys-dl.tistory.com/entry/%ED%94%BC%EB%9D%BC%EB%AF%B8%EB%93%9C-%EA%B2%8C%EC%9E%84-%EC%B4%AC%EC%98%81%EC%A7%80-14%EA%B3%B3%EC%9D%84-%EC%95%8C%EB%A0%A4%EB%93%9C%EB%A6%BD%EB%8B%88%EB%8B%A4%EC%97%85%EB%8D%B0%EC%9D%B4%ED%8A%B8%EC%A4%91,YSDL,KAKAO
피라미드 게임,씨라이프 부산아쿠아리움,playground,부산 해운대구 해운대해변로 266,35.15935438,129.1609992,https://ys-dl.tistory.com/entry/%ED%94%BC%EB%9D%BC%EB%AF%B8%EB%93%9C-%EA%B2%8C%EC%9E%84-%EC%B4%AC%EC%98%81%EC%A7%80-14%EA%B3%B3%EC%9D%84-%EC%95%8C%EB%A0%A4%EB%93%9C%EB%A6%BD%EB%8B%88%EB%8B%A4%EC%97%85%EB%8D%B0%EC%9D%B4%ED%8A%B8%EC%A4%91,YSDL,KAKAO
피라미드 게임,해운대해수욕장,playground,부산 해운대구 우동,35.15852322,129.1598547,https://ys-dl.tistory.com/entry/%ED%94%BC%EB%9D%BC%EB%AF%B8%EB%93%9C-%EA%B2%8C%EC%9E%84-%EC%B4%AC%EC%98%81%EC%A7%80-14%EA%B3%B3%EC%9D%84-%EC%95%8C%EB%A0%A4%EB%93%9C%EB%A6%BD%EB%8B%88%EB%8B%A4%EC%97%85%EB%8D%B0%EC%9D%B4%ED%8A%B8%EC%A4%91,YSDL,KAKAO
하나뿐인 내편,보정동 카페거리,playground,경기도 용인시 기흥구 보정로15번길,37.321569,127.1091461,,KCISA,KCISA
하나뿐인 내편,서래섬,playground,서울특별시 서초구 반포동 137-41,37.507809,126.9896,,KCISA,KCISA
하나뿐인 내편,영시티,playground,서울특별시 영등포구 문래로28길 25,37.516429,126.89987,,KCISA,KCISA
하나뿐인 내편,서강대교,playground,서울특별시 영등포구 여의도동 서강대교,37.536911,126.92495,,KCISA,KCISA
하나뿐인 내편,동작대교,playground,서울특별시 용산구 이촌동 동작대교,37.51041,126.981893,,KCISA,KCISA
하나뿐인 내편,중림동약현성당,playground,서울특별시 중구 청파로 447-1,37.559115,126.96744,,KCISA,KCISA
하나뿐인 내편,장흥교도소 세트장,playground,전라남도 장흥군 장흥읍 원도리 191,34.686804,126.91329,,KCISA,KCISA
하늘에서 내리는 일억개의 별,일산호수공원,playground,경기도 고양시 일산동구 호수로 731,37.658769,126.76252,,KCISA,KCISA
하늘에서 내리는 일억개의 별,미리내 성지,playground,경기도 안성시 양성면 미리내성지로 420,37.146102,127.25865,,KCISA,KCISA
하늘에서 내리는 일억개의 별,앤드트리메타,playground,서울특별시 강남구 도산대로51길 19,37.5244126,127.037639,,KCISA,KCISA
하늘에서 내리는 일억개의 별,잠실대교,playground,서울특별시 광진구 자양동 574-1,37.526749,127.0828,,KCISA,KCISA
하늘에서 내리는 일억개의 별,일레븐나인 엔터테인먼트,playground,서울특별시 마포구 동교로23길 26,37.557161,126.92036,,KCISA,KCISA
하늘에서 내리는 일억개의 별,반포대교,playground,서울특별시 서초구 반포동 반포대교,37.512187,126.9976,,KCISA,KCISA
하늘에서 내리는 일억개의 별,서울마리나 클럽&요트,playground,서울특별시 영등포구 여의서로 160,37.534829,126.91157,,KCISA,KCISA
하늘에서 내리는 일억개의 별,N서울타워,playground,서울특별시 용산구 남산공원길 105,37.551168,126.98824,,KCISA,KCISA
하늘에서 내리는 일억개의 별,서울한양도성 서울성곽길 남산(목멱산)구간,playground,서울특별시 중구 남창동 205-179,37.564486,127.01016,,KCISA,KCISA
하늘에서 내리는 일억개의 별,라비두스,playground,서울특별시 중구 필동로5길 7,37.556652,126.99638,,KCISA,KCISA
하백의 신부,대관령 양떼목장,playground,강원도 평창군 대관령면 대관령마루길 483-32,37.689736,128.753045,,KCISA,KCISA
하백의 신부,광교푸르지오월드스퀘어,playground,경기도 수원시 영통구 센트럴타운로 107,37.29246,127.04789,,KCISA,KCISA
하백의 신부,에버랜드,playground,경기도 용인시 처인구 포곡읍 에버랜드로 199,37.2896511,127.217242,,KCISA,KCISA
하백의 신부,삼성리,playground,서울특별시 강남구 봉은사로86길 28,37.511571,127.05676,,KCISA,KCISA
하백의 신부,서울어린이대공원,playground,서울특별시 광진구 능동 18,37.548162,127.08086,,KCISA,KCISA
하백의 신부,건국대학교,playground,서울특별시 광진구 능동로 120,37.5425241,127.073699,,KCISA,KCISA
하백의 신부,성산대교,playground,서울특별시 마포구 망원동 성산대교,37.552775,126.89155,,KCISA,KCISA
하백의 신부,그레이포그 (구 굿베리엔터테인먼트),playground,서울특별시 서대문구 북아현로 114,37.565169,126.95108,,KCISA,KCISA
하백의 신부,서래섬나들목,playground,서울특별시 서초구 반포동 1338,37.506315,126.98816,,KCISA,KCISA
하백의 신부,서래섬,playground,서울특별시 서초구 반포동 137-41,37.507809,126.9896,,KCISA,KCISA
하백의 신부,63스퀘어,playground,서울특별시 영등포구 63로 50,37.519811,126.94017,,KCISA,KCISA
하백의 신부,서강대교,playground,서울특별시 영등포구 여의도동 서강대교,37.536911,126.92495,,KCISA,KCISA
하백의 신부,한강시민공원 오리배탑승장,playground,서울특별시 영등포구 여의동로 252,37.522982,126.94144,,KCISA,KCISA
하백의 신부,한강 공원 여의도 지구,playground,서울특별시 영등포구 여의동로 290,37.5290674,126.936218,,KCISA,KCISA
하백의 신부,이촌 한강공원,playground,서울특별시 용산구 서빙고동 287-4,37.5176063,126.992288,,KCISA,KCISA
하백의 신부,노들섬,playground,서울특별시 용산구 양녕로 445,37.5181029,126.957064,,KCISA,KCISA
하백의 신부,한강대교,playground,서울특별시 용산구 이촌동 한강대교,37.517492,126.95897,,KCISA,KCISA
하백의 신부,한강철교,playground,서울특별시 용산구 이촌동 한강철교,37.51938,126.9512,,KCISA,KCISA
하백의 신부,서울기상관측소,playground,서울특별시 종로구 송월길 52,37.57143,126.96623,,KCISA,KCISA
하백의 신부,인천모래내시장,playground,인천광역시 남동구 호구포로810번길 42-8,37.454178,126.721478,,KCISA,KCISA
하백의 신부,노들섬,playground,서울 용산구 양녕로 445,37.51766014,126.9580339,https://ys-dl.tistory.com/entry/%ED%95%98%EB%B0%B1%EC%9D%98%EC%8B%A0%EB%B6%80-%EC%B4%AC%EC%98%81%EC%A7%80-%EC%84%9C%EC%9A%B8-25%EA%B3%B3%EC%9D%84-%EC%95%8C%EB%A0%A4%EB%93%9C%EB%A6%BD%EB%8B%88%EB%8B%A4,YSDL,KAKAO
하백의 신부,서래섬,playground,서울 서초구 반포동 137-41,37.50802101,126.9899294,https://ys-dl.tistory.com/entry/%ED%95%98%EB%B0%B1%EC%9D%98%EC%8B%A0%EB%B6%80-%EC%B4%AC%EC%98%81%EC%A7%80-%EC%84%9C%EC%9A%B8-25%EA%B3%B3%EC%9D%84-%EC%95%8C%EB%A0%A4%EB%93%9C%EB%A6%BD%EB%8B%88%EB%8B%A4,YSDL,KAKAO
하백의 신부,서울어린이대공원,playground,서울 광진구 능동로 216,37.54997725,127.0802352,https://ys-dl.tistory.com/entry/%ED%95%98%EB%B0%B1%EC%9D%98%EC%8B%A0%EB%B6%80-%EC%B4%AC%EC%98%81%EC%A7%80-%EC%84%9C%EC%9A%B8-25%EA%B3%B3%EC%9D%84-%EC%95%8C%EB%A0%A4%EB%93%9C%EB%A6%BD%EB%8B%88%EB%8B%A4,YSDL,KAKAO
하이드,한국근대문학관 기획전시관,playground,인천 제물포구 신포로15번길 64,37.47224528,126.6214941,https://ys-dl.tistory.com/entry/%ED%95%98%EC%9D%B4%EB%93%9C-%EC%B4%AC%EC%98%81%EC%A7%80-11%EA%B3%B3%EC%9D%84-%EC%95%8C%EB%A0%A4%EB%93%9C%EB%A6%BD%EB%8B%88%EB%8B%A4%EC%97%85%EB%8D%B0%EC%9D%B4%ED%8A%B8%EC%A4%91,YSDL,KAKAO
하이드,마도해안절벽,playground,충남 태안군 근흥면 신진도리,36.6837131,126.1281774,https://ys-dl.tistory.com/entry/%ED%95%98%EC%9D%B4%EB%93%9C-%EC%B4%AC%EC%98%81%EC%A7%80-11%EA%B3%B3%EC%9D%84-%EC%95%8C%EB%A0%A4%EB%93%9C%EB%A6%BD%EB%8B%88%EB%8B%A4%EC%97%85%EB%8D%B0%EC%9D%B4%ED%8A%B8%EC%A4%91,YSDL,KAKAO
"하이드 지킬, 나",뮤지엄 산,playground,강원도 원주시 지정면 오크밸리2길 260,37.418903,127.82302,,KCISA,KCISA
"하이드 지킬, 나",일산호수공원,playground,경기도 고양시 일산동구 호수로 731,37.658769,126.76252,,KCISA,KCISA
"하이드 지킬, 나",벽초지수목원,playground,경기도 파주시 광탄면 부흥로 242,37.800977,126.873712,,KCISA,KCISA
"하이드 지킬, 나",포천허브아일랜드,playground,경기도 포천시 신북면 청신로947번길 35,37.965751,127.12917,,KCISA,KCISA
"하이드 지킬, 나",롯데월드,playground,서울특별시 송파구 올림픽로 240,37.5112601,127.097998,,KCISA,KCISA
하이라키,새누리어린이공원,playground,서울 마포구 상암동 1619,37.57553449,126.8981755,https://ys-dl.tistory.com/entry/%ED%95%98%EC%9D%B4%EB%9D%BC%ED%82%A4-%EC%B4%AC%EC%98%81%EC%A7%80-10%EA%B3%B3%EC%9D%84-%EC%95%8C%EB%A0%A4%EB%93%9C%EB%A6%BD%EB%8B%88%EB%8B%A4%EC%97%85%EB%8D%B0%EC%9D%B4%ED%8A%B8%EC%A4%91,YSDL,KAKAO
하이라키,난지한강공원,playground,서울 마포구 상암동 495-72,37.56703991,126.8756078,https://ys-dl.tistory.com/entry/%ED%95%98%EC%9D%B4%EB%9D%BC%ED%82%A4-%EC%B4%AC%EC%98%81%EC%A7%80-10%EA%B3%B3%EC%9D%84-%EC%95%8C%EB%A0%A4%EB%93%9C%EB%A6%BD%EB%8B%88%EB%8B%A4%EC%97%85%EB%8D%B0%EC%9D%B4%ED%8A%B8%EC%A4%91,YSDL,KAKAO
하이라키,구 천도교중앙총부 본관,playground,서울 강북구 삼양로173길 107-12,37.66051977,127.0064826,https://ys-dl.tistory.com/entry/%ED%95%98%EC%9D%B4%EB%9D%BC%ED%82%A4-%EC%B4%AC%EC%98%81%EC%A7%80-10%EA%B3%B3%EC%9D%84-%EC%95%8C%EB%A0%A4%EB%93%9C%EB%A6%BD%EB%8B%88%EB%8B%A4%EC%97%85%EB%8D%B0%EC%9D%B4%ED%8A%B8%EC%A4%91,YSDL,KAKAO
하이라키,뚝섬만세운동기념비,playground,서울 성동구 성수동1가 718-2,37.53773677,127.0454578,https://ys-dl.tistory.com/entry/%ED%95%98%EC%9D%B4%EB%9D%BC%ED%82%A4-%EC%B4%AC%EC%98%81%EC%A7%80-10%EA%B3%B3%EC%9D%84-%EC%95%8C%EB%A0%A4%EB%93%9C%EB%A6%BD%EB%8B%88%EB%8B%A4%EC%97%85%EB%8D%B0%EC%9D%B4%ED%8A%B8%EC%A4%91,YSDL,KAKAO
하이라키,서울숲 야외무대,playground,서울 성동구 성수동1가 685-20,37.54370481,127.0410166,https://ys-dl.tistory.com/entry/%ED%95%98%EC%9D%B4%EB%9D%BC%ED%82%A4-%EC%B4%AC%EC%98%81%EC%A7%80-10%EA%B3%B3%EC%9D%84-%EC%95%8C%EB%A0%A4%EB%93%9C%EB%A6%BD%EB%8B%88%EB%8B%A4%EC%97%85%EB%8D%B0%EC%9D%B4%ED%8A%B8%EC%A4%91,YSDL,KAKAO
하이라키,SJ쿤스트할레,playground,서울 강남구 언주로148길 5,37.52044294,127.0348547,https://ys-dl.tistory.com/entry/%ED%95%98%EC%9D%B4%EB%9D%BC%ED%82%A4-%EC%B4%AC%EC%98%81%EC%A7%80-10%EA%B3%B3%EC%9D%84-%EC%95%8C%EB%A0%A4%EB%93%9C%EB%A6%BD%EB%8B%88%EB%8B%A4%EC%97%85%EB%8D%B0%EC%9D%B4%ED%8A%B8%EC%A4%91,YSDL,KAKAO
하이라키,잠실한강공원,playground,서울 송파구 잠실동 1-1,37.51779926,127.0823578,https://ys-dl.tistory.com/entry/%ED%95%98%EC%9D%B4%EB%9D%BC%ED%82%A4-%EC%B4%AC%EC%98%81%EC%A7%80-10%EA%B3%B3%EC%9D%84-%EC%95%8C%EB%A0%A4%EB%93%9C%EB%A6%BD%EB%8B%88%EB%8B%A4%EC%97%85%EB%8D%B0%EC%9D%B4%ED%8A%B8%EC%A4%91,YSDL,KAKAO
하이라키,하성운과 늘함께숲,playground,서울 강동구 천호동 481-9,37.54405361,127.1174108,https://ys-dl.tistory.com/entry/%ED%95%98%EC%9D%B4%EB%9D%BC%ED%82%A4-%EC%B4%AC%EC%98%81%EC%A7%80-10%EA%B3%B3%EC%9D%84-%EC%95%8C%EB%A0%A4%EB%93%9C%EB%A6%BD%EB%8B%88%EB%8B%A4%EC%97%85%EB%8D%B0%EC%9D%B4%ED%8A%B8%EC%A4%91,YSDL,KAKAO
하이라키,이함캠퍼스,playground,경기 양평군 강하면 강남로 370-10,37.50213159,127.4251127,https://ys-dl.tistory.com/entry/%ED%95%98%EC%9D%B4%EB%9D%BC%ED%82%A4-%EC%B4%AC%EC%98%81%EC%A7%80-10%EA%B3%B3%EC%9D%84-%EC%95%8C%EB%A0%A4%EB%93%9C%EB%A6%BD%EB%8B%88%EB%8B%A4%EC%97%85%EB%8D%B0%EC%9D%B4%ED%8A%B8%EC%A4%91,YSDL,KAKAO
"하이바이, 마마!",남이섬,playground,강원도 춘천시 남산면 남이섬길 1,37.789935,127.52581,,KCISA,KCISA
"하이바이, 마마!",스카이라인짚와이어,playground,경기도 가평군 가평읍 북한강변로 1024,37.804387,127.525209,,KCISA,KCISA
"하이바이, 마마!",일산호수공원,playground,경기도 고양시 일산동구 호수로 731,37.658769,126.76252,,KCISA,KCISA
"하이바이, 마마!",눌노천,playground,경기도 파주시 파평면 덕천리 266-2,37.936877,126.87074,,KCISA,KCISA
"하이바이, 마마!",도성사,playground,경기도 포천시 화현면 화동로 548-47,37.914069,127.31215,,KCISA,KCISA
"하이바이, 마마!",을왕리해수욕장,playground,인천광역시 중구 용유서로302번길 16-15,37.447737,126.372515,,KCISA,KCISA
"하이바이, 마마!",월미테마파크,playground,인천광역시 중구 월미문화로 81,37.471305,126.59629,,KCISA,KCISA
하이스쿨 : 러브온,김포대학교,playground,경기도 김포시 월곶면 김포대학로 97,37.730491,126.54651,,KCISA,KCISA
하이스쿨 : 러브온,하나고등학교,playground,서울특별시 은평구 연서로 535,37.64155,126.9372,,KCISA,KCISA
하이클래스,의정부미술도서관,playground,경기도 의정부시 민락로 248,37.7442371,127.106934,,KCISA,KCISA
하이클래스,성신여자대학교 운정그린캠퍼스,playground,서울특별시 강북구 도봉로76가길 55,37.632219,127.0273,,KCISA,KCISA
하이클래스,중림동약현성당,playground,서울특별시 중구 청파로 447-1,37.559115,126.96744,,KCISA,KCISA
하이퍼나이프,여의도한강공원,playground,서울 영등포구 여의도동 85,37.5263886,126.9351293,https://ys-dl.tistory.com/entry/%ED%95%98%EC%9D%B4%ED%8D%BC%EB%82%98%EC%9D%B4%ED%94%84-%EC%B4%AC%EC%98%81%EC%A7%80-9%EA%B3%B3%EC%9D%84-%EC%95%8C%EB%A0%A4%EB%93%9C%EB%A6%BD%EB%8B%88%EB%8B%A4%EC%97%85%EB%8D%B0%EC%9D%B4%ED%8A%B8%EC%A4%91,YSDL,KAKAO
하이퍼나이프,용양봉저정공원,playground,서울 동작구 본동 산 3-9,37.51195058,126.9583176,https://ys-dl.tistory.com/entry/%ED%95%98%EC%9D%B4%ED%8D%BC%EB%82%98%EC%9D%B4%ED%94%84-%EC%B4%AC%EC%98%81%EC%A7%80-9%EA%B3%B3%EC%9D%84-%EC%95%8C%EB%A0%A4%EB%93%9C%EB%A6%BD%EB%8B%88%EB%8B%A4%EC%97%85%EB%8D%B0%EC%9D%B4%ED%8A%B8%EC%A4%91,YSDL,KAKAO
하이퍼나이프,CGV 중계,playground,서울 노원구 동일로204가길 12,37.63966557,127.0687737,https://ys-dl.tistory.com/entry/%ED%95%98%EC%9D%B4%ED%8D%BC%EB%82%98%EC%9D%B4%ED%94%84-%EC%B4%AC%EC%98%81%EC%A7%80-9%EA%B3%B3%EC%9D%84-%EC%95%8C%EB%A0%A4%EB%93%9C%EB%A6%BD%EB%8B%88%EB%8B%A4%EC%97%85%EB%8D%B0%EC%9D%B4%ED%8A%B8%EC%A4%91,YSDL,KAKAO
하이퍼나이프,강화 고대섭가옥,playground,인천 강화군 송해면 강화대로674번길 23-4,37.76277429,126.4667875,https://ys-dl.tistory.com/entry/%ED%95%98%EC%9D%B4%ED%8D%BC%EB%82%98%EC%9D%B4%ED%94%84-%EC%B4%AC%EC%98%81%EC%A7%80-9%EA%B3%B3%EC%9D%84-%EC%95%8C%EB%A0%A4%EB%93%9C%EB%A6%BD%EB%8B%88%EB%8B%A4%EC%97%85%EB%8D%B0%EC%9D%B4%ED%8A%B8%EC%A4%91,YSDL,KAKAO
하이퍼나이프,거북섬,playground,경기 시흥시 거북섬로 120,37.32081415,126.6788059,https://ys-dl.tistory.com/entry/%ED%95%98%EC%9D%B4%ED%8D%BC%EB%82%98%EC%9D%B4%ED%94%84-%EC%B4%AC%EC%98%81%EC%A7%80-9%EA%B3%B3%EC%9D%84-%EC%95%8C%EB%A0%A4%EB%93%9C%EB%A6%BD%EB%8B%88%EB%8B%A4%EC%97%85%EB%8D%B0%EC%9D%B4%ED%8A%B8%EC%A4%91,YSDL,KAKAO
하이퍼나이프,광덕사,playground,충북 단양군 대강면 광덕사길 193,36.86047089,128.311616,https://ys-dl.tistory.com/entry/%ED%95%98%EC%9D%B4%ED%8D%BC%EB%82%98%EC%9D%B4%ED%94%84-%EC%B4%AC%EC%98%81%EC%A7%80-9%EA%B3%B3%EC%9D%84-%EC%95%8C%EB%A0%A4%EB%93%9C%EB%A6%BD%EB%8B%88%EB%8B%A4%EC%97%85%EB%8D%B0%EC%9D%B4%ED%8A%B8%EC%A4%91,YSDL,KAKAO
하이퍼나이프,영화의전당,playground,부산 해운대구 수영강변대로 120,35.17102492,129.1270113,https://ys-dl.tistory.com/entry/%ED%95%98%EC%9D%B4%ED%8D%BC%EB%82%98%EC%9D%B4%ED%94%84-%EC%B4%AC%EC%98%81%EC%A7%80-9%EA%B3%B3%EC%9D%84-%EC%95%8C%EB%A0%A4%EB%93%9C%EB%A6%BD%EB%8B%88%EB%8B%A4%EC%97%85%EB%8D%B0%EC%9D%B4%ED%8A%B8%EC%A4%91,YSDL,KAKAO
하자있는 인간들,건국대학교,playground,서울특별시 광진구 능동로 120,37.5425241,127.073699,,KCISA,KCISA
하자있는 인간들,커먼 그라운드,playground,서울특별시 광진구 아차산로 200,37.541164,127.06608,,KCISA,KCISA
하자있는 인간들,디큐브시티,playground,서울특별시 구로구 경인로 662,37.508892,126.88942,,KCISA,KCISA
하자있는 인간들,현디자인연구소,playground,서울특별시 마포구 성미산로 165-7,37.56505,126.92474,,KCISA,KCISA
하자있는 인간들,성미산로26길,playground,서울특별시 마포구 성미산로26길 35,37.562369,126.92334,,KCISA,KCISA
하자있는 인간들,경의선숲길공원,playground,서울특별시 마포구 연남동 연남로 80,37.5661595,126.919015,,KCISA,KCISA
하자있는 인간들,반포대교,playground,서울특별시 서초구 반포동 반포대교,37.512187,126.9976,,KCISA,KCISA
하자있는 인간들,롯데월드,playground,서울특별시 송파구 올림픽로 240,37.5112601,127.097998,,KCISA,KCISA
하자있는 인간들,석촌호수,playground,서울특별시 송파구 잠실동 47,37.509919,127.10298,,KCISA,KCISA
하자있는 인간들,여의도공원,playground,서울특별시 영등포구 여의공원로 68,37.5281241,126.925754,,KCISA,KCISA
하자있는 인간들,서강대교,playground,서울특별시 영등포구 여의도동 서강대교,37.536911,126.92495,,KCISA,KCISA
하자있는 인간들,물나무 사진관,playground,서울특별시 종로구 계동길 84-3,37.581251,126.986918,,KCISA,KCISA
하자있는 인간들,JCC크리에이티브센터,playground,서울특별시 종로구 창경궁로35길 45,37.5877669,127.002266,,KCISA,KCISA
하자있는 인간들,중앙고등학교,playground,서울특별시 종로구 창덕궁길 164,37.584081,126.986846,,KCISA,KCISA
하자있는 인간들,서울로7017,playground,서울특별시 중구 청파로 432,37.556524,126.97375,,KCISA,KCISA
하자있는 인간들,스테이트 타워 남산,playground,서울특별시 중구 퇴계로 100,37.560342,126.98297,,KCISA,KCISA
하자있는 인간들,포스코타워송도,playground,인천광역시 연수구 컨벤시아대로 165,37.389269,126.64424,,KCISA,KCISA
하자있는 인간들,인천국제공항,playground,인천광역시 중구 공항로 272,37.44919,126.4514,,KCISA,KCISA
학교 2013,율천고등학교,playground,경기도 수원시 팔달구 일월로 50,37.28753,126.97897,,KCISA,KCISA
학교 2017,아침고요수목원,playground,경기도 가평군 상면 수목원로 432,37.742485,127.35173,,KCISA,KCISA
학교 2017,수원공업고등학교,playground,경기도 수원시 팔달구 세지로 254,37.274283,127.02452,,KCISA,KCISA
학교 2017,어울마당로,playground,서울특별시 마포구 어울마당로,37.55003,126.92113,,KCISA,KCISA
학교 2017,국립현대미술관 서울,playground,서울특별시 종로구 삼청로 30,37.5794091,126.9803691,,KCISA,KCISA
학교 2017,선문대학교 아산캠퍼스,playground,충청남도 아산시 탕정면 선문로221번길 70,36.798952,127.07489,,KCISA,KCISA
학교 2021,북촌로11길,playground,서울특별시 종로구 북촌로11길 52,37.582967,126.98348,,KCISA,KCISA
학교 2021,윤보선길,playground,서울특별시 종로구 윤보선길,37.577559,126.98376,,KCISA,KCISA
학교 2021,율곡로3길,playground,서울특별시 종로구 율곡로3길,37.577811,126.98239,,KCISA,KCISA
학교 2021,인천대공원,playground,인천광역시 남동구 무네미로 236,37.45671,126.7579,,KCISA,KCISA
학교 2021,인천자유공원,playground,인천광역시 중구 송학동1가 1-1,37.474776,126.62373,,KCISA,KCISA
학교 2021,담양 관방제림,playground,전라남도 담양군 담양읍 객사7길 37,35.3234778,126.991321,,KCISA,KCISA
한 번 다녀왔습니다,수원 화성,playground,경기도 수원시 장안구 영화동 320-2,37.2871264,127.01196,,KCISA,KCISA
한 번 다녀왔습니다,태화강 국가정원,playground,울산광역시 중구 태화강국가정원길 154,35.547724,129.296188,,KCISA,KCISA
한 사람만,카메라타아트스페이스,playground,경기도 파주시 탄현면 헤이리마을길 83,37.790019,126.69965,,KCISA,KCISA
한 사람만,성신여자대학교 운정그린캠퍼스,playground,서울특별시 강북구 도봉로76가길 55,37.632219,127.0273,,KCISA,KCISA
한 사람만,김포국제공항,playground,서울특별시 강서구 하늘길 112,37.558655,126.79228,,KCISA,KCISA
한 사람만,동서울종합터미널,playground,서울특별시 광진구 강변역로 50,37.534537,127.09418,,KCISA,KCISA
한 사람만,고척공구상가,playground,서울특별시 구로구 중앙로3길 50,37.499967,126.86057,,KCISA,KCISA
한 사람만,서울과학기술대학교,playground,서울특별시 노원구 공릉로 232,37.629632,127.07845,,KCISA,KCISA
한 사람만,어울마당로,playground,서울특별시 마포구 어울마당로,37.55003,126.92113,,KCISA,KCISA
한 사람만,반포대교,playground,서울특별시 서초구 반포동 반포대교,37.512187,126.9976,,KCISA,KCISA
한 사람만,녹사평대로40길,playground,서울특별시 용산구 녹사평대로40길 55-3,37.534558,126.98883,,KCISA,KCISA
한 사람만,세종대로,playground,서울특별시 중구 세종대로 86-1,37.563835,126.97677,,KCISA,KCISA
한 사람만,샛골로193번길,playground,인천광역시 동구 샛골로193번길,37.479659,126.64527,,KCISA,KCISA
한강,망원한강공원,playground,서울 마포구 마포나루길 467,37.55172455,126.9000276,https://ys-dl.tistory.com/entry/%ED%95%9C%EA%B0%95-%EC%B4%AC%EC%98%81%EC%A7%80-12%EA%B3%B3%EC%9D%84-%EC%95%8C%EB%A0%A4%EB%93%9C%EB%A6%BD%EB%8B%88%EB%8B%A4%EC%97%85%EB%8D%B0%EC%9D%B4%ED%8A%B8%EC%A4%91,YSDL,KAKAO
한강,뚝섬한강공원,playground,서울 광진구 자양동 427-6,37.52929744,127.0689211,https://ys-dl.tistory.com/entry/%ED%95%9C%EA%B0%95-%EC%B4%AC%EC%98%81%EC%A7%80-12%EA%B3%B3%EC%9D%84-%EC%95%8C%EB%A0%A4%EB%93%9C%EB%A6%BD%EB%8B%88%EB%8B%A4%EC%97%85%EB%8D%B0%EC%9D%B4%ED%8A%B8%EC%A4%91,YSDL,KAKAO
한강,팔미도,playground,인천 영종구 무의동 372,37.35824709,126.5113408,https://ys-dl.tistory.com/entry/%ED%95%9C%EA%B0%95-%EC%B4%AC%EC%98%81%EC%A7%80-12%EA%B3%B3%EC%9D%84-%EC%95%8C%EB%A0%A4%EB%93%9C%EB%A6%BD%EB%8B%88%EB%8B%A4%EC%97%85%EB%8D%B0%EC%9D%B4%ED%8A%B8%EC%A4%91,YSDL,KAKAO
한번 더 해피엔딩,한국종합인재개발원,playground,경기도 가평군 청평면 북한강로1636번길 36-6,37.666429,127.38539,,KCISA,KCISA
한번 더 해피엔딩,가톨릭관동대학교 국제성모병원,playground,인천광역시 서구 심곡로100번길 25,37.542425,126.68384,,KCISA,KCISA
함부로 대해줘,강서한강공원,playground,서울 강서구 개화동 276-1,37.58837414,126.8131252,https://ys-dl.tistory.com/entry/%ED%95%A8%EB%B6%80%EB%A1%9C-%EB%8C%80%ED%95%B4%EC%A4%98-%EC%B4%AC%EC%98%81%EC%A7%80-15%EA%B3%B3%EC%9D%84-%EC%95%8C%EB%A0%A4%EB%93%9C%EB%A6%BD%EB%8B%88%EB%8B%A4%EC%97%85%EB%8D%B0%EC%9D%B4%ED%8A%B8%EC%A4%91,YSDL,KAKAO
함부로 대해줘,난지한강공원,playground,서울 마포구 상암동 495-72,37.56703991,126.8756078,https://ys-dl.tistory.com/entry/%ED%95%A8%EB%B6%80%EB%A1%9C-%EB%8C%80%ED%95%B4%EC%A4%98-%EC%B4%AC%EC%98%81%EC%A7%80-15%EA%B3%B3%EC%9D%84-%EC%95%8C%EB%A0%A4%EB%93%9C%EB%A6%BD%EB%8B%88%EB%8B%A4%EC%97%85%EB%8D%B0%EC%9D%B4%ED%8A%B8%EC%A4%91,YSDL,KAKAO
함부로 대해줘,우리옛돌박물관,playground,서울 성북구 대사관로13길 66,37.60090128,126.9900856,https://ys-dl.tistory.com/entry/%ED%95%A8%EB%B6%80%EB%A1%9C-%EB%8C%80%ED%95%B4%EC%A4%98-%EC%B4%AC%EC%98%81%EC%A7%80-15%EA%B3%B3%EC%9D%84-%EC%95%8C%EB%A0%A4%EB%93%9C%EB%A6%BD%EB%8B%88%EB%8B%A4%EC%97%85%EB%8D%B0%EC%9D%B4%ED%8A%B8%EC%A4%91,YSDL,KAKAO
함부로 대해줘,삼성해맞이공원,playground,서울 강남구 삼성동 82,37.5196741,127.0619385,https://ys-dl.tistory.com/entry/%ED%95%A8%EB%B6%80%EB%A1%9C-%EB%8C%80%ED%95%B4%EC%A4%98-%EC%B4%AC%EC%98%81%EC%A7%80-15%EA%B3%B3%EC%9D%84-%EC%95%8C%EB%A0%A4%EB%93%9C%EB%A6%BD%EB%8B%88%EB%8B%A4%EC%97%85%EB%8D%B0%EC%9D%B4%ED%8A%B8%EC%A4%91,YSDL,KAKAO
함부로 대해줘,인천차이나타운,playground,인천 제물포구 북성동2가 14,37.47560359,126.6179364,https://ys-dl.tistory.com/entry/%ED%95%A8%EB%B6%80%EB%A1%9C-%EB%8C%80%ED%95%B4%EC%A4%98-%EC%B4%AC%EC%98%81%EC%A7%80-15%EA%B3%B3%EC%9D%84-%EC%95%8C%EB%A0%A4%EB%93%9C%EB%A6%BD%EB%8B%88%EB%8B%A4%EC%97%85%EB%8D%B0%EC%9D%B4%ED%8A%B8%EC%A4%91,YSDL,KAKAO
함부로 대해줘,수변공원,playground,충북 음성군 맹동면 두성리 1067,36.91420338,127.5484224,https://ys-dl.tistory.com/entry/%ED%95%A8%EB%B6%80%EB%A1%9C-%EB%8C%80%ED%95%B4%EC%A4%98-%EC%B4%AC%EC%98%81%EC%A7%80-15%EA%B3%B3%EC%9D%84-%EC%95%8C%EB%A0%A4%EB%93%9C%EB%A6%BD%EB%8B%88%EB%8B%A4%EC%97%85%EB%8D%B0%EC%9D%B4%ED%8A%B8%EC%A4%91,YSDL,KAKAO
함부로 대해줘,일산문화광장,playground,경기 고양시 일산동구 장항동 845,37.65859623,126.7708021,https://ys-dl.tistory.com/entry/%ED%95%A8%EB%B6%80%EB%A1%9C-%EB%8C%80%ED%95%B4%EC%A4%98-%EC%B4%AC%EC%98%81%EC%A7%80-15%EA%B3%B3%EC%9D%84-%EC%95%8C%EB%A0%A4%EB%93%9C%EB%A6%BD%EB%8B%88%EB%8B%A4%EC%97%85%EB%8D%B0%EC%9D%B4%ED%8A%B8%EC%A4%91,YSDL,KAKAO
함부로 대해줘,남양주종합촬영소,playground,경기 남양주시 조안면 북한강로855번길 138,37.60400192,127.3225153,https://ys-dl.tistory.com/entry/%ED%95%A8%EB%B6%80%EB%A1%9C-%EB%8C%80%ED%95%B4%EC%A4%98-%EC%B4%AC%EC%98%81%EC%A7%80-15%EA%B3%B3%EC%9D%84-%EC%95%8C%EB%A0%A4%EB%93%9C%EB%A6%BD%EB%8B%88%EB%8B%A4%EC%97%85%EB%8D%B0%EC%9D%B4%ED%8A%B8%EC%A4%91,YSDL,KAKAO
함부로 대해줘,루덴시아,playground,경기 여주시 산북면 금품1로 177,37.401598,127.4614396,https://ys-dl.tistory.com/entry/%ED%95%A8%EB%B6%80%EB%A1%9C-%EB%8C%80%ED%95%B4%EC%A4%98-%EC%B4%AC%EC%98%81%EC%A7%80-15%EA%B3%B3%EC%9D%84-%EC%95%8C%EB%A0%A4%EB%93%9C%EB%A6%BD%EB%8B%88%EB%8B%A4%EC%97%85%EB%8D%B0%EC%9D%B4%ED%8A%B8%EC%A4%91,YSDL,KAKAO
함부로 대해줘,서동요테마파크,playground,충남 부여군 충화면 충신로 616,36.14429091,126.8238118,https://ys-dl.tistory.com/entry/%ED%95%A8%EB%B6%80%EB%A1%9C-%EB%8C%80%ED%95%B4%EC%A4%98-%EC%B4%AC%EC%98%81%EC%A7%80-15%EA%B3%B3%EC%9D%84-%EC%95%8C%EB%A0%A4%EB%93%9C%EB%A6%BD%EB%8B%88%EB%8B%A4%EC%97%85%EB%8D%B0%EC%9D%B4%ED%8A%B8%EC%A4%91,YSDL,KAKAO
함부로 대해줘,문경도자기박물관,playground,경북 문경시 문경읍 문경대로 2416,36.74143925,128.0837801,https://ys-dl.tistory.com/entry/%ED%95%A8%EB%B6%80%EB%A1%9C-%EB%8C%80%ED%95%B4%EC%A4%98-%EC%B4%AC%EC%98%81%EC%A7%80-15%EA%B3%B3%EC%9D%84-%EC%95%8C%EB%A0%A4%EB%93%9C%EB%A6%BD%EB%8B%88%EB%8B%A4%EC%97%85%EB%8D%B0%EC%9D%B4%ED%8A%B8%EC%A4%91,YSDL,KAKAO
함부로 대해줘,가은오픈세트장,playground,경북 문경시 가은읍 왕능길 112,36.65259087,128.064788,https://ys-dl.tistory.com/entry/%ED%95%A8%EB%B6%80%EB%A1%9C-%EB%8C%80%ED%95%B4%EC%A4%98-%EC%B4%AC%EC%98%81%EC%A7%80-15%EA%B3%B3%EC%9D%84-%EC%95%8C%EB%A0%A4%EB%93%9C%EB%A6%BD%EB%8B%88%EB%8B%A4%EC%97%85%EB%8D%B0%EC%9D%B4%ED%8A%B8%EC%A4%91,YSDL,KAKAO
함부로 대해줘,선비세상,playground,경북 영주시 순흥면 선비세상로 1,36.93174314,128.5864729,https://ys-dl.tistory.com/entry/%ED%95%A8%EB%B6%80%EB%A1%9C-%EB%8C%80%ED%95%B4%EC%A4%98-%EC%B4%AC%EC%98%81%EC%A7%80-15%EA%B3%B3%EC%9D%84-%EC%95%8C%EB%A0%A4%EB%93%9C%EB%A6%BD%EB%8B%88%EB%8B%A4%EC%97%85%EB%8D%B0%EC%9D%B4%ED%8A%B8%EC%A4%91,YSDL,KAKAO
함부로 대해줘,소수서원,playground,경북 영주시 순흥면 소백로 2740,36.92562067,128.5802029,https://ys-dl.tistory.com/entry/%ED%95%A8%EB%B6%80%EB%A1%9C-%EB%8C%80%ED%95%B4%EC%A4%98-%EC%B4%AC%EC%98%81%EC%A7%80-15%EA%B3%B3%EC%9D%84-%EC%95%8C%EB%A0%A4%EB%93%9C%EB%A6%BD%EB%8B%88%EB%8B%A4%EC%97%85%EB%8D%B0%EC%9D%B4%ED%8A%B8%EC%A4%91,YSDL,KAKAO
함부로 대해줘,안동호 선성수상길,playground,경북 안동시 도산면 서부리 172,36.69797228,128.8149692,https://ys-dl.tistory.com/entry/%ED%95%A8%EB%B6%80%EB%A1%9C-%EB%8C%80%ED%95%B4%EC%A4%98-%EC%B4%AC%EC%98%81%EC%A7%80-15%EA%B3%B3%EC%9D%84-%EC%95%8C%EB%A0%A4%EB%93%9C%EB%A6%BD%EB%8B%88%EB%8B%A4%EC%97%85%EB%8D%B0%EC%9D%B4%ED%8A%B8%EC%A4%91,YSDL,KAKAO
함부로 대해줘,한국문화테마파크,playground,경북 안동시 도산면 월천길 300,36.69455695,128.841518,https://ys-dl.tistory.com/entry/%ED%95%A8%EB%B6%80%EB%A1%9C-%EB%8C%80%ED%95%B4%EC%A4%98-%EC%B4%AC%EC%98%81%EC%A7%80-15%EA%B3%B3%EC%9D%84-%EC%95%8C%EB%A0%A4%EB%93%9C%EB%A6%BD%EB%8B%88%EB%8B%A4%EC%97%85%EB%8D%B0%EC%9D%B4%ED%8A%B8%EC%A4%91,YSDL,KAKAO
함부로 대해줘,월영교,playground,경북 안동시 석주로 203,36.57661204,128.760926,https://ys-dl.tistory.com/entry/%ED%95%A8%EB%B6%80%EB%A1%9C-%EB%8C%80%ED%95%B4%EC%A4%98-%EC%B4%AC%EC%98%81%EC%A7%80-15%EA%B3%B3%EC%9D%84-%EC%95%8C%EB%A0%A4%EB%93%9C%EB%A6%BD%EB%8B%88%EB%8B%A4%EC%97%85%EB%8D%B0%EC%9D%B4%ED%8A%B8%EC%A4%91,YSDL,KAKAO
함부로 애틋하게,장재터로,playground,강원도 양양군 강현면 하복리 652-3,38.152781,128.57137,,KCISA,KCISA
함부로 애틋하게,국립교통재활병원,playground,경기도 양평군 양평읍 중앙로 260,37.4897334,127.518454,,KCISA,KCISA
함부로 애틋하게,장사도 해상공원 까멜리아,playground,경상남도 통영시 한산면 장사도길 55,34.713673,128.55885,,KCISA,KCISA
함부로 애틋하게,올림픽체조경기장,playground,서울특별시 송파구 올림픽로 424,37.5209657,127.116064,,KCISA,KCISA
함부로 애틋하게,마포대교,playground,서울특별시 영등포구 여의도동 84-5,37.533709,126.9367,,KCISA,KCISA
함부로 애틋하게,골드프라자,playground,인천광역시 계양구 오조산공원로 26,37.539712,126.73761,,KCISA,KCISA
함부로 애틋하게,공세리성당,playground,충청남도 아산시 인주면 공세리성당길 10,36.883404,126.914041,,KCISA,KCISA
해를 품은 달,화성행궁,playground,경기도 수원시 팔달구 정조로 825 ,37.2818191,127.013426,,KCISA,KCISA
해를 품은 달,경복궁,playground,서울특별시 종로구 사직로 161,37.5806736,126.976952,,KCISA,KCISA
해치,문경새재촬영장 (오픈세트장),playground,경상북도 문경시 문경읍 새재로 1037,36.771097,128.073937,,KCISA,KCISA
해치,궁남지,playground,충청남도 부여군 부여읍 궁남로 52,36.269619,126.91224,,KCISA,KCISA
해피니스,조이마당스튜디오,playground,경기도 파주시 파주읍 봉서산로 243,37.83256,126.8035,,KCISA,KCISA
행복배틀,신촌이대거리,playground,서울 서대문구 대현동 60-11,37.55842991,126.9457799,https://ys-dl.tistory.com/entry/%ED%96%89%EB%B3%B5%EB%B0%B0%ED%8B%80-%EC%B4%AC%EC%98%81%EC%A7%80-3%EA%B3%B3%EC%9D%84-%EC%95%8C%EB%A0%A4%EB%93%9C%EB%A6%BD%EB%8B%88%EB%8B%A4%EC%97%85%EB%8D%B0%EC%9D%B4%ED%8A%B8%EC%A4%91,YSDL,KAKAO
행복배틀,블루스퀘어,playground,서울 용산구 이태원로 294,37.54086115,127.0025482,https://ys-dl.tistory.com/entry/%ED%96%89%EB%B3%B5%EB%B0%B0%ED%8B%80-%EC%B4%AC%EC%98%81%EC%A7%80-3%EA%B3%B3%EC%9D%84-%EC%95%8C%EB%A0%A4%EB%93%9C%EB%A6%BD%EB%8B%88%EB%8B%A4%EC%97%85%EB%8D%B0%EC%9D%B4%ED%8A%B8%EC%A4%91,YSDL,KAKAO
행복배틀,아쿠아플라넷 광교,playground,경기 수원시 영통구 광교호수공원로 300,37.28439948,127.0584636,https://ys-dl.tistory.com/entry/%ED%96%89%EB%B3%B5%EB%B0%B0%ED%8B%80-%EC%B4%AC%EC%98%81%EC%A7%80-3%EA%B3%B3%EC%9D%84-%EC%95%8C%EB%A0%A4%EB%93%9C%EB%A6%BD%EB%8B%88%EB%8B%A4%EC%97%85%EB%8D%B0%EC%9D%B4%ED%8A%B8%EC%A4%91,YSDL,KAKAO
허수아비,익산 교도소 세트장,playground,전북특별자치도 익산시 성당면 함낭로 207,36.06945155,126.930603,https://ys-dl.tistory.com/entry/%ED%97%88%EC%88%98%EC%95%84%EB%B9%84-%EC%B4%AC%EC%98%81%EC%A7%80-4%EA%B3%B3%EC%9D%84-%EC%95%8C%EB%A0%A4%EB%93%9C%EB%A6%BD%EB%8B%88%EB%8B%A4%EC%97%85%EB%8D%B0%EC%9D%B4%ED%8A%B8%EC%A4%91,YSDL,KAKAO
허쉬,서울중앙지방법원,playground,서울특별시 서초구 서초중앙로 157,37.496068,127.01148,,KCISA,KCISA
허식당,보신각터,playground,서울 종로구 종로 54,37.56976765,126.9836456,https://ys-dl.tistory.com/entry/%ED%97%88%EC%8B%9D%EB%8B%B9-%EC%B4%AC%EC%98%81%EC%A7%80-8%EA%B3%B3%EC%9D%84-%EC%95%8C%EB%A0%A4%EB%93%9C%EB%A6%BD%EB%8B%88%EB%8B%A4%EC%97%85%EB%8D%B0%EC%9D%B4%ED%8A%B8%EC%A4%91,YSDL,KAKAO
허식당,청계천,playground,서울 종로구 서린동 148,37.56914697,126.9786471,https://ys-dl.tistory.com/entry/%ED%97%88%EC%8B%9D%EB%8B%B9-%EC%B4%AC%EC%98%81%EC%A7%80-8%EA%B3%B3%EC%9D%84-%EC%95%8C%EB%A0%A4%EB%93%9C%EB%A6%BD%EB%8B%88%EB%8B%A4%EC%97%85%EB%8D%B0%EC%9D%B4%ED%8A%B8%EC%A4%91,YSDL,KAKAO
허식당,장촌공원,playground,경기 고양시 일산서구 중앙로 1525,37.67344684,126.7524115,https://ys-dl.tistory.com/entry/%ED%97%88%EC%8B%9D%EB%8B%B9-%EC%B4%AC%EC%98%81%EC%A7%80-8%EA%B3%B3%EC%9D%84-%EC%95%8C%EB%A0%A4%EB%93%9C%EB%A6%BD%EB%8B%88%EB%8B%A4%EC%97%85%EB%8D%B0%EC%9D%B4%ED%8A%B8%EC%A4%91,YSDL,KAKAO
허식당,부안영상테마파크,playground,전북특별자치도 부안군 변산면 격포로 309-64,35.62180698,126.485383,https://ys-dl.tistory.com/entry/%ED%97%88%EC%8B%9D%EB%8B%B9-%EC%B4%AC%EC%98%81%EC%A7%80-8%EA%B3%B3%EC%9D%84-%EC%95%8C%EB%A0%A4%EB%93%9C%EB%A6%BD%EB%8B%88%EB%8B%A4%EC%97%85%EB%8D%B0%EC%9D%B4%ED%8A%B8%EC%A4%91,YSDL,KAKAO
허식당,문경새재도립공원,playground,경북 문경시 문경읍 새재로 932,36.76190759,128.0766857,https://ys-dl.tistory.com/entry/%ED%97%88%EC%8B%9D%EB%8B%B9-%EC%B4%AC%EC%98%81%EC%A7%80-8%EA%B3%B3%EC%9D%84-%EC%95%8C%EB%A0%A4%EB%93%9C%EB%A6%BD%EB%8B%88%EB%8B%A4%EC%97%85%EB%8D%B0%EC%9D%B4%ED%8A%B8%EC%A4%91,YSDL,KAKAO
허식당,문경새재오픈세트장,playground,경북 문경시 문경읍 새재로 1037,36.77139968,128.074072,https://ys-dl.tistory.com/entry/%ED%97%88%EC%8B%9D%EB%8B%B9-%EC%B4%AC%EC%98%81%EC%A7%80-8%EA%B3%B3%EC%9D%84-%EC%95%8C%EB%A0%A4%EB%93%9C%EB%A6%BD%EB%8B%88%EB%8B%A4%EC%97%85%EB%8D%B0%EC%9D%B4%ED%8A%B8%EC%A4%91,YSDL,KAKAO
헤어진 다음날,청계천,playground,서울특별시 종로구 서린동 148,37.569205,126.97791,,KCISA,KCISA
헤어진 다음날,서울광장,playground,서울특별시 중구 태평로1가 54-3,37.565574,126.9779,,KCISA,KCISA
헤어진 다음날,스테이트 타워 남산,playground,서울특별시 중구 퇴계로 100,37.560342,126.98297,,KCISA,KCISA
현재는 아름다워,에버랜드,playground,경기도 용인시 처인구 포곡읍 에버랜드로 199,37.2896511,127.217242,,KCISA,KCISA
현재는 아름다워,채그로,playground,서울특별시 마포구 마포대로4다길 31,37.535663,126.94427,,KCISA,KCISA
현재는 아름다워,달맞이근린공원,playground,서울특별시 성동구 금호동4가 27,37.543241,127.02081,,KCISA,KCISA
현재는 아름다워,삼청각,playground,서울특별시 성북구 대사관로 3,37.597208,126.98403,,KCISA,KCISA
현재는 아름다워,기계산업진흥회 (구 기계회관 본관),playground,서울특별시 영등포구 은행로 37,37.529414,126.9226,,KCISA,KCISA
현재는 아름다워,N서울타워,playground,서울특별시 용산구 남산공원길 105,37.551168,126.98824,,KCISA,KCISA
현재는 아름다워,대원정사 옥상주차장,playground,서울특별시 용산구 두텁바위로60길 49,37.548873,126.98352,,KCISA,KCISA
현재는 아름다워,노들섬,playground,서울특별시 용산구 양녕로 445,37.5181029,126.957064,,KCISA,KCISA
현재는 아름다워,동작대교,playground,서울특별시 용산구 이촌동 동작대교,37.51041,126.981893,,KCISA,KCISA
현재는 아름다워,참샘골공원,playground,서울특별시 종로구 평창동 470,37.614899,126.97453,,KCISA,KCISA
현재는 아름다워,덕수궁 돌담길,playground,서울특별시 중구 세종대로 99,37.565924,126.97501,,KCISA,KCISA
협상의 기술,북한산국립공원,playground,경기 고양시 덕양구 효자동 산 1-1,37.67041237,126.9908642,https://ys-dl.tistory.com/entry/%ED%98%91%EC%83%81%EC%9D%98-%EA%B8%B0%EC%88%A0-%EC%B4%AC%EC%98%81%EC%A7%80-12%EA%B3%B3%EC%9D%84-%EC%95%8C%EB%A0%A4%EB%93%9C%EB%A6%BD%EB%8B%88%EB%8B%A4%EC%97%85%EB%8D%B0%EC%9D%B4%ED%8A%B8%EC%A4%91,YSDL,KAKAO
협상의 기술,불광천,playground,서울 은평구 응암동,37.58806325,126.9134163,https://ys-dl.tistory.com/entry/%ED%98%91%EC%83%81%EC%9D%98-%EA%B8%B0%EC%88%A0-%EC%B4%AC%EC%98%81%EC%A7%80-12%EA%B3%B3%EC%9D%84-%EC%95%8C%EB%A0%A4%EB%93%9C%EB%A6%BD%EB%8B%88%EB%8B%A4%EC%97%85%EB%8D%B0%EC%9D%B4%ED%8A%B8%EC%A4%91,YSDL,KAKAO
협상의 기술,새누리어린이공원,playground,서울 마포구 상암동 1619,37.57553449,126.8981755,https://ys-dl.tistory.com/entry/%ED%98%91%EC%83%81%EC%9D%98-%EA%B8%B0%EC%88%A0-%EC%B4%AC%EC%98%81%EC%A7%80-12%EA%B3%B3%EC%9D%84-%EC%95%8C%EB%A0%A4%EB%93%9C%EB%A6%BD%EB%8B%88%EB%8B%A4%EC%97%85%EB%8D%B0%EC%9D%B4%ED%8A%B8%EC%A4%91,YSDL,KAKAO
협상의 기술,망원한강공원,playground,서울 마포구 마포나루길 467,37.55172455,126.9000276,https://ys-dl.tistory.com/entry/%ED%98%91%EC%83%81%EC%9D%98-%EA%B8%B0%EC%88%A0-%EC%B4%AC%EC%98%81%EC%A7%80-12%EA%B3%B3%EC%9D%84-%EC%95%8C%EB%A0%A4%EB%93%9C%EB%A6%BD%EB%8B%88%EB%8B%A4%EC%97%85%EB%8D%B0%EC%9D%B4%ED%8A%B8%EC%A4%91,YSDL,KAKAO
협상의 기술,관악산,playground,서울 관악구 신림동 산 56-1,37.44446951,126.9638968,https://ys-dl.tistory.com/entry/%ED%98%91%EC%83%81%EC%9D%98-%EA%B8%B0%EC%88%A0-%EC%B4%AC%EC%98%81%EC%A7%80-12%EA%B3%B3%EC%9D%84-%EC%95%8C%EB%A0%A4%EB%93%9C%EB%A6%BD%EB%8B%88%EB%8B%A4%EC%97%85%EB%8D%B0%EC%9D%B4%ED%8A%B8%EC%A4%91,YSDL,KAKAO
협상의 기술,청계천,playground,서울 종로구 서린동 148,37.56914697,126.9786471,https://ys-dl.tistory.com/entry/%ED%98%91%EC%83%81%EC%9D%98-%EA%B8%B0%EC%88%A0-%EC%B4%AC%EC%98%81%EC%A7%80-12%EA%B3%B3%EC%9D%84-%EC%95%8C%EB%A0%A4%EB%93%9C%EB%A6%BD%EB%8B%88%EB%8B%A4%EC%97%85%EB%8D%B0%EC%9D%B4%ED%8A%B8%EC%A4%91,YSDL,KAKAO
협상의 기술,광화문광장,playground,서울 종로구 세종로 1-68,37.57260286,126.9769164,https://ys-dl.tistory.com/entry/%ED%98%91%EC%83%81%EC%9D%98-%EA%B8%B0%EC%88%A0-%EC%B4%AC%EC%98%81%EC%A7%80-12%EA%B3%B3%EC%9D%84-%EC%95%8C%EB%A0%A4%EB%93%9C%EB%A6%BD%EB%8B%88%EB%8B%A4%EC%97%85%EB%8D%B0%EC%9D%B4%ED%8A%B8%EC%A4%91,YSDL,KAKAO
협상의 기술,세종문화회관,playground,서울 종로구 세종대로 175,37.57259452,126.9757787,https://ys-dl.tistory.com/entry/%ED%98%91%EC%83%81%EC%9D%98-%EA%B8%B0%EC%88%A0-%EC%B4%AC%EC%98%81%EC%A7%80-12%EA%B3%B3%EC%9D%84-%EC%95%8C%EB%A0%A4%EB%93%9C%EB%A6%BD%EB%8B%88%EB%8B%A4%EC%97%85%EB%8D%B0%EC%9D%B4%ED%8A%B8%EC%A4%91,YSDL,KAKAO
협상의 기술,약사사,playground,인천 남동구 풀무로 48,37.47185931,126.7128604,https://ys-dl.tistory.com/entry/%ED%98%91%EC%83%81%EC%9D%98-%EA%B8%B0%EC%88%A0-%EC%B4%AC%EC%98%81%EC%A7%80-12%EA%B3%B3%EC%9D%84-%EC%95%8C%EB%A0%A4%EB%93%9C%EB%A6%BD%EB%8B%88%EB%8B%A4%EC%97%85%EB%8D%B0%EC%9D%B4%ED%8A%B8%EC%A4%91,YSDL,KAKAO
협상의 기술,광교호수공원,playground,경기 수원시 영통구 하동 1020,37.28422019,127.0669254,https://ys-dl.tistory.com/entry/%ED%98%91%EC%83%81%EC%9D%98-%EA%B8%B0%EC%88%A0-%EC%B4%AC%EC%98%81%EC%A7%80-12%EA%B3%B3%EC%9D%84-%EC%95%8C%EB%A0%A4%EB%93%9C%EB%A6%BD%EB%8B%88%EB%8B%A4%EC%97%85%EB%8D%B0%EC%9D%B4%ED%8A%B8%EC%A4%91,YSDL,KAKAO
협상의 기술,세종호수공원,playground,세종특별자치시 세종동 1201,36.49806964,127.2733013,https://ys-dl.tistory.com/entry/%ED%98%91%EC%83%81%EC%9D%98-%EA%B8%B0%EC%88%A0-%EC%B4%AC%EC%98%81%EC%A7%80-12%EA%B3%B3%EC%9D%84-%EC%95%8C%EB%A0%A4%EB%93%9C%EB%A6%BD%EB%8B%88%EB%8B%A4%EC%97%85%EB%8D%B0%EC%9D%B4%ED%8A%B8%EC%A4%91,YSDL,KAKAO
형수님은 열아홉,국민건강보험공단 일산병원,playground,경기도 고양시 일산동구 일산로 100,37.645477,126.79297,,KCISA,KCISA
형수님은 열아홉,의정부 예술의전당,playground,경기도 의정부시 의정로 1,37.733349,127.03415,,KCISA,KCISA
형수님은 열아홉,성산대교,playground,서울특별시 마포구 망원동 성산대교,37.552775,126.89155,,KCISA,KCISA
형수님은 열아홉,서강대교,playground,서울특별시 영등포구 여의도동 서강대교,37.536911,126.92495,,KCISA,KCISA
형수님은 열아홉,원효대교,playground,서울특별시 영등포구 여의도동 원효대교,37.527046,126.94571,,KCISA,KCISA
형수님은 열아홉,중앙고등학교,playground,서울특별시 종로구 창덕궁길 164,37.584081,126.986846,,KCISA,KCISA
호텔 델루나,망상해수욕장,playground,강원도 동해시 동해대로 6270-10 ,37.594133,129.089934,,KCISA,KCISA
호텔 델루나,일산호수공원,playground,경기도 고양시 일산동구 호수로 731,37.658769,126.76252,,KCISA,KCISA
호텔 델루나,서울대공원,playground,경기도 과천시 대공원광장로 102,37.427542,127.01701,,KCISA,KCISA
호텔 델루나,구)양수철교,playground,경기도 남양주시 조안면 진중리 328-4,37.552264,127.313475,,KCISA,KCISA
호텔 델루나,한양대학교 에리카캠퍼스,playground,경기도 안산시 상록구 한양대학로 55,37.297706,126.833783,,KCISA,KCISA
호텔 델루나,용인 대장금 파크,playground,경기도 용인시 처인구 백암면 용천드라마길 25,37.1209396,127.337296,,KCISA,KCISA
호텔 델루나,벽초지수목원,playground,경기도 파주시 광탄면 부흥로 242,37.800977,126.873712,,KCISA,KCISA
호텔 델루나,로케이션 이음 (구 로얄퀘스트),playground,경기도 파주시 탄현면 새오리로286번길 48-70,37.713531,126.74641,,KCISA,KCISA
호텔 델루나,지혜의 숲,playground,경기도 파주시 회동길 145,37.7082492,126.686674,,KCISA,KCISA
호텔 델루나,전곡항,playground,경기도 화성시 서신면 전곡리,37.185027,126.650847,,KCISA,KCISA
호텔 델루나,화성시 우리꽃 식물원,playground,경기도 화성시 팔탄면 3.1만세로 777-17 ,37.115947,126.88305,,KCISA,KCISA
호텔 델루나,합천 영상 테마파크,playground,경상남도 합천군 용주면 합천호수로 757,35.5489346,128.072475,,KCISA,KCISA
호텔 델루나,김천 한국보건대 (폐교),playground,경상북도 김천시 어모면 옥율1길 94,36.174427,128.10956,,KCISA,KCISA
호텔 델루나,문경새재촬영장 (오픈세트장),playground,경상북도 문경시 문경읍 새재로 1037 ,36.771097,128.073937,,KCISA,KCISA
호텔 델루나,서울약령시장,playground,서울특별시 동대문구 약령중앙로 10,37.578341,127.0368,,KCISA,KCISA
호텔 델루나,드로터스,playground,서울특별시 마포구 연남로11길 12,37.565657,126.91819,,KCISA,KCISA
호텔 델루나,반포한강공원,playground,서울특별시 서초구 신반포로11길 40,37.510507,126.996054,,KCISA,KCISA
호텔 델루나,서울책보고,playground,서울특별시 송파구 오금로 1 ,37.522281,127.104097,,KCISA,KCISA
호텔 델루나,롯데월드몰,playground,서울특별시 송파구 올림픽로 300,37.512599,127.102714,,KCISA,KCISA
호텔 델루나,마포대교,playground,서울특별시 영등포구 여의도동 84-5,37.533709,126.9367,,KCISA,KCISA
호텔 델루나,서강대교,playground,서울특별시 영등포구 여의도동 서강대교,37.536911,126.92495,,KCISA,KCISA
호텔 델루나,백범로87길,playground,서울특별시 용산구 백범로87길 48,37.539331,126.96921,,KCISA,KCISA
호텔 델루나,이촌 한강공원,playground,서울특별시 용산구 서빙고동 287-4,37.5176063,126.992288,,KCISA,KCISA
호텔 델루나,이음더플레이스,playground,서울특별시 종로구 북촌로11나길 21,37.581996,126.98238,,KCISA,KCISA
호텔 델루나,북촌로5길,playground,서울특별시 종로구 북촌로5길,37.579567,126.98216,,KCISA,KCISA
호텔 델루나,삼청로5길,playground,서울특별시 종로구 삼청로5길 30,37.583011,126.98027,,KCISA,KCISA
호텔 델루나,율곡로3길,playground,서울특별시 종로구 율곡로3길,37.577811,126.98239,,KCISA,KCISA
호텔 델루나,안국동 We Are Young 벽화,playground,서울특별시 종로구 율곡로3길 64 육교 밑,37.578366,126.98219,,KCISA,KCISA
호텔 델루나,팔판길,playground,서울특별시 종로구 팔판길 37,37.583484,126.9813,,KCISA,KCISA
호텔 델루나,정독도서관,playground,서울특별시 종로구 화동 북촌로5길 48,37.581022,126.982997,,KCISA,KCISA
호텔 델루나,인천대학교 송도캠퍼스,playground,인천광역시 연수구 송도동 아카데미로 119,37.375106,126.63314,,KCISA,KCISA
호텔 델루나,미추홀공원,playground,인천광역시 연수구 해송로59,37.382276,126.649461,,KCISA,KCISA
호텔 델루나,목포근대역사관 1관,playground,전라남도 목포시 영산로29번길 6,34.7877511,126.382161,,KCISA,KCISA
호텔 델루나,성흥산 사랑나무,playground,충청남도 부여군 임천면 성흥로97번길 167,36.1971825,126.898347,,KCISA,KCISA
호텔 델루나,제천 원박리 폐터널,playground,충청북도 제천시 봉양읍 의암로1길 66,37.124371,128.089501,,KCISA,KCISA
호텔킹,정동진해수욕장,playground,강원도 강릉시 강동면 정동진리 257-2,37.690392,129.03358,,KCISA,KCISA
호텔킹,주문진방파제,playground,강원도 강릉시 주문진읍 교항리 81-68,37.879607,128.83368,,KCISA,KCISA
혼례대첩,경복궁,playground,서울 종로구 사직로 161,37.57761329,126.9768979,https://ys-dl.tistory.com/entry/%ED%98%BC%EB%A1%80%EB%8C%80%EC%B2%A9-%EC%B4%AC%EC%98%81%EC%A7%80-7%EA%B3%B3%EC%9D%84-%EC%95%8C%EB%A0%A4%EB%93%9C%EB%A6%BD%EB%8B%88%EB%8B%A4%EC%97%85%EB%8D%B0%EC%9D%B4%ED%8A%B8%EC%A4%91,YSDL,KAKAO
혼례대첩,용인대장금파크 관가,playground,경기 용인시 처인구 백암면 용천드라마길 25,37.12160248,127.3376128,https://ys-dl.tistory.com/entry/%ED%98%BC%EB%A1%80%EB%8C%80%EC%B2%A9-%EC%B4%AC%EC%98%81%EC%A7%80-7%EA%B3%B3%EC%9D%84-%EC%95%8C%EB%A0%A4%EB%93%9C%EB%A6%BD%EB%8B%88%EB%8B%A4%EC%97%85%EB%8D%B0%EC%9D%B4%ED%8A%B8%EC%A4%91,YSDL,KAKAO
혼례대첩,추정리메밀밭,playground,충북 청주시 상당구 낭성면 추정리 339,36.58276466,127.611243,https://ys-dl.tistory.com/entry/%ED%98%BC%EB%A1%80%EB%8C%80%EC%B2%A9-%EC%B4%AC%EC%98%81%EC%A7%80-7%EA%B3%B3%EC%9D%84-%EC%95%8C%EB%A0%A4%EB%93%9C%EB%A6%BD%EB%8B%88%EB%8B%A4%EC%97%85%EB%8D%B0%EC%9D%B4%ED%8A%B8%EC%A4%91,YSDL,KAKAO
혼례대첩,종학당숙사,playground,충남 논산시 노성면 종학길 39-6,36.29133099,127.0969956,https://ys-dl.tistory.com/entry/%ED%98%BC%EB%A1%80%EB%8C%80%EC%B2%A9-%EC%B4%AC%EC%98%81%EC%A7%80-7%EA%B3%B3%EC%9D%84-%EC%95%8C%EB%A0%A4%EB%93%9C%EB%A6%BD%EB%8B%88%EB%8B%A4%EC%97%85%EB%8D%B0%EC%9D%B4%ED%8A%B8%EC%A4%91,YSDL,KAKAO
혼례대첩,전주향교,playground,전북특별자치도 전주시 완산구 향교길 139,35.81275813,127.157134,https://ys-dl.tistory.com/entry/%ED%98%BC%EB%A1%80%EB%8C%80%EC%B2%A9-%EC%B4%AC%EC%98%81%EC%A7%80-7%EA%B3%B3%EC%9D%84-%EC%95%8C%EB%A0%A4%EB%93%9C%EB%A6%BD%EB%8B%88%EB%8B%A4%EC%97%85%EB%8D%B0%EC%9D%B4%ED%8A%B8%EC%A4%91,YSDL,KAKAO
혼례대첩,환벽당,playground,전남광주통합특별시 북구 환벽당길 10,35.18581116,127.0031752,https://ys-dl.tistory.com/entry/%ED%98%BC%EB%A1%80%EB%8C%80%EC%B2%A9-%EC%B4%AC%EC%98%81%EC%A7%80-7%EA%B3%B3%EC%9D%84-%EC%95%8C%EB%A0%A4%EB%93%9C%EB%A6%BD%EB%8B%88%EB%8B%A4%EC%97%85%EB%8D%B0%EC%9D%B4%ED%8A%B8%EC%A4%91,YSDL,KAKAO
혼례대첩,쌍산재,playground,전남광주통합특별시 구례군 마산면 장수길 3-2,35.21575369,127.4980434,https://ys-dl.tistory.com/entry/%ED%98%BC%EB%A1%80%EB%8C%80%EC%B2%A9-%EC%B4%AC%EC%98%81%EC%A7%80-7%EA%B3%B3%EC%9D%84-%EC%95%8C%EB%A0%A4%EB%93%9C%EB%A6%BD%EB%8B%88%EB%8B%A4%EC%97%85%EB%8D%B0%EC%9D%B4%ED%8A%B8%EC%A4%91,YSDL,KAKAO
혼례대첩,선암사 강선루,playground,전남광주통합특별시 순천시 승주읍 선암사길 450,34.99435925,127.3331281,https://ys-dl.tistory.com/entry/%ED%98%BC%EB%A1%80%EB%8C%80%EC%B2%A9-%EC%B4%AC%EC%98%81%EC%A7%80-7%EA%B3%B3%EC%9D%84-%EC%95%8C%EB%A0%A4%EB%93%9C%EB%A6%BD%EB%8B%88%EB%8B%A4%EC%97%85%EB%8D%B0%EC%9D%B4%ED%8A%B8%EC%A4%91,YSDL,KAKAO
혼례대첩,선암사,playground,전남광주통합특별시 순천시 승주읍 선암사길 450,34.99654791,127.3311127,https://ys-dl.tistory.com/entry/%ED%98%BC%EB%A1%80%EB%8C%80%EC%B2%A9-%EC%B4%AC%EC%98%81%EC%A7%80-7%EA%B3%B3%EC%9D%84-%EC%95%8C%EB%A0%A4%EB%93%9C%EB%A6%BD%EB%8B%88%EB%8B%A4%EC%97%85%EB%8D%B0%EC%9D%B4%ED%8A%B8%EC%A4%91,YSDL,KAKAO
혼례대첩,순천 낙안읍성,playground,전남광주통합특별시 순천시 낙안면 충민길 30,34.90631043,127.3417772,https://ys-dl.tistory.com/entry/%ED%98%BC%EB%A1%80%EB%8C%80%EC%B2%A9-%EC%B4%AC%EC%98%81%EC%A7%80-7%EA%B3%B3%EC%9D%84-%EC%95%8C%EB%A0%A4%EB%93%9C%EB%A6%BD%EB%8B%88%EB%8B%A4%EC%97%85%EB%8D%B0%EC%9D%B4%ED%8A%B8%EC%A4%91,YSDL,KAKAO
혼례대첩,보성열화정,playground,전남광주통합특별시 보성군 득량면 오봉리 230,34.76377016,127.1878846,https://ys-dl.tistory.com/entry/%ED%98%BC%EB%A1%80%EB%8C%80%EC%B2%A9-%EC%B4%AC%EC%98%81%EC%A7%80-7%EA%B3%B3%EC%9D%84-%EC%95%8C%EB%A0%A4%EB%93%9C%EB%A6%BD%EB%8B%88%EB%8B%A4%EC%97%85%EB%8D%B0%EC%9D%B4%ED%8A%B8%EC%A4%91,YSDL,KAKAO
혼례대첩,보성 이준회 고택,playground,전남광주통합특별시 보성군 득량면 강골길 34-9,34.76309645,127.1863539,https://ys-dl.tistory.com/entry/%ED%98%BC%EB%A1%80%EB%8C%80%EC%B2%A9-%EC%B4%AC%EC%98%81%EC%A7%80-7%EA%B3%B3%EC%9D%84-%EC%95%8C%EB%A0%A4%EB%93%9C%EB%A6%BD%EB%8B%88%EB%8B%A4%EC%97%85%EB%8D%B0%EC%9D%B4%ED%8A%B8%EC%A4%91,YSDL,KAKAO
혼례대첩,문경새재오픈세트장,playground,경북 문경시 문경읍 새재로 1037,36.77139968,128.074072,https://ys-dl.tistory.com/entry/%ED%98%BC%EB%A1%80%EB%8C%80%EC%B2%A9-%EC%B4%AC%EC%98%81%EC%A7%80-7%EA%B3%B3%EC%9D%84-%EC%95%8C%EB%A0%A4%EB%93%9C%EB%A6%BD%EB%8B%88%EB%8B%A4%EC%97%85%EB%8D%B0%EC%9D%B4%ED%8A%B8%EC%A4%91,YSDL,KAKAO
혼례대첩,고산정,playground,경북 안동시 도산면 가송길 177-42,36.76768703,128.8921228,https://ys-dl.tistory.com/entry/%ED%98%BC%EB%A1%80%EB%8C%80%EC%B2%A9-%EC%B4%AC%EC%98%81%EC%A7%80-7%EA%B3%B3%EC%9D%84-%EC%95%8C%EB%A0%A4%EB%93%9C%EB%A6%BD%EB%8B%88%EB%8B%A4%EC%97%85%EB%8D%B0%EC%9D%B4%ED%8A%B8%EC%A4%91,YSDL,KAKAO
혼례대첩,영산암,playground,경북 영주시 평은면 예봉로 378,36.7562677,128.7286358,https://ys-dl.tistory.com/entry/%ED%98%BC%EB%A1%80%EB%8C%80%EC%B2%A9-%EC%B4%AC%EC%98%81%EC%A7%80-7%EA%B3%B3%EC%9D%84-%EC%95%8C%EB%A0%A4%EB%93%9C%EB%A6%BD%EB%8B%88%EB%8B%A4%EC%97%85%EB%8D%B0%EC%9D%B4%ED%8A%B8%EC%A4%91,YSDL,KAKAO
혼례대첩,안동군자마을,playground,경북 안동시 와룡면 군자리길 29,36.67374521,128.8022828,https://ys-dl.tistory.com/entry/%ED%98%BC%EB%A1%80%EB%8C%80%EC%B2%A9-%EC%B4%AC%EC%98%81%EC%A7%80-7%EA%B3%B3%EC%9D%84-%EC%95%8C%EB%A0%A4%EB%93%9C%EB%A6%BD%EB%8B%88%EB%8B%A4%EC%97%85%EB%8D%B0%EC%9D%B4%ED%8A%B8%EC%A4%91,YSDL,KAKAO
혼례대첩,이원모 와가,playground,경북 안동시 민속촌길 13,36.57702289,128.7650688,https://ys-dl.tistory.com/entry/%ED%98%BC%EB%A1%80%EB%8C%80%EC%B2%A9-%EC%B4%AC%EC%98%81%EC%A7%80-7%EA%B3%B3%EC%9D%84-%EC%95%8C%EB%A0%A4%EB%93%9C%EB%A6%BD%EB%8B%88%EB%8B%A4%EC%97%85%EB%8D%B0%EC%9D%B4%ED%8A%B8%EC%A4%91,YSDL,KAKAO
혼례대첩,부용대,playground,경북 안동시 풍천면 광덕솔밭길 72,36.54285157,128.5166155,https://ys-dl.tistory.com/entry/%ED%98%BC%EB%A1%80%EB%8C%80%EC%B2%A9-%EC%B4%AC%EC%98%81%EC%A7%80-7%EA%B3%B3%EC%9D%84-%EC%95%8C%EB%A0%A4%EB%93%9C%EB%A6%BD%EB%8B%88%EB%8B%A4%EC%97%85%EB%8D%B0%EC%9D%B4%ED%8A%B8%EC%A4%91,YSDL,KAKAO
혼례대첩,만휴정,playground,경북 안동시 길안면 묵계하리길 42,36.41044601,128.9098517,https://ys-dl.tistory.com/entry/%ED%98%BC%EB%A1%80%EB%8C%80%EC%B2%A9-%EC%B4%AC%EC%98%81%EC%A7%80-7%EA%B3%B3%EC%9D%84-%EC%95%8C%EB%A0%A4%EB%93%9C%EB%A6%BD%EB%8B%88%EB%8B%A4%EC%97%85%EB%8D%B0%EC%9D%B4%ED%8A%B8%EC%A4%91,YSDL,KAKAO
혼례대첩,반곡지,playground,경북 경산시 남산면 반곡리 246,35.78041876,128.8066042,https://ys-dl.tistory.com/entry/%ED%98%BC%EB%A1%80%EB%8C%80%EC%B2%A9-%EC%B4%AC%EC%98%81%EC%A7%80-7%EA%B3%B3%EC%9D%84-%EC%95%8C%EB%A0%A4%EB%93%9C%EB%A6%BD%EB%8B%88%EB%8B%A4%EC%97%85%EB%8D%B0%EC%9D%B4%ED%8A%B8%EC%A4%91,YSDL,KAKAO
혼례대첩,내원사계곡,playground,경남 양산시 하북면 용연리,35.43527324,129.0999982,https://ys-dl.tistory.com/entry/%ED%98%BC%EB%A1%80%EB%8C%80%EC%B2%A9-%EC%B4%AC%EC%98%81%EC%A7%80-7%EA%B3%B3%EC%9D%84-%EC%95%8C%EB%A0%A4%EB%93%9C%EB%A6%BD%EB%8B%88%EB%8B%A4%EC%97%85%EB%8D%B0%EC%9D%B4%ED%8A%B8%EC%A4%91,YSDL,KAKAO
혼례대첩,함양 일두 정여창 고택,playground,경남 함양군 지곡면 개평길 50-13,35.56632692,127.7681729,https://ys-dl.tistory.com/entry/%ED%98%BC%EB%A1%80%EB%8C%80%EC%B2%A9-%EC%B4%AC%EC%98%81%EC%A7%80-7%EA%B3%B3%EC%9D%84-%EC%95%8C%EB%A0%A4%EB%93%9C%EB%A6%BD%EB%8B%88%EB%8B%A4%EC%97%85%EB%8D%B0%EC%9D%B4%ED%8A%B8%EC%A4%91,YSDL,KAKAO
혼술남녀,광명동굴,playground,경기도 광명시 가학로85번길 142,37.4246505,126.863428,,KCISA,KCISA
혼술남녀,디큐브시티 카페 큐브,playground,서울특별시 구로구 경인로 662,37.508892,126.88942,,KCISA,KCISA
혼술남녀,노량진로,playground,서울특별시 동작구 노량진로,37.513432,126.94016,,KCISA,KCISA
혼술남녀,예술의전당,playground,서울특별시 서초구 남부순환로 2406,37.479115,127.01057,,KCISA,KCISA
혼술남녀,63스퀘어,playground,서울특별시 영등포구 63로 50,37.519811,126.94017,,KCISA,KCISA
혼술남녀,원효대교,playground,서울특별시 영등포구 여의도동 원효대교,37.527046,126.94571,,KCISA,KCISA
혼술남녀,이랜드크루즈,playground,서울특별시 영등포구 여의동로 280,37.5290674,126.936218,,KCISA,KCISA
혼술남녀,한강대교,playground,서울특별시 용산구 이촌동 한강대교,37.517492,126.95897,,KCISA,KCISA
홍천기,반곡지,playground,경상북도 경산시 남산면 반곡리 246,35.780498,128.806454,,KCISA,KCISA
홍천기,영주선비촌,playground,경상북도 영주시 순흥면 소백로 2796,36.9275125,128.582575,,KCISA,KCISA
홍천기,광한루원,playground,전라북도 남원시 요천로 1447,35.403918,127.379758,,KCISA,KCISA
화랑,한화리조트 설악 쏘라노,playground,강원도 속초시 미시령로2983번길 111,38.210401,128.528442,,KCISA,KCISA
화랑,효원공원월화원,playground,경기도 수원시 팔달구 동수원로 399,37.265074,127.037687,,KCISA,KCISA
화랑,한국민속촌,playground,경기도 용인시 기흥구 민속촌로 90,37.260092,127.12036,,KCISA,KCISA
화랑,해양드라마세트장,playground,경상남도 창원시 마산합포구 구산면 석고리 산183-2,35.109907,128.541331,,KCISA,KCISA
화랑,화랑의 언덕 (OK그린오토캠핑장) ,playground,경상북도 경주시 산내면 내일리 산267-3,35.764425,129.08764,,KCISA,KCISA
화랑,라궁,playground,경상북도 경주시 엑스포로 55-12,35.834261,129.296769,,KCISA,KCISA
화랑,옥양 폭포,playground,경상북도 상주시 화북면 입석리,36.627163,127.886657,,KCISA,KCISA
화랑,마애솔숲문화공원,playground,경상북도 안동시 풍산읍 마애리 40-2,36.551991,128.590121,,KCISA,KCISA
화랑,성흥산 사랑나무,playground,충청남도 부여군 임천면 성흥로97번길 167,36.1971825,126.898347,,KCISA,KCISA
화랑,온달관광지,playground,충청북도 단양군 영춘면 온달로 23,37.0628902,128.49172,,KCISA,KCISA
화양연화 - 삶이 꽃이 되는 순간,강촌레일파크,playground,강원도 춘천시 남산면 서백길 57,37.8428025,127.550584,,KCISA,KCISA
화양연화 - 삶이 꽃이 되는 순간,서울랜드,playground,경기도 과천시 광명로 181,37.433807,127.01894,,KCISA,KCISA
화양연화 - 삶이 꽃이 되는 순간,동두천 문화극장,playground,경기도 동두천시 동광로 66,37.908291,127.055827,,KCISA,KCISA
화양연화 - 삶이 꽃이 되는 순간,배곧한울공원,playground,경기도 시흥시 해송십리로 61,37.3526512,126.702781,,KCISA,KCISA
화양연화 - 삶이 꽃이 되는 순간,베르아델승마클럽,playground,경기도 안산시 단원구 부흥로 376,37.212744,126.608469,,KCISA,KCISA
화양연화 - 삶이 꽃이 되는 순간,쌍학2리마을회관,playground,경기도 양평군 양동면 쌍학창말길80번길 3,37.4143,127.74444,,KCISA,KCISA
화양연화 - 삶이 꽃이 되는 순간,운정장례식장,playground,경기도 파주시 하늘채길 35,37.756052,126.75281,,KCISA,KCISA
화양연화 - 삶이 꽃이 되는 순간,고현로11길,playground,경상남도 거제시 거제중앙로 1898-13,34.888263,128.62479,,KCISA,KCISA
화양연화 - 삶이 꽃이 되는 순간,흥남해수욕장,playground,경상남도 거제시 장목면 흥남길 46,34.960061,128.71505,,KCISA,KCISA
화양연화 - 삶이 꽃이 되는 순간,미성마을,playground,경상북도 군위군 우보면 미성5길 58-1,36.179747,128.66456,,KCISA,KCISA
화양연화 - 삶이 꽃이 되는 순간,대전외국인학교,playground,대전광역시 유성구 용산2로 77,36.416498,127.39758,,KCISA,KCISA
화양연화 - 삶이 꽃이 되는 순간,아셈타워,playground,서울특별시 강남구 영동대로 517,37.513147,127.05974,,KCISA,KCISA
화양연화 - 삶이 꽃이 되는 순간,성신여자대학교 운정그린캠퍼스,playground,서울특별시 강북구 도봉로76가길 55,37.632219,127.0273,,KCISA,KCISA
화양연화 - 삶이 꽃이 되는 순간,김포국제공항,playground,서울특별시 강서구 하늘길 112,37.558655,126.79228,,KCISA,KCISA
화양연화 - 삶이 꽃이 되는 순간,조계종학림사,playground,서울특별시 노원구 덕릉로129가길 241,37.682123,127.07735,,KCISA,KCISA
화양연화 - 삶이 꽃이 되는 순간,덕성여자대학교,playground,서울특별시 도봉구 삼양로144길 39,37.65247,127.0158,,KCISA,KCISA
화양연화 - 삶이 꽃이 되는 순간,백운시장,playground,서울특별시 도봉구 우이천로 481 1층 백운시장 상인회 사무실,37.65547,127.015,,KCISA,KCISA
화양연화 - 삶이 꽃이 되는 순간,천주교제기동교회,playground,서울특별시 동대문구 약령시로 31,37.583001,127.03361,,KCISA,KCISA
화양연화 - 삶이 꽃이 되는 순간,연세대학교 신촌캠퍼스,playground,서울특별시 서대문구 연세로 50,37.5637563,126.937546,,KCISA,KCISA
화양연화 - 삶이 꽃이 되는 순간,국회둔치주차장 아치형다리,playground,서울특별시 영등포구 여의도동 81-8,37.533705,126.9147,,KCISA,KCISA
화양연화 - 삶이 꽃이 되는 순간,서강대교,playground,서울특별시 영등포구 여의도동 서강대교,37.536911,126.92495,,KCISA,KCISA
화양연화 - 삶이 꽃이 되는 순간,한강 공원 여의도 지구,playground,서울특별시 영등포구 여의동로 290,37.5290674,126.936218,,KCISA,KCISA
화양연화 - 삶이 꽃이 되는 순간,동작대교,playground,서울특별시 용산구 이촌동 동작대교,37.51041,126.981893,,KCISA,KCISA
화양연화 - 삶이 꽃이 되는 순간,이촌로29길,playground,서울특별시 용산구 이촌로29길,37.525257,126.96103,,KCISA,KCISA
화양연화 - 삶이 꽃이 되는 순간,은평 한옥마을,playground,서울특별시 은평구 진관동 127-25,37.641555,126.93909,,KCISA,KCISA
화양연화 - 삶이 꽃이 되는 순간,낙원상가,playground,서울특별시 종로구 삼일대로 428,37.5721971,126.987629,,KCISA,KCISA
화양연화 - 삶이 꽃이 되는 순간,종로타워,playground,서울특별시 종로구 종로 51,37.570724,126.98358,,KCISA,KCISA
화양연화 - 삶이 꽃이 되는 순간,창덕궁1길,playground,서울특별시 종로구 창덕궁1길 13,37.579292,126.98845,,KCISA,KCISA
화양연화 - 삶이 꽃이 되는 순간,세운상가,playground,서울특별시 종로구 청계천로 159,37.569982,126.99516,,KCISA,KCISA
화양연화 - 삶이 꽃이 되는 순간,국립고궁박물관,playground,서울특별시 종로구 효자로 12,37.5764119,126.976715,,KCISA,KCISA
화양연화 - 삶이 꽃이 되는 순간,인천국제공항,playground,인천광역시 중구 공항로 272,37.44919,126.4514,,KCISA,KCISA
화양연화 - 삶이 꽃이 되는 순간,옥정호,playground,전라북도 임실군 운암면 운종리 473-9,35.602023,127.11288,,KCISA,KCISA
화유기,일산호수공원,playground,경기도 고양시 일산동구 호수로 731,37.658769,126.76252,,KCISA,KCISA
화유기,신구대학교식물원,playground,경기도 성남시 수정구 적푸리로 9,37.433952,127.08077,,KCISA,KCISA
화유기,에버랜드,playground,경기도 용인시 처인구 포곡읍 에버랜드로 199,37.2896511,127.217242,,KCISA,KCISA
화유기,플럼라인,playground,경기도 파주시 문발로 165,37.709541,126.6854,,KCISA,KCISA
화유기,로케이션 이음 (구 로얄퀘스트),playground,경기도 파주시 탄현면 새오리로286번길 48-70,37.713531,126.74641,,KCISA,KCISA
화유기,지혜의 숲,playground,경기도 파주시 회동길 145,37.7082492,126.686674,,KCISA,KCISA
화유기,문화공감수정,playground,부산광역시 동구 홍곡로 75,35.125713,129.042622,,KCISA,KCISA
화유기,앤드트리메타,playground,서울특별시 강남구 도산대로51길 19,37.5244126,127.037639,,KCISA,KCISA
화유기,더베뉴지서울,playground,서울특별시 강서구 강서로 388,37.560189,126.83928,,KCISA,KCISA
화유기,CJ ENM,playground,서울특별시 마포구 상암산로 66,37.578581,126.89189,,KCISA,KCISA
화유기,문화비축기지,playground,서울특별시 마포구 증산로 87,37.571029,126.894111,,KCISA,KCISA
화유기,미쓰윤,playground,서울특별시 서초구 양재천로17길 3,37.475363,127.03775,,KCISA,KCISA
화유기,세빛섬,playground,서울특별시 서초구 올림픽대로 683,37.512019,126.9953,,KCISA,KCISA
화유기,N서울타워,playground,서울특별시 용산구 남산공원길 105,37.551168,126.98824,,KCISA,KCISA
화유기,숭례문,playground,서울특별시 중구 세종대로 40,37.559956,126.97529,,KCISA,KCISA
화유기,서울의료원,playground,서울특별시 중랑구 신내로 156,37.612739,127.09819,,KCISA,KCISA
화유기,소래습지생태공원,playground,인천광역시 남동구 소래로154번길 77,37.408207,126.74716,,KCISA,KCISA
화유기,송도센트럴파크,playground,인천광역시 연수구 컨벤시아대로 160,37.3924167,126.639565,,KCISA,KCISA
화유기,포스코타워송도,playground,인천광역시 연수구 컨벤시아대로 165,37.389269,126.64424,,KCISA,KCISA
화유기,짜장면박물관,playground,인천광역시 중구 차이나타운로 56-14,37.47484,126.61823,,KCISA,KCISA
화인가 스캔들,선유도공원,playground,서울 영등포구 선유로 343,37.54367308,126.8998573,https://ys-dl.tistory.com/entry/%ED%99%94%EC%9D%B8%EA%B0%80-%EC%8A%A4%EC%BA%94%EB%93%A4-%EC%B4%AC%EC%98%81%EC%A7%80-11%EA%B3%B3%EC%9D%84-%EC%95%8C%EB%A0%A4%EB%93%9C%EB%A6%BD%EB%8B%88%EB%8B%A4%EC%97%85%EB%8D%B0%EC%9D%B4%ED%8A%B8%EC%A4%91,YSDL,KAKAO
화인가 스캔들,백범광장,playground,서울 중구 회현동1가 100-115,37.55482844,126.9792487,https://ys-dl.tistory.com/entry/%ED%99%94%EC%9D%B8%EA%B0%80-%EC%8A%A4%EC%BA%94%EB%93%A4-%EC%B4%AC%EC%98%81%EC%A7%80-11%EA%B3%B3%EC%9D%84-%EC%95%8C%EB%A0%A4%EB%93%9C%EB%A6%BD%EB%8B%88%EB%8B%A4%EC%97%85%EB%8D%B0%EC%9D%B4%ED%8A%B8%EC%A4%91,YSDL,KAKAO
화인가 스캔들,삼세영,playground,서울 종로구 평창44길 2,37.61362618,126.9782753,https://ys-dl.tistory.com/entry/%ED%99%94%EC%9D%B8%EA%B0%80-%EC%8A%A4%EC%BA%94%EB%93%A4-%EC%B4%AC%EC%98%81%EC%A7%80-11%EA%B3%B3%EC%9D%84-%EC%95%8C%EB%A0%A4%EB%93%9C%EB%A6%BD%EB%8B%88%EB%8B%A4%EC%97%85%EB%8D%B0%EC%9D%B4%ED%8A%B8%EC%A4%91,YSDL,KAKAO
화인가 스캔들,우리옛돌박물관,playground,서울 성북구 대사관로13길 66,37.60090128,126.9900856,https://ys-dl.tistory.com/entry/%ED%99%94%EC%9D%B8%EA%B0%80-%EC%8A%A4%EC%BA%94%EB%93%A4-%EC%B4%AC%EC%98%81%EC%A7%80-11%EA%B3%B3%EC%9D%84-%EC%95%8C%EB%A0%A4%EB%93%9C%EB%A6%BD%EB%8B%88%EB%8B%A4%EC%97%85%EB%8D%B0%EC%9D%B4%ED%8A%B8%EC%A4%91,YSDL,KAKAO
화인가 스캔들,한성백제박물관,playground,서울 송파구 위례성대로 71,37.51541268,127.120895,https://ys-dl.tistory.com/entry/%ED%99%94%EC%9D%B8%EA%B0%80-%EC%8A%A4%EC%BA%94%EB%93%A4-%EC%B4%AC%EC%98%81%EC%A7%80-11%EA%B3%B3%EC%9D%84-%EC%95%8C%EB%A0%A4%EB%93%9C%EB%A6%BD%EB%8B%88%EB%8B%A4%EC%97%85%EB%8D%B0%EC%9D%B4%ED%8A%B8%EC%A4%91,YSDL,KAKAO
화인가 스캔들,수생식물학습원 실내정원,playground,충북 옥천군 군북면 방아실길 255,36.39138637,127.5530645,https://ys-dl.tistory.com/entry/%ED%99%94%EC%9D%B8%EA%B0%80-%EC%8A%A4%EC%BA%94%EB%93%A4-%EC%B4%AC%EC%98%81%EC%A7%80-11%EA%B3%B3%EC%9D%84-%EC%95%8C%EB%A0%A4%EB%93%9C%EB%A6%BD%EB%8B%88%EB%8B%A4%EC%97%85%EB%8D%B0%EC%9D%B4%ED%8A%B8%EC%A4%91,YSDL,KAKAO
화인가 스캔들,익산 교도소 세트장,playground,전북특별자치도 익산시 성당면 함낭로 207,36.06945155,126.930603,https://ys-dl.tistory.com/entry/%ED%99%94%EC%9D%B8%EA%B0%80-%EC%8A%A4%EC%BA%94%EB%93%A4-%EC%B4%AC%EC%98%81%EC%A7%80-11%EA%B3%B3%EC%9D%84-%EC%95%8C%EB%A0%A4%EB%93%9C%EB%A6%BD%EB%8B%88%EB%8B%A4%EC%97%85%EB%8D%B0%EC%9D%B4%ED%8A%B8%EC%A4%91,YSDL,KAKAO
환혼,고석정,playground,강원도 철원군 동송읍 태봉로 1825,38.186301,127.287536,,KCISA,KCISA
환혼,나주영상테마파크,playground,전라남도 나주시 공산면 덕음로 450,34.979823,126.60098,,KCISA,KCISA
환혼,성흥산 사랑나무,playground,충청남도 부여군 임천면 성흥로97번길 167,36.1971825,126.898347,,KCISA,KCISA
황금빛 내 인생,한국종합인재개발원,playground,경기도 가평군 청평면 북한강로1636번길 36-6,37.666429,127.38539,,KCISA,KCISA
황금빛 내 인생,에리아,playground,경기도 성남시 분당구 판교역로18번길 12,37.3845761,127.110967,,KCISA,KCISA
황금빛 내 인생,성산대교,playground,서울특별시 마포구 망원동 성산대교,37.552775,126.89155,,KCISA,KCISA
황금빛 내 인생,어울마당로,playground,서울특별시 마포구 어울마당로,37.55003,126.92113,,KCISA,KCISA
황금빛 내 인생,홍대놀이터공원,playground,서울특별시 마포구 와우산로21길 19-3,37.552212,126.92334,,KCISA,KCISA
황금빛 내 인생,원효대교,playground,서울특별시 영등포구 여의도동 원효대교,37.527046,126.94571,,KCISA,KCISA
황금빛 내 인생,용산가족공원,playground,서울특별시 용산구 서빙고로 137,37.521532,126.98392,,KCISA,KCISA
황금빛 내 인생,계동길,playground,서울특별시 종로구 계동길,37.580528,126.98678,,KCISA,KCISA
황금빛 내 인생,윤보선길,playground,서울특별시 종로구 윤보선길,37.577559,126.98376,,KCISA,KCISA
황금빛 내 인생,율곡로3길,playground,서울특별시 종로구 율곡로3길,37.577811,126.98239,,KCISA,KCISA
황금빛 내 인생,안국동 We Are Young 벽화,playground,서울특별시 종로구 율곡로3길 64 육교 밑,37.578366,126.98219,,KCISA,KCISA
황금빛 내 인생,숭례문,playground,서울특별시 중구 세종대로 40,37.559956,126.97529,,KCISA,KCISA
황금빛 내 인생,국립현대미술관 덕수궁,playground,서울특별시 중구 세종대로 99,37.565924,126.97501,,KCISA,KCISA
황금신부,서울랜드,playground,경기도 과천시 광명로 181,37.433807,127.01894,,KCISA,KCISA
황금신부,양평 두물머리,playground,경기도 양평군 양서면 양수리,37.532869,127.31599,,KCISA,KCISA
황금신부,팍스타워,playground,서울특별시 강남구 언주로 609,37.509924,127.03674,,KCISA,KCISA
황금신부,경희대학교 서울캠퍼스,playground,서울특별시 동대문구 경희대로 26,37.595363,127.05276,,KCISA,KCISA
황금신부,성산대교,playground,서울특별시 마포구 망원동 성산대교,37.552775,126.89155,,KCISA,KCISA
황금신부,대한다원보성녹차밭,playground,전라남도 보성군 보성읍 녹차로 763-43,34.714824,127.080926,,KCISA,KCISA
황후의 품격,제장마을,playground,강원도 정선군 신동읍 제장길 1-38,37.259049,128.58384,,KCISA,KCISA
황후의 품격,국립현대미술관 과천,playground,경기도 과천시 광명로 313,37.431232,127.02017,,KCISA,KCISA
황후의 품격,국립교통재활병원,playground,경기도 양평군 양평읍 중앙로 260,37.4897334,127.518454,,KCISA,KCISA
황후의 품격,약천사,playground,경기도 파주시 교하로681번길 118,37.7057376,126.701279,,KCISA,KCISA
황후의 품격,화성시 우리꽃 식물원,playground,경기도 화성시 팔탄면 3.1만세로 777-17,37.115947,126.88305,,KCISA,KCISA
황후의 품격,삼청각,playground,서울특별시 성북구 대사관로 3,37.597208,126.98403,,KCISA,KCISA
황후의 품격,롯데월드,playground,서울특별시 송파구 올림픽로 240,37.5112601,127.097998,,KCISA,KCISA
황후의 품격,올림픽공원,playground,서울특별시 송파구 올림픽로 424,37.5209657,127.116064,,KCISA,KCISA
황후의 품격,원효대교,playground,서울특별시 영등포구 여의도동 원효대교,37.527046,126.94571,,KCISA,KCISA
황후의 품격,한강 공원 여의도 지구,playground,서울특별시 영등포구 여의동로 290,37.5290674,126.936218,,KCISA,KCISA
황후의 품격,N서울타워,playground,서울특별시 용산구 남산공원길 105,37.551168,126.98824,,KCISA,KCISA
황후의 품격,한강대교,playground,서울특별시 용산구 이촌동 한강대교,37.517492,126.95897,,KCISA,KCISA
황후의 품격,광화문 광장,playground,서울특별시 종로구 세종대로 175,37.5706546,126.976661,,KCISA,KCISA
황후의 품격,백제문화단지,playground,충청남도 부여군 규암면 백제문로 455,36.3069,126.9066,,KCISA,KCISA
황후의 품격,궁남지,playground,충청남도 부여군 부여읍 궁남로 52,36.269619,126.91224,,KCISA,KCISA
후아유 - 학교 2015,일산호수공원,playground,경기 고양시 일산동구 호수로 595,37.65613604,126.7641415,https://ys-dl.tistory.com/entry/%ED%9B%84%EC%95%84%EC%9C%A0-%EC%B4%AC%EC%98%81%EC%A7%80-%EC%9D%B8%EC%B2%9C-6%EA%B3%B3-%EC%84%9C%EC%9A%B8-5%EA%B3%B3%EC%9D%84-%EC%95%8C%EB%A0%A4%EB%93%9C%EB%A6%BD%EB%8B%88%EB%8B%A4,YSDL,KAKAO
후아유 - 학교 2015,해돋이공원,playground,인천 연수구 해돋이로 51,37.38771065,126.6544857,https://ys-dl.tistory.com/entry/%ED%9B%84%EC%95%84%EC%9C%A0-%EC%B4%AC%EC%98%81%EC%A7%80-%EC%9D%B8%EC%B2%9C-6%EA%B3%B3-%EC%84%9C%EC%9A%B8-5%EA%B3%B3%EC%9D%84-%EC%95%8C%EB%A0%A4%EB%93%9C%EB%A6%BD%EB%8B%88%EB%8B%A4,YSDL,KAKAO
후아유 - 학교 2015,송도센트럴파크,playground,인천 연수구 송도동 24-5,37.39306396,126.6386297,https://ys-dl.tistory.com/entry/%ED%9B%84%EC%95%84%EC%9C%A0-%EC%B4%AC%EC%98%81%EC%A7%80-%EC%9D%B8%EC%B2%9C-6%EA%B3%B3-%EC%84%9C%EC%9A%B8-5%EA%B3%B3%EC%9D%84-%EC%95%8C%EB%A0%A4%EB%93%9C%EB%A6%BD%EB%8B%88%EB%8B%A4,YSDL,KAKAO
후아유 - 학교 2015,양재천,playground,서울특별시 강남구 대치동 양재천,37.470194,127.03079,,KCISA,KCISA
후아유 - 학교 2015,63스퀘어,playground,서울특별시 영등포구 63로 50,37.519811,126.94017,,KCISA,KCISA
후아유 - 학교 2015,한강 공원 여의도 지구,playground,서울특별시 영등포구 여의동로 290,37.5290674,126.936218,,KCISA,KCISA
후아유 - 학교 2015,N서울타워,playground,서울특별시 용산구 남산공원길 105,37.551168,126.98824,,KCISA,KCISA
후아유 - 학교 2015,한강철교,playground,서울특별시 용산구 이촌동 한강철교,37.51938,126.9512,,KCISA,KCISA
후아유 - 학교 2015,송도센트럴파크,playground,인천광역시 연수구 컨벤시아대로 160,37.3924167,126.639565,,KCISA,KCISA
후아유 - 학교 2015,인천해송고등학교,playground,인천광역시 연수구 해송로 20,37.382423,126.64602,,KCISA,KCISA
훈남정음,제장마을,playground,강원도 정선군 신동읍 제장길 1-38,37.259049,128.58384,,KCISA,KCISA
훈남정음,압구정로,playground,서울특별시 강남구 압구정로 436,37.526557,127.04465,,KCISA,KCISA
훈남정음,인천국제공항,playground,인천광역시 중구 공항로 272,37.44919,126.4514,,KCISA,KCISA
훈남정음,성흥산 사랑나무,playground,충청남도 부여군 임천면 성흥로97번길 167,36.1971825,126.898347,,KCISA,KCISA
흉부외과: 심장을 훔친 의사들,삼청각,playground,서울특별시 성북구 대사관로 3,37.597208,126.98403,,KCISA,KCISA
흑기사,부용대,playground,경상북도 안동시 풍천면 광덕솔밭길 72,36.542914,128.51663,,KCISA,KCISA
흑기사,YTN 뉴스퀘어,playground,서울특별시 마포구 상암산로 76,37.579146,126.89229,,KCISA,KCISA
흑기사,응봉산 팔각정,playground,서울특별시 성동구 독서당로60길 13-1,37.547805,127.029886,,KCISA,KCISA
흑기사,샛강다리,playground,서울특별시 영등포구 여의도동 39,37.518835,126.91898,,KCISA,KCISA
흑기사,남산 야외식물원,playground,서울특별시 용산구 소월로 323,37.542202,126.99525,,KCISA,KCISA
흑기사,계동길,playground,서울특별시 종로구 계동길,37.580528,126.98678,,KCISA,KCISA
흑기사,돈화문로11다길,playground,서울특별시 종로구 돈화문로11다길,37.573123,126.99017,,KCISA,KCISA
흑기사,김형태가옥,playground,서울특별시 종로구 북촌로 67-4,37.582948,126.98483,,KCISA,KCISA
흑기사,북촌로11가길,playground,서울특별시 종로구 북촌로11가길,37.582775,126.98393,,KCISA,KCISA
흑기사,종로타워,playground,서울특별시 종로구 종로 51,37.570724,126.98358,,KCISA,KCISA
흑기사,천주교 서울대교구 주교좌명동대성당,playground,서울특별시 중구 명동길 74,37.5632772,126.986827,,KCISA,KCISA
흑기사,이화정동빌딩,playground,서울특별시 중구 정동길 17,37.567082,126.97049,,KCISA,KCISA
흑기사,중림동약현성당,playground,서울특별시 중구 청파로 447-1,37.559115,126.96744,,KCISA,KCISA
흑기사,CGV 명동역 씨네라이브러리,playground,서울특별시 중구 퇴계로 123,37.561238,126.98536,,KCISA,KCISA
흑기사,인천국제공항,playground,인천광역시 중구 공항로 272,37.44919,126.4514,,KCISA,KCISA
흑기사,인천개항박물관,playground,인천광역시 중구 신포로23번길 89,37.473263,126.62057,,KCISA,KCISA
힐러,청아공원기독교전용관,playground,경기도 고양시 일산동구 은마길 129,37.719031,126.80572,,KCISA,KCISA
힐러,겸재정선미술관,playground,서울특별시 강서구 양천로47길 36,37.572201,126.83843,,KCISA,KCISA
힐러,스타시티몰,playground,서울특별시 광진구 아차산로 272,37.538835,127.07305,,KCISA,KCISA
힐러,샛강다리,playground,서울특별시 영등포구 여의도동 39,37.518835,126.91898,,KCISA,KCISA
힐러,서강대교,playground,서울특별시 영등포구 여의도동 서강대교,37.536911,126.92495,,KCISA,KCISA
힐러,노들섬,playground,서울특별시 용산구 양녕로 445,37.5181029,126.957064,,KCISA,KCISA
힐러,청남대,playground,충청북도 청주시 상당구 문의면 청남대길 646,36.462546,127.4906,,KCISA,KCISA
힐러,서문교,playground,충청북도 청주시 서원구 사직동,36.635814,127.48352,,KCISA,KCISA
힐러,운보의 집,playground,충청북도 청주시 청원구 내수읍 형동2길 92-41,36.692197,127.5651,,KCISA,KCISA
힐러,청주첨단문화산업단지,playground,충청북도 청주시 청원구 상당로 314 청주첨단문화산업단지,36.656159,127.49093,,KCISA,KCISA
힘쎈여자 도봉순,대포항 등대,playground,강원도 속초시 대포항 등대,37.516844,126.92897,,KCISA,KCISA
힘쎈여자 도봉순,서울랜드,playground,경기도 과천시 광명로 181,37.433807,127.01894,,KCISA,KCISA
힘쎈여자 도봉순,엔씨소프트 R&D센터,playground,경기도 성남시 분당구 대왕판교로644번길 12,37.399502,127.10848,,KCISA,KCISA
힘쎈여자 도봉순,동화힐링캠프 글램핑,playground,경기도 파주시 파평면 파평산로363번길 32-9,37.891246,126.84092,,KCISA,KCISA
힘쎈여자 도봉순,최재훈스튜디오,playground,서울특별시 강남구 논현로 612,37.508379,127.03371,,KCISA,KCISA
힘쎈여자 도봉순,리오빌딩,playground,서울특별시 강남구 도산대로11길 18,37.518601,127.02268,,KCISA,KCISA
힘쎈여자 도봉순,보라매 공원,playground,서울특별시 동작구 여의대방로20길 33,37.493272,126.9198,,KCISA,KCISA
힘쎈여자 도봉순,와우산로,playground,서울특별시 마포구 서교동 406,37.552359,126.92372,,KCISA,KCISA
힘쎈여자 도봉순,홍대놀이터공원,playground,서울특별시 마포구 와우산로21길 19-3,37.552212,126.92334,,KCISA,KCISA
힘쎈여자 도봉순,월드컵공원,playground,서울특별시 마포구 하늘공원로 86,37.5708905,126.878429,,KCISA,KCISA
힘쎈여자 도봉순,난지한강공원,playground,서울특별시 마포구 한강난지로 162,37.564486,126.87945,,KCISA,KCISA
힘쎈여자 도봉순,더화이트베일웨딩,playground,서울특별시 서초구 서초중앙로 14,37.483574,127.01785,,KCISA,KCISA
힘쎈여자 도봉순,여의도공원,playground,서울특별시 영등포구 여의공원로 68,37.5281241,126.925754,,KCISA,KCISA
힘쎈여자 도봉순,여의서로,playground,서울특별시 영등포구 여의도동,37.533522,126.91482,,KCISA,KCISA
힘쎈여자 도봉순,오산고등학교,playground,서울특별시 용산구 보광로7길 17,37.523475,126.99958,,KCISA,KCISA
힘쎈여자 도봉순,낙산공원,playground,서울특별시 종로구 낙산길 41,37.580667,127.00746,,KCISA,KCISA
힘쎈여자 도봉순,이화동 마을박물관,playground,서울특별시 종로구 낙산성곽서1길 14,37.577519,127.00815,,KCISA,KCISA
힘쎈여자 도봉순,이화마을,playground,서울특별시 종로구 이화장길 70-11,37.577994,127.00719,,KCISA,KCISA
힘쎈여자 도봉순,탑골공원,playground,서울특별시 종로구 종로 99,37.57139,126.98877,,KCISA,KCISA
힘쎈여자 도봉순,라비두스,playground,서울특별시 중구 필동로5길 7,37.556652,126.99638,,KCISA,KCISA
힘쎈여자 도봉순,인천문학경기장,playground,인천광역시 남구 매소홀로 618,37.433952,126.69324,,KCISA,KCISA
힘쎈여자 도봉순,송도바다쉼터,playground,인천광역시 연수구 송도동 386-5,37.3471528,126.614908,,KCISA,KCISA
힘쎈여자 도봉순,대둔산 금강구름다리,playground,전라북도 완주군 운주면 산북리,36.123133,127.32339,,KCISA,KCISA
힘쎈여자 도봉순,대둔산,playground,전라북도 완주군 운주면 산북리 611-34,36.119945,127.323352,,KCISA,KCISA
힘쎈여자 도봉순,대둔산 안심사,playground,전라북도 완주군 운주면 안심길 372,36.108297,127.30302,,KCISA,KCISA
힙하게,을왕리해수욕장,playground,인천 영종구 을왕동,37.446292,126.372737,https://ys-dl.tistory.com/entry/%ED%9E%99%ED%95%98%EA%B2%8C-%EC%B4%AC%EC%98%81%EC%A7%80-4%EA%B3%B3%EC%9D%84-%EC%95%8C%EB%A0%A4%EB%93%9C%EB%A6%BD%EB%8B%88%EB%8B%A4%EC%97%85%EB%8D%B0%EC%9D%B4%ED%8A%B8%EC%A4%91,YSDL,KAKAO
힙하게,비룡쉼터,playground,인천 미추홀구 용현동 159-2,37.45374933,126.6550241,https://ys-dl.tistory.com/entry/%ED%9E%99%ED%95%98%EA%B2%8C-%EC%B4%AC%EC%98%81%EC%A7%80-4%EA%B3%B3%EC%9D%84-%EC%95%8C%EB%A0%A4%EB%93%9C%EB%A6%BD%EB%8B%88%EB%8B%A4%EC%97%85%EB%8D%B0%EC%9D%B4%ED%8A%B8%EC%A4%91,YSDL,KAKAO
힙하게,신학천,playground,전남광주통합특별시 완도군 군외면 신학리,34.37499894,126.6641162,https://ys-dl.tistory.com/entry/%ED%9E%99%ED%95%98%EA%B2%8C-%EC%B4%AC%EC%98%81%EC%A7%80-4%EA%B3%B3%EC%9D%84-%EC%95%8C%EB%A0%A4%EB%93%9C%EB%A6%BD%EB%8B%88%EB%8B%A4%EC%97%85%EB%8D%B0%EC%9D%B4%ED%8A%B8%EC%A4%91,YSDL,KAKAO
힙합왕-나스나길,압구정나들목,playground,서울특별시 강남구 압구정동 압구정나들목,37.373988,126.43924,,KCISA,KCISA
힙합왕-나스나길,남산도서관,playground,서울특별시 용산구 소월로 109,37.5526898,126.982065,,KCISA,KCISA
힙합왕-나스나길,후암동엘리베이터,playground,서울특별시 용산구 소월로 109,37.5526898,126.982065,,KCISA,KCISA
힙합왕-나스나길,소월로 계단 3번,playground,서울특별시 용산구 소월로 168,37.547514,126.98424,,KCISA,KCISA
