제목,줄거리,줄거리_번역여부,최초방영일,작품유형,포스터,장르,networks,에피소드수,평점,인기도,주연배우,match_similarity
#좋맛탱: 좋은 맛에 취하다,"스무살 그 이름만으로도 찬란한 나이. 처음으로 어른이 된 것 같아 교복 입을 아이들을 보고 으스대더라도, 진짜 잘난 것 같은 어른들을 보면 나도 모르게 주눅이 들고 마는. 그래도 떠올려보면, 늘 설레고 풋풋한 마음이 가득한 시절. 그리고 여기, 그 ‘스무살’을 닮은 동네가 있다. 바로 연남동이다. 홍대보다는 조금 더 감성적이고, 연희동보다는 조금 더 감각적인 곳! 이 ‘연남동’에서 스무살 두 남녀가 만난다. 연남동에서 스무살을 맞이한 충남과 연남의 풋풋한 이야기. 달콤한 디저트처럼, 달다구리한 로맨스로 거듭날 수 있을까?",TRUE,2018-12-24,Scripted,https://image.tmdb.org/t/p/w500/7mXqtzH9wraa4tSuNzXiVahWFZL.jpg,드라마,tvN,10,2.6,3.9498,노을|지화섭|김민규|김향기|이유영,1
(아는 건 별로 없지만) 가족입니다,"평생 일에 치여 가족과 거리감을 느끼는 아버지 상식은 등산을 떠나고 묵묵히 살림을 하며 지내온 어머니 진숙은 큰딸 은주와 둘째 은희, 막내 지우에게 폭탄선언을 한다. 자식들은 엄마의 결정에 혼란스럽고 은주는 상식에게 전화를 하지만 연락이 되지 않는다. 출판사일로 명상원을 찾은 은희는 5년전 절교한 찬혁을 만나게 되는데...",TRUE,2020-06-01,Scripted,https://image.tmdb.org/t/p/w500/zP0tEXW21KAlsDdTsKjXiHy1T4Y.jpg,드라마,tvN,16,7.3,3.6383,신재하|한예리|김지석|추자현|정진영,1
1%의 어떤것,안하무인 재벌 호텔리어와 초등학교 선생님의 유산 상속을 둘러싼 좌충우돌 바른 생활 로맨스,TRUE,2016-10-05,Miniseries,https://image.tmdb.org/t/p/w500/nexRfQ5Blp0TJ3CjQWEAMK0ko4P.jpg,코미디|드라마,Dramax,16,7.2,3.7992,하석진|전소민|임도윤|이해인|김선혁,1
18 어게인,"2001년 고등학생 대영은 국가대표 농구선수를 목표로 하고 있는 유망주, 농구밖에 모르는 그가 어린 다정에게 첫눈에 사랑에 빠진다. 두 사람은 연인으로 발전하고 뜻하지 않은 임신으로 쌍둥이의 부모가 됐다. 18년 후 꿈을 포기하고 열심히 살아온 대영에게 다정은 이혼을 요구한다. 대영은 자포자기하는 마음으로 체육관에서 공을 던지는데 갑자기 정전이 됐다, 그때부터 사람들이 대영을 학생이라고 부르기 시작하는데…",TRUE,2020-09-21,Miniseries,https://image.tmdb.org/t/p/w500/djWxHGEz6RCGf68mmJxf4igj4n6.jpg,드라마|코미디|Sci-Fi & Fantasy,JTBC,16,8.345,6.7115,이도현|김하늘|윤상현|노정의|려운,1
20세기 소년소녀,"진진(한예슬), 아름(류현경), 영심(이상희)은 ‘봉고파’ 친구들이다. 톱스타 진진은 예능 촬영을 위해 홍콩으로 떠나고, 투자전문가 지원(김지석)은 고향인 한국으로 돌아갈 채비를 한다. 한편 돌아오는 공항에서 진진은 본인의 충격적인 스캔들을 듣게 되는데…",TRUE,2017-10-09,Scripted,https://image.tmdb.org/t/p/w500/uJkpZsWZ0zHddColxLQh3ONXnTZ.jpg,코미디,MBC,32,6.182,5.2209,김지석|한예슬|이상우|류현경|이상희,1
24시 헬스클럽,'헬치광'이 된 관장 도현중이 근심이 과다한 헬린이 회원들의 인생을 교정하며 펼쳐지는 두근두근 근(筋) 성장극,TRUE,2025-04-30,Miniseries,https://image.tmdb.org/t/p/w500/d6SubGZP1j0m5gNurPEizxzuzFR.jpg,드라마|코미디,KBS2,12,7.563,4.5603,이준영|정은지|이미도|이다은|박성연,1
365: 운명을 거스르는 1년,"과거로 돌아가 인생을 반복해서 살 수 있는 '리셋'의 기회를 얻은 사람들. 꿈만 같은 시간을 보내던 그들에게 예측불허의 일들이 펼쳐진다. 과거를 바꾸기 시작하면서 그들 앞에는 예측불허한 일들이 펼쳐진다. '리셋'의 대가를 치르라는 듯, 차례로 찾아오는 죽음의 그림자. 살아남은 사람들은 생존을 위해 사건을 추적하기 시작하는데...",TRUE,2020-03-23,Miniseries,https://image.tmdb.org/t/p/w500/hivTCkAfb2tc5RhlnJl3j37KsRI.jpg,미스터리|드라마,MBC,24,7.5,4.7577,이준혁|남지현|김지수|양동근|이시아,1
38사기동대,"세금 징수 공무원과 사기꾼이 합심하여, 편법으로 부를 축적하고 상습적으로 탈세를 저지르는 악덕 체납자들에게 세금을 징수하는 통쾌한 스토리를 다룬 드라마",TRUE,2016-06-17,Scripted,https://image.tmdb.org/t/p/w500/cyNV8rpUnM05HXnQDb2uUwe2MGD.jpg,범죄|코미디,OCN,16,7.8,3.6074,마동석|서인국|최수영|송옥숙|고규필,1
49일,"사고로 모든 것이 무너지고 혼수상태에 빠진 그녀에게, 하늘에서 내려온 사신이 두 번째 기회를 건넨다. 하지만, 거기에는 조건이 있는데.",TRUE,2011-03-16,Scripted,https://image.tmdb.org/t/p/w500/2x1caDew3bVVzvzsB5rcripUMuz.jpg,드라마|Sci-Fi & Fantasy,SBS,20,8.094,4.4557,배수빈|이요원|남규리|조현재|정일우,1
"60일, 지정생존자","대통령의 국정 연설이 열리던 국회의사당이 갑작스러운 폭탄 테러 공격을 받아 붕괴되고, 대통령도, 국무총리도, 국회의장도, 국무위원들도 한날 한시에 사라져 버렸다. 국무위원 중 유일하게 생존한 환경부 장관이 승계서열에 따라 60일간의 대통령 권한대행으로 지정된다. 한반도를 둘러싼 군사적 긴장은 한발 한발 레드라인에 다가서고 권력의 공백을 허락할 수 없는 국내 정치판은 요동치기 시작하는데...",TRUE,2019-07-01,Scripted,https://image.tmdb.org/t/p/w500/fpRC1zhGOx3nvtkWb9Nrl6EZpwB.jpg,드라마|범죄|미스터리|War & Politics,tvN,16,7.804,4.2339,지진희|허준호|이준혁|강한나|배종옥,1
7급 공무원,"영화 7급공무원을 드라마로 리메이크한 작품.

모든것이 비밀인 국정원 직원 한길로 와 김서원

서로를 진심으로 사랑하지만 입만 열면 거짓말을 해야 하는 상황..

그런 사랑이 가능할까?

불가능할것 같았던 사랑을 가능으로 바꾸는 과정은 지난하다.

풋내기 신입 요원이 정예요원으로 성장하면서

그들은 요원의 자격과 함께 애인의 자격을 함께 가쳐간다.",TRUE,2013-01-23,Scripted,https://image.tmdb.org/t/p/w500/9x5cAQNdbekri1SogT5BawESRyI.jpg,Action & Adventure|코미디|드라마,MBC,20,7.1,3.2428,최강희|주원|안내상|황찬성|변승윤,1
7인의 탈출,"수많은 사람들의 거짓말과 욕망이 뒤엉켜 사라진 한 소녀. 그 소녀를 찾기 위한 거대 프로젝트가 시작된다! 그리고 소녀의 실종에 연루된 7인 앞에 펼쳐진 믿을 수 없는 사건들, 이들은 이 위기를 어떻게 탈출할 것인가?",TRUE,2023-09-15,Scripted,https://image.tmdb.org/t/p/w500/zfO0GgcdSqHKgz3nIxe7xAPrFLn.jpg,드라마|미스터리,SBS,17,7,11.5514,엄기준|황정음|이준|이유비|신은경,1
7일의 왕비,"단 7일, 조선 역사상 가장 짧은 시간동안 왕비 자리에 앉았다 폐비된 단경왕후 신씨와 중종의 로맨스를 그린 드라마",TRUE,2017-05-31,Miniseries,https://image.tmdb.org/t/p/w500/dQStvwjNeuXE7SwxzlFBRAs3uMe.jpg,드라마,KBS2,20,6.2,3.9062,박민영|연우진|이동건|장현성|강신일,1
99억의 여자,"우연히 현찰 99억원을 움켜쥔 여자가 세상과 맞서 싸우는 이야기를 담은 작품. 매주 많은 사람들이 로또를 산다. 인생 역전을 실현시켜 줄 6개의 번호. 하지만 당첨 확률은 희박하다. 막연한 꿈은 다음 주로 이어질 뿐. 희망없는 삶을 버텨가던 한 여자에게 로또 따위 비교되지 않는 기회가 찾아온다. 주인 잃은 현찰 99억 원! 망설임없이 그 돈을 움켜쥐지만 그때부터 지옥도가 펼쳐진다. 사랑, 우정, 양심... 그 모든 명분을 압도하는 탐욕스런 복마전! 평생 뼈저리게 고독했고, 누구에게도 사랑받지 못했던 여자가 99억을 지키는 싸움을 통해 스스로 강해지고, 거듭나는 이야기를 쓰려 한다.",TRUE,2019-12-04,Scripted,https://image.tmdb.org/t/p/w500/lEdl3RHYk2h4nONG0jcLtD6qdRx.jpg,범죄|드라마,KBS2,32,5.9,4.3147,조여정|김강우|정웅인|오나라|이지훈,1
9회말 2아웃,"야구는 인생과 닮아있다. 위기 뒤에는 반드시 찬스가 온다는 그 흐름의 미학. 찬스는 4번 타자의 쭉 뻗는 홈런에서 올 수도 있지만 상대의 어이없는 실책 하나에서 흐름이 말도 안 되게 뒤집혀버리기도 한다. 나맘ㄴ의 필살리고 승부를 해야 하는 순간이 있는가 하면 보내기 번트, 희생플라이, 고의사구처럼 현재를 희생해 뒷일을 도모해야 하는 순간도 온다. 투수는 타자를 끊임없이 속이고, 타자는 그 속임 안에서 타이밍을 잡아채야 한다. 경기가 진행되는 동안 한 순간도 긴장의 끈을 놓을 수가 없다. 매회 매 순간 어떤 실투가 어떤 스윙이 어떤 수비실수가 경기 전반을 망쳐버릴지 모를 일이기때이다. 

이 드라마는 30대에 접어드는 우리들의 이야기이다. 30대의 우리는 9회말 2아웃에 놓여있다. 물론 7회쯤 굳히기 타점을 뽑아내고 느긋하게 인생을 즐기고 있는 30대도 있겠지만 대체로 그러하지 못하다. 온갖 찬스와 시련을 반복해 오며 어찌어찌 경기를 끌어온 우리. 사랑에 지치고 희망에 배신당하고 냉혹한 사외에 당황하면서 몸도 마음도 만신창이가 되어 9회 말에 들어선다. 

첫 번째 타석은 주춤거리는 사이 놓쳐버렸고, 두번째 타석은 성급하고 무모한 스윙으로 허무하게 날아가 버렸다. 이미 체력도 바닥이 났고, 놓쳐버린 수많은 찬스를 무위로 돌려버린 후회가 머릿속을 온통 어리럽힌다. 전화에 맞은 데드볼로 타석에 바짝 다가서기조차 두렵지만 그렇다고 희망을 버릴 수도 없는 노릇이다. 100% 희망이 없어질 때까지 포기할 수 없는 것이 야구이고, 100% 희망이 없어졌다 해도 살아야 하는 것이 인생의 잔인함이다.",TRUE,2007-07-14,Scripted,https://image.tmdb.org/t/p/w500/u1ToG0tmD4M2DBn32oayRmFdWRl.jpg,코미디|로맨스,MBC,16,7.704,3.0848,수애|이정진|이태성|황지현|이상우,1
D.P.,탈영병을 잡는다. 이등병 준호에게 떨어진 새로운 임무. 그는 탈영병들을 추적하며 지독하게 고통스러운 현실을 마주한다. 그리고 아무리 도망쳐도 벗어날 수 없다는 것도 알게 된다.,TRUE,2021-08-27,Scripted,https://image.tmdb.org/t/p/w500/ufovksqVTNogMdU5LlCVbJSiMVa.jpg,드라마|Action & Adventure|범죄,Netflix,6,8.009,11.4041,정해인|구교환|김성균|손석구|이설,1
DNA러버,수많은 연애를 실패한 유전자 연구원 한소진이 마침내 유전자를 통해 자신의 짝을 찾아가는 오감발동 로맨틱 코미디,TRUE,2024-08-17,Scripted,https://image.tmdb.org/t/p/w500/zOe1qZUqYUaMAS0vedSrBuFxhOH.jpg,코미디|드라마,TV Chosun,16,3,3.7789,정인선|최시원|이태환|정유진|이시훈,1
LTNS,성적 욕망으로 불타올라 서로의 육체를 탐하던 시기는 속절없이 과거로 흘러가고 우진과 사무엘은 이제 육체적으로도 정서적으로도 다소 시들해진 부부 사이가 되었다. 바로 이 부부가 우연한 동기 끝에 불륜 커플 전문 협박단으로 거듭나 인생 역전의 기회를 노린다.,TRUE,2024-01-19,Miniseries,https://image.tmdb.org/t/p/w500/f71Tlsx9bl3UZvWqFynSpa7nGcl.jpg,코미디|드라마,TVING,6,7.5,14.1071,이솜|안재홍|이학주|김새벽|박주용,1
SF8,가까운 미래를 배경으로 기술발전을 통해 완전한 사회를 꿈꾸는 인간들의 이야기를 그린 영화와 드라마의 크로스오버 작품,TRUE,2020-08-14,Scripted,https://image.tmdb.org/t/p/w500/7uNR21ymUossQLYzCT0mlvLLFhH.jpg,Sci-Fi & Fantasy,MBC|wavve,8,6.9,4.5847,하준|이시영|하니|신소율|김보라,1
SKY 캐슬,"대한민국 최고의 명문사립 주남 대학교. 그 대학이 서울 근교의 숲속에 세운, 대학병원 의사들과 판· 검사 출신의 로스쿨 교수들이 모여 사는 유럽풍의 4층 석조저택 단지에서 명예, 권력을 모두 거머쥔 대한민국 상위 0.1%의 남편들과 함께 제 자식을 천하제일의 왕자와 공주로 키우고 싶은 명문가 출신의 사모님들은, 자녀들의 대학입시를 어떻게 준비할까? 3대째 의사가문, 법조인 가문을 만들어 내기 위한 그녀들만의 치열한, 철저한, 처절한 몸부림. 그 필사(必死)의 욕망이 꿈틀대는 내밀한 속을 샅샅이 들여다보는 리얼 코믹 풍자극.",TRUE,2018-11-23,Scripted,https://image.tmdb.org/t/p/w500/zpH8PTBJiKsJIzjSL9d3gJ3kAEM.jpg,코미디|드라마,JTBC,20,8.019,8.6098,염정아|윤세아|이태란|김서형|오나라,1
THE K2,"전쟁 용병 출신의 보디가드 K2와 그를 고용한 대선 후보의 아내, 그리고 세상과 떨어져 사는 소녀! 로열패밀리를 둘러싼 은밀하고 강렬한 보디가드 액션 드라마",TRUE,2016-09-23,Scripted,https://image.tmdb.org/t/p/w500/qz0hRqKlNNOS15tqdqB1qUyMQMl.jpg,Action & Adventure|드라마|범죄,tvN,16,7.892,10.5494,지창욱|송윤아|윤아|조성하|김갑수,1
VIP,"백화점 상위 1% VIP 고객을 관리하는 전담팀 사람들의 비밀스러운 프라이빗 오피스 멜로. 숨기고 싶은 비밀 하나 가지지 않은 사람이 있을까? 사람은 누구나 타인에게 자신의 취약함을 들키기 싫어한다. 상처를 감추고 싶은 본능. 그게 비밀이 만들어지는 메커니즘 중 하나다. 그리하여, 많은 비밀이 아픔을 동반한다. 이 드라마의 인물들 또한 그렇다. 겉으로 보기엔 아무 문제없이 잘살고 있는 것처럼 보이는 그들. 하지만 그들 한 켠엔 말 못할 비밀 하나씩이 자리 잡고 있다. 그리고 결국, 감추고 싶었던 비밀이 드러났을 때 아이러니하게도 그들은 비로소 공감과 위로를 얻게 된다. 진짜 서로를 이해하고 보듬게 된다. 그러니까 이 이야기는 비밀에 관한 이야기지만 결국 위로와 치유에 관한 이야기이기도 하다.",TRUE,2019-10-28,Scripted,https://image.tmdb.org/t/p/w500/238QU0BysJ5Jh0MG8VWZJDYw0AV.jpg,미스터리|드라마,SBS,16,6.5,3.8801,장나라|이상윤|이재원|신재하|이청아,1
W(더블유),"2016년 서울, 같은 공간 다른 차원을 교차하는 사건의 중심에 선 냉철한 천재 벤처재벌 강철과 활달하고 정 많은 외과의사 오연주가 펼치는 로맨틱 서스펜스 멜로 드라마",TRUE,2016-07-20,Scripted,https://image.tmdb.org/t/p/w500/jtBo40RgHzihmYYzzqkPOXyux8.jpg,드라마|코미디,MBC,16,8.4,9.3996,이종석|한효주|정유진|이태환|이시언,1
가슴이 뛴다,"100년 중 하루 차이로 인간이 되지 못한 반인뱀파이어 선우혈과 인간미라고는 찾아볼 수 없는 여자 주인해가 어쩌다 동거를 시작하며, 진정한 온기를 찾아가는 아찔한 목숨 담보 공생 로맨스",TRUE,2023-06-26,Miniseries,https://image.tmdb.org/t/p/w500/5pcU26JKPTVBZofYrUmGWmuNhZt.jpg,드라마|코미디|미스터리|Sci-Fi & Fantasy,KBS2,16,7.149,5.3425,옥택연|원지안|윤소희|박강현|고규필,1
가시리잇고,"우륵, 왕산악과 함께 3대 음악 천재로 알려진, 과거에서 온 27세 천재 뮤지션 '박연'과 22세 버스킹 소녀 '민유정', 과거의 악사이자 현재의 인기 아이돌 24세 '이원', 과거 신녀이자 현재 엔터테인먼트 실장 23세 '도영' 등을 중심으로 20대 눈부신 청춘들의 사랑과 꿈을 담은 판타지 뮤직 로맨스",TRUE,2021-02-26,Scripted,https://image.tmdb.org/t/p/w500/8FvS9a8Q3JqAjlXWYnlCRuxRTUC.jpg,드라마,Seezn,8,3.8,1.521,강찬희|박정연|이승협|지안,1
가족x멜로,11년 전에 내다 버린 아빠가 우리 집 건물주로 컴백하며 벌어지는 피 튀기는 패밀리 멜로,TRUE,2024-08-10,Scripted,https://image.tmdb.org/t/p/w500/yGZVMv16qNurDXWOi67oPmp2IrE.jpg,가족|드라마,JTBC,12,7.821,4.1552,지진희|김지수|손나은|민호|윤산하,1
가족계획,기억을 자유자재로 편집할 수 있는 특수한 능력을 가진 엄마가 가족들과 합심하여 악당들에게 지옥을 선사하는 이야기,TRUE,2024-11-29,Scripted,https://image.tmdb.org/t/p/w500/3Ee1rjX1aycWOHQux9rzLMVWNnt.jpg,드라마|범죄|코미디|미스터리,Coupang Play,6,7.975,5.5095,배두나|류승범|백윤식|로몬|이수현,1
가족끼리 왜 이래,자식들만을 바라보며 살아온 '자식 바보' 아빠가 이기적인 자식들을 개조하기 위해 고육지책으로 내놓은 불효 소송을 중심으로 가족이기에 당연하게 여겼던 고마움과 미안함을 전하는 가족 드라마,TRUE,2014-08-16,Scripted,https://image.tmdb.org/t/p/w500/lgIFzPOTRVcTPwfx7HvpuPpDTJM.jpg,드라마|코미디,KBS2,53,7.8,3.7353,유동근|김현주|김상경|윤박|박형식,1
각시탈,삶의 지친 우리들에게 시원한 한방을 선사할 한국판 슈퍼히어로 각시탈의 대활약을 그려낼 드라마. 이름없는 영웅의 운명을 택했기에 목숨같은 사랑을 버려야 했던 남자. 그리고 그를 지키려했던 여자의 영영 사무칠 애절한 사랑 이야기.,TRUE,2012-05-30,Scripted,https://image.tmdb.org/t/p/w500/vvP14Azuf5vaNbMSkTA3ZsEflYx.jpg,드라마,KBS2,28,7.522,3.7996,주원|진세연|박기웅|한채아|신현준,1
간 떨어지는 동거,999살 구미호 신우여와 쿨내나는 요즘 여대생 이담이 얼떨결에 한집 살이를 하며 펼치는 977살 세대극복 로맨틱코미디.,TRUE,2021-05-26,Miniseries,https://image.tmdb.org/t/p/w500/z5hWZAnMnvVJS8K6NNrbUbl8W29.jpg,드라마|Sci-Fi & Fantasy,tvN,16,8.155,6.8616,장기용|이혜리|배인혁|강한나|김도완,1
간택 - 여인들의 전쟁,"간택은 그 시절의 서바이벌 오디션인 셈이다. 그러나 ,  등  대부분의 문헌은 오직 왕실의 입장에서 쓰인 점잖은 기록.

역사가 담아내지 않은 날것의 19세기 여인들은 과연 어떤 모습이었을까?

그런 상상에서 이야기는 시작된다.",TRUE,2019-12-14,Scripted,https://image.tmdb.org/t/p/w500/pse4QCGMBSFeCY6yQ84qaO99wrU.jpg,드라마,TV Chosun,16,4.6,3.5319,진세연|김민규|이열음|도상우|손병호,1
감사합니다,"횡령, 비리, 사건사고가 끊이지 않는 건설회사 감사팀,

회사 갉아먹는 쥐새끼들 소탕하러 온 이성파 감사팀장 신차일과 감성파 신입 구한수의 본격 오피스 클린 활극",TRUE,2024-07-06,Scripted,https://image.tmdb.org/t/p/w500/ogzR8jhg8T4t4RmjcriPFU8wkPR.jpg,범죄|드라마,tvN,12,7.765,3.6006,신하균|이정하|진구|조아람|정문성,1
감자연구소,산골짜기 감자연구소를 배경으로 한 병맛 로맨스 코미디 드라마로 약간 나사 빠진 어른들의 하나도 안 풋풋한 로맨스,TRUE,2025-03-01,Scripted,https://image.tmdb.org/t/p/w500/8OQZwmjD81uDk27ICiSbJZeGOrM.jpg,코미디|드라마,tvN,12,7.71,4.6701,이선빈|강태오|이학주|김가은|신현승,1
갑동이,화성연쇄살인사건을 모티프로 한 일탄 연쇄살인사건을 다룬 범죄수사 드라마,TRUE,2014-04-11,Scripted,https://image.tmdb.org/t/p/w500/5ulmGI4lABXPdDji9WN8sGmYE7x.jpg,범죄|드라마|미스터리,tvN,20,6.4,4.4825,정인기|조민준|윤상현|김민정|성동일,1
강남 비-사이드,"강남 클럽 에이스 재희가 사라지자 사건 해결을 위해 돌아온 형사 강동우와 신분 상승의 기회로 이 사건을 쫓는 검사 민서진, 용의선상에 스스로 오른 강남의 무법자 윤길호가 서로 다른 이유와 목표로 실종사건 이면에 숨은 거대 커넥션의 실체를 쫓기 시작한다.",TRUE,2024-11-05,Scripted,https://image.tmdb.org/t/p/w500/hgBuEB1rVVWDlH9hpPzreViES3j.jpg,범죄|드라마|미스터리,Disney+,8,7.401,9.489,조우진|지창욱|하윤경|비비|정재광,1
강매강,"검거율 꼴찌 송원서 강력 2팀은 잠복수사 실패 후 반장은 쫓겨나고, 사무실은 폐업한 어린이집으로 이전된다. 그런 강력 2팀 앞에 나타난 새로운 반장 동방유빈. 처음엔 유빈에게 의구심을 갖지만, 함께 사건들을 해결하면서 점점 서로에 대한 믿음이 쌓이며 진정한 한 팀으로 거듭난다.",TRUE,2024-09-11,Scripted,https://image.tmdb.org/t/p/w500/8IYJeVbJbgZyQ7FAhI2gHpapqa3.jpg,코미디|범죄|드라마,Disney+,20,8.545,9.6217,김동욱|박지환|서현우|박세완|이승룡,1
개소리,개의 목소리를 듣게 된 원로 배우가 수상한 사건을 해결하는 과정을 다룬 이야기.,TRUE,2024-09-25,Scripted,https://image.tmdb.org/t/p/w500/vxjzR33qgBQXtvFdSNZA0oSo9hJ.jpg,코미디|드라마,KBS2,12,7.8,2.2188,이순재|배정남|김용건|예수정|임채무,1
개인의 취향,발칙한 가짜 게이와 연애 쑥맥 엉뚱녀의 대담하고 솔직 담백한 동거일기를 그린 트렌디 드라마다. 게이 남자친구를 사귀고 싶어하는 한 여자의 룸메이트가 되기 위해 졸지에 게이가 돼버리는 에피소드를 담은 작품이다.,TRUE,2010-03-31,Miniseries,https://image.tmdb.org/t/p/w500/yntvGKccVJka8qa2Ml8KG6qap2V.jpg,코미디|드라마,MBC,16,7.847,4.1694,손예진|이민호|안석환|류승룡|임슬옹,1
개인주의자 지영씨,"타인과의 관계를 끊고 완벽한 개인주의자로 살던 여자가 타인과의 관계없이 못 사는 의존적인 남자를 만나 서로를 치유하고 기울어진 삶을 바로잡게 되는 코믹 로맨스 심리극.불행해지지 않기 위해, 상처받지 않기 위해스스로 행복해질 기회마저 차단해버린 요즘 세대를 위한 힐링 로맨스!",TRUE,2017-05-08,Miniseries,https://image.tmdb.org/t/p/w500/koQ9dzbgqBZaC4mvjjwjcIRZun5.jpg,드라마|코미디,KBS2,2,7.9,2.3797,민효린|공명|오나라|지일주|장희령,1
갯마을 차차차,"현실주의 치과의사 윤혜진과 만능 백수 홍반장이 짠내 사람내음 가득한 바닷마을 공진에서 벌이는 티키타카 힐링 로맨스. 대도시 생활을 접은 치과의사가 바닷가 마을에서 병원을 개업한다. 끈끈하기 그지없는 이 동네, 그곳에서 만난 만능 백수 히어로. 모든 면에서 그녀와 정반대를 달리는데, 은근히 매력이 넘친다?",TRUE,2021-08-28,Miniseries,https://image.tmdb.org/t/p/w500/ub2ZaobABSYtkWKaEycWmMjkorP.jpg,코미디|드라마,tvN,16,8.202,11.0299,신민아|김선호|이상이|공민정|김영옥,1
거래,"준성과 재효는 오랜만에 고교 동창 민우를 만나 밤새 술을 마신다. 다음 날 아침 재효는 자신도 모르게 민우 엄마에게 전화로 이렇게 말한다. “당신 아들을 데리고 있습니다. 10억 준비하세요.” 의대생인 재효는 커닝을 했다는 이유로 퇴학당할 위기에 놓였고, 준성은 입대 전에 진 사채가 어마어마하게 불어나 앞날이 막막하다. 그 둘이 범죄를 저지르게 된다. 한편 옆집에 사는 경찰 준비생 수안은 둘을 의심하게 된다.",TRUE,2023-10-06,Miniseries,https://image.tmdb.org/t/p/w500/jg4sh6Ylb0WoVwH87OAzmvyODX0.jpg,범죄|드라마,wavve,8,7.8,2.8145,유승호|김동휘|유수빈|이주영|백지원,1
건빵선생과 별사탕,"일진회를 비롯한 학교의 문제아들은 어떤 면에서, 우리 사회가, 우리네 가정들이 이렇게 아프다고, 이렇게 병들어 있다고, 온몸으로 질러대는 비명은 아닐까? 여기, 고교시절에 문제 행동으로 학교 밖으로 조기에 격리됐다가 세상 모진 풍파를 다 겪고 마침내 모교의 선생이 되어 돌아오는 한 여자가 있다. 학교의 문제아들을 대하는 그녀의 문제적 행동(교육)을 통해 우리 학교와 가정과 사회의 상처를 따뜻하게 끌어안아보고자 한다.",TRUE,2005-04-13,Scripted,https://image.tmdb.org/t/p/w500/fyyZs76k5xqGi29lZJWYCOVyui5.jpg,드라마,SBS,16,6.7,2.1095,공효진|공유|김대현|최여진|서준영,1
검법남녀,"모든 접촉은 흔적을 남긴다! 범죄에도, 그리고 인생에도. 그리하여 완전 범죄란 없다. 그러나 그들의 공조는 완전하다. 피해자를 부검하는 괴짜 법의학자와 가해자를 수사하는 초짜 검사의 아주 특별한 공조가 펼쳐진다. 완벽주의에 괴팍한 성격을 가진 법의학자인 백범과 포토메모리 능력을 가졌지만 허당미 가득한 검사 은솔의 공조 수사를 다룬 드라마.",TRUE,2018-05-14,Scripted,https://image.tmdb.org/t/p/w500/w3vY4iqn1Go7zsoRCKqRfGXTPDq.jpg,드라마|미스터리|범죄,MBC,32,7.182,10.287,정재영|정유미|박은석|이이경|안석환,1
검사 프린세스,"금수저 출신으로 곱게 자란 철부지 여자. 사법고시를 한방에 패스하고 손쉽게 검사가 되지만, 곧 초임 검사로서 배워야 할 것이 많다는 사실을 깨닫는다.",TRUE,2010-03-31,Scripted,https://image.tmdb.org/t/p/w500/66jTeM1uR7gEi6a4AB93kKnjdyU.jpg,드라마,SBS,16,6.3,2.4937,김소연|박시후|한정수|최송현|민영원,1
검색어를 입력하세요 WWW,"10대부터 60대까지 검색을 안 해 본 사람은 없다. 포털에 접속하지 않는 사람은 없다. 그리고 여기 성공에 대한 욕망으로 똘똘 뭉쳐 서로를 이기기 위해서 몸을 불사르는 세 여자가 있다. 입바른 소리로 판을 엎는 프로깽판러, 배타미. 분노조절장애의 폭력전과범, 차현. 성공 앞에 가차 없는 청순한 냉미녀, 송가경. 잘 나가고 싶은 이 세 여자에겐 욕망의 계기 같은 거 없다. 이들은 말한다. 성공하고 싶은데 이유가 왜 필요해. 가치관 선명하고 뚜렷한 세 여자들. 틀린 사람은 없다, 아주 많이 다를 뿐. 트렌드를 이끄는 포털사이트, 그 안에서 당당하게 일하는 여자들과 그녀들의 마음을 흔드는 남자들의 리얼 로맨스.",TRUE,2019-06-05,Scripted,https://image.tmdb.org/t/p/w500/s34j381n5B4oARTQ5pctFORZVfS.jpg,드라마|코미디,tvN,16,8.019,6.842,임수정|이다희|전혜진|장기용|이재욱,1
검은 태양,2021년 7월 MBC에서 방영을 시작한 스릴러. 국정원 최고의 현장 요원으로 불리는 한 자루 예리한 칼과 같은 사내. 오로지 조직과 임무에 자신의 모든 걸 걸어온 그에게 예상치 못한 사고가 발생한다. 그리고 그것을 계기로 그때까지 자신도 몰랐던 정보기관의 어두운 이면을 목도하게 되고 처음부터 모든 것을 회의하기 시작한다. 이 드라마는 국정원 최고의 요원이라고 불리는 사내가 자신을 나락으로 떨어뜨린 내부 배신자의 존재를 찾아 나서게 되면서 조직 이면에 존재하고 있던 거대한 괴물과 맞서게 된다는 이야기이다. 그리고 그것을 위해서 자신의 내면에 자리하고 있던 깊은 어둠과 대면하게 되는 과정을 그린 기록이다.,TRUE,2021-09-17,Scripted,https://image.tmdb.org/t/p/w500/stIsbtXpWpEZPfKGt4sKfOQRtuX.jpg,범죄|미스터리|Action & Adventure,MBC,12,7.9,5.9649,남궁민|박하선|김지은|김병기|이경영,1
견우와 선녀,죽음의 운명이 결정된 소년 견우와 그의 목숨을 구하기 위해 나선 MZ 무당 소녀 성아의 첫사랑이 담긴 청춘의 이야기가 시작된다.,TRUE,2025-06-23,Scripted,https://image.tmdb.org/t/p/w500/g0GH6h5UERTa1UhgQOaDITipk5m.jpg,Sci-Fi & Fantasy|드라마|코미디,tvN,12,8.641,10.3158,조이현|추영우|차강윤|추자현|길해연,1
결혼계약,인생의 가치가 돈뿐인 남자와 삶의 벼랑 끝에 선 여자가 극적인 관계로 만나 진정한 사랑의 의미를 찾아가는 정통 멜로 드라마,TRUE,2016-03-05,Scripted,https://image.tmdb.org/t/p/w500/aohBKWnnpLNQVdpJKSw5VrT3tYv.jpg,드라마,MBC,16,7.8,4.4053,이서진|유이|김용건|박정수|이휘향,1
결혼백서,연애의 행복한 결말은 프러포즈 아니던가. 하지만 이 커플에게 프러포즈는 끝이 아닌 시작. 결혼 준비라는 힘겨운 전쟁의 서막이었다.,TRUE,2022-05-23,Scripted,https://image.tmdb.org/t/p/w500/k5iEn12RF4WQuxwY5kZa5SYu83M.jpg,드라마,Kakao TV|Netflix,12,7,3.5723,이진욱|이연희|황승언|길용우|송진우,1
결혼의 여신,"신념과 가치, 인생관이 다른 주인공들의 사랑과 갈등을 통해 우리 시대 진정한 결혼의 의미와 소중함을 그려낸 드라마.",TRUE,2013-06-29,Scripted,https://image.tmdb.org/t/p/w500/tRQAhoS3uZL8Kr95PRNgKwfRuEM.jpg,코미디|드라마|가족,SBS,36,1.333,3.5687,남상미|이상우|김지훈|이태란|클라라,1
결혼의 완성,"남은 건 서로에 대한 원망 뿐인 붕괴 직전의 부부 태주와 세윤. 이혼 얘기까지 오가던 어느 날, 술에 취한 태주가 한 말로 인해 아내 세윤이 의문의 범죄자에게 납치된다. 설상가상 납치 사건의 용의자로 남편인 태주가 지목되면서, 태주는 경찰을 피해 홀로 아내를 구해야 하는 상황에 처한다. 돈을 노린 범행이라 생각했던 사건은 숨겨져 있던 진실로 이어지고… 태주는 세윤을 위해 극한까지 자신을 내던져야만 한다.",TRUE,2026-07-04,Scripted,https://image.tmdb.org/t/p/w500/tC7y1Ut98xH8Ovs1KhxRPMkwEmN.jpg,범죄|드라마|미스터리,KBS2,12,8.636,8.8418,남궁민|이설|김대명|이상희|장광,1
결혼작사 이혼작곡,"잘나가는 30대, 40대, 50대 매력적인 세 명의 여주인공에게 닥친 상상도 못 했던 불행에 관한 이야기, 진실한 사랑을 찾는 부부들의 불협화음을 다룬 드라마",TRUE,2021-01-23,Scripted,https://image.tmdb.org/t/p/w500/xRsQec0JQUXQuTVaTURXs9QYHn5.jpg,드라마,TV Chosun,16,7.367,9.5992,성훈|이가령|이태곤|박주미|전노민,1
결혼해YOU,결혼 기피 조건을 다 갖춘 섬 총각 봉철희의 결혼을 성사시키기 위해 급조된 '결혼사기진작팀'에 유배 당한 비혼주의 공무원 정하나의 고군분투 과정을 다룬 '중매 로맨스',TRUE,2024-11-16,Scripted,https://image.tmdb.org/t/p/w500/x2nQQPyZPhY2zC4XxWZMtELapn1.jpg,드라마|코미디,Channel A,10,6.2,3.1312,이이경|조수민|준회|지수연|우현,1
경도를 기다리며,풋풋했던 스무 살에 만나 사랑했던 옛 연인 이경도와 서지우가 인생의 생각지 못한 순간에 재회하면서 겪게 되는 로맨틱 코미디,TRUE,2025-12-06,Scripted,https://image.tmdb.org/t/p/w500/pkEq1AhKKkUzYomIw5hhz4exWFv.jpg,코미디|드라마,JTBC,12,7.7,8.4047,박서준|원지안|이엘|이주영|강기둥,1
경우의 수,"10년에 걸쳐 서로를 짝사랑하는 여자와 남자의 리얼 청춘 로맨스. 진심은 빼놓고 인스턴트 연애만 하는 ‘연알못’ 우연. 기다리던 100일 기념일, 애인에게 차인 우연은 자신의 저주를 상기한다. 누구도 사랑할 수 없는 저주, 딱 한 사람 그 애, 이수만 빼고. 10년 전 우연에게, 우연의 첫사랑에게는 무슨 일이 있었던 걸까?",TRUE,2020-09-25,Scripted,https://image.tmdb.org/t/p/w500/mO1v6vDMQ7ZF8TilVAv5SOFyGGs.jpg,드라마,JTBC,16,5.5,3.6555,옹성우|신예은|김동준|피오|안은진,1
경이로운 소문,"명인 포스의 주방 여사 추매옥을 중심으로, 칼자국 깊게 패인 건달 아우라의 주방 보조 가모탁, 반찬은 셀프를 외치는 시니컬한 홀서빙 도하나 그리고 고교생 알바 소문. 대화도 없이 눈빛만으로도 합이 쩍쩍 맞는 국숫집을 운영하는 네 사람의 실제 직업은 슈퍼히어로다. 그들은 죽음의 강을 건너다가 악귀 사냥꾼으로 다시 태어났다. 사람은 살리고, 악귀는 잡는 따뜻한 이웃, 카운터들의 통쾌한 악귀 사냥이 시작된다.",TRUE,2020-11-28,Scripted,https://image.tmdb.org/t/p/w500/xwXgYXqxLRAYfVGUaS1STEFnmzZ.jpg,드라마|미스터리|Action & Adventure,OCN|tvN,16,8.345,21.0422,조병규|유준상|김세정|염혜란|안석환,1
경찰수업,온몸 다 바쳐 범인을 때려잡는 형사와 똑똑한 머리로 모든 일을 해결하는 해커 출신 범죄자 학생이 경찰대학교에서 교수와 제자의 신분으로 만나 공조 수사를 펼치는 좌충우돌 캠퍼스 스토리,TRUE,2021-08-09,Miniseries,https://image.tmdb.org/t/p/w500/m1nb3hQ0OPqCmR7Esplv8tQ2eXD.jpg,코미디|드라마|범죄,KBS2|wavve,16,7.613,4.0348,차태현|정진영|정수정|추영우|홍수현,1
계룡선녀전,"저기 저 어딘가 수상쩍은 산골 바리스타 할머니가, ‘선녀와 나무꾼’의 바로 그 선녀라면...?  계룡산 자락에서 수수께끼 선문답을 일삼는 할머니가 있는데 알고 보니 기가 막힌 커피를 내리는 바리스타고 심지어 날개옷이 어디 있는지 알려주지 않고 갑자기 세상을 떠난 남편의 환생을 699년째 기다리는 선녀란다. 우리 모두가 알고 있는 ‘선녀와 나무꾼’ 설화에서 출발한 이 이야기는 현실을 살고 있는 두 명의 남편 후보를 만나면서 더 이상 설화가 아닌 우리의 일상으로 사뿐히 날아든다.",TRUE,2018-11-05,Scripted,https://image.tmdb.org/t/p/w500/t1BLfRbP6lpW38t9uNiqzC6V5dY.jpg,코미디|드라마,tvN,16,7,1.9225,문채원|고두심|윤현민|서지훈|전수진,1
계백,백제의 31대 마지막 왕 의자왕과 장수 계백을 재조명하는 퓨전사극이다.,TRUE,2011-07-25,Scripted,https://image.tmdb.org/t/p/w500/4Ritqjtyz2IZmlmaR2aKyQijYRF.jpg,드라마|Action & Adventure,MBC,36,6,4.1535,이서진|이현우|조재현|최원홍|노영학,1
고교처세왕,철없는 고등학생이 대기업 간부로 입사하면서 벌어지는 에피소드를 그린 로맨틱 코미디 드라마,TRUE,2014-06-16,Scripted,https://image.tmdb.org/t/p/w500/e108O8MKi74uyokf6Dpo23rwxqa.jpg,코미디|로맨스|드라마,tvN,17,7.5,4.2202,서인국|이하나|이수혁|이태환|강기영,1
고백부부,"결혼을 후회하는 부부의 전쟁 같은 리얼 인생 체인지 드라마. 누구에게나 인생의 가장 후회되는 순간으로 돌아가고 싶을 때가 있다. 여기 눈만 마주쳐도 못 잡아먹어 안달인 동갑내기 부부가 그렇다. 사랑에 눈이 멀어 스물넷 꽃다운 나이에 피보다 진한 부부의 연을 맺었다. 그 철없던 시절을 후회하며 사는 이 부부 앞에 다시 펼쳐지는 스무 살의 낭만라이프! 앙숙 부부의 전쟁 같은 리얼 인생 바꾸기 프로젝트가 시작된다. 그러나 그들이 간과하고 있는 것 하나, 바로 후회되는 그 순간의 선택은 어쩌면 그 순간 자신에게 가장 최선의 선택이었다는 것을. 과연 그들은 다시 돌아간들 다른 선택을 할 수 있을까? 그 선택 이후, 부부가 살아낸 그 훈장 같은 18년의 기억들을 다 버리고...?",TRUE,2017-10-13,Scripted,https://image.tmdb.org/t/p/w500/acUcMf3OdPren7Ikvps3mgbRKlB.jpg,코미디|Sci-Fi & Fantasy,KBS2,12,7.716,5.1226,장나라|손호준|임지규|허정민|한보름,1
고스트 닥터,"신들린 의술의 오만한 천재 의사와 사명감이라곤 1도 없는 황금 수저 레지던트, 배경도 실력도 극과 극인 두 의사가 바디를 공유하면서 벌어지는 메디컬 스토리.",TRUE,2022-01-03,Scripted,https://image.tmdb.org/t/p/w500/gjoSTHCir9xQh4vMbuSlHLki7I9.jpg,코미디|드라마|Sci-Fi & Fantasy,tvN,16,7.938,5.2761,비|김범|유이|손나은|김재용,1
고품격 짝사랑,키우는 신인마다 톱스타로 만드는 마이더스의 손! 차세대 까도남 CEO 세훈이 우연히 만난 산골 순수 처녀 이령을 캐스팅하기 위해 고군분투하며 벌어지는 예측불허 로맨틱 코미디,TRUE,2015-11-14,Scripted,https://image.tmdb.org/t/p/w500/umA8Twf4MxHUfiMNMxFCgyf1eZ1.jpg,코미디|드라마,Sohu Video|MBN,20,5.8,3.0431,정일우|진세연|이시언|윤보라|이주헌,1
고호의 별이 빛나는 밤에,"일도 잡고, 사랑도 잡고 싶은 29살 광고쟁이 고호와 남친후보 5인의 오지선다 오피스 로맨스",TRUE,2016-07-02,Miniseries,https://image.tmdb.org/t/p/w500/uHisXVBIe2tGu6xqqWS8EmsRqcl.jpg,코미디,Sohu Video|SBS,20,6.9,2.8134,신재하|이지훈|권유리|김영광|최덕문,1
골드랜드,밀수 조직의 금괴를 우연히 넘겨받게 된 ‘희주’가 금괴를 둘러싼 여러 군상들의 탐욕과 배신이 얽힌 아수라장 속에서 금괴를 독차지하려는 욕망에 사로잡혀 벌이는 사투를 그린 작품.,TRUE,2026-04-29,Miniseries,https://image.tmdb.org/t/p/w500/exAqL4Hbh2M712QlFwGDTqZeiAl.jpg,드라마|범죄|미스터리,Disney+,10,7.733,7.1863,박보영|김성철|이현욱|이광수|김희원,1
공작도시,"대한민국 정재계를 쥐고 흔드는 성진그룹의 미술관을 배경으로, 최고의 자리에 오르고자 하는 치열한 욕망을 담은 미스터리 심리 스릴러 드라마.",TRUE,2021-12-08,Scripted,https://image.tmdb.org/t/p/w500/aeUT2aRyHGXSetynkosSEnedDDS.jpg,드라마|미스터리,JTBC,20,6.6,4.459,수애|김강우|김미숙|이이담|이학주,1
공주의 남자,정치적 숙적이었던 수양대군과 김종서의 두 자녀 이세령과 김승유의 사랑 이야기,TRUE,2011-07-20,Scripted,https://image.tmdb.org/t/p/w500/gz8QeL4tgAjVaP4m7APxaJ9J33m.jpg,드라마,KBS2,24,6.7,4.5335,박시후|문채원|홍수현|송종호|이민우,1
공항 가는 길,"삶에, 두 번째 사춘기가 온다. 삶의 중반, 인생의 반환점에 도달했지만 현실에 흔들리는 30대, 파도처럼 몰려오는 삶의 부침 속에서 우리에게 필요한 것은, 그저 작은 한 마디다. 순간의 기댐. 그 어떤 것들. 그리고 서슴없이 그것을 전하는 단 한 사람. 지금 이 사람이 꼭 필요하고, 이 사람이 주는 ‘위로’가 절실하다. 그래서, 노력한다. 보는 이들이 응원해주고 싶을 만큼. 세상에서 가장 따뜻한 위로, 가장 절절한 사랑이 온다!",TRUE,2016-09-21,Scripted,https://image.tmdb.org/t/p/w500/yx5MR25Cl5I8lVZM8CEDSYePsfY.jpg,코미디|드라마|가족,KBS2,16,6.778,2.7184,김하늘|이상윤|신성록|최여진|장희진,1
광장,스스로 아킬레스건을 자르고 광장을 떠났던 기준. 그가 조직의 2인자였던 동생 기석의 죽음을 파헤치고자 11년 만에 돌아온다. 차가운 복수를 향해 타협 없이 직진하는 강렬한 누아르 액션.,TRUE,2025-06-06,Miniseries,https://image.tmdb.org/t/p/w500/moKcq3vV0WlYkqln1g48cIgOPue.jpg,Action & Adventure|드라마,Netflix,7,7.856,13.7281,소지섭|허준호|공명|추영우|안길강,1
"괜찮아, 사랑이야",정신과를 배경으로 마음의 병을 짊어지고 사는 현대인들의 삶과 사랑을 그린 작품,TRUE,2014-07-23,Scripted,https://image.tmdb.org/t/p/w500/pqwLrG9gwmNmWFIAldlCPMnRoJ4.jpg,코미디|드라마,SBS,16,8.088,4.6201,조인성|공효진|성동일|이광수|진경,1
괴리와 냉소,'프로 관종'이 되고 싶은 '아마추어 관종' 오괴리와 '프로 손절로' 안냉소가 금남 아파트에 입주해 괴짜 가족이 돼가는 과정을 그린 성장 드라마,TRUE,2024-11-22,Scripted,https://image.tmdb.org/t/p/w500/gfkpLCogGijetDrGUlNEHEdw98f.jpg,코미디,MBN,2,0,1.1475,전소민|한승연|임소영,1
구경이,경찰 출신의 보험조사관 구경이. 바깥세상과 단절된 채 지내던 그녀가 세상에 나와 연쇄 살인마를 쫓기 시작한다. 완벽하게 사고로 위장된 사건. 범인은 우리 주변에 있다!,TRUE,2021-10-30,Scripted,https://image.tmdb.org/t/p/w500/5APaAl6eErwjDSKrabquiA9j0Ze.jpg,Action & Adventure|코미디|드라마|미스터리|범죄,JTBC,12,7.4,4.5216,이영애|김혜준|김해숙|곽선영|백성철,1
구르미 그린 달빛,"한 나라의 세자가, 내시와 사랑에 빠졌다! 츤데레 왕세자 이영과 남장 내시 홍라온의 예측불허 궁중위장 로맨스. 운종가에서 돈을 받고 연애상담을 해주는 여심전문가 홍라온! 정도령 대신 연서의 상대를 만나러 간 라온, 헌데 눈앞에 나타난 사람은 어여쁜 처자가 아닌 훤칠하고 잘생긴 사내 사내 옷을 입었지만 실은 여자인 라온에게 그들이 내민 것은 바로 내시계약서...!",TRUE,2016-08-22,Scripted,https://image.tmdb.org/t/p/w500/tUgHEXrYPjkzpY4aUCDg7YZh7uF.jpg,코미디|드라마|War & Politics,KBS2,18,6.977,15.4913,박보검|김유정|정진영|채수빈|곽동연,1
구미호뎐,"1999년, 여우고개에서 벌어진 기이한 교통사고로 부모를 잃은 9살 소녀, 지아. 21년 후, 30살이 된 지아는 세상의 숨겨진 미스터리를 찾아서 밝히는 탐사보도 프로그램 “도시 괴담을 찾아서”의 피디로 활약 중이다. 그런데 어느 날, 지아네에 수상한 ‘괴물’에 대한 제보가 들어오는데...",TRUE,2020-10-07,Scripted,https://image.tmdb.org/t/p/w500/toZBZ9XS9U3Xle13ZobiUf5vpGB.jpg,Sci-Fi & Fantasy|드라마|코미디|미스터리,tvN,16,8.362,11.1181,이동욱|조보아|김범|김용지|황희,1
구미호뎐1938,"이연이 산신이 된 과정을 비롯해 전 시즌에서 못다한 이랑의 이야기 등을 설화에 녹인 드라마. 드라마 ""구미호뎐""의 프리퀄 작품.",TRUE,2023-05-06,Scripted,https://image.tmdb.org/t/p/w500/gho6kNdp5C9yB40a05sKZ9fMNBz.jpg,드라마|Sci-Fi & Fantasy|Action & Adventure,tvN,12,8.119,7.5235,이동욱|김소연|김범|류경수|김용지,1
구여친클럽,"연상의 이혼녀, 고스펙 허당녀, 3류 섹시 여배우는 되고 나만 안되는 그 놈, 방명수! 화제의 웹툰을 통해 그간의 모든 애정사를 만천하에 까발린 공공의 적이자 공공의 남친과 그의 네 명의 여자들이 한자리에 모이며 시작되는 사자대면 스캔들",TRUE,2015-05-08,Scripted,https://image.tmdb.org/t/p/w500/cdAJs1vtNPeeG1aYwlnWgAmhjME.jpg,코미디|로맨스,tvN,12,6.929,2.1755,변요한|송지효|이윤지|류화영|도상우,1
구해줘,"불안과 두려움을 가진 보통 사람들이 종교의 이름을 빌어 사기치는 사람들, 사이비에 어떻게 빠져 들어가는지 그려내며 무엇이 진짜고 가짜인지 생각해보게 한다. 모두가 진짜라고 믿는 헛된 믿음을 알아보고 고군분투하는 미친 꼴통의 나 홀로 구원기.",TRUE,2017-08-05,Scripted,https://image.tmdb.org/t/p/w500/g4FhqMaH6HXwWEmmYnqevFZbaQU.jpg,범죄|코미디|드라마,OCN,16,8.089,9.9982,옥택연|서예지|우도환|조성하|조재윤,1
국민 여러분!,"얼떨결에 경찰과 결혼한 사기꾼이 원치 않은 사건에 휘말리고 국회의원에 출마하며 벌어지는 코믹 범죄 드라마. 우리와 같은 시대를 사는 ‘을’ 의 모습을 보여주며 아픔을 공유하는 ‘동변상련식’ 힐링이 아닌, 우리를 아프게 하는 ‘갑’ 들에게 통쾌한 한방을 먹여 드라마를 보는 동안에나마 상실감을 극복하는 ‘이이제이식’ 힐링을 지향한다. 그럼으로 법과 원칙을 지키면서도 소외받는 ‘을’ 들에게 말하고 싶다. 우리에겐 더 나은 세상에서 살 수 있는 권리가 있고, 더 나은 세상을 만들어야할 의무가 있다고 말이다.",TRUE,2019-04-01,Scripted,https://image.tmdb.org/t/p/w500/tei4Kl3Ej2JXLq3qJSJnm1XFHuH.jpg,범죄|코미디,KBS2,36,5.8,4.8666,최시원|이유영|김민정|태인호|김의성,1
국민사형투표,악질범들을 대상으로 국민사형투표를 진행하고 사형을 집행하는 정체 미상 개탈을 추적하는 이야기를 그린 국민 참여 심판극,TRUE,2023-08-10,Miniseries,https://image.tmdb.org/t/p/w500/2VOWoJquG1tJNLJi8N9khQuVLuS.jpg,드라마|미스터리|범죄,SBS,12,7.683,9.1901,박해진|임지연|박성웅|김유미|신정근,1
군검사 도베르만,돈과 권력을 위해 군검사가 된 남자. 다른 목적을 위해 군대에 온 신임 군검사의 등장으로 계획에 제동에 걸린다.,TRUE,2022-02-28,Scripted,https://image.tmdb.org/t/p/w500/f4eHHUsVgafFoAgTaLoNyfnOxAj.jpg,드라마,tvN,16,7.4,5.9951,안보현|조보아|오연수|김영민|김우석,1
군주-가면의 주인,"조선팔도의 물을 사유해 강력한 부와 권력을 얻은 편수회(邊首會). 이제 조선을 위해 하늘이 내린 왕은 없다. 그런데 힘없는 왕세자가 이 거대한 막후조직과 맞서 싸우려한다. 부와 권력이 마땅한 왕좌가 아닌 백성을 위해! 가면을 쓰고 살아야하는 이유를 알기 위해 우보를 찾아갔던 세자(유승호)는, 첫사랑 가은(김소현)과 자신과 이름이 같은 동무 이선(김명수)을 만나, 양수청과 편수회의 실체에 접근하게 되고... 대목(허준호)은 세자가 왕 몰래 종묘를 빠져나갔다는 사실을 알게 되는데...",TRUE,2017-05-10,Scripted,https://image.tmdb.org/t/p/w500/5CYEcdM3H66QAIGkzW2AIJXyjtt.jpg,드라마,MBC,40,6.188,7.0558,유승호|김소현|엘|윤소희|허준호,1
굿바이 마눌,요란한 결혼식을 올린 5년차 부부에게 각자의 첫사랑이 나타나면서 벌어지는 이야기를 그린 로맨틱 코미디 드라마,TRUE,2012-05-07,Scripted,https://image.tmdb.org/t/p/w500/7rcdpfqI5X99JaJS4U8pyGVjztH.jpg,로맨스|코미디,,20,6.8,3.3191,류시원|홍수현|박지윤|데니 안|김민수,1
굿보이,폭력과 범죄가 난무하는 세상. 경찰이 된 챔피언 운동선수들이 탁월한 능력으로 잔악무도한 악당들을 상대한다.,TRUE,2025-05-31,Scripted,https://image.tmdb.org/t/p/w500/cARQJDG8E2wY854UjVQPtFsjuvE.jpg,범죄|코미디|Action & Adventure|드라마,JTBC,16,8.601,11.0174,박보검|김소현|오정세|이상이|허성태,1
굿잡,재벌 탐정 은선우와 초시력 장착 오지라퍼 돈세라가 만나 펼치는 짜릿한 로맨틱 탐정 수사를 담은 작품,TRUE,2022-08-24,Miniseries,https://image.tmdb.org/t/p/w500/sIFD5fwV7LmKBNLOvtdwGyWhMt8.jpg,드라마|코미디|Sci-Fi & Fantasy,ENA,12,5.4,2.5246,정일우|권유리|음문석|송상은|이준혁,1
굿캐스팅,"국정원에서 밀려나 근근이 책상을 지키는 아줌마들이 우연히 요원으로 차출돼 현장으로 위장 잠입하며 벌어지는 액션 코미디 드라마. 3년 전 작전 실패로 좌천된 국정원 요원 찬미. 산업스파이를 잡는 작전에 투입되지만, 그녀를 기다리는 팀원은 현장이 처음인 예은, 관절염으로 고생하는 미순이다. 과연 해낼 수 있을까",TRUE,2020-04-27,Scripted,https://image.tmdb.org/t/p/w500/5XGwqTh6IW6JdKteCpmCrJm7LIF.jpg,코미디|Action & Adventure,SBS,16,7.2,2.6079,최강희|유인영|김지영|이상엽|이종혁,1
굿파트너,"이혼 전문 베테랑 변호사와 이혼은 처음인 신입 변호사가 같은 회사서 격돌한다. 경험도 가치관도 너무 다른 두 사람. 각자의 개인사까지 끼어들면서, 하루도 조용히 넘어가는 법이 없다.",TRUE,2024-07-12,Scripted,https://image.tmdb.org/t/p/w500/g9kgACUpBMOWlzzA2MZ9Zd1Cdx3.jpg,드라마|코미디,SBS,16,7.9,10.0077,장나라|남지현|김준한|피오|지승현,1
궁,"인기만화 '궁'을 원작으로, 평범한 신분의 여고생 채경이 할아버지끼리의 약속 때문에 왕위 계승자인 세자 이신과 정략 결혼을 하면서 벌어지는 이야기",TRUE,2006-01-11,Scripted,https://image.tmdb.org/t/p/w500/6igzmvshVazvXuUXzRhAqdiLTrk.jpg,코미디|드라마,MBC,24,7.6,6.9377,윤은혜|주지훈|송지효|김정훈|이윤지,1
궁궐의 연인,"덕수궁 관광 가이드로 일하던 보람은 꽤 편안하게 생활에 정착했다. 좋은 친구들과 즐거운 직업을 가진 보람은 행복해지는 데 필요한 모든 것을 갖추고 있습니다. 인생에서 더 이상 아무것도 찾을 필요가 없었던 보람은 동길을 만난 날 완전히 방심하게 된다.

어린 시절 친구이자 동창이었던 동길은 보람의 가장 친한 친구 중 한 명으로 성장해 왔다. 필요할 때마다 옆에 있어주는 친구, 그리고 그를 위해 보람은 그들의 우정을 소중히 여겼다. 그러나 시간이 지나면서 그들은 서로의 삶에서 사라졌다. 이제 행복한 기억만이 남아있는 동길은 보람이 다시 만나길 바랐던 마지막 사람이었다. 그럼에도 불구하고 그는 거기에 있었습니다.

궁중 공연자인 동길은 보람의 삶으로 돌아왔고 이번에는 단순한 친구 이상의 관계에 관심이 있는 것 같습니다.",TRUE,2020-01-03,Scripted,https://image.tmdb.org/t/p/w500/1a3HDm0AnO6uYJS0SV9QMeaURxI.jpg,코미디,,10,1.2,1.5763,신원호|한보름,1
귀궁,"왕에게 원한을 품은 팔척귀와 그에 맞서 싸우는 무녀, 그리고 이무기 강철이의 이야기",TRUE,2025-04-18,Scripted,https://image.tmdb.org/t/p/w500/kjp97iwFZ2iAG2AVPsgQeVsUMHK.jpg,Sci-Fi & Fantasy|드라마,SBS,16,8.1,8.8349,육성재|보나|김지훈|길해연|김상호,1
귓속말,"법률회사 ‘태백’을 배경으로 적에서 동지로, 그리고 결국 연인으로 발전하는 두 남녀가, 인생과 목숨을 건 사랑을 통해 법비를 통쾌하게 응징하는 이야기",TRUE,2017-03-27,Scripted,https://image.tmdb.org/t/p/w500/52NfKJ4I2KOFEDKOtm7a5OCUqaU.jpg,범죄|드라마,SBS,17,6.9,2.4902,이보영|이상윤|권율|박세영|김갑수,1
"그 겨울, 바람이 분다","유년시절 부모로부터 버려지고 첫사랑에 실패한 후 의미 없는 삶을 사는 남자와 부모의 이혼과 오빠와의 결별, 갑자기 찾아온 시각 장애로 외롭고 고단한 삶을 사는 여자가 만나 차갑고 외로웠던 그들의 삶에서 희망과 진정한 사랑의 의미를 찾아가는 이야기",TRUE,2013-02-13,Scripted,https://image.tmdb.org/t/p/w500/vF1zddTDpbRYVNM93oXPNV5myZn.jpg,드라마,SBS,16,7.244,4.5924,조인성|송혜교|김범|정은지|배종옥,1
그 남자의 기억법,"과잉 기억 증후군으로 1년 365일 8760시간을 모조리 기억하는 남자와 삶의 중요한 시간을 망각해버린 여자, 같은 상처를 가진 두 사람이 운명처럼 만나 서로를 사랑하게 되는 이야기를 담은 로맨스 휴먼 멜로 드라마. HBN 뉴스 라이브 앵커 이정훈. 라이징 스타 배우 여하진. 전혀 다른 두 사람의 만남이 시작된다! 영화 홍보차 뉴스 라이브에 초대받게 된 하진. 예측불가! 그녀의 돌발행동으로 인해 정훈은 난감한 상황에 놓이게 되는데...",TRUE,2020-03-18,Scripted,https://image.tmdb.org/t/p/w500/uQhpgk9Gy0GiWisb3Y8Vmunhx8j.jpg,드라마,MBC,32,8.049,5.6409,김동욱|문가영|장영남|윤종훈|이승준,1
그 해 우리는,헤어진 연인이 고등학교 시절 촬영한 다큐멘터리의 역주행 인기로 강제 소환되면서 펼쳐지는 청춘들의 첫사랑 역주행 로맨스,TRUE,2021-12-06,Scripted,https://image.tmdb.org/t/p/w500/sXv8mdywUhVgJKyDL16BeiHhtHl.jpg,코미디|드라마,SBS,16,8.37,7.238,최우식|김다미|김성철|노정의|안동구,1
그남자 오수,"연애감 없는 현대판 큐피드 남자 오수와 연애 허당녀 유리의 둘만 모르는 확실한 썸로맨스. MIT 나온 천재박사, 성공한 벤처 사업가, 이 모든 건 오수(이종현)를 지칭하는 말. 단, 그에겐 비밀이 있었으니, 그것은 바로 가문 대대로 사람의 감정을 보고, 꽃가루로 그들의 감정을 바꿀 수 있다는 것! 할아버지를 대신해 카페를 봐주기로 한 오수는 커피를 주문한 남자의 감정에 맞는 꽃가루를 처방하고, 흐뭇한 미소로 그들의 테이블을 바라보는데, 분명 방금 전까지 ""사랑한다"" 외치던 남자의 입에서 나온 한마디 ""우리, 헤어지자"" 뭐? 설마 내가 준 꽃가루 때문에? 이건, 말도 안된다!",TRUE,2018-03-05,Scripted,https://image.tmdb.org/t/p/w500/eC9oQwpGWeu2FGjWIRdcGjvjyNE.jpg,드라마|Sci-Fi & Fantasy,OCN,16,6.8,1.9854,이종현|김소은|진예주|지유|강태오,1
그냥 사랑하는 사이,"어렸을 때 인생을 뒤흔든 사고에서 극적으로 살아남은 두 남녀가 서로의 상처를 보듬어가는 과정을 그린 드라마. 세찬 바람에도 꿋꿋이 버티고 견디며 일상을 살아가는 별 볼일 없어 보이기에 더 위대한 사람들, 그들이 그려나가는 따뜻한 사랑에 대한 이야기를 그린다.",TRUE,2017-12-11,Scripted,https://image.tmdb.org/t/p/w500/gLh0AA7W7cA4Ah4hFUy1uTtS5Bx.jpg,드라마,JTBC,16,7.7,4.4824,준호|원진아|강한나|김민규|이기우,1
그녀는 거짓말을 너무 사랑해,"정체를 숨긴 천재 작곡가 ‘강한결’과 그에게 첫 눈에 반한 비타민 보이스 여고생 ‘윤소림’의 순정소환 청량로맨스를 그린 음악 로맨스 드라마. 듣기만 해도 온몸이 간지러워지는 “첫사랑”. 그것은 어떤 열아홉 소녀가 스물넷 남자에게 가지는 발칙한 애정이기도 하고, 내 인생을 다 바쳐도 후회 없는 뜨거운 “꿈”에 대한 것이기도 하다. 누구의 가슴속에나 있고, 누구의 인생에서도 거쳐 갈 수밖에 없는 길, 누구나 부끄럽다가도 그립고, 누구나 아프다가도 애틋한 그런 첫사랑을, 함께 응원하기를 청해 본다.",TRUE,2017-03-20,Scripted,https://image.tmdb.org/t/p/w500/UfxEPpmkaU5rMTiiEHOYF3VOLQ.jpg,코미디|드라마,tvN,16,7.467,2.8731,이현우|조이|최민수|이정진|김인권,1
그녀는 예뻤다,첫사랑의 아이콘에서 '찌질녀'로 역변한 혜진과 뚱보 찌질남에서 '완벽남'으로 정변한 성준의 첫사랑 찾기에 혜진의 ‘절친’ 하리와 베일에 싸인 동료 신혁이 가세하면서 벌어지는 네 남녀의 재기발랄 달콤아슬 로맨틱 코미디.,TRUE,2015-09-16,Scripted,https://image.tmdb.org/t/p/w500/bG2tWZQCOY9hggdoI3womeiyguE.jpg,코미디|드라마,MBC,16,8.269,7.4776,황정음|박서준|최시원|고준희|신동미,1
그녀를 찾아줘,첫눈에 반한 그녀를 찾아 8000km를 날아 온 네덜란드인 얀이 이태원에서 여러 한국 사람들을 만나서 벌어지는 이야기,TRUE,2017-03-27,Scripted,https://image.tmdb.org/t/p/w500/bA3QusuWrFw8DjY7D0hKDXg3mwq.jpg,드라마,KBS2,14,4,1.4406,김지훈|오하영|이현재|형원|고규필,1
그녀의 버킷리스트,"죽기 위해 버킷리스트를 이뤄가는 ‘차라리’, 무대공포증을 이겨내고 싶은 ‘강한솔’ 서로의 비밀을 숨긴 채 시작된 두 사람의 아슬아슬한 계약관계",TRUE,2021-12-31,Scripted,https://image.tmdb.org/t/p/w500/eKTqmRiXRz6jmTfTqbZ5hUESJ0q.jpg,코미디|드라마,Kakao TV|Viki|WeTV,10,3,3.1657,김소혜|나인우|김우린|임세준|미연,1
그녀의 사생활,"미술관에선 능력 좋은 큐레이터지만 알고 보면 아이돌 덕후인 성덕미가 까칠한 상사 라이언을 만나며 벌어지는 본격 덕질 로맨스를 그린 드라마. 최애가 가는 길을 꽃길로 만들어주고, 최애가 하는 선택은 무조건 응원해주기! 그것이 꿈을 향해 가는 것이든, 꿈을 포기하는 것이든 최애 곁에는 항상 덕후가 함께 할 거라고. 그리고 결국, 누군가의 덕질을 하게 된 당신은 깨닫게 될 것이다. 덕질은, 또다른 이름의 사랑이라는 것을. 사랑하라, 덕후처럼!",TRUE,2019-04-10,Scripted,https://image.tmdb.org/t/p/w500/uqdCjW41amemXEPFjvepZAUGQai.jpg,코미디|드라마,tvN,16,7.6,4.9368,박민영|김재욱|안보현|정제원|김보라,1
그놈은 흑염룡,"2000년 온라인 게임에서 만난 첫사랑 오빠 ""ID : 흑염룡"". 그러나 그는 체인을 두른 패션으로 나타난 중2병, 아니 진짜 중2 였다! 그와의 흑역사를 남긴 채 10여년이 지나고, 새로 부임한 연하의 본부장에게서 흑염룡의 향기가 느껴진다. 혜진양의 동명 웹툰 원작",TRUE,2025-02-17,Miniseries,https://image.tmdb.org/t/p/w500/mi6Hx6pO1H557TJqyEcBwGvSRD3.jpg,코미디|드라마,tvN,12,8.115,10.102,문가영|최현욱|임세미|곽시양|김영아,1
그놈이 그놈이다,'그놈이 그놈'이기에 '비혼주의자'가 된 한 여자가 어느 날 상반된 매력의 두 남자로부터 직진 대시를 받으면서 벌어지는 아슬아슬한 싱글족 사수 판타지 로코 드라마,TRUE,2020-07-06,Scripted,https://image.tmdb.org/t/p/w500/x9shOpcBwRyirwLRbvPRM3j1bR6.jpg,코미디|드라마,KBS2,32,6.846,3.0747,황정음|윤현민|서지훈|최명길|조우리,1
그대에게 드림,"꿈 하나로 무서울 게 없었던 10대를 지나, 현실의 벽에 가로막혀 좌절한 20대를 지나, 그저 그런 어른이 되어버린 것만 같은 30대 리포터 이재와 부모가 설계해 놓은 세상에서만 살던 10대를 지나 알을 깨고 맹렬히 달린 20대를 넘어 마침내 꿈을 이룬 30대 영화감독 수빈의 이야기",TRUE,2026-07-13,Scripted,https://image.tmdb.org/t/p/w500/6Xo53LDGp8QYc8gqEFyoAvnwciX.jpg,드라마|코미디,ENA,12,9.467,17.3465,황인엽|이혜리|백성철|이열음|이상엽,1
그래 이혼하자,지칠 대로 지친 결혼 생활에 종지부를 찍기 위한 웨딩드레스샵 대표 부부의 리얼 이혼 체험기,TRUE,2026-08-19,Scripted,https://image.tmdb.org/t/p/w500/gq3vToNS3KyeCRYywgopPAso7Qc.jpg,드라마|코미디|가족,KBS Drama,12,7,4.5548,이민정|김지석|기은세|구성환|이현진,1
그래서 나는 안티팬과 결혼했다,세계적인 K팝 스타 후준과 그의 공식 안티팬으로 낙인 찍힌 잡지사 기자 이근영이 24시간 밀착 리얼리티 프로그램을 찍게 되면서 겪게 되는 티격태격 앙숙 로맨스,TRUE,2021-04-30,Scripted,https://image.tmdb.org/t/p/w500/wcRJ64E8xrO1GxuRIp2RXwE7sU6.jpg,코미디|드라마,Viki|NAVER TV,16,7.5,4.748,최태준|최수영|황찬성|한지안|김민규,1
그리드,전 지구적 방어막인 그리드의 보호 아래 태양풍으로부터 살아남은 지구. 그리드 관리국 직원 김새하는 살인범과 마주치고 형사 정새벽은 살인범을 쫓던 중 놀라운 현상을 목도한다. 그리드를 창시한 유령이 24년 만에 나타난 것. 그런데 유령은 왜 살인범을 돕는 걸까. 위기에 빠진 인류를 구원했던 미스터리한 존재의 진실을 파헤치는 추적 스릴러.,TRUE,2022-02-16,Scripted,https://image.tmdb.org/t/p/w500/4oh6P9jF9KoBq6Xw7dukjUQiPGJ.jpg,Sci-Fi & Fantasy|미스터리|Action & Adventure,Disney+,10,6.939,4.1034,서강준|김아중|이시영|김무열|장소연,1
그린로즈,"한 남자가 인생의 정점에서 음모에 빠져 살인자, 탈주범의 누명을 쓴 후, 우여곡절 끝에 다시 한국으로 돌아와 자신의 어머니를 죽음으로 몰고, 사랑하는 연인의 원수가 되게 만든, 마땅히 응징되어야 할 사람들에게 벌이는 통쾌한 복수극",TRUE,2005-03-19,Scripted,https://image.tmdb.org/t/p/w500/oUncA9yRW2PqcaMF7n5it1Sj6ZI.jpg,드라마,SBS,22,7,3.4959,고수|이다해|이종혁|김서형|변희봉,1
그저 바라보다가,우체국 말단 공무원인 평범남이 어느날 갑자기 운명처럼 만난 톱스타와 6개월간 계약 결혼을 하게 되면서 펼쳐지는 유쾌한 로맨틱 코미디 드라마,TRUE,2009-04-29,Scripted,https://image.tmdb.org/t/p/w500/fg91tC4GRZ3YCBO4rWhIR7Yvz8m.jpg,코미디,KBS2,16,7,3.6083,황정민|김아중|주상욱|전미선|이청아,1
근초고왕,백제의 최전성기를 이룬 근초고왕의 이야기를 그린 작품이다. 소설가 이문열씨의 『대륙의 한』을 각색한 백제의 전설적인 13대 근초고왕의 파란 만장한 일대기를 그린 대하극이다.,TRUE,2010-11-06,Scripted,https://image.tmdb.org/t/p/w500/o7VI1Nw4PMidXH4zEY4pvwc1m8u.jpg,드라마,KBS1,60,7.2,3.5268,감우성|김지수|이세은|이종원|이지훈,1
"금 나와라, 뚝딱!",중산층의 허세와 실상을 풍자적으로 그려내면서 결혼과 가족의 의미를 찾으려는 가족 드라마,TRUE,2013-04-06,Scripted,https://image.tmdb.org/t/p/w500/bZldBADWLhJZcJ6rJStY2QjNSat.jpg,드라마|코미디|가족,MBC,50,1,3.4091,연정훈|한지혜|백진희|박서준|김형준,1
금수저,가난한 집에서 태어난 아이가 우연히 얻게 된 금수저를 통해 부잣집에서 태어난 친구와 운명을 바꿔 후천적 금수저가 된 부모 체인징 어드벤처 욕망 판타지.,TRUE,2022-09-23,Scripted,https://image.tmdb.org/t/p/w500/2ycHsfF5cMnuUfIp23DodXW4v3G.jpg,드라마|미스터리|Sci-Fi & Fantasy,MBC,16,7,7.7335,육성재|이종원|정채연|연우|최원영,1
금주를 부탁해,지극히 상식적인 애주가라 자평하던 한 여자가 술을 증오하는 첫사랑과 재회하며 금주에 도전하는 맨정신 사수 로맨스,TRUE,2025-05-12,Scripted,https://image.tmdb.org/t/p/w500/h2UfCtiJa5t5zHABKdI75IYeyiv.jpg,코미디|드라마,tvN,12,7.1,4.0072,최수영|공명|조윤희|김성령|김상호,1
긍정이 체질,졸업영화 제작 지원이 결정됐다! 하지만 그 앞에 펼쳐지는 수많은 난관들! 그들의 영화와 사랑은 완성될 수 있을까?,TRUE,2016-10-31,Scripted,https://image.tmdb.org/t/p/w500/hGlnroGLVmTng5UEOjWp696iUju.jpg,코미디|드라마,NAVER TV,6,3.5,2.8441,도경수|채서진|이다윗|김종수|허준석,1
기름진 멜로,"달궈진 웍 안의 펄펄 끓는 기름보다 더 뜨거운 세 남녀의 진한 연애담으로 침샘까지 깊이 자극하는 로코믹 주방 활극이다. 경고 '절대 빈속으로 보지 말 것'

주 무대는 동네 중국집 ‘헝그리웍’.  남녀 주인공을 비롯해 이 드라마에는 미친 듯이 일하지 않는 등장인물은 없다.  펜대 굴리는 남자도 없고, 모니터 앞에서 자판 두드리는 여자도 사양한다.  회의는 욕설이 오가야 제대로요.  깨진 접시 너머로 불덩인지 쇳덩인지 웍이 날아다니고, 칼이 날아다닌다.  전쟁터 같은 이곳에서, 목숨 걸고 만든 짜장면은 그야말로 천하일미!  주방이라는 6평 직장 내에서 살아남고자 하는 인생들의 신개념 ‘주방 활극’이다!!",TRUE,2018-05-07,Scripted,https://image.tmdb.org/t/p/w500/kKt9aYn2sZTPkkDx1T7JKV3wHwK.jpg,드라마|코미디,SBS,38,6.8,6.5373,준호|정려원|장혁|차주영|태항호,1
기리고,소원의 대가는 죽음. 소원을 이뤄주는 애플리케이션 '기리고'의 저주로 고등학생 몇몇이 갑작스러운 죽음을 예고 받는다. 그 저주의 사슬을 끊고자 발버둥 치는 이들은 끝내 살아남을 수 있을까.,TRUE,2026-04-24,Miniseries,https://image.tmdb.org/t/p/w500/oKSt05GBc2ZZ5G2BxTqLikNml1V.jpg,미스터리|드라마,Netflix,8,8.086,15.5888,전소영|백선호|강미나|현우석|이효제,1
기상청 사람들: 사내연애 잔혹사 편,열대야보다 뜨겁고 국지성 호우보다 종잡을 수 없는 기상청 사람들의 일과 사랑을 그린 직장 로맨스 드라마,TRUE,2022-02-12,Miniseries,https://image.tmdb.org/t/p/w500/vg8ufRo1TKtjV19zkYWc7mTzC7C.jpg,드라마|코미디,JTBC,16,7.3,8.1807,박민영|송강|윤박|유라|이성욱,1
기생수: 더 그레이,어디에선가 정체불명의 기생생물들이 나타난다. 인간을 숙주로 삼아 살인을 저지르며 세력을 구축하는 침입자들. 이를 막으려는 인간들이 기생생물과 맞서 싸운다.,TRUE,2024-04-05,Scripted,https://image.tmdb.org/t/p/w500/zHl8zv1TymcAYEFmsKID8sHsRAd.jpg,Sci-Fi & Fantasy|Action & Adventure|드라마,Netflix,6,7.453,7.9017,전소니|구교환|이정현|권해효|김인권,1
기억,"알츠하이머 선고 받은 로펌 변호사가 남은 인생을 걸고 펼치는 마지막 변론기이자, 기억을 잃어가면서도 끝내 지키고 싶은 삶의 가치와 가족애를 그린 작품",TRUE,2016-03-18,Scripted,https://image.tmdb.org/t/p/w500/voCcDxb5k6nsyOiw1YGILmsIhPE.jpg,드라마,tvN,16,6.6,3.7343,이성민|김지수|준호|윤소희|박진희,1
기적의 형제,‘윤동주’가 되고 싶지만 현실은 빚뿐인 작가 지망생 ‘육동주’와 특별한 능력을 가진 정체불명의 소년 ‘강산’이 시간의 경계를 넘어선 진실 찾기를 통해 기적을 만들어가는 과정을 그린 휴먼 미스터리 드라마,TRUE,2023-06-28,Scripted,https://image.tmdb.org/t/p/w500/scNOGjafZ1k29oz8hX2dNC6Ahdh.jpg,미스터리|드라마|Sci-Fi & Fantasy|코미디,JTBC,16,6.947,4.1845,정우|배현성|박유림|오만석|이기우,1
김과장,"돈에 대한 천부적인 촉을 가진 ‘삥땅 전문 경리과장’ 김성룡이 더 큰 한탕을 위해 TQ그룹에 필사적으로 입사하지만, 아이러니하게도 부정과 불합리와 싸우며, 무너져가는 회사를 살리는 오피스 코미디 드라마",TRUE,2017-01-25,Scripted,https://image.tmdb.org/t/p/w500/dVIiEynkFXQiCL1Ic02smNhkSnw.jpg,코미디|드라마,KBS2,20,8,5.1475,남궁민|남상미|준호|정혜성|김원해,1
김부장,"평범한 가장이자 아빠. 어느 날 딸이 흔적도 없이 실종되자, 그는 딸을 되찾기 위해 오래전 봉인해 둔 비밀 작전 기술을 다시 꺼내 든다. 하지만 곧 위험한 시선이 그를 향하기 시작한다.",TRUE,2026-06-26,Miniseries,https://image.tmdb.org/t/p/w500/eKJNWq4akdrviR9qEF6xPhzKQU.jpg,Action & Adventure|범죄|드라마,SBS,10,8.437,38.1926,소지섭|최대훈|윤경호|주상욱|손나은,1
김비서가 왜 그럴까,"재력, 얼굴, 수완까지 모든 것을 다 갖췄지만 자기애로 똘똘 뭉친 나르시시스트 부회장과 그를 완벽하게 보좌해온 비서의 퇴사밀당 로맨스. 잘생긴 얼굴, 완벽한 비율, 영특한 머리, 탁월한 경영 능력까지! 태어나서 지금까지, 늘 모든 분야에서 독보적인 1위였다. 스스로를 너무 사랑한 나머지 연애 한 번 안 하고, 스스로 너무 잘난 나머지 주변 사람들의 부족함을 견디지 못하는 그가 곁을 허락하는 유일한 사람이 있었으니 오래된 부부 같은 호흡을 자랑하는 비서, ‘김미소’다. 그런데 그런 김비서가 어느 날 갑자기 퇴사를 선언한다. ""대체 왜? 나를 보필할 수 있는 초특급 영예를 박차고 나가겠다고...?"" 대체... 김비서가 왜 그럴까?",TRUE,2018-06-06,Scripted,https://image.tmdb.org/t/p/w500/3hd6yqp59ozCt2DRlFtj1tD9cHH.jpg,코미디|드라마,tvN,16,8.3,11.8763,박서준|박민영|이태환|표예진|김혜옥,1
꼰대인턴,"최악의 꼰대 부장을 부하직원으로 맞게 된 남자의 통쾌한 갑을 체인지 복수극이자 시니어 인턴의 잔혹 일터 사수기를 그린 코믹 오피스물. 최강 꼰대 부장 이만식, 고문관 인턴 가열찬. 전혀 다른 둘이 만났다. 만식의 지시로 회사와 소송 중인 국밥집을 찾아간 열찬, 충격적인 광경을 목격하는데...",TRUE,2020-05-20,Scripted,https://image.tmdb.org/t/p/w500/77pPh1GDXD0V41iIBlvJfPmNhRA.jpg,코미디,MBC|wavve,24,6.615,4.4572,박해진|김응수|한지은|박기웅|노종현,1
꽃보다 남자,평범한 서민 집안의 한 소녀가 부유층 자제들로 가득한 고등학교로 전학해 네 명의 꽃미남 재벌소년들과 만나면서 벌이는 좌충우돌 이야기를 그린 드라마,TRUE,2009-01-05,Scripted,https://image.tmdb.org/t/p/w500/9IIDbs52GUKWXq6dPQECnPSIAwn.jpg,코미디|드라마,KBS2,25,8.27,14.9811,구혜선|이민호|김현중|김범|김준,1
끝내주는 해결사,대한민국 최고의 이혼 해결사가 의뢰인의 문제적 결혼 생활에 대신 종지부를 찍어주는 ‘나쁜 배우자’ 응징 솔루션을 담은 이야기.,TRUE,2024-01-31,Scripted,https://image.tmdb.org/t/p/w500/94WVY5NzUCzUGbScQRQDidVAs0U.jpg,드라마|범죄,JTBC,12,6.6,2.6353,이지아|오민석|강기영|김선영|이태구,1
끝에서 두번째 사랑,"부디 무슨 일이든 일어나길 바라는 여자와   제발 아무 일도 일어나지 않길 원하는 남자의 티격태격 활극 로맨스   수많은 선택을 해오며 자신의 선택에 책임 질 줄 아는 사람. 어른.   하지만 ‘다 자란 어른’에 ‘덜 자란 아이’가 살고 있다.   우리는 지금 어릴 적 꿈꾸던 어른으로 살고 있을까.  ‘어쩌다 어른’이 되었지만  아는 게 많아 걱정이 많고, 수없이 넘어져봤기에 두려움이 더 크다.   사랑보다는 일이, 나보다는 자식이, 연애보다 건강이, 현재보다 노후가   우선이 되어버린 어른들의 웃픈 이야기.  죽도록 사랑도 해봤고 아프게 이별도 해봤던 여자와,   사랑을 잃고 평범한 삶을 택하는 데에도 용기가 필요했던 남자.   그 두 사람이 나누는 사랑이 인생의 마지막 사랑이 아니라,   ‘끝에서 두 번째 사랑’이 되도록...   아직 끝나지 않는 사랑에 희망과 위로를 건네고자 한다.  10대보다 유치하고 20대보다 발랄하며 30대보다 뜨거운   중년들의 호쾌한 청춘 드라마!  ‘정해진 원칙만 고집하는 남자’와   ‘예측불가능을 즐기는 여자’의  안티 에이징 중년 로맨스!  이 시작된다.  부디 무슨 일이든 일어나길 바라는 여자와   제발 아무 일도 일어나지 않길 원하는 남자의 티격태격 활극 로맨스   수많은 선택을 해오며 자신의 선택에 책임 질 줄 아는 사람. 어른.   하지만 ‘다 자란 어른’에 ‘덜 자란 아이’가 살고 있다.   우리는 지금 어릴 적 꿈꾸던 어른으로 살고 있을까.  ‘어쩌다 어른’이 되었지만  아는 게 많아 걱정이 많고, 수없이 넘어져봤기에 두려움이 더 크다.   사랑보다는 일이, 나보다는 자식이, 연애보다 건강이, 현재보다 노후가   우선이 되어버린 어른들의 웃픈 이야기.  죽도록 사랑도 해봤고 아프게 이별도 해봤던 여자와,   사랑을 잃고 평범한 삶을 택하는 데에도 용기가 필요했던 남자.   그 두 사람이 나누는 사랑이 인생의 마지막 사랑이 아니라,   ‘끝에서 두 번째 사랑’이 되도록...   아직 끝나지 않는 사랑에 희망과 위로를 건네고자 한다.  10대보다 유치하고 20대보다 발랄하며 30대보다 뜨거운   중년들의 호쾌한 청춘 드라마!  ‘정해진 원칙만 고집하는 남자’와   ‘예측불가능을 즐기는 여자’의  안티 에이징 중년 로맨스!  이 시작된다.",TRUE,2016-07-30,Scripted,https://image.tmdb.org/t/p/w500/fzKf02Xs5NLwWgcgYk00TwVhgaq.jpg,코미디|드라마,SBS,20,7.5,2.4255,지진희|김희애|곽시양|김슬기|이수민,1
나 홀로 그대,"안면인식장애를 가진 소연과 인간미 넘치는 다정하고 완벽한 인공지능 비서 홀로, 그와 얼굴은 같지만 성격은 정반대인 까칠한 천재 발명가 난도가 서로를 만나, 사랑할수록 외로워지는 불완전한 로맨스를 그린다. 늘 혼자인 그녀의 곁으로.",TRUE,2020-02-07,Scripted,https://image.tmdb.org/t/p/w500/lVBwQpgNItuUySXJoUg9B0VZxOL.jpg,드라마|Sci-Fi & Fantasy,Netflix,12,8.471,4.3934,윤현민|고성희|최여진|황찬성|이정은,1
나는 길에서 연예인을 주웠다,하루살이 싱글녀 이연서가 우연한 사건으로 월드스타 강준혁을 길에서 줍게 되며 그려지는 본격 코미디 감금 로맨스이다.,TRUE,2018-11-01,Scripted,https://image.tmdb.org/t/p/w500/2WKhkFOxRVC0uPVjEYydziE1vwa.jpg,코미디|드라마,oksusu,10,6.4,1.8681,김가은|성훈|김종훈|강성진|지호성,1
나를 사랑한 스파이,비밀 많은 두 남편과 첩보전에 휘말린 한 여자의 스릴만점 시크릿 로맨틱 코미디,TRUE,2020-10-21,Scripted,https://image.tmdb.org/t/p/w500/mIeDVXWrGkMEm2wUe6FfSJWd61v.jpg,드라마,MBC,16,5.4,2.2245,유인나|에릭|임주환|김태우|정석용,1
나미브,해고된 스타 제작자 강수현과 방출된 장기 연습생 유진우의 스타 탄생 프로젝트! 사막처럼 공허한 마음을 가진 제작자와 바다처럼 불안정한 위치에 놓인 연습생의 만남,TRUE,2024-12-23,Scripted,https://image.tmdb.org/t/p/w500/fGlWjv3mrWaUGync37mO1O8DHJ9.jpg,드라마,ENA,12,6.9,2.4087,고현정|려운|윤상현|이진우|김지우,1
나빌레라,나이 일흔에 발레를 시작한 덕출과 스물셋 꿈 앞에서 방황하는 발레리노 채록의 성장 드라마,TRUE,2021-03-22,Miniseries,https://image.tmdb.org/t/p/w500/8XNj2fN7TwSazpRfvE27VJA65SJ.jpg,드라마,tvN,12,8.6,5.0683,박인환|송강|나문희|홍승희|김태훈,1
나쁜엄마,자식을 위해 악착같이 나쁜 엄마가 될 수밖에 없었던 엄마 영순과 어느날 아이가 돼버린 검사 아들 강호가 다시 모자 관계를 회복하는 내용을 담은 감동 힐링 코미디,TRUE,2023-04-26,Scripted,https://image.tmdb.org/t/p/w500/o8h8BJz85BNI6g6ty47jbpEDAiK.jpg,드라마|코미디,JTBC,14,8.874,7.9017,라미란|이도현|안은진|유인수|최무성,1
나의 나라,"고려 말 조선 초를 배경으로 각자의 신념이 말하는 ‘나의 나라’를 두고 서로에게 칼끝을 겨누며 권력과 수호에 관한 욕망을 폭발적으로 그려낸 액션 사극. 고려 말, 민심이 흉흉해지고 나라가 기울어가는 와중에, 유일하게 남은 가족인 누이를 지키는 것이 중요한 일이었던 서휘(양세종)에게 세상은 홀로 감당하기 너무도 버거웠다. 그런 휘에게 찾아온 우연의 사건은, 처음으로 꿈이라는 것을 가지게 해주는 계기가 된다. 휘의 평생의 벗인 선호(우도환) 역시, 자신을 옭아매는 신분과 가문을 극복하기 위해 다가오는 기회를 잡으려고 노력한다. 그런 그들에게 희재(김설현)의 등장은, 모든 일의 서막을 알리는 시작점이 되는데…",TRUE,2019-10-04,Scripted,https://image.tmdb.org/t/p/w500/juSfxfhGm88z38mqO1xar1lmYI2.jpg,드라마|Action & Adventure,JTBC,16,6.898,5.285,양세종|우도환|김설현|장혁|김영철,1
나의 아저씨,각자의 방법으로 삶의 무게를 무던히 버텨내고 있는 아저씨 삼 형제와 거칠고 차갑게 살아온 20대 여성이 서로의 삶을 통해 치유되는 과정에 대한 이야기.,TRUE,2018-03-21,Scripted,https://image.tmdb.org/t/p/w500/aPjpO3UBZ8v4rmj1RmMS1CkypDq.jpg,드라마,tvN,16,8.549,8.0298,이선균|이지은|고두심|박호산|송새벽,1
나의 해리에게,마음 속 깊은 상처로 새로운 인격이 발현된 아나운서 은호와 마음의 상처를 꼭꼭 감춰 둔 구남친 현오의 새로고침 치유 로맨스.,TRUE,2024-09-23,Scripted,https://image.tmdb.org/t/p/w500/vkTNqyiBZObOgXZMSrcuZ22gKPO.jpg,드라마,ENA,12,7.4,3.226,신혜선|이진욱|강훈|조혜주|강상준,1
나의 해피엔드,"과거의 고통과 현재의 집착에 사로잡힌 채 성공만을 향해 야심 차게 내달리던 CEO. 어느 날, 완벽해 보였던 그녀의 삶이 송두리째 흔들리기 시작한다.",TRUE,2023-12-30,Scripted,https://image.tmdb.org/t/p/w500/nj2HjjwjnrkVH3xgehUF9VRsVv.jpg,미스터리|드라마,TV Chosun,16,7.154,5.2995,장나라|이기택|오현중|손호준|소이현,1
나인 퍼즐,"삼촌 죽음의 유일한 목격자인 이나는 사건의 진실을 밝히기 위해 프로파일러가 된다. 강력팀 형사 한샘은 그런 이나를 용의자로 집요하게 의심하고, 10년 만에 도착한 의문의 퍼즐과 함께 살인이 다시 시작된다. 이나와 한샘은 퍼즐 연쇄살인을 막을 수 있을까?",TRUE,2025-05-21,Scripted,https://image.tmdb.org/t/p/w500/h4qWsx2ATNeOCvTJgsIgEIGwjoN.jpg,범죄|미스터리,Disney+,11,7.884,11.46,김다미|손석구|김성균|현봉식|곽자형,1
나인룸,"60대 사형수와 30대 변호사, 두 여자의 인생이 뒤바꼈다! 재심청구 상담 중 변호사와 사형수간에 영혼 체인지가 일어난다. 이 초자연적인 현상은 사형수 장화사에게는 하늘이 준 기적이겠으나, 변호사 을지해이에게는 어이없는 죽음의 선고다. 과연 해이는 자신의 삶을 되찾을 수 있을까? 아니면 장화사가 영원히 해이의 몸을 차지하고 자신에게 억울한 누명을 씌워 사형수로 만든 이들에게  복수를 실행하며 진실을 밝힐 수 있을 것인가? 을지해이와 장화사. 두 사람 중 최후의 승자는 누가 될 것인가?  드라마 [나인 룸(Room No.9)]은  인생이 뒤바뀐 두 여자의 치열한 생존 게임과  그 안에서 싹트는 특별한 우정과 성장을 그린,인생 리셋 드라마다.",TRUE,2018-10-06,Scripted,https://image.tmdb.org/t/p/w500/lznATquxJ5NYFPwtOCX6KWfggJF.jpg,드라마|미스터리|Sci-Fi & Fantasy,tvN,16,6.2,3.6661,김희선|김해숙|정원중|김영광|임원희,1
날 녹여주오,"24시간 냉동인간 프로젝트에 비밀리에 참여한 남녀. 하지만 미스테리한 음모로 인해 20년 후 깨어나게 되면서 하루 아침에 원치 않은 나이를 다량 먹게 된다. 직장에서도 집에서도 서열 파괴, 상식 파괴해가며 너무나 달라져 버린 사람과 세상에 빡세게 적응하던 와중 이들은 냉동 인간 실험에 부작용을 알게 되는데... 바로 체온이 올라가면 신체에 치명적인 이상이 생긴다는 것! 그리고 그런 그들에게 피할 수 없는 위기가 닥치게 되는데... 그것은 바로 사랑!",TRUE,2019-09-28,Scripted,https://image.tmdb.org/t/p/w500/9yNW3iE7chV7egW77SqCeEaVLy7.jpg,미스터리|코미디|Sci-Fi & Fantasy,tvN,16,7.736,5.5553,지창욱|원진아|윤세아|임원희|김원해,1
날씨가 좋으면 찾아가겠어요,첼로를 가르치던 일을 그만둔 해원은 호두하우스 펜션을 운영하는 이모 곁에서 한동안 지내기로 한다. 노부부가 살던 기와집이 작은 서점 ‘굿나잇 책방’으로 바뀐 걸 보고 의아해하는 해원. 논두렁 스케이트장에 있던 은섭은 그의 책방을 기웃거리는 해원을 보고 멈칫 놀라는데...,TRUE,2020-02-24,Scripted,https://image.tmdb.org/t/p/w500/2SpLILOO9ODAi2te1xN3C0dbED9.jpg,드라마,JTBC,16,7.3,5.9275,서강준|박민영|문정희|이재욱|임세미,1
남과여,한순간의 실수로 이별을 하게 된 7년 차 장기 연애 커플 현성과 성옥의 이야기를 담는다. 권태로움과 애틋함이 공존하는 감정 속 이들의 감정을 그리는 현실 공감 로맨스 드라마. 혀노의 동명 웹툰 원작.,TRUE,2023-12-26,Scripted,https://image.tmdb.org/t/p/w500/tG7dC15920FGQ7ZoqDGxOeDFlCB.jpg,드라마,Channel A,12,7.3,3.4594,동해|이설|임재혁|윤예주|최원명,1
남남,대책 없는 엄마와 쿨한 딸의 '남남' 같은 동거를 그린 작품. 정영롱의 동명 웹툰 원작.,TRUE,2023-07-17,Scripted,https://image.tmdb.org/t/p/w500/xwrFYGCUqY8oemCBu6AC1EHfLU7.jpg,드라마|코미디,ENA,12,7.2,3.9759,전혜진|최수영|안재욱|박성훈|김혜은,1
남자친구,"다 가진 것처럼 보이는 여자와 아무것도 가진 게 없는 평범한 남자, 부와 명예를 버리는게 어려운지 평범한 일상을 내놓는게 어려운 일인지에 대해 그린 드라마. 정치인의 딸, 재벌가의 전 며느리로 한 번도 자유로운 삶을 살아본 적 없는 동화호텔 대표 수현. 사업차 방문한 쿠바에서 저녁도 마다한 채 억지로 잠을 청하려다가, 문득 보게 된 석양 사진에 이끌려 나간다. 그리고 그림같이 아름다운 석양 아래에서 자유롭고 맑은 영혼을 지닌 진혁과 우연히 만나게 되는데...",TRUE,2018-11-28,Scripted,https://image.tmdb.org/t/p/w500/1W9yOS7Cgyd67sJ7W6pRGbeojZQ.jpg,드라마,tvN,16,7.81,8.9372,송혜교|박보검|장승조|고창석|신정근,1
남주서치,게임 결혼식에서 잠적한 약혼자를 찾아 대학에 입학한 오설렘이 랜선 남주를 서치하다 현실 사랑을 찾아가는 신개념 미스터리 삼각 코믹 로맨스,TRUE,2025-06-27,Scripted,https://image.tmdb.org/t/p/w500/wYE1YzaZoK4dV3pWA4tE53HPi4N.jpg,드라마|코미디|Soap,wavve,6,7.8,3.0649,갈소원|이진우|차준호|이가은|변성태,1
낭만닥터 김사부,"지방의 초라한 돌담 병원, 한때 신의 손으로 불리었지만 이제는 스스로를 낭만닥터라 칭하며 은둔생활을 즐기고 있는 괴짜 천재 의사 김사부. 그런 그의 앞에 열정 넘치는 젊은 의사가 찾아온다.",TRUE,2016-11-07,Scripted,https://image.tmdb.org/t/p/w500/dmVgWSrtEj39DUv1QEjT6nGpX3L.jpg,드라마,SBS,20,8.103,33.4976,한석규|유연석|서현진|김혜수|이채은,1
낮과 밤,"현재 일어나는 미스터리한 사건들과 연관있는, 28년 전 한 마을에서 일어난 의문의 사건에 대한 비밀을 밝혀내는 예고 살인 추리극.",TRUE,2020-11-30,Scripted,https://image.tmdb.org/t/p/w500/aHEKr1FSAXCowrKobAFemd81VAc.jpg,범죄|드라마|미스터리,tvN,16,7.931,5.3185,남궁민|김설현|이청아|윤선우|김창완,1
낮에 뜨는 달,사랑하는 연인에게 살해당한 뒤 시간이 멈춰버린 남자와 전생의 기억을 잃고 한없이 흘러가버린 여자의 위험하고 애틋한 환생 로맨스. 헤윰의 동명 웹툰 원작,TRUE,2023-11-01,Miniseries,https://image.tmdb.org/t/p/w500/ve3BVNLuhpF2Es4q0vKCwwdVd2k.jpg,드라마|Sci-Fi & Fantasy,ENA,14,7.114,3.6627,김영대|표예진|온주완|정웅인|이경영,1
내 남자는 큐피드,자신이 쏜 큐피드 화살에 자신이 맞은 요정과 그로 인해 꼬인 여자의 이야기,TRUE,2023-12-01,Scripted,https://image.tmdb.org/t/p/w500/bUIyiygNMZSLqXyu1VO42tdjVge.jpg,코미디|드라마,Prime Video,16,7.477,4.4906,장동윤|나나|박기웅|문지후|박명훈,1
내 뒤에 테리우스,사라진 전설의 블랙 요원과 운명처럼 첩보 전쟁에 뛰어든 앞집 여자의 수상쩍은 환상의 첩보 콜라보,TRUE,2018-09-27,Scripted,https://image.tmdb.org/t/p/w500/g74tHdgK6YlRu7Uf7AL7xmHdjl.jpg,미스터리|코미디|Action & Adventure,MBC,32,8.198,6.217,소지섭|정인선|손호준|임세미|정시아,1
"내 딸, 금사월","진실을 숨기려는 자와 복수를 하려는 자, 그들 부부의 25년에 걸친 소리 없는 전쟁과 목숨을 건 한판승부를 그린 드라마",TRUE,2015-09-05,Scripted,https://image.tmdb.org/t/p/w500/eCX8qjWxZGFqUSDxB5mgHgp9Xxk.jpg,드라마|가족|로맨스,MBC,51,5.8,4.5601,전인화|백진희|윤현민|박세영|도지원,1
내 마음이 들리니,후천성 청각장애를 딛고 일어서는 남녀의 아름다운 사랑이야기를 그린 휴먼 드라마다.,TRUE,2011-04-02,Scripted,https://image.tmdb.org/t/p/w500/fjZm22oqpTY7luCl13X8XlhhsKt.jpg,드라마|코미디,MBC,30,5.9,4.1588,김재원|황정음|남궁민|고준희|이규한,1
내 생애 봄날,"시한부 인생을 살다가, 장기 이식을 통해 새 심장을 얻은 여자와 심장을 기증한 여인의 남편이 만나 특별한 사랑을 하게 되는 휴먼 멜로드라마",TRUE,2014-09-10,Scripted,https://image.tmdb.org/t/p/w500/jCNQ7FCtsnLkUnIOw8xjy966y7o.jpg,드라마,MBC,16,6.6,1.9095,감우성|최수영|이준혁|장신영|심혜진,1
내 아이디는 강남미인,"항상 외모로 놀림받았다. 그리고 스무 살, 새 삶을 위해 수술대 위에 올랐다. 놀랄 만큼 예뻐졌지만 얻은 건 성형 괴물, ‘강남미인’이란 아이디. 게다가 과거를 아는 동창생이 같은 과라니. 꿈꿨던 대학 생활, 진짜 꿈으로만 끝? 새 얼굴이면 새 삶이 펼쳐질 줄 알았건만! 못생겼다는 놀림에서 해방되려 성형 수술을 했지만, 이젠 자연 미인이 아니라 조롱받는다. 난 결코 평범해질 수 없는 운명일까. 스무 살 청춘의 설상가상 외모 트라우마 탈출기, 지금 시작됩니다!",TRUE,2018-07-27,Scripted,https://image.tmdb.org/t/p/w500/u3ECyrETokQpgzrL5xmG6G49d7U.jpg,코미디|드라마,JTBC,16,7.321,7.8625,임수향|차은우|신준섭|조우리|곽동연,1
내 여자친구는 구미호,"철은 없지만 착하고, 지 멋대로지만 마음 약한 구석도 있는 부잣집 도련님 차대웅이 우연히 구미호를 만나게 되면서 사랑에 빠지는 판타지 멜로 드라마.",TRUE,2010-08-11,Scripted,https://image.tmdb.org/t/p/w500/plIrEjiBJwQuyGExNjl1tKGNSct.jpg,코미디|드라마,SBS,16,7.264,5.563,이승기|신민아|노민우|박수진|변희봉,1
내 이름은 김삼순,촌스러운 이름과 뚱뚱한 외모라는 콤플렉스를 갖고 있지만 전문 파티쉐로 당당하게 살아가는 30대 노처녀 김삼순의 삶과 사랑을 경쾌하게 그려낸 드라마.,TRUE,2005-06-01,Scripted,https://image.tmdb.org/t/p/w500/pcCmzOSn2vfbo6gmGc4n5X4KMTj.jpg,코미디|드라마,MBC,16,8.487,5.2539,김선아|현빈|정려원|다니엘 헤니|김자옥,1
내가 가장 예뻤을 때,"한 여자를 지켜주고 싶었던 형제. 그리고 그들 사이에서 갈 수 없는 길, 운명 속에 갇혀버린 한 여자의 가슴 아픈 사랑 이야기",TRUE,2020-08-19,Scripted,https://image.tmdb.org/t/p/w500/wmGC3ANrOyVpmhySj6C0bjuPGsz.jpg,드라마,MBC,16,6.2,3.0456,임수향|김지수|하석진|황승언|박지영,1
내게 거짓말을 해봐,그녀의 이름은 공아정. 아주 잘 났지만 결혼 같은 건 생각 없다. 결혼하지 않아서 영원히 자유로울 줄 알았는데 어느날 갑자기 이게 거추장스럽다. 아줌마란 이름으로 늙어가게 될 친구들을 비웃었는데 이러다 한낱 아줌마보다 못한 인간이 돼버릴까 불안하다. 죽어라고 공부하고 죽어라 일하고 엄살떨지 않고 열심히 달렸는데 온갖 사회적 혜택에서 최하위 순위로 밀리고 차별 받고 있다.,TRUE,2011-05-09,Scripted,https://image.tmdb.org/t/p/w500/rCmqu8GbfrYdbxHLT7w8B7tmcXM.jpg,코미디|드라마,SBS,16,7.5,4.0977,윤은혜|강지환|성준|조윤희|홍수현,1
내겐 너무 사랑스러운 그녀,가요계를 무대로 상처투성이 청춘 남녀들이 음악을 통해 서로의 상처를 보듬고 진실한 사랑을 키워가는 코믹 감성의 로맨틱 러브 판타지 드라마,TRUE,2014-09-17,Scripted,https://image.tmdb.org/t/p/w500/pjqLflrJXbt4wwYdulSzbLvu3db.jpg,드라마,SBS,16,6.7,3.5278,정수정|비|차예련|엘|공승연,1
내성적인 보스,"한국의 넘버원 PR 에이전시의 사장, 은환기는 '조용한 괴물'이라는 별명도 있는 미스터리한 사람이다. 항상 사람들과 눈을 마주치지 않고, 무관심하고 오만한 척 하는 이 남자. 알고보니 매우 내성적인 성격이기 때문! 그런 그 남자 앞에 나타난 신입사원 채로운. 매우 활달하고 외향적인 성격에 자신의 일로 인정받기 시작한 그녀의 관심은 오직 은환기! 그의 진짜 모습을 밝히려는 그녀의 계획이 시작된다.",TRUE,2017-01-16,Scripted,https://image.tmdb.org/t/p/w500/oqHa2rmpp7wvBD29fnr2A74iNCG.jpg,코미디|드라마,tvN,16,7.205,4.2696,연우진|박혜수|윤박|공승연|예지원,1
내일,"사고로 반은 인간, 반은 영혼이 된 남자. 저승사자가 운영하는 지하세계 회사에 채용되고, 특별한 임무를 수행하러 나선다. 죽은 자를 인도하던 저승사자들이 이제, 죽고 싶은 사람들을 살린다! 저승 판타지 웜(Warm) 메이드 드라마.",TRUE,2022-04-01,Scripted,https://image.tmdb.org/t/p/w500/9rXf2AsOoqN4NkQPVuzcZ3dX7Dj.jpg,드라마|Sci-Fi & Fantasy|Action & Adventure,MBC|Netflix,16,8.368,9.77,김희선|로운|이수혁|윤지온|김해숙,1
내일 그대와,"타고난 배경도, 안정된 직장도, 빵빵한 통장도, 집도, 차도, 몸만 와도 괜찮다는 남자도 없는, 서른 한 살의 아가씨, 마린. 인생의 반전을 꿈꿀 염치마저도 탱탱했던 피부와 함께 떠나보낸 지 오래. 하루가 다르게 쭉정이로 쭉쭉 진화 중이던 그녀 인생에 기적 같은 일이 벌어졌다. 완벽, 그 이상의 남자 소준. 마린이 염치불구 하고 할 수 있는 모든 상상을 총 동원해도 언감생심 꿈꿀 수 없는, 아니 꿈도 꿔선 안 될 수준의 남자가 마린에게 반해버리고 말았고, 결혼에까지 골인하게 된 것이다! 세상에 내가 신데렐라 팔자일 줄이야! 한반도 반만년 역사상 이렇게 시집 잘 간 여자가 또 있을까? 하지만, 그 감격은 결혼한 지 일주일도 채 지나지 않아 산산이 깨져버리고야 만다. 부부는 일심동체라는데, 남편이 자신에 대해 감추고 있는 비밀이 너무나 많았던 것. 알면 알수록, 파면 팔수록 그의 정체는 미스터리하기만 한데...",TRUE,2017-02-03,Scripted,https://image.tmdb.org/t/p/w500/vM0BhKkY0OextIweDKCPrqpltSX.jpg,드라마,tvN,16,6.566,3.2496,이제훈|신민아|강기둥|조한철|김예원,1
내일 지구가 망해버렸으면 좋겠어,"국적, 다 다르다. 성격, 제각각이다. 외국인 학생들이 모인 한국의 한 대학 국제 기숙사. 이곳에서 그들은 우정을 쌓고, 사랑에 들뜨고, 세상을 배운다. 대부분 엉망진창 뒤죽박죽이지만?",TRUE,2021-06-18,Miniseries,https://image.tmdb.org/t/p/w500/enFzc2stqb5Z0jRtLy4rQlQ63po.jpg,드라마|코미디,Netflix,12,7.701,3.321,박세완|신현승|최영재|민니|한현민,1
내일도 출근,"일도 사랑도 권태기인 7년 차 직장인 차지윤. 흉흉한 소문과 함께 나타난 까칠한 상사 강시우와 의도치 않게 엮이지만, 차가운 말투 뒤에 숨은 사려 깊은 진심을 마주하며 잊고 있던 설렘을 되찾기 시작한다. 반복되는 출근, 터지는 회사 이슈, 실패한 연애의 후유증 속에서 두 사람은 서로의 대체 불가능한 최선이 되어간다. 일도 사랑도 다시 설렘 'ON' 오피스 로맨스.",TRUE,2026-06-22,Scripted,https://image.tmdb.org/t/p/w500/6MELksXL65sIWNMZHR8Z9nLt1DE.jpg,코미디|드라마,tvN,12,8.918,12.8035,서인국|박지현|강미나|원규빈|최경훈,1
내일도 칸타빌레,"음악이라는 매개체를 가지고 만난 청춘들이 각자의 방식으로 젊음과 음악 그리고 열정, 사랑을 더불어 빚어내는 절정의 클래식 힐링 뮤직 드라마",TRUE,2014-10-13,Scripted,https://image.tmdb.org/t/p/w500/hHEZozMt0cCMHRW8OEd6bkRgtFd.jpg,코미디|드라마,KBS2,16,6.1,2.7676,주원|심은경|박보검|민도희|고경표,1
내조의 여왕,"신데렐라를 꿈꾸며 서울대 출신의 남자와 결혼을 했지만, 조직생활에 적응하지 못하는 무능한 남자로 인해 산산히 부서진 꿈을 남편을 내조함으로써 다시 이루려는 미시 주부의 이야기",TRUE,2009-03-16,Scripted,https://image.tmdb.org/t/p/w500/w2RhjwveXSWC5U3J2BA2KtBz3Pk.jpg,코미디|드라마,MBC,20,6,3.0925,김남주|오지호|이혜영|최철호|선우선,1
냄새를 보는 소녀,3년 전 ‘바코드 살인사건’으로 여동생을 잃은 무감각적인 한 남자와 같은 사고를 당하고 기적적으로 살아났지만 이전의 기억을 모두 잃은 초감각 소유자인 한 여자의 이야기를 담은 드라마.,TRUE,2015-04-01,Scripted,https://image.tmdb.org/t/p/w500/qM6mfxIDVl2yOxbHbngfZ6DKBi3.jpg,코미디|Sci-Fi & Fantasy|드라마|범죄,SBS,16,7.244,4.7169,박유천|신세경|남궁민|윤진서|송종호,1
너는 나의 봄,저마다의 일곱 살을 가슴에 품은 채 '어른'이라는 이름으로 살아가는 이들이 살인사건이 일어난 건물에 모여 살게 되며 시작되는 이야기,TRUE,2021-07-05,Miniseries,https://image.tmdb.org/t/p/w500/hAH3lc6tiRQPqv1a3tvSEQIqzFo.jpg,드라마,tvN,16,6.4,5.8505,서현진|김동욱|윤박|남규리|김예원,1
너도 인간이니,"""너도 인간이니?""라고 묻고 싶은 세상, 인간보다 더 인간다운 인공지능 로봇 남신Ⅲ와 열혈 경호원 강소봉이 펼치는 대국민 인간사칭 프로젝트",TRUE,2018-06-04,Scripted,https://image.tmdb.org/t/p/w500/5gRKiZMN49TICCRP0pjaLKYJNWK.jpg,Sci-Fi & Fantasy|드라마|미스터리,KBS2,36,8.124,6.8776,서강준|공승연|이준혁|박환희|김성령,1
너를 기억해,위험해서 더 매력적인 완벽한 천재 프로파일러 이현과 그를 관찰해오던 경찰대 출신 열혈 엘리트 수사관 차지안이 펼치는 달콤 살벌한 수사 로맨스,TRUE,2015-06-22,Scripted,https://image.tmdb.org/t/p/w500/6LnvlfevdppZNYg0VptRb7N8fwe.jpg,미스터리|드라마,KBS2,16,7.3,5.656,서인국|장나라|박보검|이천희|최원영,1
너를 닮은 사람,"성공한 화가가 되어 남부럽지 않은 인생을 사는 여자. 그리고 그 여자와의 만남으로, 찬란했던 삶의 빛을 잃은 여자. 이 두 여자가 다시 만난 순간, 모든 것이 뒤틀리기 시작한다.",TRUE,2021-10-13,Scripted,https://image.tmdb.org/t/p/w500/3db4Fqwyq0aliu1G47WL0k7ZXzi.jpg,드라마,JTBC,16,5.2,3.9701,고현정|신현빈|김재영|최원영|김보연,1
너를 사랑한 시간,"오랜 시간 동안 우정을 이어 온 두 남녀가 서른이 되며 겪게 되는 성장통을 그린 드라마. 슈즈 론칭을 앞두고 모델이 잠적하는 바람에 모든 일이 꼬여버린 하나. 그 와중에 애인은 곧 결혼한다는 충격적인 통보를 하고, 하나는 제 연애의 모든 원흉이 원이 때문인 것만 같다. 하나의 하소연을 묵묵히 받아 주던 원은 하나에게 말할 수 없는 사정 때문에 답답하기만 한데...",TRUE,2015-06-27,Scripted,https://image.tmdb.org/t/p/w500/9ilaOjBy3scZL3JKPTRlyaNv3th.jpg,드라마|로맨스,SBS,16,5.2,3.4693,하지원|이진욱|윤균상|추수현|신정근,1
너를 싫어하는 방법,베프의 남친을 좋아하게 된 미리의 마음 회수 분투기,TRUE,2019-04-01,Miniseries,https://image.tmdb.org/t/p/w500/q2iB5s4q4fkw5PPYhCgGOwyfnnP.jpg,드라마|코미디,JTBC4,6,4.9,1.4959,김지인|이종원|김유진|재민,1
너에게 가는 속도 493km,"싱그러운 스물다섯, 운동이 전부인 ‘박태양’ 선수와 운동이 직업인 ‘박태준’ 선수가 배드민턴 실업팀에서 벌이는 뜨거운 스포츠 로맨스 한 판",TRUE,2022-04-20,Miniseries,https://image.tmdb.org/t/p/w500/zWI9UgqyJ6KmiYii9sclhgDWnYR.jpg,드라마,KBS2,16,7.651,5.1737,박주현|채종협|박지현|김무준|서지혜,1
너와 나의 경찰수업,"경찰이라는 꿈을 안고 당당하게 경찰대학에 입성한 청춘들 대학생이 되었다는 기쁨도 잠시. 상상을 초월하는 훈련과 엄격한 규칙 속에서 하루 하루가 지옥같지만 동기들과 함께라면 두려울 것이 없는 청춘들이다. 한편, 모두의 기대를 한 몸에 받는 수석 입학생 승현과 직진본능 충만한 추가 합격생 은강은 사사건건 부딪히며 경찰대학 사건사고의 중심에 서고 그 안에서 감춰져왔던 진실의 단서를 찾게되는데…",TRUE,2022-01-26,Scripted,https://image.tmdb.org/t/p/w500/nHamahhkdxyz5cQk1dnva1rvhCX.jpg,드라마,Disney+,16,7.731,5.757,강다니엘|채수빈|이신영|박유나|민도희,1
너의 노래를 들려줘,"음치의 노래를 들어야만 잠이 드는 한 여자의 비밀과, 그녀의 잃어버린 기억 속에 묻혀있는 무서운 살인 사건의 전말, 그리고 그 속에 가라앉아있는 사랑의 흔적을 되찾아가는 독특하고 미스터리한 사랑이야기. 알 수 없는 이유로 이영에게 접근한 위험한 남자, 윤. 갑자기 다가온 꿈같은 사랑의 마술에 부초처럼 흔들리면서도, 잃어버린 과거의 기억을 찾아가려 노력하는 이영의 위험하지만 아름다운 모험.",TRUE,2019-08-05,Scripted,https://image.tmdb.org/t/p/w500/Ar5EfPWXdchKth1bGJKyv33InhR.jpg,드라마|범죄|코미디,KBS2,32,5,2.4171,연우진|김세정|송재림|박지연|이시원,1
너의 목소리가 들려,"속물 국선전담변호사 장혜성과 사람의 마음을 읽는 신비의 초능력 소년 박수하, 바른 생활 사나이 차관우가 만나며 벌어지는 사건들을 흥미진진하게 그린 드라마",TRUE,2013-06-05,Scripted,https://image.tmdb.org/t/p/w500/tWQ1uHg0gMpEtgyEFBJTPBokVzl.jpg,코미디|드라마|미스터리|Sci-Fi & Fantasy,SBS,18,8.092,6.5745,이보영|이종석|윤상현|이다희|정웅인,1
너의 밤이 되어줄게,"몽유병을 앓고 있는 월드스타 아이돌과 비밀리에 이를 치료해야 하는 신분 위장 입주주치의의 달콤 살벌한, 멘탈 치유 로맨스!",TRUE,2021-11-07,Scripted,https://image.tmdb.org/t/p/w500/8p1kRlCIPKYMDhnwwa9YE8SlFkO.jpg,드라마|코미디,SBS,12,6.8,2.1881,정인선|이준영|장동주|김종현|윤지성,1
넌 내게 반했어,"춤과 노래, 연기와 문학이 있는 예술대학을 배경으로 꿈을 향해 질주하는 주인공들의 풋풋한 사랑과 뜨거운 우정, 싱그러운 청춘과 드높은 꿈을 담은 청춘 멜로 드라마",TRUE,2011-06-29,Miniseries,https://image.tmdb.org/t/p/w500/lKKsxJOsfQT5CB6MYeWAHKA3g42.jpg,코미디|드라마,MBC,15,7.1,4.4235,박신혜|정용화|송창의|소이현|강민혁,1
넌 어느 별에서 왔니,"강원도 오지 첩첩 산골의 한 소녀가 서울 강남의 엄청난 부잣집 따님으로 밝혀진다.  얼마나 좋을까! 하루 아침에 만인의 판타지를 이루어내고 만 것이다… 그런데, 과연 그녀는 좋기만 할까. 정말로 행복할까. 서로 닿을 수 없을 것 같은 사람들, 소통할 수 없을 것 같은 인물들이 상대의 프리즘으로 세상을 바라보게 되는 과정, 서로 부딪치고 갈등하면서 상대의 세계를 이해하고 소통하는 과정, 상처를 치유하고 진정한 자신의 모습을 발견해가는 과정, 결국 이 세상 모든 이는 저마다 우주의 중심이며 주인공이라는 걸 깨달아가는 과정을 그려내어 재미와 감동을 주고자 하는 것이 드라마의 핵심목표다.

가진 자나 못 가진 자나, 배웠거나 못 배웠거나, 젊거나 늙거나, 곁에 연인이 있거나 혹은 없거나… 두루 고달프고 외로운 것이 인생 아닐까. 성숙한 존재가 된다는 것은, 그 외로운 여정이 나만의 것이 아님을 깨닫고, 타인을 향해 자신을 활짝 열 수 있다는 뜻이다.

그리 할 수 있는 자만이 진정한 사랑의 기쁨도 맛볼 수 있는 법이다. 행복은 결국 마음속에 있다.

주인공들의 사랑과 승리, 성장을 지켜보는 사이…

삭막한 회색 문명을 살아가는 이 시대 사람들의 가슴 속에 유쾌한 감동과 따스한 행복이 번져나갔으면 한다.",TRUE,2006-03-10,Scripted,https://image.tmdb.org/t/p/w500/nK36kd7Xiw5G06yUP6105cEK0b1.jpg,드라마,MBC,16,7,2.6739,김래원|정려원|박시후|이보희|김하균,1
널 만질거야,사람의 피부를 만지면 그 사람의 미래를 보는 신비한 능력이 있는 도진우. 본인의 능력을 숨긴 채 족집게 신세대 도사로 연예인 뺨치는 인기를 누리고 있던 어느 날 천사 같은 희영을 보게 되고 첫눈에 반해버린다. 천상 여자 순진녀 희영은 1년 된 남자 친구 현우가 언제쯤 프러포즈를 할지 궁금하여 족집게 도사를 찾아오는데 자신의 손을 잡은 약간 밥맛 없는 도사가 “낙상수” 조심하라며 집에서 나오지 말라고 하자 답답한 마음에 화를 내고 사주 카페를 나와 버린다. 자신의 본 타인의 미래에 결코 관여하지 않던 진우는 첫눈에 반해 버린 희영을 잊지 못하고 그녀를 다가오는 미래의 위험으로 부터 구하기 위해 희영이 근무하는 화장품 매장에 어색한 변장을 하고 아르바이트생으로 몰래 취업을 하는데 뜸만 나면 희영의 피부를 만지기 위해 접근을 하다 “변태”로 오해를 받게 된다. 그러던 중 우연히 희영의 남자친구 현서를 만나게 되고 그와 악수를 하던 중 현서의 미래를 보게 되는데 현서의 눈에 비췬 희영을 모습을 보게 되고 그녀를 구하기 위해 현서가 준비한 프러포즈 장소를 달려가게 되는데….,TRUE,2016-07-04,Scripted,https://image.tmdb.org/t/p/w500/chMjkhfc0YmKKpYZKWYbhJkADwR.jpg,코미디|드라마,NAVER TV,12,3.8,1.9298,옥택연|송하윤|박주형|김종문|임윤정,1
넘버스: 빌딩숲의 감시자들,비극적인 가족사를 가진 장호우가 태일회계법인에 최초이자 유일의 고졸 출신 회계사로 입사해 자신이 꿈꿔왔던 정의를 실현하는 이야기,TRUE,2023-06-23,Scripted,https://image.tmdb.org/t/p/w500/iC8IXonzxT8zuOnGqWXN8VWcXHy.jpg,드라마|Action & Adventure,MBC,12,7.5,3.898,엘|최진혁|김선빈|최민수|연우,1
노무사 노무진,유령 보는 노무사의 좌충우돌 노동 문제 해결기를 담은 코믹 판타지 활극,TRUE,2025-05-30,Scripted,https://image.tmdb.org/t/p/w500/eERbM9lqsb405V43BzGfyYfm3TH.jpg,코미디|미스터리|Sci-Fi & Fantasy|드라마,MBC,10,8.043,4.8438,박수오|정경호|설인아|차학연|탕준상,1
놀아주는 여자,어두운 과거를 청산한 큰형님 ‘지환’과 아이들과 놀아주는 미니언니 ‘은하’의 반전충만 설렘충전 로맨스. 동명 웹소설 원작.,TRUE,2024-06-12,Scripted,https://image.tmdb.org/t/p/w500/rmauRokBPCZYKZslyzcKLz4qqke.jpg,드라마|코미디,JTBC,16,7.871,3.9601,엄태구|한선화|권율|김현진|박재찬,1
누구세요,"냉혈 기업사냥꾼의 몸에 더부살이하는 아빠 영혼이, 딸과 함께 하는 이승에서의 마지막 49일을 다루는 휴먼 멜로 코믹드라마.  영인은 학교로 찾아온 사채업자들을 보고 놀라 지숙의 휠체어 뒤에 숨는다. 서류 위에서 머리카락을 발견한 승효는 여비서에게 화풀이를 하는데. 일건과 영애가 함께 있는 모습에 영인은 놀란다. 일건은 영인에게 1년만 기숙사에서 살아도 좋다고 허락한다. 간밤의 꿈이 불길한 일건은 싫다는 영인을 억지로 오토바이에 태워 학교로 향하는데... 계란세례를 받고 회사에서 나오던 승효는 화를 참지 못하고 직접 운전하다 트럭과 충돌하는데... 아빠가 죽었다는 소식에 영인은 사색이 되는데.",TRUE,2008-03-05,Scripted,https://image.tmdb.org/t/p/w500/ksqXKDfq02nmBwV3MNLhN3JEV2t.jpg,코미디|드라마,MBC,17,5.7,2.5888,윤계상|고아라|강남길|진이한|이언,1
눈물의 여왕,"세기의 결혼인가, 세기의 전쟁인가. 퀸즈 그룹 재벌 3세이자 백화점의 여왕 홍해인, 용두리 이장 아들이자 슈퍼마켓 왕자 백현우. 아찔한 위기를 맞은 3년 차 부부에게 기적처럼 다시 사랑이 시작된다.",TRUE,2024-03-09,Scripted,https://image.tmdb.org/t/p/w500/3x8GHyMTMsuXVX8pZ1OhUUHgOBx.jpg,드라마|코미디,tvN,16,8.4,24.4818,김수현|김지원|박성훈|곽동연|이주빈,1
눈의 여왕,"1998년 한국 과학고등학교 입학식. 어머니가 고이 싸준 도시락을 들고 입학식장에 들어서던 태웅은 학생들의 주목을 받으며 신입생선서를 하고 있는 정규를 본다. 첫 수학시간부터 대립하기 시작한 정규와 태웅. 정규는 평범한 듯 보이면서도 언뜻 천재성이 돋보이는 태웅이 거슬리기 시작한다. 그러던 어느 날, 정규는 태웅이 낸 리포트와 똑같은 내용이 실린 수학학회지를 발견하고... 아무것도 모른 채 도서관에서 책을 찾고 있던 태웅은 도서관에서 소리높여 이야기하는 한 여자아이를 본다. ‘눈의 여왕’동화책을 팔라고 도서관 사서에게 당당하게 이야기하는 아이, 바로 보라다. 돌아가는 길 태웅은 아이들에게 괴롭힘을 당하는 보라를 도와주게 되고. 삐삐를 건네주고 사라지는 보라. 다음 날, 수업시간 태웅은 리포터를 도작했다는 이야기에 상처를 받은 태웅은 학교를 뛰쳐나가고..",TRUE,2006-11-13,Scripted,https://image.tmdb.org/t/p/w500/zvJWX9OEWagcuKAaYuB9SrypNT2.jpg,드라마|로맨스,KBS2,16,7.9,4.6723,현빈|성유리|임주환|유인영|천호진,1
눈이 부시게,"""내 이름은 김혜자, 지극히 평범한 스물다섯 여자입니다."" 주어진 시간을 다 써보지도 못하고 잃어버린 여자와 누구보다 찬란한 순간을 스스로 내던지고 무기력한 삶을 사는 남자, 같은 시간 속에 있지만 서로 다른 시간을 살아가는 두 남녀의 시간 이탈 로맨스",TRUE,2019-02-11,Scripted,https://image.tmdb.org/t/p/w500/jP2JNty7IOest7u3Tesu844aF6O.jpg,드라마|코미디,JTBC,12,7.6,3.3619,한지민|김혜자|남주혁|손호준|안내상,1
다 이루어질지니,"천여 년 만에 컴백한 경력 단절 정령 지니, 감정이 결여된 인간 가영을 만나다. 늘 할머니의 룰과 자신의 루틴대로만 살던 그녀 앞에 놓인 세 가지 소원, 그리고 시작되는 예측 불가 판타지 로맨스.",TRUE,2025-10-03,Scripted,https://image.tmdb.org/t/p/w500/zq84x5kmwomvmmJ03hzl389UGeb.jpg,Sci-Fi & Fantasy|코미디|드라마,Netflix,13,7.865,13.1172,김우빈|수지|안은진|노상현|고규필,1
다시 만난 세계,"사고로 죽었던 소년 성해성이, 19살의 모습 그대로 돌아왔다.

자신의 죽음으로 인해 비틀어진 주변인들의 삶을 바로잡기 위해,

12년이 지난 지금까지, 자신을 잊지 못하고 있던

31살의 동갑내기 첫사랑, 정정원을 위해.",TRUE,2017-07-19,Scripted,https://image.tmdb.org/t/p/w500/vpCDvEZRMdKOtoj5IvG10onN9Si.jpg,드라마,SBS,40,7.6,5.9836,여진구|이연희|안재현|이시언|김진우,1
닥치고 꽃미남밴드,"자유분방한 고등학생 밴드 안구정화를 중심으로 패기 넘치는 청춘들의 우정과 사랑, 음악에 대한 열정을 키워나가며 벌어지는 이야기를 담은 청춘 로맨스 드라마.",TRUE,2012-01-30,Scripted,https://image.tmdb.org/t/p/w500/2YrkSY3Xb2PjMzZgRMYgFZ4MG0n.jpg,드라마,tvN,16,6.1,4.493,성준|엘|이현재|김민석|유민규,1
닥터 섬보이,"모두가 기피하는 섬 편동도에 발령된 공보의 도지의. 바다는 그에게 이유 모를 공포이자 벗어날 수 없는 감옥이다. 선 넘는 사람들과 낯선 환경 속에서 고립된 그는, 비밀을 품은 간호사 육하리와 자꾸만 얽히며 닿을 듯 말 듯 아슬아슬한 관계를 이어 가는데... 도망치고 싶은 섬에서 시작된 메디컬 휴먼 로맨스",TRUE,2026-06-01,Scripted,https://image.tmdb.org/t/p/w500/gBMouxOXSMyV7FIroOh9pfaB2JA.jpg,코미디|드라마,ENA,12,8.19,8.8503,이재욱|신예은|홍민기|이수경|김윤우,1
닥터 이방인,"이 드라마는 이방인인 남자가 그의 여자를 찾기 위해 벌이는 길고 험난한 여정을 그리고 있다. 남북 이념의 갈등, 권력자에 대한 복수는 그저 부수적인 이야기일 뿐. 이 드라마를 관통하는 것은, 한 여자를 향한, 한 남자의 숭고하고 지독한 사랑이다.",TRUE,2014-05-05,Scripted,https://image.tmdb.org/t/p/w500/bmTdYYgDWdtEYWlaDfaVjZIt301.jpg,드라마|범죄,SBS,20,8,5.6593,이종석|박해진|진세연|강소라|전국환,1
닥터 진,만화가 원작이며 일본에서 드라마로 방영되어 크게 인기를 끌었던 소재로 21세기 의학지식과 기술을 가진 의사가 19세기 말로 시간 여행을 떠나 질병을 치료하면서 벌어지는 일을 다룬 드라마.,TRUE,2012-05-26,Miniseries,https://image.tmdb.org/t/p/w500/2LkfXBorYOFTmE2PLR6IN5cYwLI.jpg,Sci-Fi & Fantasy|드라마,MBC,22,5.184,4.3299,박민영|송승헌|이소연|김재중|이범수,1
닥터 차정숙,20년 차 가정주부에서 1년 차 레지던트가 된 차정숙의 찢어진 인생 봉합기,TRUE,2023-04-15,Scripted,https://image.tmdb.org/t/p/w500/dUqlD7txECUTnGUvet8c23SXFmO.jpg,드라마|코미디,JTBC,16,8.183,5.3199,엄정화|김병철|명세빈|민우혁|송지호,1
닥터 프리즈너,대형병원에서 축출된 외과 에이스 의사 나이제가 교도소 의료과장이 된 이후 펼치는 신개념 감옥X메디컬 서스펜스 드라마,TRUE,2019-03-20,Scripted,https://image.tmdb.org/t/p/w500/67FLhynveUGytuBetOQANZRmNKQ.jpg,드라마|범죄,KBS2,32,7.336,5.3995,남궁민|권나라|김병철|최원영|박은석,1
닥터스,"과거의 상처를 딛고 의사가 된 두 남녀가 여러 인간 군상을 만나며 성장하고, 평생 단 한번뿐인 사랑을 시작하는 휴먼 메디컬 드라마.",TRUE,2016-06-20,Scripted,https://image.tmdb.org/t/p/w500/1lGKY3GOAZv38VKiC6cD6NrJNCi.jpg,드라마|코미디,SBS,20,8.125,6.3309,김래원|박신혜|윤균상|이성경|김민석,1
닥터슬럼프,"백억 대 소송과 번아웃, 각자의 이유로 인생 최대 슬럼프에 빠진 의사들의 '망한 인생' 심폐 소생기를 그린 이야기.",TRUE,2024-01-27,Scripted,https://image.tmdb.org/t/p/w500/6z9AXyb66MsMcUHbiQ3UQVr9MEB.jpg,드라마|코미디,JTBC,16,8.1,7.884,박신혜|박형식|윤박|공성하|박원호,1
닥터신,신의 영역에 도전하는 천재 의사와 하루아침에 뇌가 망가져 영혼을 잃어가는 한 여자의 메디컬 스릴러 드라마,TRUE,2026-03-14,Scripted,https://image.tmdb.org/t/p/w500/mPOtEq4nC5Hxtehd3ljm4REjKzd.jpg,드라마|Sci-Fi & Fantasy|미스터리,TV Chosun,16,6,4.9576,정이찬|백서라|안우연|김명지|천영민,1
닥터챔프,태릉선수촌을 배경으로 국가대표 담당 주치의의 눈을 통해 바라본 스포츠의 세계를 다루는 본격 휴먼 스포츠 메디컬 드라마다.,TRUE,2010-09-27,Scripted,https://image.tmdb.org/t/p/w500/nsOEEZICLPv42T0mTOUyo35KxS7.jpg,코미디|드라마,SBS,16,5,2.3512,김소연|엄태웅|정겨운|차예련|마동석,1
"단, 하나의 사랑","사랑 한 톨 없는 독한 발레리나 이연서와 낙천주의 사고뭉치 천사 단의 이야기를 그린 예측불가 판타스틱 천상 로맨스. 완벽한 존재인 천사가 불완전한 인간이 되고 싶어지는 과정을 통해 사람이, 사람으로서 지향해야 할 ‘인간성’ 이란 무엇인지를 다시금 되짚으려 한다. 그것은 사랑. 차가운 마음의 여자와 미숙하고 철없는 천사가 만나  뜻밖의 비극과 험난한 고비 앞에서 오직 상대를 위해 모든 걸 내어놓는 숭고한 선택임을 이야기해보려 한다. 그 끝이 어찌 될지라도, 그렇게 사랑하는 자들은 서로에게 천사가 되어줄 수 있음을 꿈꿔보려 한다. 여기, 춥고 가혹한 현실 속에 판타스틱한 사랑을 꿈꾸는 이들의 마음을 건드릴 단 하나의 기적이 내린다.",TRUE,2019-05-22,Scripted,https://image.tmdb.org/t/p/w500/sXE8LoE3bnLiV0Aay6BvJ9YR1o0.jpg,드라마|코미디,KBS2,32,8.035,4.7596,신혜선|엘|이동건|김보미|도지원,1
단죄,"어느 날, 피싱 사기로 부모를 잃은 무명 배우가 딥페이크 기술을 이용해 거대 보이스피싱 조직에 잠입한 뒤 그들을 일망타진 해나가는 복수극",TRUE,2025-09-24,Scripted,https://image.tmdb.org/t/p/w500/wuU9GU0BKVbTBpdGzBYS7p2SuKP.jpg,범죄,wavve,8,7,3.437,이주영|지승현|준회|서진원|이지하,1
달까지 가자,"맛있는 음식과 멋진 옷, 신발이 넘쳐나는 풍요로운 세상과 달리 불안정한 고용 환경과 직장 내 부조리, 늘어나는 가계 빚으로 날로 빈곤해지고 있는 청년들의 삶을 조명한다. 보통의 욕망을 가진 이들이 특별한 여행을 떠나는 이야기. 장류진의 동명 소설 원작",TRUE,2025-09-19,Scripted,https://image.tmdb.org/t/p/w500/w0RYz4fih1tscBuQ9BaMawnoAbU.jpg,드라마|코미디,MBC,12,8,5.2236,이선빈|라미란|조아람|김영대|음문석,1
달리와 감자탕,‘무지-무식-무학' 3無하지만 생활력 하나는 끝내 주는 '가성비 주의' 남자와 본 투 비 귀티 좔좔이지만 생활 무지렁이인 '가심비' 중시 여자가 미술관을 매개체로 서로의 간극을 좁혀가는 '아트' 로맨스,TRUE,2021-09-22,Miniseries,https://image.tmdb.org/t/p/w500/2BuwNyTiMjlStKweY1VRIBsusRJ.jpg,코미디|드라마,KBS2,16,7.308,11.6085,박규영|김민재|권율|황희|연우,1
달의 연인 - 보보경심 려,"1,000년을 거슬러 고려 시대로 시간 여행을 하게 된 21세기 여인. 궁중의 암투에 휘말리고 여러 황자들의 사랑을 한몸에 받게 된다.",TRUE,2016-08-29,Scripted,https://image.tmdb.org/t/p/w500/7Ji4MvbqOnAnwGJV5Z953AkuE0X.jpg,드라마|Sci-Fi & Fantasy|War & Politics,SBS,20,8.497,8.8982,이지은|이준기|강하늘|홍종현|백현,1
달자의 봄,"서른 셋을 코앞에 두고도 여전히 남자 운이 궁한 오달자(채림), 뜻밖에도 입사동기 신세도(공형진)로부터 프로포즈를 받고 꿈에 그리던 연애를 시작하는데, 하지만 그는 사내에서 소문난 바람둥이. 게다가 알고 보니 평소 달자와 앙숙지간이었던 쇼 호스트 위선주(이혜영)와 양다리까지 걸치고 있었던 것. 자신의 진심을 짓밟힌 달자, 어떻게든 쪽팔림을 면해보려고 내뱉은 거짓말에 일은 점점 커지고, 뜻하지 않게 애인 대행을 해준다는 강태봉(이민기)을 만나게 되는데…",TRUE,2007-01-03,Scripted,https://image.tmdb.org/t/p/w500/9aA4j03xktAhAnTY0zYw439D82i.jpg,드라마,KBS2,22,6.5,3.6804,채림|공형진|김재욱|권기선|이민기,1
달콤한 나의 도시,"서른 한 살, 직장생활 7년차 오은수의 파란만장한 일상을 그린 드라마",TRUE,2008-06-06,Scripted,https://image.tmdb.org/t/p/w500/lmjboom7Scuod6cxP1LnhRlAIW0.jpg,드라마|코미디,SBS,16,5.667,1.7916,최강희|이선균|지현우|민복기,1
달콤한 스파이,남상미는 첩보원 한유일의 국제 첩보 활동에 갑자기 휘말리게 된 미망인 경찰 이순애를 연기한다. 강준은 최근 범죄수사과로 이직했다. 그는 현재의 정치/경제 세력과 그들의 비밀 사이에 얽힌 선애의 과거와 관련된 오래된 사건을 엽니다. 그 중 하나가 이상하게도 한유일이다. 이 사람은 누구입니까? 그는 왜 여기에 있습니까?,TRUE,2005-11-07,Scripted,https://image.tmdb.org/t/p/w500/fwHUm6qENioAuEtMBIMYzwJn5vp.jpg,Action & Adventure|드라마|코미디,MBC,20,7,2.534,남상미|이주현|데니스 오|김용희|최불암,1
달콤한 인생,"완벽한 이중 생활을 자부하던 동원이 아내 혜진에게 다애와의 관계를 들키게 되고, 다애 역시 준수에게 사랑을 감정을 느끼게 되면서 동원에게 이별 통보를 하는 등 네 남녀의 복잡하게 얽힌 애증 관계를 그린 드라마.",TRUE,2008-05-03,Miniseries,https://image.tmdb.org/t/p/w500/50zCJzJfdw3PubmvsVtcFIZyFtu.jpg,드라마|미스터리|로맨스,MBC,24,3,2.9625,박시연|이동욱|정보석|문가영|김미경,1
닭강정,내 딸이 닭강정으로 변하다니! 모든기계 사장 최선만은 의문의 사고로 닭강정이 되어버린 딸 민아를 되찾을 수 있을까. 민아를 짝사랑하는 인턴사원 고백중이 그에 합세해 고군분투를 펼친다.,TRUE,2024-03-15,Miniseries,https://image.tmdb.org/t/p/w500/g4hSAfG5HQgt65Tvwz1N5Ml6W0d.jpg,코미디|미스터리|Sci-Fi & Fantasy,Netflix,10,6.4,4.871,안재홍|류승룡|김유정|황동희|한지안,1
당신의 맛,식품 기업을 물려받기 위해 작은 식당을 인수 합병하는 '레시피 사냥꾼'이 된 재벌 상속남 한범우와 전주에서 간판도 없는 원테이블 식당을 운영 중인 똥고집 셰프 모연주의 전쟁 같은 키친 타카 성장 로맨스,TRUE,2025-05-12,Miniseries,https://image.tmdb.org/t/p/w500/i4AkVeH64zvm2CL33FtYfzZqMup.jpg,코미디|드라마,ENA,10,8.3,6.1691,강하늘|고민시|김신록|유수빈|배나라,1
당신의 하우스헬퍼,완벽한 남자 하우스헬퍼가 머릿속도 집도 엉망이 된 여자들의 살림과 복잡한 인생까지 프로페셔널하게 비워내고 정리해주는 '라이프 힐링' 드라마,TRUE,2018-07-04,Scripted,https://image.tmdb.org/t/p/w500/l0JeSJfhlTfIr6mEtKUs1Q51XuB.jpg,코미디|드라마,KBS2,32,7.5,3.2818,하석진|보나|고원희|서은아|이지훈,1
당신이 소원을 말하면,삶의 끝에 내몰린 위태로운 청년이 호스피스 병원에서 생의 끝에 있는 사람들의 마지막 소원을 들어주는 이야기,TRUE,2022-08-10,Scripted,https://image.tmdb.org/t/p/w500/sYbmm7OTUiFZkIelWN5wHBesXjH.jpg,드라마,KBS2,16,7.651,3.2549,지창욱|최수영|성동일|원지안|남태훈,1
당신이 잠든 사이에,"누군가에 닥칠 불행한 사건, 사고를 꿈으로 미리 볼 수 있는 여자와 그 꿈이 현실이 되는 것을 막기 위해 고군분투하는 검사의 이야기",TRUE,2017-09-27,Scripted,https://image.tmdb.org/t/p/w500/vtyzRkxPl3Y6bC5DgUDZ1sLb8Fs.jpg,Sci-Fi & Fantasy|드라마,SBS,32,8.367,12.6679,수지|이종석|정해인|이상엽|황영희,1
대물,대한민국 최초 여성 대통령이라는 타이틀을 거머쥔 전직 아나운서. 그러나 청와대 입성과 동시에 그녀의 추락을 도모하는 드센 공세에 직면한다.,TRUE,2010-10-06,Scripted,https://image.tmdb.org/t/p/w500/lhrBqwOOkSQ49SYPBIonIiDTnPr.jpg,드라마,SBS,24,7.7,5.3725,고현정|권상우|차인표|박해미|송옥숙,1
대박,"왕좌(王座), 단 하나뿐인 옥좌를 둘러싼 꾼들의 전쟁을 파헤친다.  ‘투전, 골패, 바둑, 장기, 쌍륙, 검패, 승경도...’ 조선시대를 풍미했던 찬란하고도 위험한 유희의 세계. 그리고 그 안에서 벌어지는 ‘꾼’들의 전쟁. 허나 도박은 그저 유희이며 시발점일 뿐, 목숨을 내건 타짜들의 목적은 오직 하나, 왕좌! 경종 ‘윤’을 등에 업은 불세출의 천재, 이인좌! 어심을 손에 쥔 ‘숙빈 최씨’와 그의 아들 영조, 이금! 조선 최고의 타짜, 대길! 이 무리들이 왕좌를 놓고 벌이는 전쟁이 바로 대박이다.",TRUE,2016-03-28,Scripted,https://image.tmdb.org/t/p/w500/73jwrDvpBVQRsbqeIKgcgfLAzp9.jpg,드라마,SBS,24,4.8,3.0362,장근석|여진구|임지연|전광렬|최민수,1
대박부동산,공인중개사인 퇴마사가 퇴마 전문 사기꾼과 한 팀이 되어 흉가가 된 부동산에서 원귀나 지박령을 퇴치하고 기구한 사연들을 풀어주는 생활밀착형 퇴마 드라마,TRUE,2021-04-14,Scripted,https://image.tmdb.org/t/p/w500/8m9ZfU3RgrKlhkbvSS54ipmOOCO.jpg,드라마|코미디|Sci-Fi & Fantasy|미스터리,KBS2,16,7.158,6.9658,장나라|정용화|강말금|강홍석|안길강,1
대왕 세종,"서로 다른 이념과 가치관을 지닌 다양한 인물들의 대립과 갈등, 합의의 과정을 다룬 정치드라마",TRUE,2008-01-05,Scripted,https://image.tmdb.org/t/p/w500/ra9D3Dzwwc8RRaADHwjxX0pguG7.jpg,드라마,KBS2|KBS1,86,4.8,5.541,김상경|김영철|김갑수|이원종|이천희,1
대왕의 꿈,우리 역사상 최초로 난세를 평정하고 통일국가를 완수해 우리 민족문화의 최전성기를 이룬 태종무열왕과 김유신 등 영웅들의 일대기를 흥미와 재미로 재조명한 대하드라마.,TRUE,2012-09-08,Scripted,https://image.tmdb.org/t/p/w500/4o42r4PVpwFAGhV1Y6h6rtrEFQK.jpg,드라마,KBS1,70,5.2,5.5866,최수종|채상우|김유석|노영학|이영아,1
대장금,"남존여비의 봉건적 체제하에서 무서운 집념과 의지로 궁중최고의 요리사가 되고, 우여곡절 끝에 조선 최고의 의녀가 되어 어의를 비롯한 수많은 내의원 남자 의원들을 물리치고 조선조 유일한 임금 주치의가 되었던 의녀 장금의 파란만장한 생애를 다룬다.",TRUE,2003-09-15,Scripted,https://image.tmdb.org/t/p/w500/wTiBK9Fj0qIXgkgYiPHZ0HoXfnh.jpg,드라마,MBC,54,8.488,12.5769,이영애|지진희|임호|이세은|금보라,1
대장금이 보고 있다,"조선시대 중종 시절.

절대 미각, 후각, 손맛으로 이름을 떨친

‘대장금’을 기억하시나요?

우리는,

‘그녀의 후손은 지금 어떤 모습으로 살고 있을까’

궁금했습니다.

그리고 지금부터 그들의 유쾌한 일상을

여러분께 보여드리려고 합니다.

먹기 위해 사는 삼남매의

로맨스 가득한 침샘 자극 예능 드라마.

새송이도 자연산 송이로 바꿔버리는

먹방 초능력 삼 남매의 밥상에

여러분을 초대합니다.",TRUE,2018-10-11,Scripted,https://image.tmdb.org/t/p/w500/xGQ90synnTujHH7jjIZNznuZZKh.jpg,드라마,MBC,32,5.6,3.1179,신동욱|권유리|이열음|김현준|이민혁,1
대행사,대기업 광고대행사 최초로 여성 임원이 된 고아인이 최초를 넘어 최고의 위치까지 자신의 커리어를 만들어가는 과정을 그린 우아하게 처절한 오피스 드라마,TRUE,2023-01-07,Miniseries,https://image.tmdb.org/t/p/w500/vUjEKWdQDbWCuL0nfwEjLu06I6B.jpg,드라마,JTBC,16,6.706,6.0263,이보영|조성하|손나은|한준우|전혜진,1
더 글로리,"고등학교 시절, 끔찍한 괴롭힘에 시달렸던 여자. 많은 시간이 흐른 후, 가해자들을 응징하기 위해 그녀가 치밀한 복수를 감행한다.",TRUE,2022-12-30,Scripted,https://image.tmdb.org/t/p/w500/v2PhLwwWkeodAuF1ePtlIn5m2VI.jpg,드라마|범죄,Netflix,16,8.465,21.0582,송혜교|이도현|임지연|염혜란|박성훈,1
더 케이투,"전쟁 용병 출신의 보디가드 K2와 그를 고용한 대선 후보의 아내, 그리고 세상과 떨어져 사는 소녀! 로열패밀리를 둘러싼 은밀하고 강렬한 보디가드 액션 드라마",TRUE,2016-09-23,Scripted,https://image.tmdb.org/t/p/w500/qz0hRqKlNNOS15tqdqB1qUyMQMl.jpg,Action & Adventure|드라마|범죄,tvN,16,7.892,10.5494,지창욱|송윤아|윤아|조성하|김갑수,1
더 킹 : 영원의 군주,"악마에 맞서 차원의 문(門)을 닫으려는 이과(理科) 형 대한 제국 황제와 누군가 의 삶·사람·사랑을 지키려는 문과(文科) 형 대한민국 형사의 공조를 통해 차원이 다른 로맨스를 그린 드라마. 1994년 대한제국 역모의 밤, 황태자 이곤은 아버지를 잃고 만파식적 반쪽과 주인을 알 수 없는 신분증을 얻게 된다. 25년 후, 신비한 차원의 문을 통해 2019년 대한민국으로 오게 된 이곤. 그 곳에서 25년을 그리워하고 궁금해 했던 신분증의 주인 정태을을 만나게 되는데... !",TRUE,2020-04-17,Scripted,https://image.tmdb.org/t/p/w500/iPQmB32MCKs6GPUYyX44K5P1Pux.jpg,Sci-Fi & Fantasy|드라마,SBS,16,8.246,9.7305,이민호|김고은|우도환|김경남|정은채,1
더킹 투하츠,"북한 특수부대 여자 장교와 천방지축 안하무인 남한 왕자가 서로에 대한 편견과 세상의 불신, 방해를 딛고 사랑을 키워간다는 이야기를 담은 휴먼 멜로 블랙 코미디.",TRUE,2012-03-21,Scripted,https://image.tmdb.org/t/p/w500/tekVzYihVCcf5fsnxDR1diNYQOj.jpg,Action & Adventure|드라마,MBC,20,7.1,6.1663,하지원|이승기|이윤지|조정석|윤제문,1
데릴남편 오작두,"극한의 현실을 사는 30대 중반 직장여성이 오로지 결혼한 여자, 즉 유부녀라는 소셜 포지션을 쟁취하려 데릴 남편을 구하면서 시작되는 역주행 로맨스 드라마",TRUE,2018-03-03,Scripted,https://image.tmdb.org/t/p/w500/cMF7QHKRkXPJhy8dKPmpD9I39Le.jpg,드라마|코미디,MBC,24,7.2,2.9613,김강우|유이|정상훈|한선화|박정수,1
도깨비,"2016년 12월 tvN에서 방영을 시작한 드라마. 도깨비 설화를 모티브로 김은숙 작가가 3년 전부터 기획하였으며 사극과 현대극을 오가는 판타지적인 요소를 강조한 드라마이다. 당신이 세상에서 멀어지고 있을 때 누군가 세상 쪽으로 등을 떠밀어 주었다면, 그건 신이 당신 곁에 머물다 가는 순간이다.불멸의 삶을 끝내기 위해 인간 신부가 필요한 도깨비, 그리고 그와 기묘한 동거를 시작한 기억상실증 저승사자. 그런 그들 앞에 도깨비 신부라 주장하는 죽었어야 할 운명의 소녀가 나타나며 벌어지는 신비로운 낭만 설화.",TRUE,2016-12-02,Scripted,https://image.tmdb.org/t/p/w500/qZMEiTsNlCQV27hHQE27ZtlPWyv.jpg,드라마|Sci-Fi & Fantasy|코미디,tvN,16,8.615,19.6284,공유|김고은|이동욱|유인나|육성재,1
도도솔솔라라솔,"무일푼이 됐지만, 세상은 여전히 아름다워. 자체 발광 피아니스트가 시골로 향한다. 반짝반짝한 새 삶을 시작해 보자. 희망을 잃지 않는 사람에게 사랑도 찾아오는 법!",TRUE,2020-10-07,Scripted,https://image.tmdb.org/t/p/w500/c4hCs24RJ3FYroxvqPxsM96FFGK.jpg,코미디|드라마,KBS2,16,6.707,3.2915,고아라|이재욱|김주헌|신은수|예지원,1
도시남녀의 사랑법,복잡한 도시 속 내 안에 또 다른 나를 품고 치열하게 살아가는 청춘들의 리얼 연애담을 담은 카카오TV 오리지널 드라마.,TRUE,2020-12-22,Scripted,https://image.tmdb.org/t/p/w500/oC0P5Kcq4p33Ic6fKQ4SFQ5QHAx.jpg,드라마,Kakao TV,17,7.676,7.1652,지창욱|김지원|김민석|소주연|류경수,1
독고 리와인드,"각기 다른 삶을 살아온 세 남자가 학교 폭력에 대항하기 위해 하나로 모이는 이야기! ‘혁'은 2년 전 일진 30명을 때려?히는 대형 사고로 퇴학을 당해 길거리를 전전하고 있다. 그러던 중, 우연히 당영고 씨름부 유망주 '표태진'과 일진에 거부감을 가지고 있는 기천고 '김종일'을 만나 우정을 쌓아가게 된다.  그러던 어느날… '강혁'의 친구 '규순'이 '일진 연합'의 무차별적인 폭행으로 사망하는 사건이 발생하게 되는데… 일진 연합'의 폭력성과 악랄함, 그리고 어른들의 방관에 분노한 '강혁', '김종일', '표태진' 세 사람은 힘을 합쳐 '일진 연합'을 무너뜨릴 계획을 짜고 실행에 옮기게 되는데...",TRUE,2018-09-07,Scripted,https://image.tmdb.org/t/p/w500/iVjNAt4RHawNUVK5ZgFgIpQcc6G.jpg,드라마|Action & Adventure|범죄,oksusu,20,6.262,3.375,세훈|강미나|조병규|안보현|이범규,1
돈꽃,돈을 지배하고 있다는 착각에 살지만 실은 돈에 먹혀버린 사람들의 이야기를 담은 드라마. 대한민국 유수의 재벌그룹 청아의 변호사이자 해결사 필주(장혁)! 청아그룹의 위태로운 적통 황태자 부천(장승조)! 청아의 주인 자리에 부천을 올리기 위해 필주는 치밀하게 짜인 작전을 펼치기 시작하는데...,TRUE,2017-11-11,Scripted,https://image.tmdb.org/t/p/w500/8uVAyYAg5g6y1jhchT94hjI8EBz.jpg,드라마,MBC,24,6.825,3.4409,장혁|박세영|장승조|이미숙|이순재,1
돌아와요 아저씨,"일본 작가 아사다 지로의 츠바키야마 과장의 7일간이라는 작품을 원작으로, 쌈박하게 귀환한 저승동창생들의 이야기를 담은 휴먼 판타지 코믹드라마",TRUE,2016-02-24,Scripted,https://image.tmdb.org/t/p/w500/f7eTE3GvL4Lrt27MdUt9SmPHjAJ.jpg,코미디|드라마|Sci-Fi & Fantasy,SBS,16,8.3,5.7762,비|오연서|김인권|김수로|이민정,1
돌풍,"그날, 대통령의 심장이 멈췄다. 세상을 뒤엎고자 대통령 시해를 결심한 국무총리와 그를 막아 권력을 손에 쥐려는 경제 부총리. 극단으로 치닫는 두 사람의 정치적 욕망이 거센 바람, 돌풍을 일으킨다.",TRUE,2024-06-28,Miniseries,https://image.tmdb.org/t/p/w500/niabu7iVMCier4vtIGMR5r5Xm1Y.jpg,드라마|War & Politics,Netflix,12,6.964,4.5247,설경구|김희애|김미숙|김영민|임세미,1
동궁,영혼의 세계를 넘나드는 구천과 귀신의 소리를 듣는 궁녀 생강. 왕의 부름을 받은 둘이 동궁에 깃든 저주를 파헤친다. 깊고 은밀한 비밀에 다가서는 미스터리 오컬트 사극.,TRUE,2026-07-17,Miniseries,https://image.tmdb.org/t/p/w500/7b8YEvnwJGFC35B8VPRPdp8O5Ri.jpg,미스터리|Action & Adventure|Sci-Fi & Fantasy|드라마,Netflix,8,8.245,13.6411,남주혁|노윤서|조승우|장영남|곽동연,1
동백꽃 필 무렵,"편견에 갇힌 맹수 동백을 깨우는, 촌므파탈 황용식이의 폭격형 로맨스 ""사랑하면 다 돼!"" 이들을 둘러싼 생활밀착형 치정 로맨스 ""사랑 같은 소리하네."" 편견에 갇힌 여자가 저를 가둔 가타부타를 깨다 못해 박살을 내는 이야기. 그리고 그 혁명에 불을 지핀 기적 같은 한 남자의 얘기. 분명 뜨끈한 사랑 얘긴데, 맨날 사랑만 하진 않는 얘기. ‘진짜 사람들’의 ‘진짜 이야기’가 시작된다.",TRUE,2019-09-18,Scripted,https://image.tmdb.org/t/p/w500/HAbVZnRaPu4dm9LkTsIYs6JAnc.jpg,드라마|코미디,KBS2,40,8.132,13.0266,공효진|강하늘|김지석|손담비|오정세,1
동이,조선 역사 상 처음으로 궁중 최하층 무수리 신분에서 내명부 최고의 품계에 오른 숙빈 최씨의 이야기,TRUE,2010-03-22,Miniseries,https://image.tmdb.org/t/p/w500/aJ7FAsHW8M1iNp6CGggfNxOTaiG.jpg,드라마,MBC,60,7.728,6.751,한효주|박하선|정동환|지진희|이소연,1
두 번째 남편,멈출 수 없는 욕망이 빚은 비극으로 억울하게 가족을 잃은 한 여인이 엇갈린 운명과 사랑 속에서 복수에 나서게 되는 격정 로맨스 드라마,TRUE,2021-08-09,Scripted,https://image.tmdb.org/t/p/w500/8YwZ0ldSOHeDzCKEPcQDsEhDwJA.jpg,범죄|드라마,MBC,151,6,6.1059,엄현경|차서원|오승아|한기웅|최승경,1
두번은 없다,서울특별시 용산구 후암동에 위치한 낙원 여인숙에서 장기 숙박 중인 투숙객들의 이야기를 그린 드라마. 막례(윤여정)가 운영하는 낙원 여인숙에서 아기를 낳게 되는 박하(박세완). 박하는 남편의 억울한 죽음을 밝히기 위해 구성 호텔로 향하는데...,TRUE,2019-11-02,Scripted,https://image.tmdb.org/t/p/w500/d9BaEcwt11PxKAVo8gePtOQYaPi.jpg,,MBC|MBC Drama,72,8.3,3.4465,박세완|곽동연|윤여정|오지호|예지원,1
두번째 스무살,"열여덟에 덜컥 임신, 20년 동안 남편과 아들밖에 모르고 살아온 여자. 떠나버린 남편의 마음을 되찾겠다며 뒤늦게 대학에 들어간 그녀에게 두 번째 청춘이 찾아온다. 그리고 새로운 인생과 새로운 사랑도 함께.",TRUE,2015-08-28,Scripted,https://image.tmdb.org/t/p/w500/yeYQW0virKeKWdyrHwY72RaDauu.jpg,코미디|로맨스,tvN,16,7.6,3.212,최지우|하승리|이상윤|김희찬|최원영,1
드라마의 제왕,"드라마는 무조건 돈이 되어야 한다는 베테랑 외주 제작사 대표와 드라마는 '인간애'라고 주장하는 신인 작가, 타협을 모르는 국내 톱스타 배우가 만나 펼치는 드라마 제작기를 코미디 풍으로 그린 드라마.",TRUE,2012-11-05,Scripted,https://image.tmdb.org/t/p/w500/5UtSrFQ161SuUtekxGewDIL7WJI.jpg,코미디|드라마,SBS,18,6.5,2.5621,김명민|정려원|최시원|정만식|오지은,1
드림,소년원 출신 격투기 선수와 스포츠에이전트가 어려움을 극복하고 성공에 이르는 과정을 담은 드라마이다.,TRUE,2009-07-27,Scripted,https://image.tmdb.org/t/p/w500/i5XgEXp6q2rsehJwlZ0apthhjnX.jpg,드라마|로맨스,SBS,20,6,2.7597,주진모|김범|손담비|최여진|오달수,1
드림하이,연예예술고등학교를 배경으로 펼쳐지는 청춘들의 스타가 되기 위한 꿈과 사랑을 그린 드라마,TRUE,2011-01-03,Scripted,https://image.tmdb.org/t/p/w500/aSLgxV1K95eG5cFms6tUceha4fF.jpg,드라마,KBS2,16,6.906,11.1649,수지|김수현|옥택연|함은정|장우영,1
들쥐,"세상과 단절한 채 살아가던 소설가 문재. 정체불명의 '들쥐'에게 자신의 인생을 도둑맞은 것을 알게 된다. 이에 자신을 쫓던 사채업자와 예기치 않은 동맹을 맺고, 잃어버린 삶을 되찾고자 몸부림친다.",TRUE,2026-08-28,Miniseries,https://image.tmdb.org/t/p/w500/z1xv9CKt7HmXgS6azNB563mU2FB.jpg,범죄|드라마|미스터리,Netflix,10,8,43.2516,류준열|설경구|이규형|김성오|현봉식,1
디어 마이 프렌즈,"""끝나지 않았다. 여전히 살아있다""고 외치는 '황혼 청춘'들의 인생 찬가를 그린 드라마. 엄마 난희의 동문회에 끌려온 완. 예상처럼 꼰대들 동문회는 두서 없고 정신 없었다. 일장 연설하며 석균 아저씨, 남편 흉보는 정아 이모, 맞장구 치는 희자 이모, 귀 먹은 할머니에 불난 데 기름 붓는 충남이모까지 아주 개판이 따로 없다. 하지만 무엇보다 영원 이모와 부딪힌 엄마 때문에 동문회는 깽판이 나는데...",TRUE,2016-05-13,Scripted,https://image.tmdb.org/t/p/w500/jl4Gr4m9mI4W0bF0JrZqMq4gVZ5.jpg,코미디|드라마,tvN,16,7.533,5.6011,고현정|윤여정|나문희|고두심|김혜자,1
디어엠,서연대학교를 발칵 뒤집어놓은 서연대 커뮤니티 글의 주인공 ‘M’을 찾으며 핑크빛 추리를 펼치는 무보정 노필터 청춘 로맨스 드라마,TRUE,2022-06-29,Scripted,https://image.tmdb.org/t/p/w500/rAJINeyfTsFisczGfmbsz1Wpzfj.jpg,드라마,Viki|U-NEXT,12,6.1,3.5891,박혜수|재현|노정의|배현성|이진혁,1
따뜻한 말 한마디,모든 상처와 장애를 끌어안고 가정을 지키기 위해 아슬아슬 외줄 타기를 하는 두 부부의 갈등을 리얼하게 다루며 복잡 미묘한 결혼생활의 현실을 그리는 드라마,TRUE,2013-12-02,Scripted,https://image.tmdb.org/t/p/w500/2coho0RSrTNiBOfrdPbgw3po8eX.jpg,드라마|로맨스,SBS,20,5.3,2.0514,한혜진|지진희|김지수|이상우|이채미,1
딱 너 같은 딸,세 사돈지간을 통해서 오해와 갈등이 이해와 사랑으로 회복되고 마침내 상처를 감싸 안고 용서하는 과정을 담은 가족 드라마.,TRUE,2015-05-18,Scripted,https://image.tmdb.org/t/p/w500/rPZdZgFf1HlDsLrBlZvGF88dJcY.jpg,드라마|가족|코미디,MBC,120,5,3.7024,이수경|우희진|김혜옥|강경준|정혜성,1
딴따라,"‘딴따라’는 연예계 종사하는 사람들을 낮잡아 부르는 말이다. 그러나 낮잡아 부를 수 있을까. 우리 인생 안에서 딴따라의 정서는 없는 것인가. 회식을 할 때도 가족 모임이 있을 때도 “노래 한 곡 뽑아 보자” 라 흥을 돋우지 아니한가. 힘든 일터에서도 라디오 등을 통하여 음악을 곁에 두지 아니한가 말이다. 우리 인생에 흥도 주고 슬픔도 달래주는 음악을 제공해 내는 이들. 그 또한 치열한 산업이다. 그 치열함 속에 ‘비정함’ 과 ‘냉혹함’ 이 있을 것이고, 또한 ‘온정’과 ‘진정성’도 공존할 것이다. 한 남자는 ‘비정함’과 ‘냉혹함’으로 딴따라 업계 최고의 자리까지 올라선다. 그리고 다시 바닥으로 떨어진다. 그가 다시 정상으로 가고자 할 때...  이제는 ‘온정’과 ‘진정성’을 동력으로 하여 전진한다.",TRUE,2016-04-20,Scripted,https://image.tmdb.org/t/p/w500/qn1aH6giYyulv1MUwZZLRQ6CVA6.jpg,코미디|드라마,SBS,18,6.6,3.1369,지성|이혜리|강민혁|채정안|정만식,1
땐뽀걸즈,구조조정이 한창인 쇠락하는 조선업의 도시 거제에서 '땐'스 스'뽀'츠를 추는 여상 아이들을 그린 성장드라마,TRUE,2018-12-03,Scripted,https://image.tmdb.org/t/p/w500/hIonV3VLx3A1roM6trdpscnHGao.jpg,드라마,KBS2,16,3.8,2.4523,김갑수|박세완|장동윤|이주영|주해은,1
떼루아,와인 레스토랑을 배경으로 한국의 전통주와 프랑스의 와인을 둘러싼 주인공들의 갈등과 화해를 그린 작품,TRUE,2008-12-01,Scripted,https://image.tmdb.org/t/p/w500/j0jGgs5hF4lELAO2L3sy7loKET8.jpg,드라마,,20,4,1.3677,한혜진|김주혁|유선|기태영|송승환,1
또! 오해영,"2016년 5월 tvN에서 방영을 시작한 드라마. ""모든 것은 오해로 시작되었다!"" '오해영'이라는 동명이인의 두 여자와 그들 사이에서 미래를 보기 시작한 남자 '박도경'이 미필적 고의로 서로의 인생에 얽혀가는 동명 오해 로맨스. 선택을 달리 할 타이밍이 온다. 앞으로 벌어질 일들이 머릿속에 스치듯이 보이기 시작한다면? 그런데 아무리 노력해도 상황이 바뀌지 않는다면? 그럼 이게 무슨 능력인데? 아무 능력도 아닌 거 아닌가. 그러다가 남자는 알게 된다. 마음만 변주를 줄 수 있다는 것을. 그 무엇 보다 마음이 제일 중요한 것이기에.",TRUE,2016-05-02,Scripted,https://image.tmdb.org/t/p/w500/dYPBELz9pxdThm727tqWGlcX3hc.jpg,코미디|드라마,tvN,18,8.238,6.1064,에릭|서현진|전혜빈|예지원|김지석,1
라디오 로맨스,대본이 있어야만 말할 수 있는 대본에 특화된 톱스타가 절대로 대본대로 흘러가지 않는 라디오 DJ가 되면서 벌어지는 이야기를 다루는 휴먼 로맨스 드라마,TRUE,2018-01-29,Scripted,https://image.tmdb.org/t/p/w500/AoJqXGb2Pri4b5Qn0Nq2YNJ8Fps.jpg,드라마,KBS2,16,6.9,3.8318,윤두준|김소현|하준|유라|윤박,1
라이딩 인생,딸의 '7세 고시'를 앞둔 열혈 워킹맘 정은이 엄마 지아에게 학원 라이딩을 맡기며 벌어지는 3대 모녀의 '애'태우는 대치동 라이프,TRUE,2025-03-03,Scripted,https://image.tmdb.org/t/p/w500/7Czr3waR0FHExo2uNFDnY1Dp53g.jpg,코미디|가족|드라마,ENA,8,7.8,3.2438,전혜진|전석호|정진영|조민수|박보경,1
라이브,"전국에서 제일 바쁜 홍일 지구대에 근무하며 일상의 소소한 가치와 정의를 지키기 위해 밤낮없이 바쁘게 뛰며 사건을 해결하는 지구대 경찰들의 이야기를 그린다. 취업준비생 정오 와 생수회사 인턴 상수 가 경찰공무원 시험에 합격하고 중앙경찰학교에 입학하게 되며 이야기가 시작된다. 경찰이 국민들에게 공권력으로 각인되기보단, 대다수의 경찰이 이야기하는 제복 입은 성실한 국민, 민원과 치안을 해결하는 감정 노동자로 기억되길 바라는 염원을 담고 있다.",TRUE,2018-03-10,Scripted,https://image.tmdb.org/t/p/w500/fZn8jmw0vOSBG0eyjgcv1pous6c.jpg,드라마|범죄|코미디,tvN,18,8.3,5.1076,정유미|이광수|배성우|배종옥|성동일,1
라이브온,트렌디함과 유명세가 곧 계급이 되는 서연고등학교에서 인기 피라미드 정점에 있는 안하무인 스타 백호랑이 자신의 과거를 폭로하려는 익명의 저격수를 찾고자 완벽주의 꼰대 방송부장 고은택이 있는 방송부에 들어가게 되면서 벌어지는 상극 케미 로맨스,TRUE,2020-11-17,Scripted,https://image.tmdb.org/t/p/w500/bZV0wt2AHE385ZVNeWeynMFy5gr.jpg,드라마|코미디,JTBC,8,7.553,2.7515,황민현|정다빈|노종현|양혜지|연우,1
라이어 게임,2014년 10월 20일부터 동년 11월 25일까지 밤 11시에 방영되었던 tvN의 12부작 월화 드라마. 동명의 일본 만화의 판권을 사들여 리메이크한 드라마이다.  원작 만화에 대한 판권만 산거라 일본 드라마판의 리메이크가 아닌 원작 만화의 리메이크이다. 실제로 드라마 원작 표시에 '카이타니 시노부/집영사' 처럼 만화 원작자들만 표시한다.,TRUE,2014-10-20,Miniseries,https://image.tmdb.org/t/p/w500/oO13yaZts3FwsIznPtmWQJljIdn.jpg,미스터리|드라마,tvN,12,6.825,2.8925,김소은|이상윤|이엘|신성록|엄효섭,1
라이크,"소윤은 친구들과 함께 자신이 좋아하는 것이 무엇인지, 꿈을 꾸고 재능을 발휘할 수 있는 유튜브 '좋아요' 클럽을 만들기로 결정했다. 콘텐츠를 만드는 과정에서 창작의 즐거움부터 사랑, 우정, 경쟁까지 다양한 감정과 감정을 경험하게 된다.

서윤은 18세로 여자친구가 있지만 오랫동안 지후를 사랑해 왔다. 어느 날, 서윤은 책상 위에서 선물을 발견하고 그것이 누구인지 알아내려고 애쓰며, 속으로는 지후였기를 바라며 여자친구와 헤어졌다는 소문이 돌았다.",TRUE,2019-09-30,Scripted,https://image.tmdb.org/t/p/w500/2M14l9gVOeYqEKQRmEqsmCUMr1e.jpg,코미디,,24,3,0.9818,김유안|김강민|서지혜|김성현,1
라이프,"2018년 7월 JTBC에서 방영을 시작한 메디컬 드라마. 34개의 진료과목과 2,000개 규모의 병상을 갖춘 상국대학병원은 60년이 넘는 시간 동안 수많은 환자들과 의료진을 품은 유기체로 이 땅에서 숨 쉬고 있다. 어느 날 이곳에 의사가 아닌 재벌그룹 출신의 전문경영인이 병원 사장으로 오게 된다. 환자와 의료진으로만 이뤄졌던 상국대병원의 새로운 지배자인 셈. 여기에 한 청년의사가 반응한다. 지금껏 조용히 제 일만 하던 그는 자리에서 일어나 사장이 던진 돌을 집어 힘껏 되던진다. 둘의 격렬한 면역반응은 하루 8천 명의 환자가 드나드는 거대 의료기관을 어디로 끌고 갈까?",TRUE,2018-07-23,Scripted,https://image.tmdb.org/t/p/w500/gQiGGqQaim5xsYBvdTBslk36Lha.jpg,드라마,JTBC,16,7.1,3.0447,이동욱|조승우|원진아|이규형|유재명,1
라이프 온 마스,"2018년, 괴한의 총격으로 쓰러진 형사는 꿈인지 현실인지 알 수 없는 1988년에 깨어나게 된다. 기억을 찾으려는 2018년 형사가 1988년 형사와 만나 함께 사건을 해결하며 자신이 쫓던 연쇄살인마의 흔적을 발견하고, 잃어버린 기억의 비밀에 다가서게 되는데...",TRUE,2018-06-09,Scripted,https://image.tmdb.org/t/p/w500/jcSulDrfPtamxCtTCh2ZGxT79zy.jpg,코미디|범죄|Sci-Fi & Fantasy|드라마,OCN,16,8.3,3.882,정경호|박성웅|고아성|오대환|노종현,1
라켓소년단,"배드민턴계의 아이돌을 꿈꾸는 라켓소년단의 소년체전 도전기이자, 땅끝마을 농촌에서 펼쳐지는 열여섯 소년소녀들의 레알 성장드라마",TRUE,2021-05-31,Scripted,https://image.tmdb.org/t/p/w500/2WHTFmDXsBvjTHdzDhvKwKTekCc.jpg,드라마|코미디,SBS,16,8,6.7805,탕준상|손상연|김강훈|최현욱|이재인,1
란제리 소녀시대,1970년대 후반 대구를 배경으로 소녀들의 성장통과 사랑을 그린 드라마,TRUE,2017-09-11,Scripted,https://image.tmdb.org/t/p/w500/zjCjxWJVjBLvH0AOlBj9jdDYVfJ.jpg,드라마,KBS2,8,6.4,3.2668,보나|채서진|서영주|이종현|여회현,1
러닝메이트,"성적 좋은 모범생 세훈은 어느 날 버스 안에서 일어난 불미스런 사건으로 ‘발기남’이란 치욕스런 별명을 얻는다. 합창부장 원대는 그런 세훈에게 차기 학생회장 선거에 출마하는 자신의 러닝메이트가 되어줄 것을 제안한다. 이미지 회복이 필요했던 세훈은 이에 응하지만, 얼마 뒤 자신이 원대의 열두 번째 러닝메이트에 불과하다는 사실을 알게 된다. 자존심에 상처를 받은 세훈은 지역구 핵인싸로 불리는 걸어 다니는 명품인간 상현과 함께 하기로 결심한다.",TRUE,2025-06-19,Miniseries,https://image.tmdb.org/t/p/w500/5Z9dvetuN4hniT3HS6ybxlmqXFq.jpg,드라마,TVING,8,8.125,3.8336,윤현수|이정식|김지우|최우성|홍화연,1
러브 미,"부와 명예, 외모 빼고는 단 하나도 가진 게 없는 여자의 성장기를 그린 이야기. 동명 스웨덴 드라마 원작",TRUE,2025-12-19,Scripted,https://image.tmdb.org/t/p/w500/u7VVrYOuOdRLDhlC1fBxxOjkt2T.jpg,드라마,JTBC,12,7.8,4.6753,서현진|유재명|이시우|윤세아|다현,1
러브씬넘버,20대에서 40대까지 4명의 여성의 일과 사랑을 그린 옴니버스형 드라마,TRUE,2021-02-01,Miniseries,https://image.tmdb.org/t/p/w500/kuSlYXjygbI6jeR41Ratm3zdVOl.jpg,드라마,MBC|wavve,8,4.4,3.2953,김보라|박진희|김종훈|지승현|현우성,1
러브포비아,"감성 100% 로맨스 소설 작가 선호와 감수성 0% AI 소개팅 프로그램 '잇츠유' 대표 비아가 만나 서로를 이해하고, 사랑을 찾아가는 이야기",TRUE,2026-02-19,Scripted,https://image.tmdb.org/t/p/w500/cOpv27QRBfI8PnPbWjhAn81vVQ.jpg,,Prime Video|LG U+,8,10,0.7267,,1
러블리 호러블리,운명을 공유하는 한 남녀가 톱스타와 드라마 작가로 만나면서 일어나는 기이한 일들을 그린 호러 로맨틱 코미디,TRUE,2018-08-13,Scripted,https://image.tmdb.org/t/p/w500/iJlSSm7gDWNFwXhxokbIa8O53yg.jpg,코미디|드라마,KBS2,32,5.9,11.367,박시후|송지효|이기광|함은정|최여진,1
런온,"같은 한국말을 쓰면서도 소통이 어려운 시대, 서로 다른 세계에 살던 사람들이 각자의 언어로 소통하고 관계를 맺으며, 사랑을 향해 '런 온'하는 로맨스 드라마",TRUE,2020-12-16,Scripted,https://image.tmdb.org/t/p/w500/jPDCzju47VyLobokx4kDEd3kOhR.jpg,드라마,JTBC,16,7.456,4.5021,임시완|신세경|최수영|강태오|이봉련,1
레버리지:사기조작단,국내 최고의 엘리트 보험 조사관에서 최고의 사기 전략가로 다시 태어난 이태준이 법망 위에서 노는 진짜 나쁜 놈들을 잡기 위해 각 분야 최고의 선수들과 함께 뭉쳐 정의를 구현하는 케이퍼 드라마,TRUE,2019-10-13,Scripted,https://image.tmdb.org/t/p/w500/xBnKqQUy5NJdJ6fCD0dmiNNFSU6.jpg,범죄,TV Chosun,16,7.8,2.3639,이동건|전혜빈|김새론|김권|여회현,1
레이디 두아,가짜일지라도 명품이 되고 싶었던 여자 사라킴. 어디서나 그녀의 이름을 들을 수 있지만 어디서도 진짜 그녀를 만날 수는 없다. 예리한 시선과 끈질긴 집념의 형사 무경이 그 미스터리한 정체를 추적한다.,TRUE,2026-02-13,Miniseries,https://image.tmdb.org/t/p/w500/3bYSwRqLy2qfx5gqVJdOhibxeML.jpg,범죄|미스터리|드라마,Netflix,8,7.441,12.4069,신혜선|이준혁|박보경|정다빈|신현승,1
로망스,고등학교 국어 선생님인 채원과 고등학교 3학년 학생의 사랑이야기를 그린 드라마,TRUE,2002-05-08,Scripted,https://image.tmdb.org/t/p/w500/4m3wzih8Wh8lDKNqioRHOHRr6z.jpg,드라마,MBC,16,6.333,2.6496,김재원|김하늘|한혜진|김유미|고명환,1
"로맨스, 토킹","연애 조언을 전문으로 하는 남자, 라이브 스트리밍을 좋아하는 젊은 대학생이 갑자기 그녀의 학교에 다니기 시작하고 그녀에게 관심까지 보이기 시작하는 웹드라마입니다.  그녀는 어떻게 그에게 다가갈 수 있을까요? 온라인 성격의 데이트를 어떻게 처리합니까?",TRUE,2020-03-31,Scripted,https://image.tmdb.org/t/p/w500/wK4A6zc7Y3NapqqKgdln6e2bEon.jpg,드라마,,8,5.4,2.1465,김서연|최경훈|정효준|장태훈,1
로맨스가 필요해,"한국판 섹스 앤 더 시티를 표방하면서 만든 시즌제 드라마로, 단순히 진부한 신데렐라 이야기가 아닌 우리 주변에 있을 법한 20대 후반의 이야기를 생생하게 담아 크게 인기를 모았다.

시즌 1에서 2까지는 3명의 동갑내기 친구가 펼치는 로맨스 이야기였지만, 시즌3에서는 같은 회사에서 서로 다른 직급의 사람이 펼치는 구조로 되어있다.

시즌이 거듭될수록 성적인 코드는 지양되고, 좀더 진실된 사랑의 본질에 대해서 다룬다.",TRUE,2011-06-13,Scripted,https://image.tmdb.org/t/p/w500/qrzOhySHUnOzFOcWcDCSvqOkbVS.jpg,코미디|드라마,tvN,16,5.286,4.9356,리키 김|조여정|김정훈|최여진|최진혁,1
로맨스는 별책부록,"신간출간 전날 밤. 책의 마지막 장, 판권면에 실린 이름들을 불러보는 편집장 차은호. 독자인 우리는 없어도 잘 모르고 지나갈 판권면에 실린 사람들, 고작 책 한 권을 세상에 내보내기 위해 고군분투하는 미련한 사람들! 까탈스런 작가여도 집에선 배 나온 아버지이다. 예민한 편집장도 이혼 문제 앞에선 머리 싸맨다. 편집자라 해도 아직 서툰 사회초년생이고, 마케팅 이사라 해도 갱년기 앞둔 평범한 여자다. 인생의 마지막 사랑을 시작하려는 경단녀도 있다. 출판사에 모여 책 만들다가도, 언제나 점심메뉴를 고민한다. 도시의 높고 화려한 빌딩가에 숨은 백반집 같은 드라마, 그 밥을 먹는 사람 사는 이야기다.",TRUE,2019-01-26,Scripted,https://image.tmdb.org/t/p/w500/a6FCi34cwWguH9KQWrOh3PDlszd.jpg,코미디|드라마,tvN,16,7.6,4.8497,이종석|이나영|정유진|위하준|김태우,1
로봇이 아니야,인간 알러지 때문에 제대로 여자를 사귀어 본 적 없는 남자가 로봇을 만나 사랑에 빠지는 모습을 그린 드라마,TRUE,2017-12-06,Scripted,https://image.tmdb.org/t/p/w500/9VoCJArt3KtRDtfxJRRp7vkzwi.jpg,코미디|드라마,MBC,32,8.3,7.2063,유승호|채수빈|엄기준|박세완|송재룡,1
로스쿨,"대한민국 최고의 명문 로스쿨 교수와 학생들이 전대미문의 사건에 얽히게 되면서 펼쳐지는 캠퍼스 미스터리와 더불어, 피, 땀, 눈물의 살벌한 로스쿨 생존기를 통해 예비 법조인들이 진정과 법과 정의를 깨닫는 과정을 담은 드라마",TRUE,2021-04-14,Miniseries,https://image.tmdb.org/t/p/w500/epxYmFG584Bqyy0gkV9Y0cNh6Wh.jpg,드라마|범죄|미스터리,JTBC,16,7.791,4.7196,김명민|김범|류혜영|이정은|박혁권,1
로얄로더,"시궁창보다 못한 지옥에서 자라난 태오의 야심은 비범함을 넘어선 재능이다. 그 재능을 무기로 자신의 목표를 향해 나아가는 태오 앞에, 각기 다른 욕망을 가진 인하와 혜원이 나타나고, 세 사람은 운명처럼 하나가 된다, 그렇게 얽힌 세 사람의 위험한 질주. 그 끝은 과연, 해피엔딩? 아니면, 돌이킬 수 없는 파국?",TRUE,2024-02-28,Scripted,https://image.tmdb.org/t/p/w500/gohAuKheCdRkliOgCHHielPi5ro.jpg,드라마,Disney+,12,7.571,5.8018,이재욱|이준영|홍수주|최희진|한상진,1
로열 패밀리,"모티프는 일본 소설이자 드라마로 방영된 '인간의 증명'으로, 김영현, 박상연 작가가 크리에이터를 맡았고, 권음미 작가가 집필했다. 염정아, 지성, 김영애, 차예련, 전노민, 전미선 주연으로 재벌 JK을 둘러싼 인물들의 관계를 다루고 있다. 메인 내용은 JK의 두번째 며느리이지만, 신분이 천하다는 이유로 18년 동안 인간 이하의 대접을 받던 김인숙이란 여인이 여러 우여곡절 끝에 JK기업의 모기업인 JK클럽 사장이 되는 과정과 그 과정에서 밝혀지는 그녀의 진실 등이다.",TRUE,2011-03-02,Scripted,https://image.tmdb.org/t/p/w500/sKYpU0yl5PelRPPJ4DsXATxyBOQ.jpg,드라마|가족|로맨스,MBC,18,7.2,3.2894,염정아|지성|차예련|김영애|전노민,1
루갈,"동명의 웹툰이 원작이며 바이오 생명공학 기술로 특별한 능력을 얻은 인간 병기들이 모인 특수조직 '루갈'이 대한민국 최대 테러집단 '아르고스'에 맞서 싸우는 액션 히어로 드라마. 황득구(박성웅)을 필두로 한 국내 최대의 범죄 조직 아르고스! 이들을 쫓던 형사 강기범(최진혁)은 임무 수행 중 아르고스의 습격을 받아 동료들과 사랑하는 아내, 자신의 두 눈마저 잃게 된다. 아르고스의 범행이라고 주장하지만 증거가 불충분한 상황. 기범은 아내를 죽이고 두 눈을 자해한 살인마로 낙인 찍혀 교도소에 수감된다. 그러던 중, 새로운 눈을 주겠다는 은밀한 제안에 목숨을 건 교도소 탈출을 감행하는데...",TRUE,2020-03-28,Scripted,https://image.tmdb.org/t/p/w500/odeAVdSnvzC3r4NzjK7MyKKeJ3J.jpg,Action & Adventure|범죄|미스터리|Sci-Fi & Fantasy|드라마,OCN,16,6.78,4.5308,최진혁|박성웅|조동혁|정혜인|김민상,1
루카: 더 비기닝,특별한 능력 때문에 세상에 쫓기게 된 지오가 유일하게 그의 모습을 기억하는 강력반 형사 구름과 함께 거대한 음모에 맞서는 스펙터클 추격 액션극,TRUE,2021-02-01,Scripted,https://image.tmdb.org/t/p/w500/z63Khoei0Qv9LJWWYynUBQrDpdl.jpg,미스터리|Sci-Fi & Fantasy|Action & Adventure,tvN,12,6.241,5.5868,김래원|이다희|김성오|김상호|진경,1
리갈하이,"2019년 대한민국의 법(法)은 ‘코에 걸면 코걸이 귀에 걸면 귀걸이’다. 만인에게 평등하기 위한 법(法)의 그 포괄성과 모호성이 모순으로 작용하여 어떻게 해석하고 적용하는가에 따라 위험한 변수가 생기기 마련이고... 이를 너무도 잘 아는 법조인들은 ‘법’을 이용해 소위 ‘밥’ 좀 먹고 산다.

전(前) 판사, 검사 출신들로 이뤄진 거대로펌들은 현(現) 판사, 검사에게 줄을 대서 법정을 짜고 치는 머니게임장으로 만든 지 오래다. 모두가 알고 있지만, 아무도 아는 척 하지 않는 현실을 변호사 괴태를 통해 뻔뻔스럽고 과장되게 보여주고자 한다.

“ 양심 먼저 버리는 놈이 이기는 거야!!

수임료 입금되면 양심 따위 다시 사오면 되거든..”

업계 최고가 수임료로 ‘앞’ 통수 후려치고. 승소를 위해서라면 모든 수단과 방법을 동원해 ‘뒤’ 통수 후려치는. 학연, 지연, 선후배 예우 따위 깡그리 무시하고 검찰과 법원의 권위를 배꼽잡고 비웃는 드라마에서만 볼 수 있는 오만방자한 매력의 슈퍼 악동 변호사를 그려 보고 싶었다.

웃자! 웃자! 웃자!

법(法) 때문에 웃지 말라는 법 없지 않은가?

법(法) 으로 장난치지 말란 법 없지 않은가?",TRUE,2019-02-08,Scripted,https://image.tmdb.org/t/p/w500/cuvYlorkfKsGaxob9oE5udUrdYu.jpg,코미디|드라마|미스터리,JTBC,16,6.067,4.3107,진구|서은수|윤박|이순재|장유상,1
리멤버 - 아들의 전쟁,"절대기억력을 가진 변호사의 이야기 ‘과잉기억증후군(Hyperthymetic syndrome)’을 앓고 있어 너무 많은 것을 기억해야 했던 아이. 남들이 보기엔 놀라운 기억천재였지만 정작 진우는 당시의 기쁨, 슬픔, 고통 같은 감정들을 일반인보다 몇 배 더 선명하고 강렬하게 기억하기 때문에 의사는 그의 능력을 ‘장애’라고 했다. 낙천적이며 긍정적인 진우가 자신의 장애를 딛고 천재변호사로 승승장구하기 시작할 때, 인생은 또다시 가혹한 운명의 질문을 던지는데... 사형수 아버지를 구해야 한다. 진우의 아버지가 사회고위층의 음모로 억울한 누명을 쓴 채, 전 국민적 사건인 ‘서촌 여대생 살인사건’의 용의자로 지목되고 사형을 선고받는다. 아버지의 무죄를 밝혀라",TRUE,2015-12-09,Miniseries,https://image.tmdb.org/t/p/w500/8s0RVSMScIRaC238PVfvgtj7AbW.jpg,드라마|미스터리,SBS,20,7.1,4.7276,유승호|박민영|박성웅|남궁민|정혜성,1
리버스,재벌가 별장 폭발 사고에 휘말려 기억을 잃은 묘진(서지혜)이 의문스러운 약혼자 준호(고수)의 비밀과 사고에 대한 진실을 알기 위해 기억을 되찾아가며 벌어지는 미스터리 복수 스릴러,TRUE,2026-04-17,Miniseries,https://image.tmdb.org/t/p/w500/uar9sUb06mDvBGremUnAqTpiUwy.jpg,미스터리|드라마,wavve,8,5.7,5.5314,서지혜|고수|김재경|구성환|심형탁,1
리얼타임러브,10년 간의 절친한 친구 생활을 거쳐 어느덧 솔직하고 당당한 커플이 된 지 6개월이 지났습니다. 그런데 실수로 비밀 연애가 시작됐다고? 열아홉 청춘들의 진짜 사랑을 그린 웹시트콤.,TRUE,2020-08-25,Scripted,https://image.tmdb.org/t/p/w500/hCmth2tEWnFWyvsJ2YxJD1YOq3c.jpg,드라마,NAVER TV|V LIVE|Tencent Video,15,6.3,3.3042,박시영|최현욱|이은수,1
리치맨,"2018년 5월 9일부터 드라맥스와 MBN에서 동시 방송하는 수목 드라마. 2012년 일본 후지TV에서 방송된 인기 드라마 《리치 맨, 푸어 우먼》을 리메이크한 작품으로 안면인식장애로 사랑하는 여자의 얼굴을 못 알아보는 안하무인 천재 사업가와 알파고 기억력을 지닌 취준생의 로맨스를 그린 드라마",TRUE,2018-05-09,Scripted,https://image.tmdb.org/t/p/w500/5GzvFodSfcWh8CLzjKMwdrWVkc4.jpg,코미디,MBN,16,6.5,3.7299,수호|하연수|오창석|박성훈|김예원,1
리턴,"도로 위 의문의 시신! 살인 용의자로 떠오른 4명의 상류층, TV 리턴쇼 진행자 최자혜 변호사가 촉법소년 출신 독고영 형사와 함께 살인 사건의 진실을 파헤쳐 나가는 사회파 스릴러",TRUE,2018-01-17,Scripted,https://image.tmdb.org/t/p/w500/M15iqZae4suBMfdhuktXAze8CO.jpg,미스터리|드라마,SBS,34,4.6,3.729,박진희|고현정|이진욱|신성록|봉태규,1
"링크: 먹고 사랑하라, 죽이게","18년 만에 다시 시작된 링크, 한 남자가 낯선 여자의 온갖 감정을 느끼며 벌어지는 감정공유 판타지 로맨스",TRUE,2022-06-06,Scripted,https://image.tmdb.org/t/p/w500/9r7CSAFM9kVnkF4qw2uby03JHDC.jpg,드라마|미스터리,tvN,16,7.7,7.8576,여진구|문가영|예수정|김지영|이석형,1
마녀,어릴 적부터 다가오는 남자 마다 사고가 발생하는 불운의 여자. 동창생 주인공은 모두 우연이라 생각하지만 '마녀'라 불리는 그녀에게 다가갈수록 자신도 점점 위험에 빠진다!,TRUE,2025-02-15,Scripted,https://image.tmdb.org/t/p/w500/jZLgUrza3zAuA51dOHtZGi9affx.jpg,드라마|미스터리,Channel A,10,7.6,6.2098,진영|노정의|이현소|박수오|임재혁,1
마녀식당으로 오세요,"대가가 담긴 소원을 파는 마녀식당에서 마녀 희라와 동업자 진, 알바 길용이 사연 가득한 손님들과 만들어가는 소울 충전 잔혹 판타지",TRUE,2021-07-16,Miniseries,https://image.tmdb.org/t/p/w500/jTGLM3RLXuDy99rgJMwLyMLVRqT.jpg,드라마|미스터리|Sci-Fi & Fantasy,TVING,8,7.6,3.429,송지효|남지현|채종협|하도권|소희정,1
마녀의 법정,속물 여검사가 성범죄 특별 전담부 검사로 발령되면서 벌어지는 이야기를 다룬 수사법정물,TRUE,2017-10-09,Scripted,https://image.tmdb.org/t/p/w500/axpPknSvP4iWqIs2CovlQOWMrBN.jpg,범죄|드라마,KBS2,16,7.864,2.9831,정려원|윤현민|전광렬|김민서|김여진,1
마녀의 연애,과거 결혼을 약속하고 갑자기 사라진 남자친구 때문에 마음을 열지 못하고 있는 여자가 멋대로 살고 있는 연하남과의 로맨스를 그린 드라마.,TRUE,2014-04-14,Scripted,https://image.tmdb.org/t/p/w500/9Eopz5pvQzUaDxGGBXgmzxiL66c.jpg,코미디|로맨스,tvN,16,7.7,3.0266,박서준|엄정화|정연주|양희경|라미란,1
마성의 기쁨,"뇌를 다쳐 자고 나면 어제 일이 기억나지 않는 남자. 하루아침에 국민 첫사랑에서 100만 안티 연예인으로 전락한 여자. 모든 게 바뀌어 버린 그 날 이후, 3년 만에 다시 만난 두 사람. 이건 운명의 장난일까, 신이 내린 선물일까.",TRUE,2018-09-05,Scripted,https://image.tmdb.org/t/p/w500/eU2iiR0iLqQTKykML3n2eL6YEIB.jpg,코미디|드라마|Sci-Fi & Fantasy,MBN|Dramax,16,7.9,3.0769,최진혁|송하윤|이호원|이주연|이수지,1
마스크걸,외모 콤플렉스를 가진 평범한 직장인 김모미. 밤마다 마스크로 얼굴을 가린 채 인터넷 방송 BJ로 활동하던 중 의도치 않은 사건에 휘말리게 되는 그녀의 파란만장한 일대기.,TRUE,2023-08-18,Miniseries,https://image.tmdb.org/t/p/w500/urnfhsTOFtLuW61GFKS3OXCDMZl.jpg,드라마|코미디|미스터리|범죄,Netflix,7,7.42,7.0236,고현정|나나|이한별|안재홍|염혜란,1
마에스트라,"전 세계 단 5%뿐인 여성 지휘자 마에스트라, 천재 혹은 전설이라 불리는 ‘차세음’이 자신의 비밀을 감춘 채 오케스트라를 둘러싼 사건의 진실을 찾아가는 미스터리 드라마",TRUE,2023-12-09,Scripted,https://image.tmdb.org/t/p/w500/heEKGrAj0H8bz2jHh3R4wzq7otG.jpg,드라마|미스터리,tvN,12,8,3.4523,이영애|이무생|김영재|황보름별|박호산,1
마우스,"자타 공인 바른 청년이자 동네 순경인 정바름과 어린 시절 살인마에게 부모를 잃고 복수를 향해 달려온 무법 형사 고무치가 사이코패스 중 상위 1퍼센트로 불리는 가장 악랄한 프레데터와 대치 끝, 운명이 송두리째 뒤바뀌는 모습을 그려낸 본격 인간 헌터 추적극",TRUE,2021-03-03,Scripted,https://image.tmdb.org/t/p/w500/lrWHBK1h4rrEnx5Ml8iDR1SwNux.jpg,범죄|미스터리,tvN,20,8.4,15.5594,이승기|이희준|박주현|권화운|경수진,1
마이 네임,아빠를 잃었다. 그것도 바로 눈앞에서. 남은 딸은 결심한다. 반드시 내 손으로 복수하겠노라고. 목표를 위해서라면 방법은 상관없다. 마약 조직의 언더커버가 되어 경찰에 잠입하는 것이라 해도.,TRUE,2021-10-15,Miniseries,https://image.tmdb.org/t/p/w500/ncAKKmr1sfFhQvn6LeGTY2QBge.jpg,범죄|드라마|미스터리,Netflix,8,8.207,10.0165,한소희|박희순|안보현|김상호|이학주,1
마이 시크릿 호텔,대한민국 최고의 호텔에서 새신랑과 예식 지배인으로 7년 만에 재회하게 된 전 부부 '상효'와 '해영'의 꼬일 대로 꼬인 웨딩작전과 전대미문의 살인사건을 그린 킬링 로맨스,TRUE,2014-08-18,Scripted,https://image.tmdb.org/t/p/w500/3Mn253zxNyjdEdbUQKWMxKZubLd.jpg,드라마|코미디|미스터리|로맨스,tvN,16,6.8,3.3157,유인나|진이한|남궁민|이영은|안길강,1
마이 온리 러브송,"오만 방자한 여배우 수정은 신작 드라마 촬영 현장이 자기 뜻대로 돌아가지 않자 멋대로 달아나버린다. 낡은 밴에 올라탄 그녀, 그것이 시간 여행의 시작일 줄이야.",TRUE,2017-07-01,Scripted,https://image.tmdb.org/t/p/w500/jYRuWdko1b4l84sjTyFYCxxy1JV.jpg,드라마,Netflix,20,8.1,2.6071,공승연|이종현|진예주|이재진|김정팔,1
마이 유스,"그저 소년과 소녀였던 선우해, 성제연이 15년 후 재회, 각자의 무대에서 고군분투하며 치열하게 살아가는 시간들에 대한 이야기",TRUE,2025-09-05,Scripted,https://image.tmdb.org/t/p/w500/aVPQuQGpVWoyFm9wklgMBzGeoBJ.jpg,드라마,JTBC,12,7.4,4.456,송중기|천우희|이주명|서지훈|진경,1
마이 프린세스,재벌기업의 유일한 후계자 박해영과 짠순이 여대생에서 하루아침에 공주가 된 이설의 좌충우돌 사랑이야기를 그린 로맨틱 코미디 드라마,TRUE,2011-01-05,Scripted,https://image.tmdb.org/t/p/w500/3fBdTgRpLcgjBq1uYagnA0CZwea.jpg,코미디|로맨스,MBC|Viki,16,7.3,3.7101,김태희|송승헌|박예진|류수영|이순재,1
마이걸,"재벌 2세 공찬은 위독하신 할아버지를 위해 여동생을 찾던 중 관광가이드 유린을 만난다. 공찬은 동생과 닮은 유린에게 동생인 척 연기를 해달라고 부탁하고, 돈이 급했던 유린은 이를 승낙하게 된다.",TRUE,2005-12-14,Scripted,https://image.tmdb.org/t/p/w500/gnvEEFRbBx8rKdF2uJjl9LCbpPm.jpg,코미디|드라마,SBS,16,7.7,5.1481,이다해|이동욱|이준기|박시연|황보라,1
마이데몬,냉혹한 악마와 차가운 상속녀. 둘이 우연한 만남으로 얽히면서 악마의 능력이 사라진다. 그런데 어쩌면 그 능력과 악마의 마음을 되살릴 열쇠가 상속녀에게 있을지 모른다.,TRUE,2023-11-24,Scripted,https://image.tmdb.org/t/p/w500/hHCFsQaVW7oeh0MfZTL2A4c5dRS.jpg,드라마|코미디,SBS,16,8.458,32.0179,김유정|송강|이상이|김해숙|조혜주,1
마인,세상의 편견에서 벗어나 진짜 나의 것을 찾아가는 강인한 여성들의 이야기,TRUE,2021-05-08,Scripted,https://image.tmdb.org/t/p/w500/or0DiqmxKp7lUj6VG1mrK6PYTKw.jpg,미스터리|드라마,tvN,16,7.553,6.1572,이보영|김서형|이현욱|옥자연|차학연,1
마지막 썸머,어릴 적부터 친구인 남녀가 판도라의 상자 속에 숨겨둔 첫사랑의 진실을 마주하게 되면서 펼쳐지는 리모델링 로맨스 드라마,TRUE,2025-11-01,Miniseries,https://image.tmdb.org/t/p/w500/i5iWLhlbTAyeXX9GOGPD3RUiydk.jpg,드라마|코미디,KBS2,12,7.1,5.1628,이재욱|최성은|김건우|권아름|안동구,1
매드독,천태만상 보험 범죄를 통해 대한민국의 현실을 신랄하게 드러낼 센세이셔널한 보험 범죄 조사극이다. 세상을 통쾌하게 뒤집을 대체불가의 다크히어로를 표방하는 보험 범죄 조사팀 '매드독'의 활약을 통해 답답한 현실에 시원한 카운터펀치를 날린다.,TRUE,2017-10-11,Scripted,https://image.tmdb.org/t/p/w500/8CSKC6UCRt7G1l9Y0aYgKBM6W0M.jpg,범죄|드라마,KBS2,16,7.045,4.8046,유지태|우도환|류화영|조재윤|김혜성,1
매리는 외박중,연애와 담쌓고 지내던 철벽녀 위매리가 우연히 데스메탈 그룹의 보컬 강무결과 연애를 시작하지만 모든 것이 완벽한 남자 정인이 둘 사이에 끼면서 발생하는 톡톡 튀고 발랄한 삼각관계를 그린 드라마다.,TRUE,2010-11-08,Scripted,https://image.tmdb.org/t/p/w500/wsYW1clMYkrdzQDUShZxrmQJJge.jpg,코미디|드라마,KBS2,16,7.071,3.3769,문근영|장근석|김재욱|김효진|김민규,1
맨 끝줄 소년,실패한 작가이자 국문학과 교수인 허문오. 강의실 맨 끝줄 소년 이강의 천재성을 발견하고 문학 수업을 제안한다. 하지만 이강이 쓴 예측 불가한 이야기에 빠져들면서 수업은 뜻밖의 방향으로 치닫는다.,TRUE,2026-06-26,Miniseries,https://image.tmdb.org/t/p/w500/xSSp3JHoZFxc69aeFtc9JTgVMeu.jpg,미스터리|드라마,Netflix,6,7.854,12.9134,최민식|최현욱|허준호|김윤진|진경,1
맨도롱 또똣,제주도에서 레스토랑 맨도롱 또똣을 꾸려 나가며 따뜻한 사이가 되어가는 이야기를 그린 드라마,TRUE,2015-05-13,Miniseries,https://image.tmdb.org/t/p/w500/wxUg98MY245kt4mpmsm7nCrGrPv.jpg,코미디|로맨스|드라마,MBC,16,6.4,3.1532,유연석|강소라|김성오|정진영|서이안,1
맨몸의 소방관,뜻하지 않게 누드모델이 된 소방관이 10년 전 방화 살인 사건의 범인으로 지목되면서 벌어지는 이야기,TRUE,2017-01-12,Scripted,https://image.tmdb.org/t/p/w500/6MOGfuEKeVWcYg3JEavZJFbTMwn.jpg,범죄|드라마|미스터리,KBS2,4,6.8,2.3354,이준혁|정인선|조희봉|서정연|이원종,1
맨투맨,"임무를 위해 보디가드로 위장한 비밀 요원 김설우. 국제적인 범죄에 맞서는 일도 벅찬데, 철없는 한류 스타 비위까지 맞춰야 한다니! 초특급 한류스타와 그의 경호원이 된 미스터리의 고스트 요원. 범죄와 악당들에 맞서는 진한 남자들의 이야기와 그 속에서 피어나는 묘한 삼각관계가 펼쳐진다.",TRUE,2017-04-21,Scripted,https://image.tmdb.org/t/p/w500/hnjHwKsDdEGa3b1df9Hm8HYFxKr.jpg,Action & Adventure|드라마,JTBC,16,7.309,3.7616,박성웅|장현성|정만식|이시언|박해진,1
맨홀,일주일 뒤에 예고되어 있는 결혼을 막기 위해 랜덤 타임슬립을 통해 과거와 현재를 오가는 과정을 흥미진진하게 그린 작품. 28년간 짝사랑한 수진이 다른 남자와 결혼식을 한다! 수진의 결혼을 막기 위해 봉필은 무슨 짓이든 해야하는데...,TRUE,2017-08-09,Scripted,https://image.tmdb.org/t/p/w500/sRNNFdtzRocW4MBzXIxh8LrQspO.jpg,코미디|Sci-Fi & Fantasy,KBS2,16,3.9,3.9923,김재중|유이|차선우|정혜성|주진모,1
맹감독의 악플러,성적 부진으로 퇴출 위기에 놓인 프로농구 감독 맹공이 팀 성적을 위해 자신의 악플러 화진과 손잡으며 벌어지는 투 맨 게임 코미디,TRUE,2025-05-23,Scripted,https://image.tmdb.org/t/p/w500/f5SWhUJM3yU4NiXrvBeDs319pKp.jpg,드라마|코미디,MBC,2,6.25,1.3109,박성웅|박수오|오현중|권주석|김택,1
멀리서 보면 푸른 봄,"'멀리서 보면' 청춘일지도 모를, 20대들의 고군분투 리얼 성장 드라마",TRUE,2021-06-14,Scripted,https://image.tmdb.org/t/p/w500/4EPbNeohqd5qPj3RHcALDLEc9Mz.jpg,드라마|코미디,KBS2,12,7.6,3.0299,박지훈|배인혁|강민아|권은빈|우다비,1
멈추고 싶은 순간: 어바웃타임,"수명 시계를 보는 능력을 지닌 여자 미카와 악연인지 인연인지 모를 운명에 엮인 남자 도하가 만나 사랑만이 구현할 수 있는 마법 같은 순간을 담아낸 운명구원 로맨스. 우연처럼 만나 운명처럼 사랑하게 된 도하와 미카. 이제 그 두 사람의 마음을 천천히 쫓아가 보고자 한다. 첫 만남의 설렘과 어긋난 오해에 싸르르 한 통증에 공감하고, 죽음을 받아들이고 살던 미카가 사랑하는 남자를 위해 살고 싶어지는 그 간절한 순간에 함께 하며, 오직 자신의 여자를 지키기 위해 목숨마저 내던지는 도하의 애틋한 사랑에 가슴 아파하면서, 운명을 뛰어넘는 그들의 눈부신 시간 속에, 오래도록 기억될 “특별한 사랑”이 그리운 당신에게…",TRUE,2018-05-21,Scripted,https://image.tmdb.org/t/p/w500/fMs08AxfPj835zxkLHtXI0OrqA.jpg,드라마,tvN,16,7.547,8.7855,이상윤|이성경|임세미|김동준|한승연,1
멋진 신세계,죽음을 맞을 운명에 처한 조선 시대 악녀가 대한민국 서울에서 눈을 뜬다. 이 낯선 도시에서 마주한 냉혹한 재벌 후계자가 어쩌면 그녀의 운명을 바꿀 마지막 희망일지도 모른다.,TRUE,2026-05-08,Miniseries,https://image.tmdb.org/t/p/w500/u2cX3CVzUZLIGVwd9HB7bUhE7OP.jpg,드라마|코미디|Sci-Fi & Fantasy,SBS,14,8.9,23.152,임지연|허남준|장승조|김민석|이세희,1
메리 킬즈 피플,응급의학과 전문의인 주인공 메리가 불법으로 말기 환자들의 안락사를 돕는 내용을 그린 의학 스릴러물. 동명 캐나다 드라마 한국 리메이크,TRUE,2025-08-01,Scripted,https://image.tmdb.org/t/p/w500/uMXOiT0y9jOYjNTkOkRvsxdUtrL.jpg,드라마|범죄,MBC,12,7,4.012,이보영|이민기|강기영|백현진|김태우,1
메모리스트,"기억을 읽는 국가공인 초능력 형사 동백. 거듭된 폭행 시비로 정직당하는 그때, 희대의 납치 연쇄살인이 발생한다. 사건을 처음 간파한 최연소 엘리트 총경 한선미는 천재적 프로파일링을 통해 범인을 추적하고, 동백 역시 납치 피해자를 구하기 위해 파면을 무릅쓴 채 은밀히 사건에 뛰어드는데...",TRUE,2020-03-11,Scripted,https://image.tmdb.org/t/p/w500/bDWpp6AAfNGLaDmrmhkyt7hUvFq.jpg,미스터리|드라마|Action & Adventure,tvN,16,7.5,4.2471,유승호|이세영|조성하|전효성|윤지온,1
멘탈코치 제갈길,사고로 영구 제명된 국대 출신 태권도 선수가 국가대표 멘탈코치로 돌아와 승자독식의 부조리한 세상에 맞서서 진정한 승부를 펼치는 본격 멘탈사수 스포츠 드라마,TRUE,2022-09-12,Scripted,https://image.tmdb.org/t/p/w500/guVzabVUGADKfRJKKqKABlup0ZT.jpg,드라마,tvN,16,6.063,2.5055,정우|이유미|권율|박세영|문유강,1
멜랑꼴리아,"특혜 비리의 온상인 한 사립고를 배경으로 수학 교사와 수학 천재의 통념과 편견을 뛰어넘는, 수학보다 아름다운 이야기를 그린 드라마",TRUE,2021-11-10,Scripted,https://image.tmdb.org/t/p/w500/qnd1QeSUdJAKWtVp0xqqYNk0iJ7.jpg,드라마,tvN,16,7.4,4.3133,임수정|이도현|진경|우다비|장현성,1
멜로가 체질,"서른, 견디기 힘든 현실 속에서도 서른 살 이기에 아직 꿈을 꾸는 그들. 일과 연애에 대한 고민을 친구들에게 털어놓고 위로 받으며 한 걸음씩 성장하는 서른 살 그녀들의 판타지. 비록 현재 처한 상황이 녹록치 않을지라도! 이룬 것이 단 하나도 없을지라도! 그래도 꿋꿋하게 나아가는 대한민국의 모든 서른 들에게 이 드라마를 바친다.",TRUE,2019-08-09,Scripted,https://image.tmdb.org/t/p/w500/ot5tZwdnQx9uOOz9rzmWVazs3xX.jpg,코미디|드라마,JTBC,16,7.9,5.2081,천우희|전여빈|한지은|안재홍|공명,1
멜로무비,"영화에만 빠져 살던 그가 까칠한 영화감독 지망생에게 빠져버린다. 설렘 가득했던 시작과 꿈처럼 스친 만남, 그리고 갑작스러운 이별의 순간. 시간이 흘러 우연히 만난 둘에게 새로운 사랑은 피어날까.",TRUE,2025-02-14,Miniseries,https://image.tmdb.org/t/p/w500/cQNyo6x90VMmklNEprjzOgk1ibu.jpg,코미디|드라마,Netflix,10,7.484,6.1739,최우식|박보영|이준영|전소니|김재욱,1
멜로홀릭,연애불능 초능력男 연애불가 두 얼굴 女가 만났다?! 사랑에 중독된 별난 놈들의 달콤살벌 러브판타지. 두 얼굴의 매력女 경수진! 호박씨 싸가지 그녀의 진짜 정체는?! 사람들 앞에서 고백을 받으면 또 다른 자아가 깨어나는 한예리(경수진)! 예리는 또 다른 자아인 한주리(경수진)의 종잡을 수 없는 행동에 늘 노심초사한다. 한편 예리와 병철을 엮어주기 위해 은호(정윤호)가 본격적으로 나서게 되는데…,TRUE,2017-11-01,Scripted,https://image.tmdb.org/t/p/w500/cjgCKdZe6qBIVqAWseV3UXU1gnD.jpg,코미디|미스터리,OCN,10,5,1.5586,유노윤호|경수진|안솔빈|한은성|최대철,1
명불허전,자타공인 조선 최고의 침구술 실력을 지녔으나 천출이라는 신분의 벽에 가로막혀 초심을 잃은 개차반 의원이 400년 후의 미래인 2017년 서울로 떨어지게 돼 현대의학의 신봉자이자 까칠한 독종 의사와 만나며 벌어지는 일을 그린 드라마,TRUE,2017-08-12,Scripted,https://image.tmdb.org/t/p/w500/rP0nYKUd5huQHhRrFkBHQjc0PTN.jpg,드라마,tvN,16,6.9,5.4529,김남길|김아중|유민규|문가영|엄효섭,1
명성황후,"화려한 외교술과 뛰어난 지략, 조선역사를 승리의 역사로 이끈 위대한 철의 여인 명성황후의 이야기",TRUE,2001-05-09,Scripted,https://image.tmdb.org/t/p/w500/fdgaazAYS71AbzdiONPasjpDFdF.jpg,드라마,KBS2,124,4.5,5.7745,이진우|이미연|최명길|유동근|이현경,1
모래시계,"대한민국의 격동기였던 80년대를 배경으로 태수, 우석, 혜린이라는 3명의 젊은이를 통해 그 시대의 삶을 들여다 본 드라마",TRUE,1995-01-09,Scripted,https://image.tmdb.org/t/p/w500/yjkWX4Asv6IvKIcZrQ1LdDGpGqK.jpg,드라마,SBS,24,8.714,3.8944,최민수|고현정|박상원|이정재|박근형,1
모범택시,베일에 가려진 택시회사 무지개 운수와 택시기사 김도기가 억울한 피해자를 대신해 복수를 완성하는 사적 복수 대행극,TRUE,2021-04-09,Scripted,https://image.tmdb.org/t/p/w500/qDLhCBbl7eUSesMSV9rYqHR8qwW.jpg,Action & Adventure|범죄|드라마,SBS,16,8.178,27.6924,이제훈|이솜|김의성|표예진|장혁진,1
모범형사,"5년 전 여대생과 형사를 살해한 범인을 추호의 의심 없이 체포했던 형사 강도창! 5년 후, 엘리트 형사 오지혁이 강력 2팀으로 전입해 오면서 잊혀졌던 진실을 향한 증거들이 드러나기 시작한다. 진실에 다가가려는 자와 은폐하려는 자들 간의 불꽃 튀는 대결이 시작된다!",TRUE,2020-07-06,Scripted,https://image.tmdb.org/t/p/w500/51iYzWkefsyFv6aEirPuzUScXxY.jpg,범죄|드라마|미스터리|Action & Adventure,JTBC,16,7.214,9.5557,손현주|장승조|이엘리야|오정세|차래형,1
모텔 캘리포니아,시골 모텔을 배경으로 모텔에서 태어나 모텔에서 자란 여자 주인공이 12년 전 도망친 고향에서 첫사랑과 재회하며 겪는 우여곡절 첫사랑 리모델링 로맨스 드라마,TRUE,2025-01-10,Scripted,https://image.tmdb.org/t/p/w500/g3QpX8FRYpGpf7KCzL03K1uIJGq.jpg,드라마|가족,MBC,12,6.8,3.7117,나인우|이세영|김태형|최민수|최희진,1
목표가 생겼다,자신의 삶을 불행하게 만든 사람들에게 복수하기 위해 '행복 망치기 프로젝트'를 계획한 19세 소녀 소현(김환희 분)의 발칙하고 은밀한 작전을 담은 드라마. 2020년 MBC 극본공모전 당선작,TRUE,2021-05-19,Miniseries,https://image.tmdb.org/t/p/w500/hkfp1jUMSdwTfd838eefBDrMvBP.jpg,드라마,MBC,4,6.7,1.6783,김환희|류수영|김도훈|이시우|김이경,1
못된 사랑,"사랑한다면 바라는 것이 없어야 한다고 말하지만, 우린 사랑하는 사람에게 바라는 것이 너무도 많다. 사랑한다면 자존심 따윈 필요 없다고 말하지만, 우린 자존심 따위로 이별을 맞이한다. 사랑한다면 마음 하나로 충분하다고 말하지만, 우린 결국 현실을 본다. 사랑하는 것엔 이유가 없다고 말하지만, 우린 사실 사랑할 때 언제나 이유가 존재한다. 그래서..., 그래서, 神께선! 욕심부리는 인간에게 가장 큰 고통, 사랑을 주신 것 같다. 모질고 고약한 사랑, 못된 사랑을 말이다.",TRUE,2007-12-03,Scripted,https://image.tmdb.org/t/p/w500/hHXB5pKYb3GwXz7O0b6cvgsrKSN.jpg,드라마,KBS2,20,5,2.5285,권상우|이요원|김성수|차예련|정우,1
무림학교,각기 다른 이유로 이곳에 모인 다양한 국적의 교사와 학생들이 '무림학교'의 특별한 인생 교육을 통해 부딪치고 소통하며 진정한 의협을 배워갈 글로벌 청춘 캠퍼스 드라마,TRUE,2016-01-11,Scripted,https://image.tmdb.org/t/p/w500/mcd9QLl07DxjihIZT21dsCAETyk.jpg,드라마,KBS2,16,7.276,3.0992,이현우|서예지|이홍빈|정유진|알렉산더 이 유세비오,1
무법 변호사,"인권변호사인 엄마의 죽음을 눈앞에서 목도한 후, 엄마의 복수가 ‘생의 목적’이자 ‘절대 미션’이 되어버린 소년, 봉상필. 절치부심 18년을 준비해온 복수! 최고의 승소율을 자랑하는 변호사가 된 상필이 ‘기성(綺城)’으로 내려가면서 이 드라마는 시작된다. 여름 안개처럼 고요하고 정갈한 얼굴을 하고 있지만 그 어떤 쾌도로도 베지 못하는 비단의 도시. 판사, 검사, 언론, 정치인이 모두 결탁한 거대한 악의 블랙홀. 기성! 그 부패하고 철통같은 커넥션의 정점에 도사리고 있는 거악(巨惡) 차문숙을 상대로, 절대 불가능할 것만 같던 복수를 완성해 나가는 여정에서 상필은 자신이 진정으로 원한 것이 실은 복수를 꿈꾸지 않아도 되는 정의로운 세상이었음을 깨닫게 된다. 법 대신 주먹을 쓰던 무법(無法) 변호사가 자신의 인생을 걸고 절대 권력에 맞서 싸우며 진정한 무법(武法) 변호사로 성장해가는 거악소탕 법정활극.",TRUE,2018-05-12,Scripted,https://image.tmdb.org/t/p/w500/wCn4W347JZB8Od0SGcbosDpqyfr.jpg,범죄|Action & Adventure|드라마,tvN,16,7.5,10.0268,이준기|서예지|이혜영|최민수|염혜란,1
무브 투 헤븐 : 나는 유품정리사입니다,"사람이 세상을 떠나도, 그들의 물건은 남는다. 거기엔 생전의 삶이 깃들어 있다. 아스퍼거 증후군이 있는 청년과 출소한 그의 삼촌. 세상에 대해 일말의 기대도 없이 살아온 두 유품정리사가 고인의 못다 말한 이야기를 듣는다.",TRUE,2021-05-14,Miniseries,https://image.tmdb.org/t/p/w500/drEK6iGpzQBzFCmiT5KiG3s8ktO.jpg,드라마,Netflix,10,7.99,7.7219,이제훈|탕준상|홍승희|정석용|정영주,1
무빙,"초능력을 숨긴 채 현재를 살아가는 아이들과, 과거의 아픈 비밀을 감춘 채 살아온 부모들이 시대와 세대를 넘어 닥치는 거대한 위험에 함께 맞서는 초능력 휴먼 액션 시리즈.",TRUE,2023-08-09,Scripted,https://image.tmdb.org/t/p/w500/b9MhD5syJ7TbYSeje4wB4oyTzc7.jpg,미스터리|드라마|Action & Adventure,Disney+,20,8.5,21.8765,류승룡|한효주|조인성|차태현|류승범,1
무인도의 디바,디바를 꿈꾸며 오디션을 보기 위해 상경하다 무인도에 좌초된 소녀 목하가 15년 만에 구조되어 다시 디바에 도전하는 이야기,TRUE,2023-10-28,Miniseries,https://image.tmdb.org/t/p/w500/1NseFoBcprx5BYJcd03sTUEczG3.jpg,코미디|드라마,tvN,12,7.969,5.8211,박은빈|채종협|김효진|차학연|김주헌,1
무정도시,"종합편성채널 JTBC에서 2013년 5월 27일부터 방송을 시작하여 동년 7월 30일까지 방송한 20부작 월화 드라마. 극본은 유성열 작가가 담당하였다.

원래는 《세계의 끝》 후속 주말특별기획[1]으로 예정되어 있었으나, 세계의 끝이 축소편성 및 조기종영되자 월화 드라마로 편성이 변경되어 방송을 시작하였다. 《우리가 결혼할 수 있을까》 종영 이후 거의 6개월만에 편성되는 월화 드라마다.

드라마의 내용은 거대마약조직과 이를 해체하려는 경찰과의 대결을 중심으로 하는 느와르 액션 활극을 표방하고 있다. 한국 드라마에서 보기 힘든 새로운 소재를 활용한 개성있고 의미있는 드라마이기도 하다.

KBS 2TV의 전 월화 드라마 《상어》와 같은 날짜 같은 시간에 방송을 시작하여 두 드라마의 대결이 주목을 받은 바 있다.",TRUE,2013-05-27,Scripted,https://image.tmdb.org/t/p/w500/yyVcCChpHQZKorMtcwDzbMehuxd.jpg,Action & Adventure|범죄|드라마,JTBC,20,8,2.7093,정경호|남규리|이재윤|김유미|손창민,1
미남당,전직 프로파일러 출신의 가짜 박수무당의 좌충우돌 미스터리 코믹 수사극.,TRUE,2022-06-27,Scripted,https://image.tmdb.org/t/p/w500/jznL20jWyR4xaxFR2hJbxOmVAct.jpg,드라마|미스터리|코미디,KBS2,18,7.625,3.775,서인국|오연서|곽시양|강미나|권수현,1
미남이시네요,수녀를 꿈꾸던 고미녀가 쌍꺼풀 수술 부작용으로 미국에 재수술을 받으러 간 쌍둥이 오빠 고미남을 대신해 아이돌 그룹 A.N.JELL(에이엔젤)의 구성원으로 들어가며 벌어지는 이야기를 다루고 있다.,TRUE,2009-10-07,Miniseries,https://image.tmdb.org/t/p/w500/zgS98RphToJLcUGGvpPR2W02qzD.jpg,코미디|드라마,SBS,16,7.54,4.016,장근석|박신혜|정용화|이홍기|유이,1
미녀 공심이,"외모와 능력 모든 걸 갖춘 언니’와 ‘마음 하나는 예쁜 동생’, 그리고 그 두 자매 앞에 나타난 ‘옥탑방 볼매남’과 ‘재벌가 댄디남’까지 실타래처럼 얽힌 네 청춘남녀의 좌충우돌 로맨스를 코믹하고 따뜻하게 그린 드라마",TRUE,2016-05-14,Miniseries,https://image.tmdb.org/t/p/w500/dgZeoT1rPor0eI8h9YqR5j85s7U.jpg,코미디|드라마,SBS,20,6.9,5.7275,남궁민|방민아|온주완|서효림|오현경,1
미녀의 탄생,살을 빼고 인생이 달라지는 한 여인의 삶을 그린 드라마,TRUE,2014-11-01,Scripted,https://image.tmdb.org/t/p/w500/t3CT6YyWMlCLyHjfwb1zn3MX3Tz.jpg,코미디,SBS,21,7.345,4.4846,주상욱|한예슬|정겨운|왕지혜|한상진,1
미라클,기적 같은 사랑의 힘으로 시련을 극복하고 성장하는 청춘들의 이야기,TRUE,2022-06-24,Scripted,https://image.tmdb.org/t/p/w500/pfD2CbiXQlqPw1kdCTU441QVCJQ.jpg,드라마|코미디,Viki|Viu,14,6.9,3.5832,강찬희|강민아|휘영|김광규|소희정,1
미래의 선택,보다 나은 나 자신을 위해 미래의 내가 찾아와 조언을 해주고 다른 운명을 개척할 수 있도록 새로운 선택의 방향을 제시해주는 타임슬립 드라마,TRUE,2013-10-14,Scripted,https://image.tmdb.org/t/p/w500/yrDIJnFN2okCfvnoJyz51rgLHJB.jpg,드라마|Sci-Fi & Fantasy,KBS2,16,2.4,2.3961,윤은혜|한채아|이동건|최명길|정용화,1
미생,프로 바둑기사의 꿈을 접은 장그래는 인턴사원이 되어 입사 동기 영이에게 의존하며 험난한 직장 생활을 시작한다.,TRUE,2014-10-17,Scripted,https://image.tmdb.org/t/p/w500/2uljxb5RGofOZQ8novBaYO8YxNN.jpg,코미디|드라마,tvN,20,8.6,5.8477,임시완|이성민|강소라|강하늘|변요한,1
미세스 캅,"경찰로는 백점, 엄마로선 빵점. 정의롭고 뜨거운 심장을 가진 경찰 아줌마의 활약을 통해 대한민국 워킹맘의 위대함과 애환을 그린 작품. 염창동 강간살인사건으로 세상이 떠들썩했던 2013년, 이 연쇄살인사건의 범인을 검거하기 위해 혈안이 되어있던 강력 5팀 팀장 영진은 오른팔 재덕과 함께 잠복수사 중 유력 용의자를 눈앞에 두게 된다. 그런데 하필이면 오늘이 하나뿐인 딸의 학예회! 빨리 오라며 재촉하는 동생 남진의 전화도 뒤로하고, 딸과의 약속마저 져버린 채 잡은 범인인데 뭔가 찝찝하기만 한데...",TRUE,2015-08-03,Miniseries,https://image.tmdb.org/t/p/w500/7iyjqUEperLUrcFi3oC4UVEtd4Y.jpg,범죄|Action & Adventure|미스터리|드라마,SBS,18,6.4,5.1707,김희애|김민종|이다희|손호준|이기광,1
미스 함무라비,"강한 자에게 강하고 약한 자에게 약한 법원을 꿈꾸는 이상주의 열혈 초임 판사, 섣부른 선의보다 원리원칙이 최우선인 초엘리트 판사, 세상의 무게를 아는 현실주의 부장 판사, 달라도 너무 다른 세 명의 재판부가 펼치는 生 리얼 초밀착 법정 드라마",TRUE,2018-05-21,Scripted,https://image.tmdb.org/t/p/w500/1XHqZFJ7B7MqVwTstf23u3guvpm.jpg,드라마|코미디,JTBC,16,7.8,3.5431,고아라|엘|성동일|류덕환|이엘리야,1
미스터 기간제,"대한민국 상위 0.1% 명문고, 의문의 살인사건. 한 남학생이 스토킹하던 여학생을 칼로 찔러 죽였다?! 잘 나가는 속물 변호사 기무혁은 로펌 대표 부탁으로 이 사건을 맡게 된다. 자신이 여학생의 남자친구였다고 주장하는 피고인 남학생! 하지만 피고인과는 전혀 다른 증언을 하는 같은 학교 학생들. 법정에서 피고인 남학생이 내뱉은 충격 발언 때문에 나락으로 떨어진 기무혁. 과연 이 살인사건의 진실은 무엇일까?",TRUE,2019-07-17,Scripted,https://image.tmdb.org/t/p/w500/l8r7PYYDdHZUIqmeyVDhV1LZiqi.jpg,범죄|미스터리,OCN,16,7.6,6.8662,윤균상|금새록|최유화|이준영|최규진,1
미스터 션샤인,"2018년 7월 tvN에서 방영을 시작한 드라마. 신미양요(1871년)때 부모를 잃고 미 해군 군함 콜로라도 호에 승선해 미국에 떨어진 노비 출신 소년 유진(이병헌). 미국으로 건너가 갖은 차별을 이겨내고 군인이 된 그는 자신을 버린 조국인 조선으로 와 주둔하게 된다. 그에게 조선이란 제 부모를 때려죽인 나라이자, 자신이 도망쳐 나온 나라였으며, 양반들이 개화의 탈을 쓰고 앞다투어 매국을 하는 야만의 나라일 뿐이었다. 그러던 중 그는 남들 몰래 조선의 독립을 위해 싸우는 조선 최고 명문가의 영애, 애신(김태리)을 만나게 되는데...",TRUE,2018-07-07,Scripted,https://image.tmdb.org/t/p/w500/uSavP0BSfnyUaJe62f0ZTXIHLs8.jpg,드라마,tvN,24,8.421,11.9364,이병헌|김태리|유연석|김민정|변요한,1
미스티,"야심 하나로 최고의 앵커 자리에 올랐다. 무엇도 자신을 멈출 수 없으리라 믿었다. 하지만 과거의 인연과 현재의 위기가 얽힌 엄청난 사건이 그녀의 삶을 헤집기 시작한다. 진실이라 믿은 사실에 생긴 거대한 균열. 판도라의 상자는 열렸다. 살인사건의 용의자로 지목된 대한민국 최고의 앵커. 그녀의 변호인이 된 남편.그들이 믿었던 사랑, 그 민낯을 보여주는 격정 미스테리 멜로.",TRUE,2018-02-02,Scripted,https://image.tmdb.org/t/p/w500/zxUVTrGXJcoX12fbGN2q24SvQKE.jpg,드라마|범죄|미스터리,JTBC,16,7.4,3.982,김남주|지진희|전혜진|임태경|고준,1
미씽: 그들이 있었다,"종아, 남국과 함께 나쁜 놈들에게 사기 치며 살아가던 정의로운 사기꾼 김욱. 납치 당하는 여자를 목격한 어느 날, 의문의 사내들에게 쫓겨 목숨을 잃을 위기에 처하는데... 가까스로 살아난 그가 눈을 뜬 곳은 '두온마을', 그곳의 수상한 주민 장판석의 집. 실종됐다던 아이가 살아있고, 멀쩡히 눈 앞에 있던 사람들이 갑자기 사라지는 이곳. 미스터리한 마을과 주민 장판석의 정체가 베일을 벗는다.",TRUE,2020-08-29,Scripted,https://image.tmdb.org/t/p/w500/8CvmvqwtYr495153fWay3hUdyA2.jpg,미스터리|Sci-Fi & Fantasy,OCN|tvN,12,7.635,6.4958,고수|허준호|안소희|하준|서은수,1
미안하다 사랑한다,가수 윤의 코디네이터 은채는 해외 촬영 중 우연히 무혁을 마주친다. 어릴 적 호주에 입양된 후 외로움에 괴로워하던 무혁은 자신을 버린 어머니에게 복수하기 위해 윤의 매니저가 되고 한국에서 은채와 재회한다.,TRUE,2004-11-08,Scripted,https://image.tmdb.org/t/p/w500/2iC754bCaSaWR9WENBhJToov8bl.jpg,드라마|Soap,KBS2,16,7.929,3.2469,임수정|소지섭|정경호|최여진|서지영,1
미워도 사랑해,어려서부터 파란만장한 삶을 살아오다 결국 모든 것을 잃고 새롭게 시작한 시기에 아이러니컬하게 인생의 꽃을 피우는 한 여성의 삶을 따라가면서 우리를 지탱하는 가장 큰 가치는 핏줄도 법도 아닌 바로 인간 사이에서 채워지는 인간 간의 정이요 사랑이라는 이야기를 담은 휴먼가족 드라마,TRUE,2017-11-13,Scripted,https://image.tmdb.org/t/p/w500/aPdskvyCqW0BdeO4X7iXoyq7BgF.jpg,가족|드라마,KBS1,120,5,3.6343,송유현|이성열|표예진|한혜린|이동하,1
미지의 서울,얼굴 빼고 모든 게 다른 쌍둥이 자매가 인생을 맞바꾸는 거짓말로 진짜 사랑과 인생을 찾아가는 로맨틱 성장 드라마,TRUE,2025-05-24,Miniseries,https://image.tmdb.org/t/p/w500/woGYRE5vChxqUqTBJJaOhO9Cqk6.jpg,드라마,tvN,12,8.438,6.5484,박보영|진영|류경수|장영남|김선영,1
"미치겠다, 너땜에!","오랜 친구와 하룻밤을 보내고 고민에 빠진 아티스트 '래완'과 사랑과 우정사이에서 갈등하는 통역사 '은성'을 통해, 8년의 교감이 사랑으로 변하는 순간을 담아낸 드라마",TRUE,2018-05-07,Scripted,https://image.tmdb.org/t/p/w500/aR7dV9cx5Sf3UX6dHuKjxkS0Rot.jpg,코미디|드라마,MBC,4,6.935,1.8212,이유영|김선호|성주|권도운|박효주,1
밀키드,"기파란은 음식을 사랑하는 데이터 분석 전문가로 식품유통회사 '밀키드'에 입사했고, 전직 아이돌 반석과 음식의 가치에 대한 의견 차이로 자주 갈등을 겪는다.",TRUE,2020-11-16,Scripted,https://image.tmdb.org/t/p/w500/iGUWIlVJCHaNTpbCV5uC1wLgAIw.jpg,,,1,3,0.9436,박나은|정대현,1
밀회,성공을 위해 앞만 바라보고 달려온 예술재단 기획실장 오혜원(김희애 분)과 자신의 재능을 모르고 살아온 천재 피아니스트 이선재(유아인 분)의 음악적 교감과 애틋한 사랑을 그린 멜로 드라마.,TRUE,2014-03-17,Scripted,https://image.tmdb.org/t/p/w500/idjroOxrXssb0hlgXYyl0BCRg7f.jpg,드라마,JTBC,16,7.3,5.131,김희애|유아인|김혜은|장소연|박혁권,1
바니와 오빠들,"흑역사로 남아버린 첫 연애 이후, 갑자기 다가온 매력적인 남자들과 엮이게 된 바니의 남친 찾기 로맨스 드라마",TRUE,2025-04-11,Scripted,https://image.tmdb.org/t/p/w500/8H70Q7CyUJr2XQwzdrRyg9OWMPA.jpg,코미디|드라마,MBC,12,7.6,4.0588,노정의|이채민|조준영|김현진|최지수,1
바람과 구름과 비,"운명을 읽는 조선 최고의 역술가이자 명리를 무기로 활용하는 주인공의 아름다운 도전과 애절한 사랑, 그리고 그와 그의 사랑을 위협하는 킹메이커들과 펼치는 왕위쟁탈전을 담은 드라마",TRUE,2020-05-17,Scripted,https://image.tmdb.org/t/p/w500/2nIzCTPPsHVjxxIx4IS7w764ZzV.jpg,드라마|War & Politics,TV Chosun,21,4.1,2.6002,박시후|고성희|성혁|전광렬|박정연,1
바람의 화원,"조선시대 가장 유명한 풍속화가 김홍도와 신윤복!! 김홍도는 '서당'과 '씨름'등의 생동감 넘치는 풍속화 뿐 아니라, 거대한 의궤(궁중의식을 기록한 그림), 수묵화, 그리고 자신의 노년을 사실적으로 그린 자화상에 이르기까지 다양한 그림을 남긴 역사상 가장 유명한 조선의 화가이다. 또한 세련된 필치로 남녀간의 애정을 다룬 그림으로 유명한 신윤복은, 그를 잘 모르는 사람들일지라도 그의 그림이 인쇄된 그림엽서나 달력 한 번 보지 못한 사람이 없을 정도로 현대에까지, 아니 현대에 와서 더욱 그 가치를 인정받고 있다. 여기까지가 두 사람에 대해 알려져 있는 사실이다. 그런데, 이 두 사람에게는 몇 가지 알려지지 않은 사실이 있다. 첫째, 두 사람은 도화서 화원 생활을 함께했던 동시대인이며, 둘째, 두 사람이 똑같은 주제를 두고 그린 그림이 여러 장 발견되고 있으며, 셋째, 두명의 천재화가 중 김홍도에 대한 자료는 풍부하게 발견되고 있는 반면, 신육복에 대한 자료는 거의 남아있지 않다는 것이다. 김홍도는 영조, 정조, 순조 세 임금의 총애를 받으며 오랫동안 권세를 누려왔지만 신윤복은 '속된 그림을 그려 도화서에서 쫓겨났다'는 풍문만을 남기고 역사 속에서 영원히 사라져 버렸다. 두 사람이 활동했던 18세기는 우리 역사상 그 어느 때보다 안정된 사회를 기반으로 문화가 화려하게 꽃피었던 시기다. 자신도 뛰어난 화가였던 정조의 적극적인 문예부흥과 개혁 바람을 바탕으로 전근대에서 벗어나 근대로 옮겨가는 긍정적 에너지가 가득하던 그 시기에, '기록된 자와 기록되지 않은 자' 김홍도와 신윤복이 있다. 도대체 이 두 사람에게 어떤 일이 있었던 것일까? 신윤복에 대한 기록은 왜 모조리 사라져 버린 것일까? 그러나, 다행이다. 그의 기록은 사라졌으나 그림만은 온전히 남아있다. 이제, 그의 그림을 찬찬히 들여다 보자. 조용히... 그림 속에서 목소리가 들리기 시작한다. 이 드라마는 바로 그 이야기이다. 그림 속에 은밀히 숨겨졌던 김홍도와 신윤복의 사랑 이야기.",TRUE,2008-09-24,Miniseries,https://image.tmdb.org/t/p/w500/c0zNS5qLkf39IN72WVH9IDi4ZRQ.jpg,드라마,SBS,20,6.7,3.7144,문근영|문채원|박신양|한정수|이준,1
바람이 분다,"얼굴만 봐도 행복했던 그 시절은 가고, 이제 서로에게 까칠해진 부부. 알츠하이머 진단을 받은 남편은 아내를 그만 놓아주기로 한다. 이유는 알리지도 않은 채. 그리고 몇 년 후, 우연히 만난 두 사람은 다른 빛깔의 사랑을 시작한다.",TRUE,2019-05-27,Scripted,https://image.tmdb.org/t/p/w500/yU56mQKEF2WlEJ6diAde4uwi1sE.jpg,드라마,JTBC,16,6.2,2.9642,감우성|김하늘|김성철|김가은|이준혁,1
바람피면 죽는다,오로지 사람을 죽이는 방법에 대해서만 생각하는 범죄소설가 아내와 '바람피면 죽는다'는 각서를 쓴 이혼전문 변호사 남편의 코믹 미스터리 스릴러,TRUE,2020-12-02,Scripted,https://image.tmdb.org/t/p/w500/v93k21FJJqCYb3qKfxt9Gvbv21M.jpg,코미디|미스터리,KBS2|wavve,16,6.9,4.4618,조여정|고준|김영대|연우|송옥숙,1
반의반,"인공지능 프로그래머 하원과 클래식 녹음 엔지니어 서우가 만나 그리는 시작도, 성장도, 끝도 자유로운 짝사랑 이야기. AH의 대표이자 인공지능 프로그래머인 하원. 자신의 인격을 넣은 대화용 디바이스를 테스트 중이다. 하원은 지수와의 추억이 있는 노래를 따라 우연히 들어간 녹음실에서 클래식 녹음 엔지니어 한서우를 만나게 된다. 그리고 서우와의 만남 이후, 디바이스는 하원의 인격으로 활성화되는데... 한편, 서우는 새로 온 녹음실 관리자 문순호로부터 김지수의 그릇을 사 달라는 이상한 부탁을 받는다.",TRUE,2020-03-23,Scripted,https://image.tmdb.org/t/p/w500/A6Ir3FgiJm9HHwLgkhDGIstCZ08.jpg,드라마,tvN,12,7.4,4.7132,정해인|채수빈|이하나|김성규|우지현,1
반짝이는 워터멜론,"음악에 천부적인 재능을 타고난 코다(CODA, 청각장애인 부모 아래서 태어난 청인 자녀) 소년이 수상한 악기점을 통해 낯선 공간에 불시착하게 되고, 그곳에서 만난 수상쩍은 청춘들과 함께 밴드 ‘워터멜론 슈가’를 결성하게 되면서 벌어지는 판타지 청춘 드라마",TRUE,2023-09-25,Miniseries,https://image.tmdb.org/t/p/w500/fD1WFaH8Bo4g6SqAOwCQg3Ry6zv.jpg,Sci-Fi & Fantasy|드라마,tvN,16,8.81,14.9984,려운|최현욱|설인아|신은수|최원영,1
발리에서 생긴 일,"악착같은 욕망의 화신 수정,상처받은 남자 인욱,나약한 영혼의 소유자 재민,옛 사랑의 그림자를 잊지 못하는 여인 영주돈만이 유일한 가치로 남은 세상 속에서 진정 우리가 찾아야 할 가치는 무엇인지 네 젊은이들의 인생을 통해 짚어본다",TRUE,2004-01-03,Scripted,https://image.tmdb.org/t/p/w500/lcB43pdIvUyEw7jCiLpvwqeoyqr.jpg,드라마,SBS,20,5.7,4.1381,하지원|조인성|소지섭|박예진|김하균,1
발칙하게 고고,고등학교 내 두 동아리의 통폐합이라는 해프닝을 통해 위선과 부조리로 가득하고 생존을 위한 경쟁만을 강조하는 학교 안의 풍경을 그린 드라마,TRUE,2015-10-05,Miniseries,https://image.tmdb.org/t/p/w500/s0kUyrPB4U2VD91mUKRgvRyJ2xM.jpg,드라마|코미디,KBS2,12,7.138,2.5088,신재하|김지수|정은지|이원근|채수빈,1
밤에 피는 꽃,밤이 되면 담을 넘는 십오 년 차 수절과부 '여화'와 사대문 안 모두가 탐내는 갓벽남 종사관 '수호'의 담 넘고 선 넘는 아슬아슬 코믹 액션 사극,TRUE,2024-01-12,Scripted,https://image.tmdb.org/t/p/w500/8WAFSqm7QT4KF23W0BZvByKw5i3.jpg,드라마|코미디|미스터리|Action & Adventure,MBC,12,8.125,4.9451,이하늬|이종원|김상중|정용주|이기우,1
밤을 걷는 선비,사람을 죽이려는 흡혈귀와 이를 막으려는 수호귀의 대결! 신분을 초월하고 목숨을 담보로 한 비밀스럽고도 위험천만한 이들의 러브스토리를 다룬 드라마,TRUE,2015-07-08,Scripted,https://image.tmdb.org/t/p/w500/4TGGU7e2w47APhVU1vVayITow2N.jpg,드라마|미스터리,MBC,20,6.5,4.2012,이준기|이유비|최강창민|이수혁|김소은,1
밤이면 밤마다,"문화재가 아니라 문화유산이다. 2008년 2월 10일, 국보 1호 숭례문이 불탔다. 이렇게 사라져버린 문화재가 비단 숭례문 뿐일까. 국보 238호 소원화개첩, 보물 7호 원종대사 혜진탑, 보물 994호 철아미타불좌상... 지금 이 시간에도 어디에선가 우리의 문화재들이 불타고, 훼손 되고, 도난 되고, 도굴 되며 사라져가고 있다. 우리의 무관심 속에 문화재는 단순한 골동품이 아니라 문화유산이다. 우리의 아이들에게 물려줘야 할 역사이고 자존심이다. 를 통해 그 소중한 가치와 의미를 환기시키는 기회가 되고자 한다.  문화재를 둘러싸고 벌어지는 진짜 고수들의 세계

이 드라맘에는 문화재를 둘러싼 많은 인물들이 등장한다. 흙냄새만 맡아도 고려청자가 묻혔는지 이조백자가 묻혔는지 안다는 희대의 도굴꾼부터 문화재 암시장에 기생하는 전문가 뺨치는 업자들, 도굴된 현장만 봐도 누구누구의 소행인지 대충 리스트가 나온다는 베테랑 사건 반장과 애국심으로 똘똘뭉친 사건 단속반원들, 그리고 첨단 과학과 오랜 경험을 바탕으로 문화재의 진위여부를 판별하는 감정사와 복원사들의 희노애락이 흥미진진하게 펼쳐질 것이다. 그 가운데에는 당연히 남녀상열지사도 빠질 수 없으니 바로 우리의 주인공 김",TRUE,2008-06-23,Scripted,https://image.tmdb.org/t/p/w500/gcbdgqNZaI6HY5Kuny2jtyv8uE0.jpg,Action & Adventure|미스터리|드라마|코미디,MBC,17,6.3,2.5831,김선아|이동건|이주현|김정화|박기웅,1
밥 잘 사주는 예쁜 누나,"2018년 3월 JTBC에서 방영을 시작한 드라마. 많이들 연애를 하지만 진짜 연애는 참 드물다. 영혼이 흔들릴 것 같은 연애, 나의 불치병보다 상대방의 감기가 더 아픈 연애, 우리는 진짜 해본 적이 있을까? 언제나 나만 생각하는 이기적인 내가 타인과 관계망에 대한 인식의 지평을 넓혀 진짜 교감을 할 수 있을까? 우리는 타인의 기쁨과 슬픔, 희열과 고통을, 그 질감을 가감 없이 그대로 느낄 수 있을까? 가능하다. 진짜 연애에 폭 빠져있는 그 순간에는. 끊임없는 관심으로 상대방을 들여다보고 그 인생의 모든 장면들을 낱낱이 기록하고 기억하는 일, 그것이 사랑이다.",TRUE,2018-03-30,Scripted,https://image.tmdb.org/t/p/w500/dUvYD6gPUqND7av4A0bXv69cLs6.jpg,드라마,JTBC,16,7.8,8.5662,손예진|정해인|장소연|정유진|주민경,1
배가본드,"민항 여객기 추락 사고에 연루된 한 남자가 은폐된 진실 속에서 찾아낸 거대한 국가 비리를 파헤치게 되는 과정을 그린 드라마. 어느 날 민항 여객기가 추락한다. 그 비행기 안에는 스물다섯 명의 어린이 태권도 시범단도 타고 있었다. 생존자는 없다. 기체 결함이라는 조사발표가 나왔다. 그러나 그것은 거짓이었다. 누군가가 의도적으로 비행기를 떨어뜨렸다. 진실을 찾으려는 돈키호테 앞에 거대한 음모의 실체가 드러나기 시작한다. 비행기 사고는 서막에 불과했고 개 같은 싸움이 시작됐다. 그도, 그들도.. 상대를 잘못 골랐다.",TRUE,2019-09-20,Scripted,https://image.tmdb.org/t/p/w500/iSB720SU8k53NOsemk55aIqTAKI.jpg,드라마|미스터리|Action & Adventure,SBS,16,8.281,11.5258,이승기|수지|신성록|문정희|백윤식,1
백년의 신부,"재벌가의 저주를 둘러싼 계략과 음모, 그리고 그 속에서 피어난 진실된 사랑을 그린 드라마",TRUE,2014-02-22,Scripted,https://image.tmdb.org/t/p/w500/vaAoVgATYlOXkdynbTVMwoP14As.jpg,드라마|Sci-Fi & Fantasy,TV Chosun,16,7.9,3.905,양진성|이홍기|성혁|장아영|신은정,1
백번의 추억,"1980년대 버스 안내양이었던 두 여자에게 운명일 수밖에 없었던 한 남자의 애틋한 첫사랑과 찬란할 수밖에 없었던 빛나는 청춘들의 멜로, 성장, 휴먼, 코미디",TRUE,2025-09-13,Miniseries,https://image.tmdb.org/t/p/w500/os7TvyWMSdlNQ2ItGY3YrtZkNCS.jpg,드라마,JTBC,12,8,3.7841,김다미|신예은|허남준|이원정|전성우,1
백일의 낭군님,"2018년 9월 tvN에서 방영을 시작한 드라마. 완전무결 왕세자에서 졸지에 무쓸모남으로 전락한 원득(도경수)과 조선 최고령 원녀 홍심(남지현)의 전대미문 100일간의 로맨스를 그린다. 금수저 끝판왕이자 완전무결의 대명사였던 왕세자 이율은 백성들 사이에 섞이자 무능하기 짝이 없는 사내가 된다. 백성들이 다 아는 걸 그는 모른고, 그래서 온갖 핍박을 당한다. 천것이던 노처녀 홍심은 갑이 되고, 극존이던 세자 율은 을이 된다.",TRUE,2018-09-10,Scripted,https://image.tmdb.org/t/p/w500/tUoXjOSb7j269xVF4xeZPqoZl7n.jpg,코미디|드라마|미스터리,tvN,16,7.9,5.764,도경수|남지현|조성하|조한철|오연아,1
뱀파이어 아이돌,미지의 행성에서 날아온 꽃미남 뱀파이어들과 상큼발랄 지구 최강 아이돌 걸스걸스들의 좌충우돌 지구적응기!,TRUE,2011-12-06,Scripted,https://image.tmdb.org/t/p/w500/3feX8F9OZLjshJhulsq1eR6F6vO.jpg,코미디|드라마,MBN,79,6.7,2.9198,천록담|김우빈|이수혁|홍종현|방민아,1
번외수사,"강력반 '아웃사이더 불독' 형사와 시청률은 부족하지만 열정이 차고 넘치는 탐사보도팀 PD, 전직 프로파일러에서 프로 셀러가 된 탐정, 전설의 핵주먹 사장, 국과수 에이스 부검의 출신 장례지도사가 미제 사건을 풀어내는 범죄 액션 수사물",TRUE,2020-05-23,Scripted,https://image.tmdb.org/t/p/w500/y00vE7kQbLIAekXrryv4S5V48QE.jpg,드라마|범죄|미스터리,OCN,12,8.3,2.8577,차태현|이선빈|정상훈|윤경호|지승현,1
법대로 사랑하라,괴물 천재라고 불렸던 전직 검사 출신 건물주 김정호와 4차원 변호사 김유리가 법률사무소 겸 카페 '로(Law) 카페'를 둘러싸고 벌이는 '심쿵 최고형 법치 로맨스'. 노승아의 동명 웹툰 실사화.,TRUE,2022-09-05,Scripted,https://image.tmdb.org/t/p/w500/mMtXEgD82cPqF8z8fORxU8ILCZu.jpg,드라마,KBS2,16,6.6,4.43,이승기|이세영|김남희|안동구|김도훈,1
변혁의 사랑,"백수로 신분 하락한 생활력 제로의 재벌 3세 변혁과 고학력 고스펙의 생계형 프리터족 백준, 그리고 금수저를 꿈꾸는 엘리트 제훈 등 세 청춘들이 세상을 바꿔나가는 코믹반란극. 채리(서이안)에게 바람을 맞고 귀국하던 비행기 안에서 혁(최시원)은 술에 취해 의도치 않게 기내난동사건의 주범이 된다. 화가 난 아버지 변강수(최재성)를 피해 호텔에 머물던 혁은 채리의 목소리를 듣고 그 뒤를 쫓다 운명의 여인 백준(강소라)과 마주치게 되는데...",TRUE,2017-10-14,Scripted,https://image.tmdb.org/t/p/w500/d1z0Gv8ZAkOg5AGBtsncl3pycmR.jpg,코미디|드라마,tvN,16,6.9,3.2391,최시원|강소라|공명|이재윤|서이안,1
별들에게 물어봐,"당신이 지구에서 소유한 모든 것이 0그램이 된다. 우주에 머물 준비가 되었는가? 우주정거장은 중력이 거의 없는 극미중력상태로 (무중력에 가깝다) 기본적인 서있기 조차 불가능해서 상 하 좌 우 개념이 없고. 방사선 등의 치명적으로 위험하거나, 어쩌다 유익할 수도 있는 고에너지 우주광선들로 가득하다. 그 미지의 광선들과 무중력으로 인해 중력에 길들여진 인간의 몸에는 엄청난 변화가 온다. 우주정거장의 삶은 그래서 지구와 그 어느 것 하나, 같은 일상일 수 없는데, 막상 우주를 다녀온 우주인들은 입을 모은다. “우주정거장도 사람 사는 곳이에요. 지구에서 할 수 있는 일, 다 할 수 있어요.” 우주정거장은 딴 세상인 줄 알았는데, 아니었다. 우주드라마 해야지. 우주 얘기라고 해서 미래에 벌어질 SF소설 말고, 국가 간 우주의 희귀자원을 놓고 국정원들이 벌이는 전쟁 얘기 말고. 또 하나의 지구 찾는 판타지 말고. 우주에서 ‘사람 사는 얘기’ 해야지. 바로! 지금! 현재! 우주정거장에 있는 지구인 얘기 해야지. 스티븐 호킹 박사의 말대로 ‘지구를 떠나야지’!",TRUE,2025-01-04,Scripted,https://image.tmdb.org/t/p/w500/2veWG0YsXXfKdVlBTzkFduk2xfX.jpg,코미디|Sci-Fi & Fantasy|드라마,tvN,16,7.418,6.427,이민호|공효진|오정세|한지은|김주헌,1
별똥별,"하늘의 별과 같은 스타들의 뒤에서 그들을 빛나게 하기 위해 피, 땀, 눈물을 흘리는 사람들의 리얼한 현장 이야기를 그린 로맨틱 코미디",TRUE,2022-04-22,Miniseries,https://image.tmdb.org/t/p/w500/tF8Zu1yDZh9t1ndte2XUAU7qtmE.jpg,코미디|드라마,tvN,16,8.1,9.4089,이성경|김영대|윤종훈|김윤혜|박소진,1
별별 며느리,앙숙자매가 원수 집안의 며느리가 되며 벌어지는 이야기와 복수와 응징을 그린 드라마,TRUE,2017-06-05,Scripted,https://image.tmdb.org/t/p/w500/rTC8SVXcSdwbYQe15QGqmJ8xN5S.jpg,드라마,MBC,100,6,5.0459,함은정|이주연|강경준|차도진|남명렬,1
별에서 온 그대,"조선 땅에 떨어진 뒤로 400년 넘게 인간 남자 행세를 해온 외계인. 대학 강사로 일하는 지금, 드디어 고향에 돌아갈 수 있게 됐건만, 옆집에 사는 한류 스타와 사랑에 빠져버린다. 종족도, 성격도 딴판인 두 남녀의 달콤 발랄 로맨스.",TRUE,2013-12-18,Scripted,https://image.tmdb.org/t/p/w500/x2PJLhpjlJpAflUpzcBnzDaNOmE.jpg,코미디|드라마,SBS,21,8.295,9.6106,전지현|김수현|박해진|유인나|신성록,1
병원선,인프라가 부족한 섬에서 배를 타고 의료 활동을 펼치는 각기 다른 사연을 가진 의사들이 섬마을 사람들과 인간적으로 소통하며 진심을 처방할 수 있는 진짜 의사로 성장해나가는 세대 공감 이야기를 그린 드라마,TRUE,2017-08-30,Scripted,https://image.tmdb.org/t/p/w500/oDj5uNPT2flmWxpQYjvPdy0WVlx.jpg,드라마,MBC,41,6.2,2.5745,하지원|강민혁|김광규|정경순|권민아,1
보건교사 안은영,언뜻 보면 모두가 행복한 고등학교다. 그녀의 눈에만 보이는 찐득한 젤리와 악귀만 없다면. 학생들을 지키기 위해 플라스틱 칼을 든 보건교사 안은영. 오늘도 해치워 버려!,TRUE,2020-09-25,Scripted,https://image.tmdb.org/t/p/w500/yUCUQOBFzgMRAMwB0DT3OkGFvfM.jpg,Sci-Fi & Fantasy|드라마,Netflix,6,7.28,3.365,정유미|남주혁|현우석|박혜은|권지우,1
보고싶다,"열 다섯, 가슴 설렌 첫 사랑의 기억을 송두리째 앗아간 쓰라린 상처를 가슴에 품고 살아가는 두 남녀의 숨바꼭질 같은 사랑이야기를 그린 정통 멜로 드라마",TRUE,2012-11-07,Scripted,https://image.tmdb.org/t/p/w500/pAZT1hfuJQoFWyTdPZWtZImEvki.jpg,드라마|미스터리,MBC,21,6.4,3.8167,박유천|윤은혜|유승호|여진구|김소현,1
보라 데보라,연애는 전략이 필요하다는 연애코치 데보라와 연애는 진정성이라는 출판 기획자 수혁이 함께 연애서를 만들면서 시작되는 과몰입 유발 로맨스,TRUE,2023-04-12,Scripted,https://image.tmdb.org/t/p/w500/vyfduo2Qgi3S1VBkkod0Eq7f5kD.jpg,드라마|코미디,ENA,14,7.667,4.4322,유인나|윤현민|주상욱|박소진|황찬성,1
보물섬,"살아남기 위해 2조 원의 정치 비자금을 해킹한 남자. 해킹당한 사실을 모르고 남자를 죽여 2조 원을 ‘영원히’ 날려버린 비선 실세, 남자가 살아 돌아오고 비선 실세는 ‘2조원이 든 대가리’가 살아났다며 기뻐하지만, ‘2조 원의 대가리 주인’은 모든 기억을 잃었다.",TRUE,2025-02-21,Scripted,https://image.tmdb.org/t/p/w500/fFw298VFaDKJ28Zo8MtvaGaEfxL.jpg,범죄|미스터리|드라마,SBS,16,8.4,6.8553,박형식|허준호|홍화연|공지호|권수현,1
보스를 지켜라,초짜 여비서가 초강력 불량 재벌 2세를 보스로 만나 벌어지는 달콤살벌 로맨틱 코미디 드라마다.,TRUE,2011-08-03,Scripted,https://image.tmdb.org/t/p/w500/XHWfaAFAmbwBIkNkYK2SJzTK4.jpg,코미디,SBS,18,7,3.7642,최강희|지성|김재중|김하균|장아영,1
보쌈-운명을 훔치다,생계형 보쌈꾼이 실수로 옹주를 보쌈하며 벌어지는 파란만장 인생 역전극,TRUE,2021-05-01,Scripted,https://image.tmdb.org/t/p/w500/kX3YujxP0hYrA4lIonr5qtcR0ja.jpg,드라마,MBN|wavve,20,6.8,3.5174,정일우|권유리|신현수|김태우|신동미,1
보이스,"우리가 목숨걸고 지킨 '3분'은 누군가의 인생이다. 상담원이라는 별명으로 불리며 가장 변방으로 취급 받지만, 사실 삶과 죽음을 가르는 가장 긴박한 순간들이 모인 '112 신고센터'. '3분 도착, 5분 현장 확인, 10분 검거'의 긴박한 타임 리밋 속에서 범죄현장의 골든타임을 사수하는 112 신고센터 대원들의 치열한 기록을 생생하게 담아내고, 우리 인생의 골든타임, 결코 포기해서는 안되는 그 순간의 용기에 대해 이야기한다. 범죄 현장의 골든타임을 사수하는 112 신고센터 대원들의 치열한 기록을 그린 드라마",TRUE,2017-01-14,Scripted,https://image.tmdb.org/t/p/w500/87dqnH6x5wSLR8Tr3jkW0zSyGRH.jpg,범죄|드라마,OCN,16,7.271,13.4579,장혁|이하나|손은서|예성|백성현,1
보좌관: 세상을 움직이는 사람들,"스포트라이트 뒤에서 세상을 움직이는 리얼 정치 플레이어들의 위험한 도박. 권력의 정점을 향한 슈퍼 보좌관 장태준의 치열한 생존기를 그린 드라마. 정치에서 조명되는 사람은 의원이지만 그 뒤에는 수많은 보좌관들의 노력이 숨어있다. 음모와 암투가 판치고, 이권과 청탁이 오고 가며 배신과 보복이 난무하는 냉혹한 정치 세계. 권력을 쥐기 위해 누군가를 희생시키고 권력과 가깝다는 이유로 서로의 손을 잡고 어제의 동지가 오늘의 적이 되는 진흙탕 싸움 속에서 누구보다 치열한 삶을 살고 있는 그들의 이야기가 시작된다.",TRUE,2019-06-14,Scripted,https://image.tmdb.org/t/p/w500/aMfLa30SI4obNsKYa3uG9r1srbY.jpg,드라마|War & Politics,JTBC,10,8.147,4.6361,이정재|신민아|이엘리야|김동준|정진영,1
보통의 재화,"불운의 대명사 김재화는 태어날 때부터 '불운의 녀석'이라는 말을 들었다. 재화는 누구보다 삶에 헌신했지만, 아니! 다음생에도 도전해보세요! 행운의 여신이 그녀를 피한다. 어느 날 그녀는 공황장애에 걸렸다. 의사가 그녀에게 약에 관해 말했을 때, 그녀는 분개했습니다. “나는 잘못한 게 없어요” 자신에게 상처를 준 사람들에게 그녀는 더도 덜도 말고 자신이 받은 고통만큼 보답하기로 결심한다. '특이한' 여자 재화의 삶은 마침내 꽃을 피울 수 있을까?",TRUE,2021-12-17,Scripted,https://image.tmdb.org/t/p/w500/rWiB9Tt4UTcuKKzSyAxaSgUSpK4.jpg,,,1,2.3,0.6915,,1
복수가 돌아왔다,"학교 폭력 가해자로 몰려 부당하게 퇴학을 당한 강복수가, 어른이 돼 학교로 다시 돌아가 복수를 계획하지만, 복수는 고사하고 또다시 사건에 휘말리고 사랑도 다시 하는 엉뚱하면서 따뜻한 감성 로맨스",TRUE,2018-12-10,Scripted,https://image.tmdb.org/t/p/w500/sY5QJHdrdjegDA8kIfGu3n2DnjK.jpg,드라마|코미디|미스터리,SBS,32,7.5,6.5929,유승호|조보아|곽동연|김동영|박아인,1
복수해라,우연한 기회에 복수를 의뢰받은 강해라가 사건을 해결하고 권력에 맞서는 미스터리 통쾌 복수극,TRUE,2020-11-21,Scripted,https://image.tmdb.org/t/p/w500/8j0NRYIMV828bIHxJoVTznKJAQP.jpg,드라마|미스터리,TV Chosun|wavve,16,6.7,2.6506,김사랑|윤현민|유선|정만식|장유상,1
본 대로 말하라,시골순경 차수영(수영)은 순간적으로 모든 것을 기억하는 '픽처링' 능력을 가진 형사로 그의 능력을 발견한 황하영 팀장(진서연)에게 발탁된다. 연쇄 살인마 '그놈'을 추적하는 천재 프로파일러의 오현재(장혁)의 눈이 돼 수사현장을 뛰게 되는데...,TRUE,2020-02-01,Scripted,https://image.tmdb.org/t/p/w500/49uKCGjv59eP1StsHbddRJnhCVg.jpg,드라마|미스터리|범죄,OCN,16,7.4,3.9261,장혁|최수영|진서연|박지훈|류승수,1
본 어게인,두 번의 생으로 얽힌 세 남녀의 운명과 부활을 그리는 환생 미스터리 멜로 드라마. 1980년대. ‘노란우산 연쇄살인사건’을 수사 중인 강력계 형사 형빈은 중고책방을 운영하는 연인 하은이 다음 피해자가 될까봐 노심초사한다. 그런 하은의 곁을 맴도는 수상한 남자 지철이 신경쓰이기 시작하는데...,TRUE,2020-04-20,Scripted,https://image.tmdb.org/t/p/w500/hUb32Sn5PPYXxoutmRAlsR4BCBE.jpg,드라마,KBS2,32,6.9,4.0572,장기용|진세연|이수혁|김정난|김희정,1
봄밤,"긴 겨울을 지나 다시 찾아온 봄, 뜻밖의 사랑이 나른한 일상을 깨운다. 알 수 없는 이끌림과 묘한 떨림. 이게 다 봄바람 때문일까? 정인과 지호가 마주치고, 그들의 평온한 일상이 흔들린다. 진정한 사랑을 깨닫는 시간, 봄밤이 왔다.",TRUE,2019-05-22,Scripted,https://image.tmdb.org/t/p/w500/urxYgfofFH2ZRl8DoUve2YipPFi.jpg,드라마,MBC,32,8.006,5.8017,한지민|정해인|김준한|주민경|김창완,1
봄이 오나 봄,"몸이 바뀐 각자의 자리를 지키고자 하는 주인공들의 코믹 소동극이면서, 자기의 삶을 살지 못하고 타인의 삶을 욕망하는 현대인들에게 깊은 울림을 주는 휴먼스토리. 욕망 앞에 모든 것을 도구로 생각하는, 내가 최우선인 젊은 앵커 김보미. 최고의 스타였지만 현재는 가족을 가장 우선 순위에 두는 전직 배우 이봄. 행복의 정점에 선 어느 날 두 여자의 몸이 바뀐다. 그것도 수시로. 자신이 세운 계획대로 인생을 살아왔건만 갑자기 예측불허의 삶을 살게 된 두 여자. 타인의 삶과 내 삶을 동시에 살아야하는 불균형. 그리고 그 불균형은 삶의 균열을 가져오는데...",TRUE,2019-01-23,Scripted,https://image.tmdb.org/t/p/w500/30LjqEi3848SCv2vk3y3cUjNytE.jpg,드라마|코미디,MBC,32,6.8,3.2011,이유리|엄지원|최병모|이종혁|손은서,1
부부의 세계,"사랑이라고 믿었던 부부의 연이 배신으로 끊어지면서 복수의 소용돌이에 빠지는 이야기. 피 한방울 섞이지 않은 두 사람이 가족이란 울타리를 만들어 서로의 인생을 섞어 공유하는 그 이름. 부부. 이토록 숭고한 인연이 ‘사랑’이라는 약한 고리로부터 기인한다는 것. 곱씹을수록 간담 서늘하다. 사랑은 무한하지도 불변하지도 않기 때문이다. 부부의 연을 맺으며 우리는 약속했었다. 너만을 사랑하겠노라고. 그러나, 약속은 버려졌고, 사랑은 배신당했다. 배신으로 시작된 증오 그리고 이어지는 서로를 향한 복수. 복수에는 응분 대가가 따르는 법. 복수란 상대뿐 아니라 자신까지 파괴하는 것이란 걸 알아야만 했다. 나 하나 부서지는 것쯤이야 기꺼이 감내할 수 있었다. 허나, 가장 소중한 것까지 잃게 될 줄은 몰랐다. 상대를 파괴할 만큼 증오한다는 것은 사랑의 또 다른 형태. 이것은 죽을힘을 다해 서로의 목을 조이는 치열한 사랑에 관한 이야기이다.",TRUE,2020-03-27,Scripted,https://image.tmdb.org/t/p/w500/xbGz8GKZNv824UgsL4cpKV0WMuV.jpg,드라마,JTBC,16,7.527,6.4103,김희애|박해준|한소희|박선영|김영민,1
부암동 복수자들,"재벌가의 딸, 재래시장 생선장수, 그리고 대학교수 부인까지 살면서 전혀 부딪힐 일 없는 이들이 계층을 넘어 가성비 좋은 복수를 펼치는 현실 응징극",TRUE,2017-10-11,Scripted,https://image.tmdb.org/t/p/w500/nAdPNa5RctZDF9CLLDqmTum4u57.jpg,드라마,tvN,12,8.3,3.7331,이요원|라미란|명세빈|이준영|최병모,1
부잣집 아들,거액의 빚을 유산으로 상속받은 후 아버지의 명예를 위해 빚 갚기에 고군분투하는 부잣집 아들 '이광재'와 곁에서 적극적으로 그를 응원하는 씩씩한 여자 '김영하'의 이야기를 그린 드라마,TRUE,2018-03-25,Scripted,https://image.tmdb.org/t/p/w500/bCLdxexEuASy5mKjTRRi0MeKERh.jpg,가족|드라마,MBC,100,8,3.2284,김지훈|김주현|이규한|홍수현|우현,1
북극성,"대한민국 서울, 평화통일 기원 미사 도중 대선 후보 피격 사건이 일어난다. 전세계를 충격에 빠뜨린 역사적 현장에서 운명에 이끌리듯 만난 문주와 산호. 사건 뒤 숨겨진 진실에 다가갈수록, 한반도를 둘러싼 거대한 음모가 드러나는데… 거센 폭풍우를 뚫고 두 사람은 가장 빛나는 곳을 향해 갈 수 있을까?",TRUE,2025-09-10,Scripted,https://image.tmdb.org/t/p/w500/A2wLUIQ1V8dTLlhz7TwwTM84Ak.jpg,드라마|미스터리,Hulu|Disney+,9,7.553,6.9331,전지현|강동원|이미숙|박해준|오정세,1
불가살,"죽일 수도, 죽을 수도 없는 불가살(不可殺)이 된 남자가 600년 동안 환생을 반복하는 한 여자를 쫓는 슬프지만 아름다운 이야기",TRUE,2021-12-18,Miniseries,https://image.tmdb.org/t/p/w500/sqprACh9qcqSw9EdFsv2bHtr64V.jpg,드라마|Sci-Fi & Fantasy|Action & Adventure,tvN,16,7.773,4.7106,이진욱|권나라|이준|공승연|정진영,1
불야성,"냉혹한 상속녀 이경, 그녀를 사랑한 건우, 이경이 되고 싶은 세진. 권력과 금력의 용광로 속으로 부나비처럼 뛰어드는 세 남녀의 이야기.",TRUE,2016-11-21,Scripted,https://image.tmdb.org/t/p/w500/5dZsjZGfZ35WwbOfnankBuZaoTR.jpg,드라마,MBC,20,6.944,4.2438,이재용|정해인|전국환|유이|이요원,1
붉은 단심,"살아남기 위해 사랑하는 여자를 내쳐야 하는 왕 이태와 살아남기 위해 중전이 되어야 하는 유정, 정적이 된 그들이 서로의 목에 칼을 겨누며 펼쳐지는 핏빛 정치 로맨스.",TRUE,2022-05-02,Scripted,https://image.tmdb.org/t/p/w500/eDOFiOEHWaJijI1j4rHaDt7r2o6.jpg,드라마|War & Politics,KBS2,16,6.545,5.3535,이준|강한나|장혁|박지연|허성태,1
뷰티 인사이드,"우리는 너무 많은 것에 얽매여 산다. 우리를 정의하는 많은 것들. 이름, 성별, 나이, 직업. 그런 것들 중에 하나를 잃어버린다면 어떻게 될까? 예를 들면 ‘얼굴’같은 것 말이다. 그렇다면 이 삶은 불행할까, 행복할까. 이 드라마는 거기서부터 출발한다. 정말 중요한 것들은 눈에 보이지 않아. 그러니까 아마, ‘사랑’ 같은 것들. 보이기 위해 사는 여자가 있다. 한세계. 어느 날부터 한 달에 한 번, 약 일주일가량 다른 사람이 되는 병에 걸렸다. 이토록 희한한 병증에 어느 직업인들 어렵지 않겠냐만은 세계의 경우는 더욱 특수한 편이다. TV속에서, 스크린 속에서 자신의 ‘얼굴’을 보여야만 하는, 세계는 배우다. 그것도 아주 유명한 대배우. 보이는 것들만 믿는 남자가 있다. 서도재. 어느 날부터 이 세상 어떤 사람의 얼굴도 알아보지 못하게 되는 병에 걸렸다. 외모, 재력, 능력 뭐 하나 뺄 것 없이 완벽한 삶에 이토록 강렬한 흠집이라니. 그룹을 물려받아야하는 재벌 3세 항공사 본부장에게 흠집은 곧 나락을 의미한다. 아무도 자신을 알아보지 못하게 될까봐 두려워하며 사는 이 한세계와 평생 아무도 알아보지 못하고 사랑할 수 없다 생각한 이 서도재가 만나 어떤 모습이 되어도 알아볼 수 있는 여자, 한세계와 어떤 모습이 되어도 알아봐주는 남자, 서도재가 되어가는 이 드라마의 장르는 그야말로 예측불허 좌충우돌 힐링 로맨스! 아름다움이란 무엇인가. 외면이 누구보다 중요했던 세계와, 외면이 의미 없던 도재. 이 두 사람이 만나 진짜 아름다움을 찾아간다. 나를 정의하는 것은 외면일까? 내면일까? 이 드라마는 가볍게, 그러나 깊게 질문을 던지려 한다.",TRUE,2018-10-01,Scripted,https://image.tmdb.org/t/p/w500/6VEhe2sRhGEIN9Z2Kp8uQ4Rsh0J.jpg,드라마|코미디|Sci-Fi & Fantasy,JTBC,16,7.9,5.8119,서현진|이민기|이다희|안재현|이태리,1
뷰티풀 마인드,평소엔 쉽게 감정을 드러내지 않는 출중한 의술을 지닌 냉혈한 신경외과 의사 이영오가 어느 날 갑자기 시작된 환자들의 기묘한 죽음에 얽히기 시작하면서 한 여인을 만나 사랑에 눈뜨고 조금씩 바뀌어 나가며 인간성을 회복해 나가는 이야기를 그린 메디컬 드라마.,TRUE,2016-06-20,Scripted,https://image.tmdb.org/t/p/w500/50DF27IJVz2cB4hFkuQb6geTUxE.jpg,드라마|미스터리,KBS2,14,7.8,5.609,장혁|박소담|윤현민|박세영|허준호,1
브람스를 좋아하세요,스물아홉 경계에 선 클래식 음악 학도들의 아슬아슬 흔들리는 꿈과 사랑에 관한 이야기,TRUE,2020-08-31,Scripted,https://image.tmdb.org/t/p/w500/q90W6ZZfK4932I6d6Nij2lpkBKj.jpg,드라마,SBS,16,7.276,4.3214,박은빈|김민재|김성철|박지현|이유진,1
블랙,"죽음을 지키는 死자 송승헌, 죽음을 예측하는 女자 고아라를 만나다! 죽음의 운명을 지닌 자의 영혼을 수거하는 죽음의 死자 '블랙'과 죽음을 예측하는 능력으로 사람을 구하려는 오지라퍼 인간 女자 '하람'이 신의 뜻을 거스르고 인간의 삶과 죽음에 관여하며 벌어지는 생사 예측 미스터리!",TRUE,2017-10-14,Scripted,https://image.tmdb.org/t/p/w500/wbvBbtjwEDVBTTLqs4Hw8I8uoDV.jpg,Sci-Fi & Fantasy|범죄|드라마|코미디,OCN,18,7.938,4.9136,송승헌|고아라|이엘|김동준|김원해,1
블러드,불치병 환자들을 치료하고 생명의 존귀함과 정의를 위해 고군분투하는 한 뱀파이어 외과의사의 히어로 스토리.,TRUE,2015-02-16,Scripted,https://image.tmdb.org/t/p/w500/17qv1NhAcz9ti9CPsqRbLkgGewL.jpg,드라마|Sci-Fi & Fantasy|미스터리,KBS2,20,7.4,8.52,안재현|지진희|구혜선|손수현|진경,1
블러디 플라워,모든 불치병을 치료할 수 있는 능력을 가진 연쇄살인범을 둘러싼 사람들의 이야기를 그린 미스터리 스릴러 시리즈,TRUE,2026-02-04,Scripted,https://image.tmdb.org/t/p/w500/kvt266zMIzyz0YAKMHWd7Mke5CD.jpg,범죄|드라마,Disney+,8,8.109,7.985,려운|성동일|금새록|신승환|이나라,1
비밀은 없어,통제 불능 혓바닥 헐크가 된 아나운서 송기백이 열정 충만 예능작가 온우주를 만나며 겪게 되는 유치하고 발칙한 인생 반전 코믹 멜로 드라마,TRUE,2024-05-01,Scripted,https://image.tmdb.org/t/p/w500/3m179bXlVEtvKsIn0VEZk5y9n0o.jpg,코미디|드라마,JTBC,12,7,4.2404,고경표|강한나|주종혁|이봄소리|신정근,1
비밀의 문,사도세자의 죽음을 둘러싼 비밀을 파헤치는 이야기,TRUE,2014-09-22,Miniseries,https://image.tmdb.org/t/p/w500/2ybwRRpPqAwRca6S2qqXk2MjmW2.jpg,드라마|역사|미스터리,SBS,24,5.5,6.5799,이제훈|김유정|윤소희|한석규|박은빈,1
비밀의 숲,"감정을 느끼지 못하는 외톨이 검사 황시목이, 정의롭고 따뜻한 형사 한여진과 함께 검찰 스폰서 살인사건과 그 이면에 숨겨진 진실을 파헤치는 내부 비밀 추적극. 처음엔 검찰 조직 내부의 비리에서 촉발된 것으로 보였던 사건은 범인의 의도도, 향방도 알 수 없는 미궁에 빠지는데...",TRUE,2017-06-10,Scripted,https://image.tmdb.org/t/p/w500/4NCHVr4BiuZzbqoRaLMTbmKIfyR.jpg,범죄|드라마|미스터리,tvN,16,8.26,12.1978,조승우|배두나|이준혁|유재명|신혜선,1
비트윈,쌍둥이 형제와 한 여자의 로맨스 멜로 드라마. 그들은 성격이 매우 다릅니다. 처음에는 완벽한 관계를 갖고 있는 것처럼 보이지만 이야기가 전개되면서 원한이 표면으로 드러나기 시작하면서 관계가 무너지기 시작합니다.,TRUE,2021-11-26,Scripted,https://image.tmdb.org/t/p/w500/2b6xVNBAgcqVvkavK3ByTRgvb2B.jpg,,,1,3,0.5039,,1
빅,18살 소년이 어느 날 갑자기 30살 어른이 되면서 벌어지는 내용을 다룬 로맨스판타지 드라마,TRUE,2012-06-04,Scripted,https://image.tmdb.org/t/p/w500/l5y2IxdqNgCouoqBwWy4dOVhIOf.jpg,코미디|드라마|Sci-Fi & Fantasy,KBS2,16,7.3,3.7861,공유|이민정|수지|장희진|신원호,1
빅마우스,"승률 10%의 생계형 변호사가 우연히 맡게 된 살인 사건에 휘말려 하루아침에 희대의 천재 사기꾼 '빅마우스(Big Mouse)'가 되어 살아남기 위해, 가족을 지키기 위해 거대한 음모로 얼룩진 특권층의 민낯을 파헤쳐 가는 이야기",TRUE,2022-07-29,Scripted,https://image.tmdb.org/t/p/w500/8HTCtxyJWyjVMnxF14tSWJ0GYj4.jpg,미스터리|드라마|범죄,MBC,16,8.346,16.2516,이종석|윤아|김주헌|곽동연|양경원,1
빅이슈,"연예인. 누군가의 첫사랑, 누군가의 워너비, 누군가의 별, 그리고 누군가의 가족, 누군가의 아픈 손가락. 희망에 고문당하고 악마에 저당 잡힌 영혼들로 피어난 악인의 꽃밭에서 불편한 진실을 들추어내는 파파라치 이야기.",TRUE,2019-03-06,Scripted,https://image.tmdb.org/t/p/w500/yIpFUrbHSN8hIHGzPOeZI3kFMQC.jpg,드라마,SBS,32,4.8,4.181,주진모|한예슬|김희원|신소율|최송현,1
빈센조,조직의 배신으로 한국으로 오게 된 이탈리아 마피아 변호사가 베테랑 독종 변호사와 함께 악당의 방식으로 악당을 쓸어버리는 이야기,TRUE,2021-02-20,Scripted,https://image.tmdb.org/t/p/w500/mWYW3xNeV2IM06aUl2xMUdLicpa.jpg,Action & Adventure|코미디|드라마|범죄,tvN,20,8.512,13.3288,송중기|전여빈|옥택연|김여진|곽동연,1
빌런의 나라,"빌런들이 넘쳐나는 시대에 중년 자매와 그들의 남편, 자녀가 부대끼며 살아가는 이야기를 담은 가족 코믹 시추에이션 드라마",TRUE,2025-03-19,Scripted,https://image.tmdb.org/t/p/w500/aQwEcOUxcKjGOzLcwWf2VJ9NGuk.jpg,가족|코미디|드라마,KBS2,24,7,3.0789,오나라|소유진|서현철|송진우|박영규,1
빌런즈,초정밀 위조지폐 ‘슈퍼노트’를 둘러싼 악인들의 피 튀기는 충돌과 대결을 그린 범죄 드라마,TRUE,2025-12-18,Scripted,https://image.tmdb.org/t/p/w500/1UbNImFy3fDxqh3ay7Xjdu6sWF5.jpg,드라마|범죄,TVING,8,7.714,2.6399,유지태|곽도원|이민정|이범수|김재용,1
빛나는 로맨스,"피 한 방울 섞이지 않았지만, 진정으로 배 아파 낳은 자식 이상으로 더 절절한 마음으로 두 딸을 키우는 엄마 순옥과 학부모 위장 이혼으로 어처구니없이 이혼을 당하고, 딸마저 빼앗긴 채 그 딸을 찾기 위해 고군분투하며 살아가고 있는 순옥의 큰 딸, 빛나! 그리고 순옥의 재혼으로 한 가족이 된 빛나의 여동생 윤나! 이렇게 가슴으로 맺어진 비 혈연 가족인 세 여자가 절망에 굴하지 않고 씩씩하게 이 악다구니 세상을 헤쳐 나가며 꿈과 사랑을 찾는 이야기이다.",TRUE,2013-12-23,Scripted,https://image.tmdb.org/t/p/w500/s0CVqKzYTRSdpCJsLQflxsDxTT8.jpg,드라마,MBC,122,0,1.8661,조안|윤희석|이진|박윤재|이미숙,1
빠담빠담…. 그와 그녀의 심장박동소리,"될 대로 되라는 식으로 살아왔던 그가, 사랑해서는 안 되는 그녀와 만나 겪게 되는 기적 이야기를 통해 그와 그녀의 숨 막히는 사랑을 그린 작품이다. 프랑스어로 두근두근을 뜻하는 '빠담빠담'은 가슴 뛰는 멜로드라마다.",TRUE,2011-12-05,Scripted,https://image.tmdb.org/t/p/w500/hEihIHrOk6LY96B684UUesZPDZ9.jpg,드라마|Sci-Fi & Fantasy,JTBC,20,6.4,2.5437,정우성|김범|한지민|김성령|윤주상,1
빠스껫 볼,"격랑의 1940년(1939~1948년) 한반도를 배경으로 어두운 일제치하를 '농구'란 희망을 등불 삼아 건너온 것처럼, 다가올 '분단'이라는 비극을 '농구'를 통해 극복하고자 하는 강산과 친구들의 이야기",TRUE,2013-10-21,Scripted,https://image.tmdb.org/t/p/w500/lctMtsfNUkKNHvtp6r4rf1hqfrP.jpg,드라마|로맨스,tvN,18,1,2.6912,도지한|공형진|김응수|정인선|진경,1
빨강 구두,자신의 성공을 위해 혈육의 정을 외면한 채 사랑과 욕망을 찾아 떠난 비정한 엄마와 그녀에 대한 복수심으로 멈출 수 없는 욕망의 굴레에 빠져든 딸의 이야기,TRUE,2021-07-05,Scripted,https://image.tmdb.org/t/p/w500/jGYyPBnvk6ViKTWC2Fq0vpAzyR.jpg,가족|드라마,KBS2,100,4.4,2.705,최명길|소이현|박윤재|정유민|선우재덕,1
뿌리 깊은 나무,조선 세종시대 훈민정음 반포 전 7일간 경복궁에서 벌어지는 집현전 학사 연쇄살인 사건을 다룬 드라마,TRUE,2011-10-05,Scripted,https://image.tmdb.org/t/p/w500/xgk5AHs40279toRWYH6KO2Z37Mn.jpg,드라마,SBS,24,7.3,5.4399,한석규|장혁|신세경|이수혁|조진웅,1
사계의 봄,"K-팝 최고 밴드그룹 톱스타 사계가 어쩔 수 없이 다니게 된 대학 캠퍼스에서 좌충우돌 대학 생활을 겪으며 4인조 혼성밴드를 결성, 뜨겁게 사랑하고 음악을 통해 성장하는 이야기",TRUE,2025-05-06,Scripted,https://image.tmdb.org/t/p/w500/nyQR4XfuNtbHkQfXUZgMb7Gah8X.jpg,코미디,SBS,10,7.656,4.9134,하유준|박지후|이승협|서혜원|김선민,1
사내맞선,친구를 대신해 맞선 자리에 나간 하리. 남자가 겁을 먹고 퇴짜를 놓게 할 작정이다. 하지만 맞선남이 하리가 다니는 회사의 CEO로 드러나며 계획은 엉망이 된다. 게다가 그가 청혼을 하다니. 얼굴 천재 능력남 CEO와 정체를 속인 맞선녀 직원의 스릴 가득 ‘퇴사 방지’ 오피스 로맨스.,TRUE,2022-02-28,Miniseries,https://image.tmdb.org/t/p/w500/lOa1IUp3AFVo6h9b17KA20r4E5s.jpg,코미디|드라마,SBS,12,8.475,13.791,안효섭|김세정|김민규|설인아|이덕화,1
사냥개들,사람 목숨보다 돈이 먼저인 사채업의 세계에 휘말린 두 청년이 거대한 악의 세력에 맞서 목숨 걸고 싸우는 이야기를 그린 넷플릭스 시리즈 . 주먹만큼은 자신 있는 건우와 우진이 은퇴한 사채업계의 전설 최 사장과 함께 법 위에 군림하는 악명 높은 불법 사채업자 명길에게 맞서는 이야기.,TRUE,2023-06-09,Scripted,https://image.tmdb.org/t/p/w500/j4BjkbSqY7Cbc4XcdKMyJGyr9iT.jpg,드라마|Action & Adventure|범죄,Netflix,8,8.509,36.9782,우도환|이상이|허준호|박성웅|김민재,1
사랑비,70년대 순수했던 사랑의 정서와 현시대의 트렌디한 사랑법을 동시에 펼쳐내 시대를 초월하는 사랑의 본질을 이야기하는 드라마다.,TRUE,2012-03-26,Scripted,https://image.tmdb.org/t/p/w500/6CClWljIHqIf7BG2aUf9UWRYpyo.jpg,드라마,KBS2,20,6.9,3.5735,장근석|윤아|손은서|서인국|황보라,1
사랑은 뷰티풀 인생은 원더풀,"못돼먹은 비혼주의자 남자와 막돼먹은 5포족 공시생 여자의 더치페이 로맨스를 그린 드라마. 혼자 살아남은 주인공 김청아의 7전8기 잔혹한 청춘 갱생기와 비혼주의자 구준휘의 파란만장한 사랑 도전기, 그리고 수천억 상속녀에서 무일푼 이혼녀로 전락한 쇼윈도 신데렐라 김설아의 롤러코스터 뺨치는 이혼기",TRUE,2019-09-28,Scripted,https://image.tmdb.org/t/p/w500/yJ2qCIxiWpVdt2ugUWsv76GDvtp.jpg,코미디|드라마,KBS2,100,5.5,5.3376,조유정|윤박|조윤희|오민석|김재영,1
사랑을 믿어요,착하디착한 김 교감 집 사람들이 저마다의 우여곡절을 이겨내며 따뜻하고 행복한 가정을 만들어가는 이야기,TRUE,2011-01-01,Scripted,https://image.tmdb.org/t/p/w500/ixDZEwo7fv6BYHWM37Z9Yxw1ClF.jpg,가족,,62,4,2.3763,선우용여|이재룡|송재호|박주미,1
사랑의 불시착,"뜻밖의 돌풍은 행운일까, 불운일까. 패러글라이딩 사고로 북한에 불시착한 재벌 딸. 그곳에서 깐깐한 북한군 장교를 만난다. 이 와중에 피어오르는 낯선 감정은 뭐지?",TRUE,2019-12-14,Scripted,https://image.tmdb.org/t/p/w500/mvy18bPg93JNLwTQHHP2ZjPYP0A.jpg,드라마|코미디,tvN,16,8.529,17.013,현빈|손예진|서지혜|김정현|양경원,1
사랑의 안단테,서울의 피아니스트인 임주형이 평양의 약학 박사인 하나경과 평화마을 입주민 선정을 위한 스마트 AI 시스템의 오류로 뜻하지 않게 동거하며 시작되는 스토리,TRUE,2024-08-07,Scripted,https://image.tmdb.org/t/p/w500/AhnAZk78473zwAABsvUmLlIUB45.jpg,Sci-Fi & Fantasy|드라마|코미디,Lifetime,8,7.8,1.9918,권현빈|송지우|허지원|홍준기|기현우,1
사랑의 온도,온라인 채팅으로 시작해 현실에서 만나게 된 드라마 작가 지망생 ‘제인’과 프렌치 쉐프를 꿈꾸는 ‘착한 스프’ 그리고 다양한 주변 인물들을 통해 피상적인 관계에 길들여져 있는 청춘들의 사랑과 관계를 그린 드라마,TRUE,2017-09-18,Scripted,https://image.tmdb.org/t/p/w500/iAU2gQZpjP4zaWyq7I7ewIPjcVA.jpg,코미디,SBS,40,7.1,5.0995,서현진|양세종|조보아|김재욱|심희섭,1
사랑이 오네요,"내 아이의 생부가 내가 사랑하는 사람의 매형이다.

나는, 그는, 그리고 가족들은 이 사실을 감당할 수 있을까?

나는 이 사실을 끝까지 감춰야만 하는 걸까?

사랑하기에 결혼했지만, 뒤틀린 인간관계는 모두를 혼란과 갈등 속으로 몰고 간다.

과연 우리는 새로운 가족이 될 수 있을 것인가?

남자의 배신으로 미혼모가 되었고 잡초 같은 인생을 산 여자가 있다.

또 그 남자와 결혼해 행복을 누리고 사는 공주 같은 여자가 있다.

한 때는 친구처럼 지내기도 했던 두 여자.

과거가 밝혀진 순간 두 여자와 주변의 삶은 회오리치기 시작한다.

잡초 같은 여자는 새롭게 사랑하는 사람을 만나 결혼까지 나아가지만 과거의 그림자가 그들을 방해한다.

진실하고 싶었지만, 그 진실이 밝혀진 순간 자신과 주변에 닥쳐 올 폭풍이 두렵다.

그래서 그 상자를 굳게 닫아 두려 했는데 진실은 결국 스스로의 길을 가고 만다.

행복해지기 위해서는 사랑하는 사람들에게 진실을 숨겨도 되는 것일까...

과거를 모른척해도 되는 것일까.

새로운 사랑 앞에서 갈등하는 잡초 같은 여자의 진실 게임.

공주 같은 여자는 참담한 진실 앞에서 자기가 누려왔던 모든 것이 결국 자기 것이 아니라는 것을 깨닫는다.

부모덕에 가진 재력, 알고 보니 자신이 아니라 자신의 껍데기를 사랑한 남편.

그걸 사랑이라 철썩 같이 믿으며 남편에게 모든 걸 주었던 삶.

착시 속에서 살았던 세상이 진실의 옷을 입고 나타났을 때 겪게 된 공주 같은 여자의 재앙. 그 재앙을 이겨내는 성장통.

두 여자의 운명적 만남을 통해 중요한 것은 인간의 속 깊은 진실이며, 과거는 지우고 잊어야 할 대상이 아니라 극복되어야 하는 것임을 보여주고자 한다.",TRUE,2016-06-27,Scripted,https://image.tmdb.org/t/p/w500/zi4AkrC9ymVCt9d5lkTyLUVqpiO.jpg,드라마,SBS,120,6.7,4.3617,이훈|이민영|고세원|최성민|장동직,1
사랑한다고 말해줘,"어린 시절, 갑작스레 청력을 잃은 뒤, 고독한 삶에 익숙해진 화가 차진우. 그의 고요한 일상에 소리 없이 노크하는 배우 정모은. 손으로 말하고 마음으로 듣는 두 사람의 소통과 사랑을 그린, 힐링 클래식 멜로.",TRUE,2023-11-27,Scripted,https://image.tmdb.org/t/p/w500/i4JHJ2cq6wkuAFRC4RLv6UIMN8H.jpg,드라마,ENA,16,7.909,6.4182,정우성|신현빈|김지현|이재균|박진주,1
"사랑해, 울지마",서로 다른 상처를 가진 두 남녀의 사랑과 그들의 가족 이야기를 담은 드라마,TRUE,2008-11-17,Scripted,https://image.tmdb.org/t/p/w500/x9VRoyLKhGVfOBdA80c4UR3Wuiv.jpg,드라마,MBC,132,4,4.8501,이유리|이정진|이상윤|오승현|김창숙,1
사생활,자칭 다큐 배우 부모 밑에서 밥 먹듯 사기를 치며 자란 모태 사기꾼 차주은. 부모와 달리 평범한 삶을 꿈꾸던 그녀의 인생은 정복기의 등장으로 180도 뒤바뀐다. 전혀 예상치 못한 순간에 복기와 맞닥뜨린 주은. 한손은 도와달라는 주은의 부탁에 급이 다른 싸움이라며 머뭇거린다. 하지만 포기란 없다. 기회는 단 한 번뿐. 주은은 갈고닦은 사기 내공을 발휘해 직접 다큐를 기획하는데...,TRUE,2020-10-07,Scripted,https://image.tmdb.org/t/p/w500/2CnjnBYX6xxkZl5Xr6IbjYV5z2k.jpg,Action & Adventure|코미디|범죄|미스터리|드라마,JTBC,16,5.625,3.5965,서현|고경표|김영민|김효진|태원석,1
사운드트랙 #1,20년 지기 절친인 두 남녀가 2주 동안 한 집에 머물게 되면서 서로의 마음을 알아가는 로맨스 뮤직 드라마,TRUE,2022-03-23,Miniseries,https://image.tmdb.org/t/p/w500/jy97TkIobFgXMA6VcHqFTZNB16f.jpg,드라마,Disney+,4,7.6,3.9001,박형식|한소희|이정은|김주헌|윤병희,1
사운드트랙 #2,6년간 연애했던 수호와 현서. 건강 적신호가 온 영앤리치 CEO와 꿈을 접은 피아노 교사로 다시 만난다. 한편 케이는 수호와 작업을 하기로 하고 연주자로 현서를 섭외한다. 세 사람 사이에는 미묘한 기류가 흐른다. 우여곡절 끝에 수호와 현서는 연애를 다시 시작한다. 이들의 엔딩은 반복될까?,TRUE,2023-12-06,Scripted,https://image.tmdb.org/t/p/w500/vja94SxTvbsd8K1c6c9OMxXczlW.jpg,드라마,Disney+,6,4.8,3.0009,금새록|노상현|손정혁|권승우|전혜진,1
사이코메트리 그녀석,"비밀을 마음 속에 감춘 윤재인과 상대의 비밀을 읽어내는 '사이코메트리' 능력을 지닌 이안의 초능력 로맨스릴러를 그린 드라마. 피부가 닿는 순간 상대방이 감추고 있는 비밀을 읽어내는 소년과 목숨을 걸고라도 감추고 싶은 마음속 상처가 있는 소녀. 두 남녀가 크고 작은 사건들을 만나 함께 해결하고, 치유하고, 성장하고, 사랑하는 수사빙자 로맨틱 코미디 드라마가 시작된다.",TRUE,2019-03-11,Scripted,https://image.tmdb.org/t/p/w500/bkKQlnMGvopD8i1dbLJTY6D9bZY.jpg,코미디|미스터리|Sci-Fi & Fantasy|드라마,tvN|Viu,16,7.5,4.862,진영|신예은|김권|김다솜|조병규,1
사이코지만 괜찮아,"돈도 없고, 부모도 없고, 희망조차 없는 정신병동 보호사. 그에게 있는 거라곤 자폐 스펙트럼인 형 하나. 그저 한 달 월급으로 형과 배불리 먹고 두 다리 뻗고 잘 수만 있다면 그것으로 족하다는 남자 앞에 동화 속 마녀와 같은 이상한 여자 하나가 불쑥 등장한다. 칼 대신 펜을 휘둘러 동심을 지배하고 조종하는 아동문학계의 여왕. 더군다나 선천적 결핍으로 사랑의 감정을 알지 못하는 그녀가 하필 사랑을 거부하는 남자에게 운명적으로 꽂혀 버린다. 그렇게 시작된 피가 튀고 살이 에이는 전쟁 같은 밀당. 과연 이들의 살벌하면서도 아름다운 잔혹동화는 해피엔딩을 향해 갈 수 있을까?",TRUE,2020-06-20,Scripted,https://image.tmdb.org/t/p/w500/HKVk1KiNYzIiRQJQOMZfSeZYvC.jpg,드라마|코미디,tvN,16,8.503,8.8623,김수현|서예지|오정세|박규영|최다니엘,1
"사임당, 빛의 일기",조선시대 사임당 신씨의 삶을 재해석해 그의 예술혼과 불멸의 사랑을 그린 드라마. 한국미술사 전공 시간강사 서지윤은 지도교수인 민 교수가 밀고 있는 안견의 금강산도 진위 논란에 휩싸인다. 민 교수의 심기를 건드린 지윤은 이태리 볼로냐 학회에서 낙오되고 거리를 헤매다 운명처럼 고서 한 권을 발견하는데...,TRUE,2017-01-26,Scripted,https://image.tmdb.org/t/p/w500/7KmByFAmHUW6Lz1sgIWoiduYyH4.jpg,드라마|미스터리,SBS,28,5.5,4.3296,이영애|박혜수|송승헌|양세종|오윤아,1
사춘기 메들리,시골의 한 고등학교를 배경으로 풋풋한 고등학생들의 사춘기를 그린 드라마,TRUE,2013-06-30,Miniseries,https://image.tmdb.org/t/p/w500/ftdj1uR2UlGUSnLUhUNY43KmSUN.jpg,코미디|드라마,KBS2,4,3.1,2.093,곽동연|이세영|곽정욱|최태준|박정민,1
산후조리원,"회사에서는 최연소 임원, 병원에서는 최고령 산모 현진이 재난 같은 출산과 조난급 산후조리원 적응기를 거치며 조리원 동기들과 함께 성장해 나가는 격정 출산 느와르",TRUE,2020-11-02,Scripted,https://image.tmdb.org/t/p/w500/whKwjM5hwCcFsKwBvRvTVVGr5BB.jpg,드라마|코미디,tvN,8,7.2,2.6862,엄지원|박하선|장혜진|윤박|최리,1
살롱 드 홈즈,"광선주공아파트 추리력 만렙, 전직 에이스 형사와 보험왕, 그리고 알바의 여왕까지! 우리 단지 해결사로 뭉친 여성 4인방이 아파트 빌런을 응징하는 코믹 워맨스 활극",TRUE,2025-06-16,Scripted,https://image.tmdb.org/t/p/w500/47MCvgws67hNpDZDqlsnUBotjfs.jpg,미스터리|드라마,ENA,10,7.8,4.0975,이시영|정영주|김다솜|남기애|정상훈,1
살인자 난감,우발적인 첫 살인 후 연이어 사람을 죽이게 된 평범한 청년. 자신을 끈질기게 추적하는 형사와 끝없이 쫓고 쫓기는 게임을 시작한다.,TRUE,2024-02-09,Miniseries,https://image.tmdb.org/t/p/w500/e1HOt09BgYH5oZ8xfgi8TQiReYR.jpg,범죄|코미디|미스터리|드라마,Netflix,8,7.364,8.4881,최우식|손석구|이희준|권다함|김민주,1
삼남매가 용감하게,"장녀로 가족을 위해 양보하고 성숙해야 했던 큰딸, 연예계 톱스타로 가족을 부양해야했던 장남 두 사람이 만나 행복을 찾아 나선 이야기",TRUE,2022-09-24,Scripted,https://image.tmdb.org/t/p/w500/ylPNfqOGHH3hAIQf1Bwx5gjYdQt.jpg,가족|드라마|코미디,KBS2,51,5,2.9366,이하나|임주환|김소은|이유진|이태성,1
삼식이 삼촌,'전쟁 중에도 하루 세끼를 먹였다'는 삼식이 삼촌과 초엘리트 김산이란 두 가상의 인물이 사랑과 믿음 혹은 의심의 이야기를 써나가는 작품,TRUE,2024-05-15,Scripted,https://image.tmdb.org/t/p/w500/mSs7Ru92T0SruR1rSDtuna0dezF.jpg,드라마,Disney+,16,7.4,5.2362,송강호|변요한|이규형|서현우|진기주,1
"상두야, 학교가자!","신세대 꽃미남 제비 상두! 퇴물제비 만도의 코치대로 돈 많은 사모님을 낚느라 한창 작업 중인 상두 앞에 난데없이 교복을 입고 나타난 첫사랑 은환! 일은 꼬여만 가고, 은환은 사고까지 당한다. 게다가 세라가 낳은 딸 보리의 담당의사 민석이 은환의 약혼자라니! 10년만에 만난 첫사랑은 상두의 맘을 흔들어 놓고, 상두는 무작정 은환이 수학교사로 있다는 고등학교로 향한다!",TRUE,2003-09-15,Scripted,https://image.tmdb.org/t/p/w500/gGHRqO7d9WNTMA8iEKbHc224vKl.jpg,드라마,KBS2,16,8,2.1165,비|공효진|이동건|홍수현|전혜빈,1
상류사회,"황금 수저를 입에 물고 태어난 재벌딸과 황금사다리를 오르려는 개천용, 두 사람의 불평등한 계급 간 로맨스를 통해 진정한 사랑의 의미와 오포 세대 청춘들에게 희망의 메시지를 전하는 청춘 멜로 드라마다.",TRUE,2015-06-08,Scripted,https://image.tmdb.org/t/p/w500/gldDUMK6AUdbFrCIDJgVEY0V02x.jpg,로맨스|드라마,SBS,16,7.2,4.7773,유이|성준|임지연|박형식|윤지혜,1
상속자들,대한민국 상위 1%에 속하는 재벌가에서 자란 10대 고교생들의 이야기를 담은 드라마,TRUE,2013-10-09,Scripted,https://image.tmdb.org/t/p/w500/6m8M5yATpRRubjhZABMqC9fKYzD.jpg,코미디|드라마,SBS,20,7.755,15.5122,박신혜|이민호|김우빈|김지원|강민혁,1
상어,"사랑하는 여자의 집안에 의해 아버지를 잃고 죽음의 위기에 처한 한 남자가 얼굴을 바꾸고 신분을 숨긴 채 돌아와 여자의 집안에 복수의 칼날을 들이대지만, 복수와 사랑 사이에서 갈등한다는 비극적인 드라마",TRUE,2013-05-27,Miniseries,https://image.tmdb.org/t/p/w500/lIzForYCpB7Q4JrONDZJ8HyTPXh.jpg,드라마,KBS2,20,7.8,3.0286,손예진|김남길|연준석|경수진|이수혁,1
샤이닝,둘만의 세계를 공유하던 청춘들이 서로의 믿음이자 인생의 방향을 비춰주는 빛이 되어가는 과정을 그린 이야기,TRUE,2026-03-06,Miniseries,https://image.tmdb.org/t/p/w500/pn0c1aRfPHdGdOHA6jQbNqrhI3B.jpg,드라마,JTBC,10,7.8,5.1012,진영|김민주|신재하|박세현|김태훈,1
샤크 더 스톰,"자신을 3년간 괴롭힌 가해자 눈을 찌른 사건을 계기로 왕따에서 범죄자로, 범죄자에서 세계 종합격투기 챔피언이 되는 이야기. 영화 ""샤크: 더 비기닝"" 원작 드라마.",TRUE,2025-05-15,Scripted,https://image.tmdb.org/t/p/w500/pHi8dxViJ7LJqk3eme6on0aVISQ.jpg,드라마|범죄|Action & Adventure,TVING,6,7.4,7.2968,김민석|이현욱|정원창|배명진|이정현,1
서류상 아빠,"5살 차이 나는 새아빠가 생겼다!? 딸을 구하는 재벌 3세와, 아빠를 구하는 자매의 좌충우돌 계약, 동거 로맨스",TRUE,2020-08-27,Scripted,https://image.tmdb.org/t/p/w500/i3Lo9EWqyjuT1zYNEWn2eLqxJeY.jpg,드라마,,6,4.2,1.5323,이현주|최경훈|이아라|민세웅|권해우,1
"서른, 아홉","마흔을 코앞에 둔 세 친구의 우정과 사랑, 삶에 대한 깊이 있는 이야기를 다루는 현실 휴먼 로맨스 드라마",TRUE,2022-02-16,Miniseries,https://image.tmdb.org/t/p/w500/1f9BXeKOhGQpqT6uEeBL1xFkmnw.jpg,드라마,JTBC,12,8.25,3.8344,손예진|전미도|김지현|연우진|이무생,1
서른이지만 열일곱입니다,열일곱에 코마에 빠져 서른이 돼 깨어난 '멘탈 피지컬 부조화女'와 세상과 단절하고 살아온 '차단男'. 이들의 서른이지만 열일곱같은 애틋하면서도 코믹한 로코,TRUE,2018-07-23,Scripted,https://image.tmdb.org/t/p/w500/2pBao6zS5WQYAmAE6BuATeIgna5.jpg,드라마|코미디|범죄|미스터리,SBS,32,7.967,7.6522,양세종|신혜선|안효섭|예지원|왕지원,1
서초동,매일 서초동 법조타운으로 출근하는 ‘직장인’ 어쏘 변호사들의 유쾌하고 뜨거운 청춘 드라마,TRUE,2025-07-05,Miniseries,https://image.tmdb.org/t/p/w500/lrhbbIlRsRAY11qHQ366VKht6lv.jpg,드라마,tvN,12,7.638,6.8746,이종석|문가영|강유석|류혜영|임성재,1
선덕여왕,한민족 최초의 여왕인 신라 선덕여왕의 일대기를 그린 드라마,TRUE,2009-05-25,Scripted,https://image.tmdb.org/t/p/w500/mN5StVu9JzTMNs5gJM5Xg2qTPX8.jpg,드라마|역사,MBC,62,7.1,8.7097,이요원|남지현|김남길|고현정|엄태웅,1
"선배, 그 립스틱 바르지 마요","직장 선배에게 첫눈에 반한 화장품 회사 신입사원. 고백할 기회만 보고 있었는데 이게 웬걸. 선배가 몰래 사내 연애를 하고 있다! 상대는 회사에서 승승장구하는 넘사벽 능력자. 가망 없는 짝사랑, 이쯤에서 접어야 하나?",TRUE,2021-01-18,Miniseries,https://image.tmdb.org/t/p/w500/nAwhi1ljYDbcvY3UyvQfBiDLxRt.jpg,드라마,JTBC,16,7.6,4.1206,원진아|로운|이현욱|이주빈|이규한,1
선의의 경쟁,살벌한 입시 경쟁이 벌어지는 대한민국 상위 1% 채화여고에 전학온 '슬기'에게 각자의 욕망을 드러내는 친구들 그리고 수능 출제 위원이었던 아버지의 의문사를 둘러싼 미스터리 걸 스릴러,TRUE,2025-02-10,Scripted,https://image.tmdb.org/t/p/w500/8LuzX83fwFZqvvrq2FRFUFnEZ0g.jpg,미스터리|드라마,U+ Mobile TV,16,8.7,9.8207,이혜리|정수빈|강혜원|오우리|김태훈,1
선재 업고 튀어,안타깝게 생을 마감한 남자 톱스타와 그를 살리기 위해 과거로 간 여자를 그린 타임슬립 판타지 로맨스 드라마. 김빵의 동명 웹소설 원작.,TRUE,2024-04-08,Scripted,https://image.tmdb.org/t/p/w500/9gEp7Rs43Fi3eEEBsIMc8xGewNp.jpg,드라마|Sci-Fi & Fantasy|코미디|미스터리,tvN,16,8.6,13.1512,변우석|김혜윤|송건희|이승협|정영주,1
설강화 : snowdrop,1987년 서울을 배경으로 어느 날 갑자기 여자 기숙사에 피투성이로 뛰어든 명문대생 수호와 서슬 퍼런 감시와 위기 속에서도 그를 감추고 치료해준 여대생 영초의 시대를 거스른 절절한 사랑 이야기,TRUE,2021-12-18,Scripted,https://image.tmdb.org/t/p/w500/eJkd9O0VNzPFtjmkb9vEdPwxW23.jpg,드라마|War & Politics,JTBC,16,8.5,11.271,정해인|지수|유인나|장승조|윤세아,1
설렘주의보,독신주의 철벽남인 스타 닥터와 연애 지상주의자인 톱 여배우가 각자의 말 못 할 속사정으로 가짜 스캔들을 만들어 내면서 벌어지는 예측불허 로맨스.,TRUE,2018-10-31,Scripted,https://image.tmdb.org/t/p/w500/4zFd9OpHkz3e29DLBqtjx3Plh7Q.jpg,코미디,MBN,16,6,2.2172,천정명|윤은혜|한고은|주우재|피오,1
세가지색 판타지,"《세가지색 판타지》는 2017년 1월 26일부터 2017년 3월 23일까지 MBC에서 방영된 문화방송 초미니 드라마합본

마침내 밝혀진 반지의 비밀! 세건(안효섭)은 난희(김슬기)와 미주(윤소희) 사이에서 혼란에 빠진다. 한편 물에 빠진 반지를 찾아낸 태현(이태선)은 자신의 손에 반지를 끼워본다. 엇갈린 반지, 어긋난 인연. 세건이가 사랑하는 건 난희일까 미주일까?",TRUE,2017-01-26,Scripted,https://image.tmdb.org/t/p/w500/sfhN5wbIBiRq8pQlo673fhiJVFw.jpg,드라마,,9,0,2.0418,수호|지우|신현수|나해령|윤시윤,1
세상 어디에도 없는 착한남자,사랑하는 여자에게 배신당한 남자가 복수를 하기 위해 기억을 잃은 또 다른 여자를 이용하면서 갈등과 사랑이 커지는 정통 멜로드라마.,TRUE,2012-09-12,Scripted,https://image.tmdb.org/t/p/w500/irs5SEcpxmIX4rUcWaZH5VLzxwz.jpg,드라마|범죄,KBS2,20,7.4,4.0955,송중기|문채원|박시연|이광수|이유비,1
세상 잘 사는 지은씨,"이 시리즈는 청년기의 각기 다른 단계에 있는 지은이라는 두 여성의 이야기를 담고 있습니다. 시즌 1은 24세 지은이 첫 직장을 시작하고 사랑, 직업, 인생에 대한 중요한 결정을 내리는 과정을 따릅니다. 시즌 2는 대학 생활을 통해 지은이 대학 생활, 사랑, 꿈, 그리고 자신의 미래를 형성할 선택을 탐색하는 과정을 따라갑니다.",TRUE,2018-03-21,Miniseries,https://image.tmdb.org/t/p/w500/60AhuQ77YqgR1rmdYPdb2SpBA4Q.jpg,코미디|드라마,YouTube,8,4.8,2.6787,박규영|정의제,1
세상에서 가장 아름다운 이별,"21년만에 리메이크 되는 노희경 작가의 대표작 중 하나로, 가족을 위해 평생을 희생해 온 중년 주부가 말기암 진단을 받고 가족들과 이별을 준비하는 내용을 담은 드라마",TRUE,2017-12-09,Scripted,https://image.tmdb.org/t/p/w500/vhQ27ikrAHDNFZ1JPr78Xuj2M1y.jpg,드라마|가족,tvN,4,4.7,2.4914,원미경|김영옥|유동근|최지우|민호,1
세상에서 제일 예쁜 내 딸,"나는 왜 툭하면 엄마에게 짜증을 낼까. 나는 왜 툭하면 엄마에게 모든 화풀이를 하는 걸까. 아침에 바빠 죽겠는데 다빈이가 밥 안 먹고 칭얼거리는 게 엄마 잘못인가? 출근길 전철에서 끼여 죽겠는 게 엄마 탓인가? 하아... 우리 모녀는 이 쳇바퀴 도는 애증의 관계에서 언제쯤 벗어날 수 있을까? 나랑 다빈이는 지금의 엄마와 나처럼 살지 않을 수 있을까? 이 드라마는, 대한민국을 살고 있는 ‘엄마와 딸’의 이야기이다. 언제나 내 편이 돼주고, 내 육아와 가사도우미가 되어 주었던, 그럼에도 이 못된 딸을 ‘세상에서 제일 예쁜 내 딸’이라고 말해주는 나의 고단한 어머니를 이제는 놓아드리고 싶다.",TRUE,2019-03-23,Scripted,https://image.tmdb.org/t/p/w500/oTYSS6m3LXw4jgGTlaADd26nJFA.jpg,가족|드라마,KBS2,108,6.9,4.0228,김해숙|김소연|홍종현|유선|김하경,1
세이렌,"빠져들 수밖에 없는 그녀를, 사랑하면 죽는다. 보험 사기를 파헤치는 한 남자가 용의자로 의심되는 한 여자를 지독하게 파헤치며 시작되는 치명적 로맨스릴러",TRUE,2026-03-02,Miniseries,https://image.tmdb.org/t/p/w500/4C5iHtnndCvlbMvsKdRFtCDSE5L.jpg,드라마|범죄|미스터리,tvN,12,7.2,10.1475,박민영|위하준|김정현|한준우|공성하,1
소년시대,"1989년 충청남도, 안 맞고 사는 게 일생 일대의 목표인 외톨이 병태가 어느 날 부여 일짱으로 둔갑하면서 벌어지는 이야기",TRUE,2023-11-24,Scripted,https://image.tmdb.org/t/p/w500/i6CvMMHSSazMBnDFl3tytlJyJXH.jpg,코미디|드라마|Action & Adventure,Coupang Play,10,8.2,3.8949,임시완|이선빈|이시우|강혜원|김정진,1
소년심판,"소년범을 혐오하는 까칠한 판사가 지방법원 소년부에 부임한다. 복잡다단한 사건들을 다루며, 소년범에 대한 반감, 정의와 형벌에 대한 굳건한 신념 사이에서 균형을 잡아간다. 청소년 범죄율이 가장 높은 법원이라니 이제 법정의 칼바람은 예고된 것일까.",TRUE,2022-02-25,Miniseries,https://image.tmdb.org/t/p/w500/sWhB5ufz3hrJQMtxxlQzqjlrv2l.jpg,드라마|범죄,Netflix,10,8.073,9.3082,김혜수|김무열|이성민|이정은|이상희,1
소방서 옆 경찰서,"범인 잡는 경찰과 화재 잡는 소방의 공동대응 현장일지. 한 번 물면 반드시 잡는 열혈 형사와 작은 상처도 놓치지 않으며 마음까지 어루만지는 구급대원, 화염 속으로 돌진하는 소방관이야기",TRUE,2022-11-12,Scripted,https://image.tmdb.org/t/p/w500/4dgPpG7Efj0dIaPFI40eXYQosG6.jpg,드라마,SBS,12,8.033,18.3979,김래원|손호준|공승연|손지윤|강기둥,1
소용없어 거짓말,거짓말이 들리는 능력 때문에 사람을 믿지 못하는 여자가 누구도 결백을 믿어주지 않는 살인 용의자와 얽히며 진실을 파헤치는 미스터리 로맨스 작품.,TRUE,2023-07-31,Scripted,https://image.tmdb.org/t/p/w500/ayi72c1WLJpwG5GMs8RL5G6972s.jpg,미스터리|코미디|드라마|Sci-Fi & Fantasy,tvN,16,7.755,7.498,김소현|황민현|서지훈|이시우|윤지온,1
손: The Guest,"2018년 9월 OCN에서 방영을 시작한 미스터리 드라마. 동해의 작은 마을에 전해 오는 전설이 있다. 동쪽 바다 깊은 곳에서 와서 사람에게 들어온다는 큰 귀신, 손. 20년 전 작은 마을에서 잔인한 살인 사건이 발생한다. 그리고 20년 후 발생하는 일련의 기괴한 살인 사건들. 말로 설명되지 않는 기이한 힘에 의해 벌어진 범죄. 인간의 일그러진 마음에 깃든 손, 그 손에 씌인 사람들이 저지르는 잔인한 살인사건들. 영매, 사제, 그리고 형사가 각기 다른 이유로 손을 찾기 시작한다. 이들이 쫓는 손의 정체는 무엇일까?",TRUE,2018-09-12,Scripted,https://image.tmdb.org/t/p/w500/mZq0Ou89Er6EOBnpRFWCvxNj3AY.jpg,미스터리|드라마|범죄,OCN,16,8,6.017,김동욱|김재욱|정은채|이원종|박호산,1
쇼핑왕 루이,돈으로 무엇이든 살 수 있었던 남자. 쇼핑왕 루이가 날개 없는 천사 고복실을 만나 돈으로는 쇼핑 불가능한 사랑의 정서를 귀하게 얻어 가는 이야기,TRUE,2016-09-21,Scripted,https://image.tmdb.org/t/p/w500/vB17pXlKkuwLTnJelkrJonMPElq.jpg,코미디|드라마,MBC,16,7.9,5.0422,서인국|남지현|윤상현|임세미|오대환,1
수상한 그녀,"여기 한 할머니가 계십니다. 평생 나보다는 가족과 남편과 자식이 먼저였던 할머니. 할머니는 그게 가족 된 도리이자 자식에 대한 사랑이라고 생각해 오셨는데, 가족들도, 자식들도, 본인을 알아주지 않는 것 같아 서럽고 외로우십니다. 무엇을 해도 예뻐 보였을 젊은 날을 맘껏 누리지 못해 아쉽고, 시간을 다시 돌릴 수 있다면 본인만을 위해 살겠다 하십니다. 그러던 할머니가 어느 날 마법처럼 젊어지셨고, 꿈 같은 젊음의 시간을 보내게 되었습니다. 그리고 다시 돌아오신 할머니가 말씀하십니다. 모르고 있었다고, 사랑이라 믿고 견뎠던 자신의 희생이 가족과 자식들에게 아픔과 미안함이 될 수도 있었다는 것을… 그리고 깨달았다고, 젊을 적에는 생기가 넘치는 내가 아름다웠지만, 나이가 들어 하루하루가 귀해지니 세상이 아름다워졌다는 것을… 그러고 보면 젊음도 아름답지만 늙어감 또한 참으로 아름다운 일입니다. 이 이야기는 어느 할머니에 대한 이야기이기도 하지만, 우리 모두의 미래에 대한 이야기이자, 지금의 우리에 대한 이야기입니다.",TRUE,2024-12-18,Scripted,https://image.tmdb.org/t/p/w500/9JzL5NG2yXHOEkFY95vsboWhiy.jpg,드라마|Sci-Fi & Fantasy|코미디|미스터리,KBS2,12,6.7,4.1972,김해숙|정지소|정진영|채원빈|김소원,1
수상한 파트너,"두 남녀 주인공이 편견 가득한 세상과 싸우고 화해하며, 희생을 통해 성장해가는 스토리를 그린 심장쫄깃 로맨스드라마",TRUE,2017-05-10,Scripted,https://image.tmdb.org/t/p/w500/4ljaX3WO4RO7uTnQ5fKbaWgm85O.jpg,코미디|범죄|드라마,SBS,40,7.839,8.9068,지창욱|남지현|최태준|권나라|동하,1
순정복서,사라진 천재 복서 이권숙과 냉혈한 에이전트 김태영의 인생을 건 승부 조작 탈출기. 추종남의 소설 ‘순정복서 이권숙’을 원작.,TRUE,2023-08-21,Scripted,https://image.tmdb.org/t/p/w500/cuUvsLsZmb90bsqvTTZTbQIqP0W.jpg,드라마,KBS2,12,7.2,3.4776,이상엽|김소혜|김진우|박지환|김형묵,1
순정에 반하다,피도 눈물도 없는 냉혈남이 새 심장을 얻은 후 오직 한 여자에게만 뜨거운 가슴을 지닌 감성 충만한 순정남으로 180도 달라지면서 벌어지는 로맨틱 힐링 드라마,TRUE,2015-04-03,Scripted,https://image.tmdb.org/t/p/w500/lKaQpKlaynFf7QQMAR3Ut6Id6t.jpg,드라마|로맨스|코미디,JTBC,16,7.7,3.3496,정경호|김소연|윤현민|박영규|안석환,1
술꾼도시여자들,"하루 끝의 술 한잔이 인생의 신념인 세 여자의 일상을 그린 본격 기승전술 드라마. 쉴틈없이 소주를 권하는 종이접기 유튜버 지구, 지나친 하이텐션의 요가 강사 지연, 소개팅 나와서도 일하는 방송작가 소희까지…이 여자들 전부, 감당불가 술꾼이다.",TRUE,2021-10-22,Scripted,https://image.tmdb.org/t/p/w500/8xAhACoI550LTSzAPKlzdRUoPsh.jpg,드라마|코미디,TVING,12,8.1,6.7084,이선빈|한선화|정은지|최시원|김정민,1
숨바꼭질,"대한민국 유수의 화장품 기업의 상속녀와 그의 인생을 대신 살아야만 했던 또 다른 여자에게 주어진 운명, 그리고 이를 둘러싼 욕망과 비밀을 그렸다고 하는 막장 드라마",TRUE,2018-08-25,Scripted,https://image.tmdb.org/t/p/w500/dtNi8XDyc8Y7p4vvNyiP1MCfYMe.jpg,드라마,MBC,48,6.3,4.1387,이유리|송창의|엄현경|김영민|조미령,1
슈츠,"대한민국 최고 로펌의 전설적인 변호사 최강석(장동건)과 괴물 같은 기억력을 탑재한 가짜 신입 변호사 고연우(박형식)의 브로맨스를 그린 드라마

‘슈츠’는 저마다 다른 욕망과 가치가 충돌하는 대한민국 최고 로펌을 배경으로 법의 저울을 움직이기 위해 고군분투하는 변호사들의 활약을 그린다.",TRUE,2018-04-25,Scripted,https://image.tmdb.org/t/p/w500/isNK0MsPa3kFQbJA3SQzcxFUO2K.jpg,드라마|코미디,KBS2,16,7.208,4.3615,장동건|박형식|채정안|고성희|진희경,1
슈퍼대디 열,한때는 화목한 가정을 꿈꿨지만 미래에게 차인 후 지금은 평생 혼자 사는 것이 목표인 아웃사이더 독신남 '한열' 앞에 10년 만에 불현듯 나타나 결혼하자고 말하는 싱글맘 닥터 '차미래' 그리고 그저 아빠가 갖고 싶은 미운 아홉 살 사랑이의 강제 일촌만들기,TRUE,2015-03-13,Scripted,https://image.tmdb.org/t/p/w500/tRT62CAEBU0YxwSmRAQ7244qixL.jpg,코미디|가족|로맨스|드라마,tvN,16,5.4,2.3667,이동건|이레|서준영|서예지|강남길,1
스마일 어게인,두 남자의 우정이 한 여자를 사랑하게 되며 그려지는 엇갈린 사랑 이야기.,TRUE,2006-05-17,Scripted,https://image.tmdb.org/t/p/w500/rZpOAZrzcjG6GzF3SozhRRBuayw.jpg,드라마|로맨스|코미디,SBS,16,6,2.5379,김희선|이동건|이진욱|윤세아|김보연,1
스물다섯 스물하나,꿈은 그저 꿈으로만 남을 것 같던 그 시절. 야심 찬 목표를 향해 달려가던 고등학교 펜싱선수가 무너진 삶을 다시 세우려 억척스럽게 살아가는 청년을 만난다.,TRUE,2022-02-12,Scripted,https://image.tmdb.org/t/p/w500/706Ar36Q1XT3056JQHoYpJbh6W0.jpg,드라마,tvN,16,8.5,8.091,김태리|남주혁|보나|최현욱|이주명,1
스웨덴 세탁소,"사랑, 우정, 취업 등 타인의 고민을 볼 수 있는 초능력을 가진 평범한 여주인공을 통해 일상생활의 단면과 인물의 심리를 디테일하고 코믹하게 표현한 코믹 판타지 드라마",TRUE,2014-11-21,Scripted,https://image.tmdb.org/t/p/w500/n2Chk0NgmlpqgdSluDW0kAKgI5Y.jpg,코미디|드라마|가족,MBC every1,16,3.3,1.7837,창조|김보령|오상진|송하윤|황승언,1
스위트홈,인간이 무시무시한 괴물로 변하는 세상. 사방이 공포로 물들었다. 이제 소수의 생존자들은 끝까지 인간성을 놓치지 않기 위해 목숨 건 사투를 벌인다.,TRUE,2020-12-18,Scripted,https://image.tmdb.org/t/p/w500/kJEcSBMPacDJuAihPNmcUEgon1Y.jpg,Sci-Fi & Fantasy|Action & Adventure,Netflix,10,8.2,22.63,송강|이진욱|이시영|이도현|김남희,1
스타의 연인,"스타인 이마리와 김철수가 펼쳐내는 가장 현실적인 사랑의 이야기이다.  마릴린 먼로와 아서 밀러의 이야기를 현대에 옮겨놓은 듯한 ‘스타와의 사랑’ 이라는 판타지에 가까운 소재를 그간의 드라마들이 보여주었던 통속적인 ‘신데렐라 스토리’에서 벗어나 정반대의 두 사람의 만남에서부터 현실과 진실에 눈뜬 사랑과 연애를 이루어가는 과정을 담아낸다.

극중 유지태는 누구보다 똑똑한 머리에 넘치는 교양과 박식함까지 두루 갖췄지만 타고난 까칠한 성격에 꿈꾸던 이상과 달리 현실을 벗어나지 못한 채 대학원생이자 시간강사이자 소설가 지망생인 ‘김철수’로 분하여 스타인 마리와의 만남을 통해 안주해버린 현실에서의 진실된 사랑을 찾아간다는 스토리를 담고 있다.",TRUE,2008-12-10,Scripted,https://image.tmdb.org/t/p/w500/j4ZJm0xyE0dxnNDI9UIPqaRtlA7.jpg,드라마,SBS,20,8.5,2.4021,유지태|최지우|이기우|차예련|윤주상,1
스타일,패션업계를 배경으로 20~30대 젊은이들의 일과 사랑을 트렌디하게 그린 작품으로 백영옥 작가의 소설'스타일'을 원작으로 한 드라마이다.,TRUE,2009-08-01,Scripted,https://image.tmdb.org/t/p/w500/xPz8GsDTSMH5NDTi0w4Wy9qANzp.jpg,드라마|코미디,SBS,16,2.5,2.7393,이지아|김혜수|류시원|이용우,1
스타트업,"꿈을 현실로, 불가능을 가능으로! 아이디어 있겠다, 기술 있겠다. 못 할 것도 없지. 치열한 스타트업의 세계에 뛰어드는 젊은 창업자들. 성공도 사랑도 쟁취하고야 만다. 초라한 계약직 서달미는 15년 전 편지 속 첫사랑 남도산을 찾아야 한다. 잘나가는 CEO가 된 친언니 원인재의 앞에서 떤 허세 때문에! 그리고 그 허세 때문에 고단해지는 한남자 한지평이 있었으니...",TRUE,2020-10-17,Scripted,https://image.tmdb.org/t/p/w500/hq55ekoWj3zHfBM8RoyxYcw64l3.jpg,드라마|코미디,tvN,16,8.2,5.7543,수지|남주혁|김선호|강한나|김해숙,1
스터디그룹,공부를 잘하고 싶지만 싸움에만 재능이 몰빵된 ‘윤가민’이 최악의 꼴통 학교에서 (진짜로) 피 튀기는 입시에 뛰어들며 ‘스터디그룹’을 결성하는 코믹 고교 액션,TRUE,2025-01-23,Scripted,https://image.tmdb.org/t/p/w500/rLrEtysTwvVZESavwufnoGIaq8j.jpg,Action & Adventure|코미디|드라마,TVING,10,8.6,14.6772,황민현|이종현|공도유|신수현|차우민,1
스토브리그,"팬들의 눈물마저 마른 꼴찌팀에 새로 부임한 단장이 남다른 시즌을 준비하는 뜨거운 겨울 이야기. 프로야구 경제적 효과 2조원, 프로야구 관중 800만 시대, 역동적인 그라운드, 진한 땀 냄새에 열광하는 프로야구 팬들의 취향 저격하는 이야기. 선수가 아닌 단장을 비롯한 프런트들의 이야기다. 프로 스포츠의 조연인 프런트를 쫓아가는 이 드라마는 사실 그들이 단순 그림자가 아닌 겨울 시즌의 또 다른 주인공임을 보여줄 것이다.",TRUE,2019-12-13,Scripted,https://image.tmdb.org/t/p/w500/80BizmL21vPy8g7qS5lcxOWh7Ig.jpg,드라마,SBS,16,8.3,4.8997,남궁민|박은빈|오정세|조병규|윤병희,1
스틸러: 일곱 개의 조선통보,베일에 싸인 문화재 도둑 스컹크와 비공식 문화재 환수팀 ‘카르마’가 뭉쳐 법이 심판하지 못하는 자들을 상대로 펼치는 케이퍼 코믹 액션물.,TRUE,2023-04-12,Miniseries,https://image.tmdb.org/t/p/w500/e3Pei1hJj4VVBJ4vIvVbTADgpIg.jpg,드라마|Action & Adventure|코미디,tvN,12,4.3,2.7481,주원|이주우|조한철|김재원|최화정,1
스포트라이트,"인권이 먼저인가? 아니면 시청자의 알 권리가 먼저인가?

드라마 스포트라이트는 이런한 질문을 스스로에게 끊임없이 던지고 답변해나가는 기자들의 모습을 통해 이 시대가 원하는 진정한 기자상이란 무엇인가, 진정한 저널리즘이란 무엇인가에 대한 진지한 문제에 접근하고자 한다.",TRUE,2008-05-14,Scripted,https://image.tmdb.org/t/p/w500/dSCIEIZqLilV6uJDQS2w6iH2p2R.jpg,드라마,MBC,16,6,2.4004,손예진|지진희|진구|조윤희|김보경,1
스폰서,"성공, 복수, 아이, 사랑 등 각기 다른 욕망을 향해 폭주기관차처럼 달려가는 네 남녀의 본격 치정 로맨스 드라마",TRUE,2022-02-23,Scripted,https://image.tmdb.org/t/p/w500/nmO00spTMeS7nGCTakzdvbn7SpA.jpg,드라마,iHQ|MBN,12,6.7,1.9888,한채영|이지훈|구자성|지수연|김윤서,1
스프링 피버,서울에서 상처를 입고 신수읍으로 내려온 윤봄이 교환교사로서 새로운 삶을 시작하며 모든 일에 무감하고 차가운 태도를 보이지만 선재규와 만남을 통해 조금씩 마음의 문을 열어가는 로맨스 드라마,TRUE,2026-01-05,Miniseries,https://image.tmdb.org/t/p/w500/jTJgfbSQ4UczxMOgscHPsoVuL5X.jpg,코미디|드라마,tvN,12,8.1,9.9408,이주빈|안보현|차서원|조준영|이재인,1
스피릿 핑거스,"주위 사람을 의식해 자신의 의사를 마음껏 드러내지 못했던 쫄보 여고생 송우연이 심장이 뛰는 일을 찾는 것이 어떤 것인지, 자신이 목소리를 내고 스스로 사랑하면 세상이 어떻게 변하는지 보여주는 작품. 한경찰의 동명 웹툰 원작.",TRUE,2025-10-29,Scripted,https://image.tmdb.org/t/p/w500/5o3UW021gh5u2CefyD0WV2aPyFv.jpg,코미디|드라마,TVING,12,8.5,6.0892,박지후|조준영|최보민|박유나|권소현,1
슬기로운 감빵생활,"메이저리그 대신 감옥으로 직행한 슈퍼스타. 판이 바뀌고 룰이 바뀐 막다른 골목, 감빵에서 살아남을 방법은 단 한 가지. 그저 배워라! 하나에서 열까지.",TRUE,2017-11-22,Scripted,https://image.tmdb.org/t/p/w500/2kK5H4k8qJDS0SSqQ25xKV3DZvB.jpg,드라마|범죄,tvN,16,8.243,7.331,박해수|정경호|정수정|이규형|최무성,1
슬기로운 의사생활,"누군가는 태어나고 누군가는 삶을 끝내는 탄생과 죽음이 공존하는, 인생의 축소판이라 불리는 병원에서 평범한 듯 특별한 하루하루를 살아가는 사람들과 눈빛만 봐도 알 수 있는 20년지기 친구들의 케미스토리를 담은 드라마",TRUE,2020-03-12,Scripted,https://image.tmdb.org/t/p/w500/zy0FJYPsKkfOrZG5r5lFtTIx1up.jpg,드라마|코미디,tvN,12,8.6,17.8773,조정석|유연석|정경호|김대명|전미도,1
슬플 때 사랑한다,"쫓기는 여자, 쫓는 남자, 숨겨준 남자'. 사랑은 흔하나 진짜 사랑은 힘든 시대! 진정한 사랑을 찾아가는 세 남녀의 격정 멜로 드라마.

일본 작가 노지마 신지의 드라마 '아름다운 사람'의 리메이크작",TRUE,2019-02-23,Scripted,https://image.tmdb.org/t/p/w500/pVFS0Rk2KZixpYsC1UoMCIvA3eQ.jpg,드라마,MBC,40,4.333,3.7538,지현우|박한별|류수영|왕빛나|문희경,1
시간,"누구에게나 유한한 시간, 결정적인 매 순간 저마다 다른 선택을 해 지나간 시간 속에서 엮이는 네 남녀의 이야기를 다룬다",TRUE,2018-07-25,Scripted,https://image.tmdb.org/t/p/w500/5px1MuOi5AAlKouQ1p4SvGS6pV2.jpg,드라마,MBC,32,6.679,3.6879,김정현|서현|김준한|황승언|최종환,1
시를 잊은 그대에게,"의사가 주인공이 아닌 병원 드라마. 물리치료사, 방사선사, 실습생들의 일상을 시(詩)와 함께 그려낸 감성 코믹극

돈과 빽은 없어도 감성만큼은 재벌급인 물리치료사 우보영!!

내가 키운 건 실력뿐... 감성은 엄마 뱃속에 두고 태어난 물리치료계의 알파고 예재욱!!

감성은 외장하드에 따로 보관한 듯 장난기로만 포맷된 물리치료과 실습생 신민호!

달라도 너무 다른 이들이 감성의 온도를 맞춰가며 펼치는 본격 심쿵 코믹이야기 위로 주옥같은 명시들이 어우러진다.

때로는 위트 넘치는 시처럼 당신을 웃게 할  때로는 가슴 찡한 시처럼 당신을 울게 할 공감백배 이야기

시를 잊은 그대의 메마른 감성을 촉촉하게 적셔줄 본격 코믹감성극이 당신을 찾아갑니다.",TRUE,2018-03-26,Scripted,https://image.tmdb.org/t/p/w500/puG06PdP7GS52ytLK8K0urnfTpk.jpg,드라마|코미디,tvN,16,6.8,2.8848,이유비|이준혁|장동윤|신재하|이채영,1
시지프스: the myth,우리의 세상에 정체를 숨기고 살아가고 있는 존재를 밝혀내려는 천재 공학자 한태술과 그를 위해 멀고도 위험한 길을 거슬러온 구원자 강서해의 여정을 그린 판타지 미스터리 드라마,TRUE,2021-02-17,Scripted,https://image.tmdb.org/t/p/w500/84SaepuKD8OVOlENmvahEkJkeUx.jpg,Sci-Fi & Fantasy|드라마|미스터리|Action & Adventure,JTBC,16,7.1,5.0032,조승우|박신혜|채종협|성동일|태인호,1
시카고 타자기,"슬럼프에 빠진 베스트셀러 작가 세주와 그의 이름 뒤에 숨은 유령 작가 진오, 한 때 세주의 열혈 팬에서 안티 팬으로 돌변한 문인 덕후 전설, 그리고 의문의 오래된 '타자기'와 얽힌 세 남녀의 낭만적인 미스터리와 앤티크 로맨스의 만남",TRUE,2017-04-07,Scripted,https://image.tmdb.org/t/p/w500/5qD8pAFPGuioviwaam20YNrjH8q.jpg,Sci-Fi & Fantasy|드라마,tvN,16,8.087,3.637,유아인|임수정|고경표|곽시양|조우진,1
시크릿 가든,무술감독을 꿈꾸는 스턴트 우먼 길라임과 '까칠한' 백만장자 백화점 사장 김주원의 영혼이 바뀌면서 벌어지는 일을 다룬 로맨스 판타지 드라마,TRUE,2010-11-13,Scripted,https://image.tmdb.org/t/p/w500/5DOhLDAZyILrRE75pV1BpXAGLIR.jpg,코미디|드라마|Sci-Fi & Fantasy,SBS,20,7.493,6.564,현빈|하지원|윤상현|김사랑|이필립,1
시크릿 부티크,"강남 목욕탕 세신사에서 재벌인 데오가(家)의 하녀로, 또다시 정재계 비선 실세로 거듭 성장한 ‘제니장’이 국제도시개발이란 황금알을 손에 쥐고 데오가 여제(女帝) 자리를 노리는 이야기",TRUE,2019-09-18,Scripted,https://image.tmdb.org/t/p/w500/i7jBm8HcZQscycSzVwqgHo2tW2L.jpg,드라마,SBS,16,7.5,2.4564,김선아|장미희|박희본|김재영|고민시,1
시티헌터,사회악을 제거하는데 앞장서는 도시 사냥꾼의 이야기를 다룬 드라마,TRUE,2011-05-25,Miniseries,https://image.tmdb.org/t/p/w500/qv8tf25OqGICqafZJWTfF5FlU0U.jpg,Action & Adventure|드라마|범죄,SBS,20,7.486,6.5997,이민호|박민영|이준혁|김상중|천호진,1
시티홀,"인천광역시를 모델로 한 가상의 지방 소도시 '인주시'를 배경으로, 평범한 10급 공무원 신미래(김선아)가 인주시 부시장으로 취임한 천재 관료 조국(차승원)을 만나며 우여곡절 끝에 인주시장에 당선되어 존경받는 시장으로 성장해 나가고, 조국과의 사랑도 쟁취한다는 이야기.",TRUE,2009-04-29,Scripted,https://image.tmdb.org/t/p/w500/sGNzA5aVbECbqCgh0weUblUX8CA.jpg,드라마|코미디,SBS,20,7.5,2.4617,차승원|김선아|추상미|차화연|김늘메,1
식샤를 합시다,"대한민국은 지금, 네 가구 중 하나가 1인 가구! 이제 혼자서 무언가를 한다는 게 전혀 어색하지 않은 세상이 되어가고 있고, 1인 가구는 앞으로 자리를 확고히 할 또 하나의 라이프 스타일이다. 혼자 사는 이들은 우리를 연민하지 말라고 당부하며 행복하지도 않고 불행하지도 않은 평범한 삶이라고 말하지만 인간이란 원래 외로운 것이며, 누군가를 필요로 하는 동물! 1인 가구 입문자, 1인 가구 3년 차, 1인 가구 9년 차. 세 사람의 1인가구들이 따로 또 같이 함께 사는 리얼한 모습을 가감 없이 보여주며 시끌벅적 요란법석의 삶을 재미있게 그린다. 매콤얼얼 고단한 삶에 달콤새콤한 로맨스를 버무려 우리 사는 인생의 맛을 제대로 보여주고자 한다.",TRUE,2013-11-28,Scripted,https://image.tmdb.org/t/p/w500/tuTzeV5fHH8g4h7UYO6WKCw0l94.jpg,코미디|범죄|드라마,tvN,16,8.1,5.3599,윤두준|이수경|윤소희|심형탁|이도연,1
신기생뎐,역사의 뒤안길에 사라진 기생 문화가 현존한다는 전제 속에 부용각에서 펼쳐지는 삶과 사랑의 이야기,TRUE,2011-01-23,Scripted,https://image.tmdb.org/t/p/w500/65FNgLEOjzVBssxYrfzUlhs0vfK.jpg,드라마|로맨스,SBS,69,4,4.2696,임수향|성훈|한혜린|한진희|서우림,1
신데렐라와 네 명의 기사,"감성그룹 회장과 인연으로 대저택 하늘집으로 들어온 수의사가 꿈인 씩씩한 여고생이 고집스럽고 자유로운 세 명의 도련님과 한 명의 경호원과 동거를 시작하면서 일어나는 일들을 담은 스무살 청춘들의 모험담을 그린 드라마. 대학 합격의 기쁨도 잠시, 모아놓은 등록금을 포기해야하는 상황에 놓인 하드캐리 신데렐라 하원(박소담). 하지만 운명처럼 찾아온 하늘그룹 첫째 현민(안재현)의 아르바이트 제안! 영문도 모른 채 현민에게 끌려간 곳에서, 첫만남부터 악연이었던 하늘그룹 둘째 지운(정일우)과 마주치고, 곤란한 상황에 빠지는데...",TRUE,2016-08-12,Scripted,https://image.tmdb.org/t/p/w500/62kxgQGr8X8vgNAUKXrrZ4GkXcP.jpg,코미디|드라마,tvN,16,7.352,4.8639,정일우|박소담|안재현|이정신|김혜리,1
신들의 만찬,한식을 소재로 삼아 운명적으로 얽힌 두 여성 요리사의 이야기를 그린 드라마다.,TRUE,2012-02-04,Scripted,https://image.tmdb.org/t/p/w500/nwnmwHLMQ5n9s1XwlIVjDUtCj3s.jpg,코미디|드라마,MBC,32,6.3,2.9702,성유리|서현진|주상욱|이상우|김보연,1
신병,"좋은 놈부터 나쁜 놈, 이상한 놈까지 별별 놈들이 모두 모인 그곳에 군수저 신병이 입대하면서 벌어지는 이야기를 그린 리얼 드라마.",TRUE,2022-07-22,Scripted,https://image.tmdb.org/t/p/w500/rhaVq50hxzvyIMBhR4g9ElMpLfG.jpg,드라마|코미디,Seezn|TVING|Genie TV|ENA|Olleh TV,10,8.5,8.09,김민호|이상진|남태우|이충구|차영남,1
신사와 아가씨,자신의 선택에 책임을 다하고 행복을 찾아가는 '아가씨'와 '신사'가 만나면서 벌어지는 파란만장한 이야기,TRUE,2021-09-25,Scripted,https://image.tmdb.org/t/p/w500/o9TYEFMhdU8CkOeMySRc3HIw5gY.jpg,코미디|드라마|가족,KBS2,52,7,8.3682,지현우|이세희|박하나|강은탁|이종원,1
신사의 품격,'꽃중년' 네 남자와 설레는 로맨스가 그리운 네 여자의 좌충우돌 로맨틱 코미디 드라마다.,TRUE,2012-05-26,Scripted,https://image.tmdb.org/t/p/w500/6Ed05EOltPnPyCuH6pCBWSXvudo.jpg,코미디|드라마,SBS,20,7.98,3.6164,장동건|김하늘|김수로|김민종|이종현,1
신사장 프로젝트,"전 레전드 협상가, 현 치킨집 사장? 미스터리한 비밀을 가진 신사장이 편법과 준법을 넘나들며 사건을 해결하고 정의를 구현해 내는 분쟁 해결 히어로 드라마",TRUE,2025-09-15,Scripted,https://image.tmdb.org/t/p/w500/204Zish9CWopX7W6xuyeZr4uAsE.jpg,코미디|드라마,tvN,12,7.5,4.8415,한석규|배현성|이레|김성오|우미화,1
신성한 이혼,"이혼 전문 변호사의 파란만장한 이야기를 그린 작품으로, '이혼'이라는 삶의 험난한 길 한복판에 선 이들의 이야기. 강태경의 동명 웹툰 원작.",TRUE,2023-03-04,Miniseries,https://image.tmdb.org/t/p/w500/8NPsU2dXH76IjFVbv1iYM4RQ6Gw.jpg,드라마,JTBC,12,7.857,4.0687,조승우|한혜진|김성균|정문성|이은재,1
신의,"고려 시대의 무사, 현대 여의사의 시공을 초월한 사랑과 진정한 왕을 만들어 내는 과정을 그린 드라마",TRUE,2012-08-13,Scripted,https://image.tmdb.org/t/p/w500/7OpDNXpe3AYoJXHp3FosYPLbFVD.jpg,드라마|Sci-Fi & Fantasy,SBS,24,7.2,4.0241,이민호|김희선|유오성|성훈|류덕환,1
신이라 불리운 사나이,"미국에서 자란 정부 요원 최강타. 암살 기술을 배운 후, 아버지를 살해한 자에 대한 복수를 꿈꾸며 한국으로 돌아온다.",TRUE,2010-03-06,Scripted,https://image.tmdb.org/t/p/w500/xD7gEI967MDGGJLBwhPeel88BVF.jpg,드라마|Action & Adventure,MBC,24,6.8,3.8114,송일국|한채영|정동환|유인영|남다름,1
신입사관 구해령,별종 취급을 받던 여사들이 남녀가 유별하고 신분에는 귀천이 있다는 해묵은 진리와 맞서며 '변화'라는 소중한 씨앗을 심는 이야기를 기반으로 조선의 첫 문제적 여사(女史) 구해령과 반전 모태솔로 왕자 이림의 ‘필’ 충만 로맨스 실록,TRUE,2019-07-17,Scripted,https://image.tmdb.org/t/p/w500/yZ29599fxOJ618VE74Xo918Da6B.jpg,드라마,MBC,40,7.6,4.5276,신세경|차은우|박기웅|이지훈|박지현,1
신입사원 강회장,사업의 신(神)이라 불리는 굴지의 대기업 최성그룹의 회장 강용호가 사고로 원치 않는 2회차 인생을 살게 되는 리마인드 라이프 스토리,TRUE,2026-05-30,Scripted,https://image.tmdb.org/t/p/w500/ryoklqf5Xi76b1Cqb0h4I7zL6qa.jpg,드라마|Sci-Fi & Fantasy,JTBC,12,7.947,11.0457,이준영|손현주|이주명|전혜진|진구,1
실버벨이 울리면,"욕망과 현실이 뒤엉킨 삶에서 피어난 새로운 사랑을 깨닫는

황혼 청춘 로맨스 <실버벨이 울리면>

데이팅 앱으로 새로운 사랑을 찾은 금연과

치매에 걸린 남편에게서 오래된 사랑을 되찾은 수향,

두 자매의 이야기",TRUE,2024-12-18,Scripted,https://image.tmdb.org/t/p/w500/3ojLpQ0IZkh4l3qb0NE1sqk0s6p.jpg,,U+ Mobile TV,4,0,1.116,송옥숙|박상원|예수정|안석환|오유진,1
심우면 연리리,"시골과는 영 어울리지 않는 생초짜 도시인들의 우당탕탕 연리리 적응기! 합격하면, 꿈을 이루면, 지금보다 더 행복해질 줄 알았다.  그런데 왜 이렇게 지치고 허전하지?끊임없이 달리는 도시의 삶 속에서, 우리는 진짜 소중한 것을 놓치고 있는지도 모른다. <심우면 연리리>는 소소하지만 확실한 사랑을 찾아가는 이야기다. 그 과정은 힘들지만 따뜻하고, 속 터지지만 뿌듯할 것이다.",TRUE,2026-03-26,Scripted,https://image.tmdb.org/t/p/w500/lh3yWIwAT7YAaPnBej97vBczcem.jpg,코미디|가족|드라마,KBS2,12,7.2,3.4635,박성웅|이수경|이진우|최규리|이서환,1
십시일반,유명 화가의 수백억 대 재산을 둘러싼 사람들의 치열한 두뇌싸움을 그린 블랙코미디 추리극,TRUE,2020-07-22,Scripted,https://image.tmdb.org/t/p/w500/9WfzhnKNl84ky5pIzeSOCf0RGog.jpg,드라마|코미디|미스터리,MBC,16,6.2,2.285,김혜준|오나라|김정영|한수현|최규진,1
싸우자 귀신아,귀신을 볼 줄 아는 주인공과 주인공이 만난 귀신이 동거하며 겪어가는 에피소드를 그린 드라마. 귀신을 보는 능력을 없앨 돈을 벌기 위해 귀신을 때려잡는 '허당 퇴마사' 박봉팔(옥택연)과 수능을 못 치른 한으로 귀신이 된 여고생 김현지(김소현)가 동고동락하며 함께 귀신을 쫓는 이야기를 그린다.,TRUE,2016-07-11,Scripted,https://image.tmdb.org/t/p/w500/ssP1dDagt0k4CAoTfyd2AZJVyP2.jpg,드라마|미스터리|Sci-Fi & Fantasy,tvN,16,8,4.9487,김소현|옥택연|권율|김상호|이다윗,1
싸이코패스 다이어리,어쩌다 목격한 살인사건 현장에서 도망치던 중 사고로 기억을 잃은 호구 육동식이 우연히 얻게 된 살인 과정이 기록된 다이어리를 보고 자신이 싸이코패스 연쇄살인마라고 착각하며 벌어지는 이야기,TRUE,2019-11-20,Scripted,https://image.tmdb.org/t/p/w500/tfdtM9JLAOBPRSrQpaAitS9YmkO.jpg,Action & Adventure|코미디|범죄|미스터리,tvN,16,7.2,2.7338,윤시윤|정인선|박성훈|이한위|황효은,1
쌈 마이웨이,"세상이 보기엔 부족한 스펙 때문에 마이너 인생을 강요하는 현실 속에서도, 남들이 뭐라던 '마이웨이'를 가려는 마이너리그 청춘들의 골 때리는 성장로맨스를 담은 드라마",TRUE,2017-05-22,Scripted,https://image.tmdb.org/t/p/w500/u6N8Uv5j7P0xi8y88db7ab8qcuL.jpg,코미디|드라마,KBS2,16,7.975,7.2586,박서준|김지원|안재홍|송하윤|김성오,1
쌍갑포차,"늦은 밤, 낯선 곳에 나타나는 의문의 포장마차와 그곳에서 벌어지는 이야기. 야심한 밤, 어디선가 누군가에 힘든 일이 생기면 나타나는 의문의 포장마차. 월주 이모가 따라주는 신묘한 술을 마시면 갑갑한 현실에 솟아날 구멍이 보인다는 그곳. 터치만 했다하면 남의 속마음이 들리는 특이체질 강배는 쌍갑포차를 찾게 되는데...",TRUE,2020-05-20,Scripted,https://image.tmdb.org/t/p/w500/4xjtsQgxLkVKfkig5p6MoVoz6PH.jpg,드라마|Sci-Fi & Fantasy|코미디,JTBC,12,8.006,4.741,황정음|육성재|최원영|이준혁|정다은,1
써클: 이어진 두 세계,"사회는 날로 복잡해지고, 경쟁은 치열해지면서 점점 더 감정을 조절하지 못하는 사람들 간의 갈등과 범죄가 늘고 있다. 이에 우리는 상처받고, 불행을 호소하며 나날이 지쳐가고 있다. 여기서 시작된 고민 하나. 만약, 완벽하게 인간의 감정이 조절, 통제되는 사회가 있다면… 우리는 행복할까. 지금의 우리와 같은 사회를 먼저 경험한 외계에서 온 인물을 설정하여, 인간을 인간답게 하는 행복의 본질에 한걸음 더 다가가려 한다.",TRUE,2017-05-22,Scripted,https://image.tmdb.org/t/p/w500/9ZeCBhSlqY2nS2i5yBGE9lHrZct.jpg,Sci-Fi & Fantasy|미스터리,tvN,12,7.171,2.8928,여진구|김강우|공승연|이기광|권혁수,1
썸머가이즈,"제주 해변 초호화 리조트 옆 낡아빠진 칵테일bar ‘썸머가이즈’.

사장이자 유일한 바텐더인 오진달래가 근근이 영업을 이어가고 있지만 망하기 직전이다.

태양이 작열하는 뜨거운 여름 어느 날, 그녀에게 수상한 세 남자가 찾아온다.

자뻑 차도남 선우찬, 순정파 씩스팩 박광복, 카사노바 사기꾼 마태오.

그들은 썸머가이즈를 살리기 위해 의기투합 꽃미남 바텐더 군단 ‘썸머가이즈’가 된다.

세 남자와 한 여자. 그리고 칵테일.

술과 청춘이 있는 곳에 남녀상열지사가 없을쏘냐?

세 명의 썸남에게 둘러싸인 진달래는 행복한 고민에 빠지는데....

하지만 그놈들에겐 각자 다른 속셈이 있었으니!

그들이 썸머가이즈에 찾아온 진짜 이유는 무엇일까? 왜 진달래를 돕는 것일까?

그리고, 그녀의 운명의 남자는 누구인가!?",TRUE,2021-03-30,Scripted,https://image.tmdb.org/t/p/w500/tLuDMvQtljncGE4iSaBKCAnXH9o.jpg,드라마,Seezn,10,5.2,1.9704,이정식|이정신|권현빈|강미나|비니,1
아기가 생겼어요,이번 생에 결혼은 없다던 두 남녀의 하룻밤 일탈로 벌어진 속도위반 리버스 로코,TRUE,2026-01-17,Miniseries,https://image.tmdb.org/t/p/w500/17fFC7njMKPOTjztarKt0X09eN3.jpg,코미디|가족|드라마,Channel A,12,8.8,7.0106,최진혁|오연서|홍종현|김다솜|손병호,1
아는 와이프,"2018년 8월 tvN에서 방영을 시작한 드라마. 남과 여, 둘은 서로를 향해 페로몬을 난사하고 이내 사랑에 빠진다. 그들은 결혼을 하고 아이를 낳는다. 남자는 샐러리맨의 정글에서 살아남느라 여력이 없고, 여자는 워킹맘, 육아맘 생활에 망가져간다. 남자는 이 여자가 바라만 봐도 가슴 터질 듯 설레던 그때 그 여자가 맞나 싶고, 여자는 이 결혼생활이 지리멸렬하다. 그만큼 결혼이라는 현실은 남녀 모두에게 책임과 희생을 강요하며, 굴레를 씌우고 핍박을 가한다. 이쯤 되면 둘은 이런 생각이 든다. 우리... 잘못된 인연을 택한 걸까?",TRUE,2018-08-01,Scripted,https://image.tmdb.org/t/p/w500/fDmfvPG6EF9ySLe7D1aySKZEAYR.jpg,드라마|Sci-Fi & Fantasy,tvN,16,8.079,4.7186,지성|한지민|강한나|장승조|차학연,1
아랑사또전,민담으로 전해져 내려오는 을 모티브로 천방지축 귀신 아랑과 까칠 꽃미남 사또 은오를 둘러싸고 벌어지는 일들을 그린 드라마.,TRUE,2012-08-15,Scripted,https://image.tmdb.org/t/p/w500/hsg0fzEeukpj7h3iVdGcU0OwvFo.jpg,Sci-Fi & Fantasy,MBC,20,6.3,3.1576,이준기|신민아|한정수|황보라|유승호,1
아름다운 그대에게,남장미소녀가 남자 체고에 위장전학 오면서 벌어지는 좌충우돌 생존기를 그린 드라마.,TRUE,2012-08-15,Scripted,https://image.tmdb.org/t/p/w500/raj21Y25bZfZebWSJDmEWQ14N2P.jpg,코미디|드라마,SBS,16,6.813,4.1092,설리|민호|이현우|강하늘|김지원,1
아름다운 날들,"서울의 한 음반사를 배경으로, 부모가 다른 두 형제와 같은 보육원 출신의 두 여성이 얽히며 사랑의 삼각관계와 가족 간의 갈등이 시작된다.",TRUE,2001-03-14,Scripted,https://image.tmdb.org/t/p/w500/ySn9mf1ZTijBgETPxIK3yioWFQA.jpg,드라마,SBS,24,7.2,2.8321,최지우|이유진|이병헌|이정현|신민아,1
아름다웠던 우리에게,"명랑 발랄한 여고생 신솔이와 그녀가 17년째 짝사랑하는 옆집 소꿉친구 차헌, 그리고 이들과 청춘을 함께했던 친구들의 이야기를 담은 첫사랑 소환 로맨스물",TRUE,2020-12-28,Scripted,https://image.tmdb.org/t/p/w500/4EzrCBnBdeLAZENNQcYzYq933B.jpg,드라마|코미디,Netflix|Kakao TV,24,8.32,6.2274,소주연|김요한|여회현|조혜주|정진환,1
아버님 제가 모실게요,"고생해서 출가시킨 4남매가 다시 부모의 품으로 유턴하면서 벌어지는 명랑, 속상(?)한 이야기! 뼈 빠지게 고생해 드디어 4남매 모두를 출가시키고 홀가분한 여생을 보내려던 형섭과 정애부부. 함께 스포츠 댄스도 배우고 선상 크루즈 여행도 떠날 생각에 정애는 콧노래가 절로 난다. 그러던 어느 날... 마른 하늘에 날벼락보다도 더 심각한 사태가 벌어진다. 이들의 4남매가 동시에 다시 집으로 돌아온 것이다..!!",TRUE,2016-11-12,Scripted,https://image.tmdb.org/t/p/w500/qqevzABDwiXg3o1as3kXmNucFEL.jpg,드라마|가족,MBC,50,4.9,3.6988,김재원|박은빈|이태환|이수경|김용림,1
아버지가 이상해,"평생을 가족밖에 모르고 살아온 성실한 아버지 한수와 든든한 아내 영실, 개성만점 4남매 집안에 어느날 안하무인 아이돌 출신 배우가 얹혀 살며 벌어지는 코믹하고 따뜻한 가족드라마. 더불어 자식 세대의 결혼인턴제, 부모 세대의 졸혼 등 사랑과 결혼에 관한 이야기",TRUE,2017-03-04,Miniseries,https://image.tmdb.org/t/p/w500/sT6DCFaMVxqtAO1XjJxnvtFkcBe.jpg,코미디|드라마|가족,KBS2,52,7.5,6.5444,김영철|김해숙|이유리|이준|정소민,1
아스달 연대기,"그곳에서 모든 것이 시작됐다. 태고의 땅 아스. 권력을 향한 욕망, 새로운 사회에 대한 열망, 그리고 가슴 뛰는 사랑을 위해 치열하게 살아간 사람들이 있었다. 그 중심에 선 두 인물, 은섬과 타곤. 그들은 각각 어떠한 국가를 만들려 하는가. 결국 누가 그곳을 차지하게 되는가.",TRUE,2019-06-01,Scripted,https://image.tmdb.org/t/p/w500/raa566oA0cquXcS1b83TrWePJtT.jpg,드라마|Action & Adventure,tvN,18,7.608,7.957,김지원|장동건|송중기|김옥빈|조성하,1
아이가 다섯,"싱글맘과 싱글대디가 인생의 두 번째 사랑을 만나게 되면서 가족들과의 갈등과 화해, 사랑을 통해 진정한 행복을 찾아가는 좌충우돌 감성코믹 가족극",TRUE,2016-02-20,Scripted,https://image.tmdb.org/t/p/w500/hNvjpQ8gOpXOsaCRQlOVBExAivx.jpg,가족|코미디,KBS2,54,5.6,5.3931,심이영|권오중|신혜선|임수향|안재욱,1
아이돌아이,15년차 골수팬 초일류 스타 변호사와 극성팬을 세상 제일 극혐하는 아이돌의 법정 서스펜스 추리물 로맨틱 코미디 드라마,TRUE,2025-12-22,Miniseries,https://image.tmdb.org/t/p/w500/h5oOMqtNkMIZjvkpQ7SkOL4wqoD.jpg,미스터리|드라마|범죄|코미디,ENA,12,7.8,7.4912,최수영|김재영|최희진|김현진|정재광,1
아이리스,대한민국과 조선민주주의 인민공화국간의 제2차 한국 전쟁을 막기 위해 목숨을 걸고 임무를 수행하는 첩보원들의 이야기를 다룬 드라마,TRUE,2009-10-14,Scripted,https://image.tmdb.org/t/p/w500/qYogQkaGz7ejphzCf8EeylUuAKP.jpg,드라마|Action & Adventure,KBS2,20,7.351,6.222,이병헌|김소연|정준호|김태희|김영철,1
아이리스 2,"아이리스 활동으로 체포된 NSS 전 국장 백산의 배후 '미스터블랙'의 정체를 밝히는 이야기.

2009년 10월 시청률 35%라는 경이적인 기록을 달성했던 이병헌, 김태희, 정준호 주연의 인기 드라마 아이리스의 후속작. 아이리스 1편 종영 이후 4년 만에 방영된 후속작.",TRUE,2013-02-13,Scripted,https://image.tmdb.org/t/p/w500/2B0WxMnBt1rRm64kBK08xiSbXHi.jpg,드라마|Action & Adventure|범죄,KBS2,20,7.686,3.5125,장혁|이범수|이정길|이다해|김영철,1
아이쇼핑,"양부모에게 버려진 후, 죽음의 문턱에서 가까스로 살아남은 아이들의 처절한 생존과 복수를 그린 액션 스릴러",TRUE,2025-07-21,Scripted,https://image.tmdb.org/t/p/w500/cYJFPXSQ7YB2FCX4yxptj974eJO.jpg,Action & Adventure|드라마,ENA,8,7.7,5.175,염정아|원진아|최영준|덱스|안지호,1
아이언맨,아픔투성이인 마음 때문에 몸에 칼이 돋는 한 남자와 그런 그를 진짜 사람으로 성장시키는 오지랖 넓은 여자의 사랑 이야기,TRUE,2014-09-10,Scripted,https://image.tmdb.org/t/p/w500/2qCZuZikkUyKwgulmp2zZzc01ID.jpg,드라마|Sci-Fi & Fantasy|코미디,KBS2,18,5.9,4.1597,이동욱|신세경|김갑수|한정수|정유근,1
아이템,소중한 사람을 간절하게 지키기 위해 특별한 초능력을 가진 물건들을 둘러싼 음모와 비밀을 파헤쳐가는 검사와 냉철한 판단력을 가진 경찰청 프로파일러를 중심으로 펼쳐지는 미스터리 추적 판타지 드라마.,TRUE,2019-02-11,Scripted,https://image.tmdb.org/t/p/w500/tTwQAY2QnmsHcx3r3PQzW1ANEPy.jpg,범죄|Sci-Fi & Fantasy,MBC,32,7.412,3.6008,주지훈|진세연|김강우|김유리|박원상,1
아직 낫서른,"차가운 겨울과 따뜻한 봄 사이, 차가워지고 싶지만 여전히 뜨거운 나이 서른. 적당히 교묘하고 적당히 똑똑해졌지만, 여전히 방황하고 흔들리는 서른 살 세 여자의 일과 사랑을 그린 어른 로딩 로맨스",TRUE,2021-02-23,Scripted,https://image.tmdb.org/t/p/w500/k1zKC9hZR8DDVs48avhRp0C9v9L.jpg,코미디|드라마,Kakao TV,15,5,2.1801,정인선|하니|차민지|강민혁|송재림,1
아직도 결혼하고 싶은 여자,사랑을 원하는 삼십 대 여자들의 연애를 유쾌하게 다룬 드라마,TRUE,2010-01-20,Scripted,https://image.tmdb.org/t/p/w500/xy2YoeZw7gT7JmXGZCJgqLsYogN.jpg,코미디|드라마,MBC,16,4.667,2.6525,박진희|엄지원|왕빛나|김범|최철호,1
아테나: 전쟁의 여신,석유의 대체 에너지로 한국에서 개발된 신형 원자로를 둘러싼 국제 테러리스트들과 NTS요원들의 대결.,TRUE,2010-12-13,Scripted,https://image.tmdb.org/t/p/w500/52kgKQ2CzacI2QjXqs7SJTWonzL.jpg,드라마,SBS,20,5.714,4.0411,정우성|차승원|수애|이지아|최시원,1
아파트,"거금이 간절한 전직 조직 보스. 똑 부러지는 변호사 지망생과 함께 대단지 아파트에 숨겨진 눈먼 돈을 노리는 한탕을 계획한다. 그러나 그 과정에서, 아파트에 숨겨진 뿌리 깊은 비리를 파헤치게 된다.",TRUE,2026-07-11,Miniseries,https://image.tmdb.org/t/p/w500/wR7y2h0ccbaTnU5KpUjKIesflng.jpg,드라마|코미디|범죄,JTBC,12,8.6,13.0402,지성|하윤경|문소리|박병은|정순원,1
아홉수 소년,"아홉수에 빠진 '9세, 19세, 29세, 39세' 한지붕 네 남자의 될 것도 안되는 운 사나운 로맨스를 그린 드라마",TRUE,2014-08-29,Scripted,https://image.tmdb.org/t/p/w500/g5n5llbqJw2cWUzZyDBNihzfmI1.jpg,코미디,tvN,14,5.8,2.9835,김영광|오정세|육성재|최로운|경수진,1
악귀,"문을 열면 악귀가 있는 다른 세상, 악귀에 씐 여자와 그 악귀를 볼 수 있는 남자가 다섯 가지 신체(神體)를 둘러싼 의문의 죽음을 파헤치는 오컬트 미스터리 스릴러.",TRUE,2023-06-23,Scripted,https://image.tmdb.org/t/p/w500/uLqu0gCPKyC7IXCh9mTrkaXPBD8.jpg,미스터리|드라마,SBS,12,7.9,5.4938,김태리|오정세|홍경|박지영|양혜지,1
악마가 너의 이름을 부를 때,"악마에게 영혼을 판 스타 작곡가 하립이 계약 만료를 앞두고 인생을 걸고 일생일대 게임을 펼치는 영혼 담보 코믹 판타지 드라마. 썼다 하면 히트곡! 냈다 하면 음원 1위! 장르 불문하고 한 해의 모든 음악상을 휩쓰는 스타 작곡가 하립에게 의문의 고지서가 날아든다. 10년 계약이 만료되는 날, 영혼을 회수하겠다는 악마의 고지서! 과연 하립의 본래 정체는 무엇일까? 고지서를 받은 날부터 그에게 이상한 일들이 펼쳐지는데...",TRUE,2019-07-31,Scripted,https://image.tmdb.org/t/p/w500/eqFkRB3nnWHPztunAyyHKP5A0rT.jpg,코미디,tvN,16,7.7,3.3833,정경호|박성웅|이설|이엘|김원해,1
악마판사,"가상의 디스토피아 대한민국, 전 국민이 참여하는 라이브 법정 쇼와 함께 등장한 '악마판사' 강요한. 그는 모두가 원하는 영웅인가, 법관의 가면을 쓴 악마인가?",TRUE,2021-07-03,Scripted,https://image.tmdb.org/t/p/w500/eXPzOEkQInkqaNIH6fti5tjRr4u.jpg,미스터리|드라마|범죄,tvN,16,8.411,6.4089,지성|김민정|진영|박규영|장영남,1
악연,"피할 수 없는 운명으로 얽힌 이들. 악몽에 시달리는 의사, 빚더미에 허덕이는 남자, 의문스러운 사고의 목격자. 한 사고가 6명의 인생을 뒤엉키게 한다. 빠져나올 수 없는 '악연'의 범죄 스릴러.",TRUE,2025-04-04,Scripted,https://image.tmdb.org/t/p/w500/kFx0FD0Cgns9OThcSkAmWYcnYzu.jpg,범죄|드라마,Netflix,6,7.5,8.2744,박해수|신민아|이희준|김성균|이광수,1
악의 꽃,"14년간 사랑해 온 남편이 피도 눈물도 없는 연쇄살인마로 의심된다면? 사랑마저 연기한 남자 희성과 그의 실체를 의심하기 시작한 아내 지원. 외면하고 싶은 진실 앞에 마주 선 두 사람의 고밀도 감성 추적극. 희성은 이대로가 좋다. 사랑스러운 아내. 애교쟁이 딸. 직접 만든 금속공예품들이 진열된 번듯한 공방. 모든 일상이 완벽하게 평범했다. 그의 공방에 예기치 못한 방문객이 찾아오기 전까진. 강력계 형사 지원은 희성의 생일파티 날 걸려온 긴급 호출로 아동 살인미수 사건을 조사하게 되고, 같은 사건을 쫓던 기자 무진이 지원의 소개로 희성의 공방을 찾아오는데...",TRUE,2020-07-29,Scripted,https://image.tmdb.org/t/p/w500/pHzLvZEL2278Or9xCuKalIaz4N1.jpg,드라마|범죄|미스터리,tvN,16,8.253,9.4329,이준기|문채원|장희진|서현우|정서연,1
악의 마음을 읽는 자들,"대한민국을 공포에 빠뜨린 동기없는 살인이 급증하던 시절, 최초의 프로파일러가 연쇄살인범들과 위험한 대화를 시작한다. 악의 정점에 선 이들의 마음 속을 치열하게 들여봐야만 했던 프로파일러의 이야기.",TRUE,2022-01-14,Scripted,https://image.tmdb.org/t/p/w500/rE8zEZtwmg6J6zj5wBLciYtnQzc.jpg,범죄|드라마|미스터리,SBS,12,7.809,5.6448,김남길|김소진|진선규|려운|이대연,1
악인전기,절대 악인을 만난 생계형 변호사가 엘리트 악인으로 변모하는 이야기,TRUE,2023-10-14,Scripted,https://image.tmdb.org/t/p/w500/doVETuLz85rQGg0VNcKxOBtrlHY.jpg,범죄|미스터리|드라마,ENA,10,8.1,3.9633,신하균|신재하|김영광|송영창|주진모,1
안나라수마나라,버려진 유원지에 사는 마술사. 힘겨운 현실 속에서 너무 빨리 어른이 돼버린 고등학생에게 마법 같은 위로를 건넨다. 절망적인 현실이 사라지고 희망이 다시 샘솟는 특별한 마술이 시작된다.,TRUE,2022-05-06,Scripted,https://image.tmdb.org/t/p/w500/epxfP6YaUEOflSuKMAT6LhdPiqk.jpg,드라마|Sci-Fi & Fantasy,Netflix,6,7.685,6.0296,지창욱|최성은|황인엽|지혜원|최영준,1
안녕 나야!,연애도 일도 꿈도 모두 뜨뜻미지근해진 37세 주인공이 세상 어떤 것도 두렵지 않았고 모든 일에 뜨거웠던 17세의 나를 만나 나를 위로해 주는 판타지 성장 로맨틱 코미디 드라마,TRUE,2021-02-17,Scripted,https://image.tmdb.org/t/p/w500/vWiOTdqK5rM1rGUGuxZ1O7qTNSK.jpg,드라마|Sci-Fi & Fantasy|코미디,KBS2,16,7.4,4.5619,최강희|김영광|이레|문성현|음문석,1
안투라지,"차세대 스타로 떠오른 영빈과 그를 톱스타로 만드는데 올인한 매니지먼트 대표 은갑, 그리고 영빈에게 인생을 건 친구들의 연예계 일상을 담은 특별한 케미스토리",TRUE,2016-11-04,Scripted,https://image.tmdb.org/t/p/w500/wdWlH7TN8BqWa06r3fjMkt4G4DU.jpg,코미디,tvN,16,7.7,3.6895,서강준|조진웅|박정민|이광수|이동휘,1
알고있지만,사랑을 믿지 못하게 됐다. 그렇다고 연애마저 포기해야 할까. 그런 미대생 앞에 치명적인 매력을 지닌 같은 과 학생이 나타나 유혹의 몸짓을 던진다. 그들 사이에 파트너 같은 관계가 시작된다.,TRUE,2021-06-19,Scripted,https://image.tmdb.org/t/p/w500/qg0OgBJdk549t0XVvzfQyBD6Jbg.jpg,드라마,JTBC,10,7.3,7.4943,한소희|송강|채종협|이열음|양혜지,1
알랑말랑,"마음을 읽을 수 있는 소녀는 다른 사람들이 자신을 어떻게 생각하는지에 대한 민감성으로 인해 대학에서 항상 외부인이었습니다. 갑자기 동급생을 만났는데, 놀랍게도 그의 마음을 읽을 수 없었다. 함께 시간을 보내기 시작하면서 그들은 사랑에 빠지기 시작합니다.",TRUE,2019-03-12,Scripted,https://image.tmdb.org/t/p/w500/uvx9x1vV4Ad3UAkTiFA9jHLTN2Z.jpg,,,8,4.3,2.0059,공유림|김강민|박시우,1
알함브라 궁전의 추억,"투자회사 대표 유진우가 스페인 그라나다에 방문해 여주인공 정희주가 운영하는 오래된 호스텔에 묵으면서 기묘한 사건에 휘말리는 이야기를 그린 드라마. 저돌적인 투자회사 대표 진우. 익명의 AR 게임 개발자를 찾던 그는 그라나다까지 온다. 그곳에서 호스텔을 운영하는 희주. 둘이 만난 순간, 마법 같은 이야기가 시작된다. 그를 부른 건 마법이었을까, 운명이었을까.",TRUE,2018-12-01,Scripted,https://image.tmdb.org/t/p/w500/6UTbfvty0un50Ocfh9nFN2RXnS.jpg,Action & Adventure|미스터리|Sci-Fi & Fantasy|드라마,tvN,16,7.592,4.4347,현빈|박신혜|찬열|한보름|박훈,1
앙큼한 돌싱녀,이혼 후 백마 탄 돌싱남과의 로맨스를 꿈꾸지만 매번 실패를 거듭하던 중 재벌이 되어 돌아온 전 남편과 다시 사랑을 시작하려는 돌싱녀 나애라의 앙큼하고도 처절한 작업기를 다룬 코믹멜로드라마,TRUE,2014-02-27,Scripted,https://image.tmdb.org/t/p/w500/uiOX05bmos9I3NRaz947lA9XaTU.jpg,코미디|드라마,MBC,16,7.6,3.6533,이민정|주상욱|서강준|엘|김규리,1
애간장,"나이 서른이 코앞인데 연애 한 번 제대로 못해 본 스물여덟 '본투비 모솔' 강신우(이정신). 갑작스런 사고를 당한 신우는 영문도 모른 채 과거로 돌아가게 되고, 그곳에서 10년 만에 첫사랑을 다시 만난다! 첫사랑과의 실패한 과거를 되돌릴 수 있는 기회! 과연 신우는 첫사랑 원상복구에 성공할 수 있을까?",TRUE,2018-01-08,Scripted,https://image.tmdb.org/t/p/w500/6lHQEGZK0be53Vsjs1yYhN9d21R.jpg,코미디|미스터리|Sci-Fi & Fantasy,OCN,10,6.4,2.1184,이정신|서지훈|이열음|이태선|승희,1
애인 있어요,2015년 8월 22일부터 2016년 2월 28일까지 방영된 SBS 주말 특별기획 드라마. 절망의 끝에서 운명적으로 재회한 극과 극 쌍둥이 자매의 파란만장 인생 리셋 스토리,TRUE,2015-08-22,Scripted,https://image.tmdb.org/t/p/w500/od00wrTlNGPR1Y3nJXMsVhHpX57.jpg,드라마,SBS,50,4.3,4.4684,김현주|지진희|박한별|이규한|나영희,1
애정만만세,"사랑만세는 이보영, 이태성, 진이한이 출연한 2011년 한국 TV 시리즈입니다. 2011년 7월 16일부터 2012년 1월 29일까지 MBC에서 토, 일요일 밤 21시 45분에 총 57회 방송되었다.",TRUE,2011-07-16,Miniseries,https://image.tmdb.org/t/p/w500/2oSzLeAWdvIGwWrExQIKi4gcdvU.jpg,드라마,MBC,57,4,3.1653,이보영|진이한|이태성|배종옥|김유빈,1
애타는 로맨스,"원나잇 스탠드로 만난 두 남녀가 3년 후 우연히 워커홀릭 까칠 본부장과 그의 회사 사내식당 신참 영양사로 재회하게 되며 벌어지는 이야기를 담아낸 로맨틱 코미디 드라마. 카사노바 같은 방탕한 삶을 살아가던 대복그룸 후계자 차진욱! 보다 못한 그의 아버지 차대복 회장은 진욱을 대복 리조트 벨보이로 유배보낸다. 한편 모태솔로 철벽녀이자 영양사를 꿈꾸는 이유미. 그녀는 엄마 미희의 두 번째 결혼식에 참석하기 위해 대복 리조트로 향하게 되고, 그들의 악연이 시작되는데...",TRUE,2017-04-17,Scripted,https://image.tmdb.org/t/p/w500/5mgswqldMjiyy2nKm3zsAdHb4a.jpg,코미디|드라마,OCN,13,7.2,4.2983,성훈|송지은|김재영|김시영|임도윤,1
앨리스,죽음으로 인해 영원한 이별을 하게 된 남녀가 시간과 차원의 한계를 넘어 마법처럼 다시 만나게 되면서 벌어지는 이야기,TRUE,2020-08-28,Scripted,https://image.tmdb.org/t/p/w500/zdg4heywIdgeLS3bKEU5Y5lKKkY.jpg,Sci-Fi & Fantasy,SBS|wavve,16,7.224,3.5195,김희선|주원|곽시양|최원영|이다인,1
야식남녀,갑작스러운 아버지의 사고와 동업하던 형의 예고 없는 잠적으로 가게까지 빼앗길 위기에 처한 셰프 박진성. 하루 안에 프로그램 출연자를 구하지 못하면 입봉은커녕 책상을 뺄 것이라는 말도 안 되는 미션을 받은 예능국 피디 김아진. 절망 끝에 몰린 두 청춘의 선택은?,TRUE,2020-05-25,Scripted,https://image.tmdb.org/t/p/w500/5vRYCP0UY7wvYj71OxHdDMMvmmD.jpg,드라마|코미디,JTBC,12,5.8,2.4272,정일우|강지영|이학주|김승수|김수진,1
야한 사진관,계약에 묶여 집안 대대로 죽은 사람의 사진을 찍어주는 고독한 사진사 서기주가 그를 죽음으로부터 지켜주는 여자 한봄을 만나 삶과 죽음을 함께 맞닥뜨리며 삶의 소중함을 깨닫는 힐링 로맨스,TRUE,2024-03-11,Scripted,https://image.tmdb.org/t/p/w500/deI76xMRl5WSgWTUFVCVu1pmYzL.jpg,Sci-Fi & Fantasy|드라마,ENA,16,8.05,5.328,주원|권나라|유인수|음문석|박기웅,1
약한영웅,"연시은은 공부 외엔 관심이 없지만 걸어온 싸움을 피하지도 않는다. 타고난 두뇌로 유리한 상황을 만들고 주변 도구를 활용하여 자신을 보호하던 시은이지만 혼자이기에 결국 위기가 닥치고, 그 순간 또 다른 아웃사이더 안수호와 전학생 오범석의 도움을 받는다. 그렇게 정글 같은 학교에서 살아남기 위해 따로 또 같이 싸우던 이들 사이에 묘한 우정이 싹튼다.",TRUE,2022-11-18,Scripted,https://image.tmdb.org/t/p/w500/jXd83QZhBDAFno4OGqHcMMDs56i.jpg,Action & Adventure|드라마,Netflix|wavve,8,8.684,42.3738,박지훈|최현욱|홍경|이연|유수빈,1
얄미운 사랑,초심을 잃은 국민배우와 정의실현에 목매는 연예부 기자의 디스전쟁! 팩트폭격! 편견타파! 드라마,TRUE,2025-11-03,Scripted,https://image.tmdb.org/t/p/w500/rzBSOFKqayEEIUwZJyWcg3Fb1th.jpg,코미디|드라마,tvN,16,7.697,8.1877,이정재|임지연|김지훈|서지혜|최귀화,1
어게인 마이 라이프,"대한민국 정치계의 절대 권력자 조태섭 의원을 수사하다 살해당한 검사 김희우. 죽음의 문턱에서 만난 저승사자가 준 기회를 잡고 새 삶을 얻게 되는데... 인생 2회차, 능력치 만렙 열혈 검사의 절대 악 응징기.",TRUE,2022-04-08,Scripted,https://image.tmdb.org/t/p/w500/6JufbC8LHfjd8ptDrYOTIub97Xa.jpg,드라마|범죄|미스터리,SBS,16,8,5.8442,이준기|김지은|이경영|정상훈|차주영,1
어느 날 우리 집 현관으로 멸망이 들어왔다,사라지는 모든 것들의 이유가 되는 존재 멸망과 사라지지 않기 위해 목숨을 건 계약을 한 인간 동경의 아슬아슬한 목숨담보 판타지 로맨스,TRUE,2021-05-10,Scripted,https://image.tmdb.org/t/p/w500/9szerhScQy1QVNgkTmAwsF62nGo.jpg,드라마|Sci-Fi & Fantasy|코미디,tvN,16,7.929,9.0326,박보영|서인국|이수혁|강태오|신도현,1
어느 멋진 날,"이 드라마는 사랑 이야기다. 또 사랑타령이야~ 하겠지만 맞다. 또 사랑타령이다. 어쩌면 가장 전형적이고 진부한 사랑이야기가 될지도 모르겠다 그렇다면 왜 또 굳이 닳고 사랑이야기냐 하고 묻는다면.. 그럼에도 불구하고 사랑은 여전히 흥미로운 이야기이고, 또 생각해보면 제대로 된 사랑이야기는 그닥 많지 않았고, 아직도 사람들은 사랑이라는 것에 기대하는 무언가가 있기 때문이다. 이 드라마에는 각기 심장(사랑)에 문제를 안고 있는 인물들이 나온다. 애초부터 자신에게는 심장이 없다고 생각하는 남자와 자신의 심장은 바로 이 남자라고 생각하는 여자와 사랑하는 이를 잃은 뒤로는 심장박동이 멈췄다고 생각하는 또 다른 남자와 이들 모두에게 다시금 강한 심방박동을 뛰게 하는 여려 보이지만 누구보다도 강한 심장을 가진 한 여자의 이야기가 이 드라마의 중심내용이다.  이 네사람.. 특히 두 남녀 주인공에게는 죽을만치 가혹한 시련들이 기다리고 있다. 그래서 이들의 사랑이 아예 시작되지 말았어야 했다고 혀를 차는 이들도 간혹 생길지 모르겠다... 하지만 바램이라면 이 드라마가 진행되는 동안 보는 이들 모두가 감히 운명이라는 시련에 맞서 힘겹게 싸우는 주인공들이 꼭 사랑을 이뤘으면..응원하게 되고 이들에게만은 운명이 한번즘은 눈감아줬으면... 바라게 되고 저런 사랑이라면 죽을만큼 호된 고통도 기꺼이 감내하고 싶다는 생각이 들었으면 하는 거다. 그래서 이 드라마가 끝날 즈음에는 사랑에 대한 흥미와 갈증과 기대치가 모두에게 충족되었으면 한다.",TRUE,2006-05-31,Scripted,https://image.tmdb.org/t/p/w500/6Ks55HqnpUVCJWtlMDw6BruqchL.jpg,드라마,MBC,16,5.6,2.16,공유|성유리|정동환|안연홍|남궁민,1
어비스,"서로 다른 사고로 이른 나이에 죽은 두 남녀. 그런데 두 사람이 완전히 달라진 외모로 살아난다. 그리고 그들 앞에 닥친 새로운 목표. 자신을 죽인 살인마를 찾아야 한다. 인성부터 재력까지 모든 게 완벽하지만, 딱 하나 외모가 모자란 차민은 자신의 외모를 비관하며 자살을 시도한다. 죽음의 문턱 앞에서 어비스를 마주한 차민은 완전히 다른 모습으로 태어나고... 한편 서울지검의 에이스이자 초미녀 검사로 명성이 자자한 고세연. 엄산동 연쇄살인 사건의 실마리를 찾는데...",TRUE,2019-05-06,Scripted,https://image.tmdb.org/t/p/w500/nwUNLG77EUjysAvtxpWd0l619ep.jpg,코미디|Sci-Fi & Fantasy|미스터리|드라마,Netflix|tvN,16,8.1,5.172,박보영|안효섭|이성재|이시언|송상은,1
어서와,"인간 남자로 변신하는 고양이 홍조와 강아지 같은 인간 여자 솔아의 미묘한 설렘을 다루는 판타지 로맨틱 코미디 드라마. 재선의 헤어진 여자친구의 고양이를 맡게 된 솔아. 한편, 고양이 홍조는 사람이 되고 싶다고 생각한 순간 정말로 사람이 되어버리는데... 도대체 왜, 어떻게 해야 사람이 되는지 이유를 알 수 없다. 그러나, 솔아의 곁에서 계속 사람이 되고, 바로 이 사람이 나를 사람으로 만든다.",TRUE,2020-03-25,Scripted,https://image.tmdb.org/t/p/w500/w1OMN8aFc0dNJxAgYzPBxcK5Xqs.jpg,코미디|드라마,KBS2,24,6.92,4.3482,엘|신예은|서지훈|윤예주|강훈,1
어쨌든 서른,"서른 살의 첫날을 앞두고 일과 사랑, 모두를 잃어버린 지독히도 안 풀리는 스타일리스트 서은. 그렇게 남 탓과 원망으로 일관하던 중 뜻밖의 인물들을 만나게 되고 그들과의 관계를 통해 한 걸음 성장해 나가는 과정을 따뜻하게 그려낸 드라마.",TRUE,2025-01-23,Scripted,https://image.tmdb.org/t/p/w500/i2bdpMT2hUMmMcZ8oMbEFgkGfgY.jpg,코미디|드라마,Dramax,5,0,1.3568,송지은|박기웅|알렉스|한아름별|김민형,1
어쩌다 발견한 하루,"여고생 단오가 정해진 운명을 거스르고 사랑을 이뤄내는 본격 학원 로맨스 드라마. 여고생 단오(김혜윤)의 일상이 뒤집힌다! 어쩌다 발견한 이 세상이 순정만화 속이란 사실! 그럼 여자주인공인 나와 운명적인 사랑을 할 남자주인공은 누구?! 순정만화 주인공들의 썸에 이용되기만 하는 엑스트라 단오(김혜윤). 약혼자 백경(이재욱)에겐 상처만 받는데, 그때 단오를 구해주러 나타난 한 남학생의..넓은 등짝?",TRUE,2019-10-02,Scripted,https://image.tmdb.org/t/p/w500/2aOnQZujbBHy0v54bBoPXpweUrm.jpg,Sci-Fi & Fantasy|코미디|Action & Adventure|드라마,MBC,32,8,6.9129,김혜윤|로운|이재욱|이나은|정건주,1
언더더건,'Under the Gun!' 모두들 건이의 아래로. 풋풋하지만 아슬아슬한 K-하이틴 로맨스,TRUE,2024-04-12,Scripted,https://image.tmdb.org/t/p/w500/jtcuXy8GfqHHpmLAO23TAS3AmK8.jpg,드라마,,6,7,2.2476,주호|조수민|서지원|지수민,1
언더커버 미쓰홍,IMF로 뒤숭숭했던 1990년대 세기 말 오직 일만 아는 35세 엘리트 증권감독원 감독관 홍금보가 타고난 '동안 외모'를 이용해 수상한 자금의 흐름이 포착된 증권사에 20세 고졸 여사원으로 위장취업하면서 벌어지는 일들을 담은 레트로 오피스 코미디,TRUE,2026-01-17,Miniseries,https://image.tmdb.org/t/p/w500/nJ0gSaXfoiPFngy1ulCCuxsKt0q.jpg,범죄|코미디|드라마,tvN,16,8.455,12.6148,박신혜|고경표|하윤경|조한결|유나,1
언제나 봄날,조건을 쫓는 사랑과 순수한 사랑의 대비를 통해 요즘 젊은 세대의 사랑과 결혼에 대한 인식과 세태를 현실적으로 조명하고 사랑과 결혼의 진정한 의미에 대한 드라마,TRUE,2016-10-31,Scripted,https://image.tmdb.org/t/p/w500/7Jipb6oPCyRRP1yVTs1keratolE.jpg,드라마,MBC,122,5.5,2.6891,오미연|권현상|선우재덕|최수린|강별,1
얼어죽을 연애따위,"20년 절친 여름(이다희)과 재훈(최시원)이 뜻하지 않게 막장 연애 리얼리티쇼 PD와 출연자로 만나, 뜻밖의 연애 감정을 느끼게 되는 현실 생존 로맨스.",TRUE,2022-10-05,Scripted,https://image.tmdb.org/t/p/w500/9l01xYsoHxuFTLcS5mJmFyrvw1K.jpg,드라마|코미디,ENA,16,5.4,2.9766,이다희|최시원|조수향|박연우|이주연,1
엄마친구아들,오류난 인생을 재부팅하려는 여자와 그 여자의 살아있는 흑역사인 '엄마 친구 아들'이 벌이는 로맨틱 코미디,TRUE,2024-08-17,Scripted,https://image.tmdb.org/t/p/w500/39JcptCyPz5AEFRtWruQzHDvKE.jpg,드라마|코미디,tvN,16,7.9,15.187,정해인|정소민|김지은|윤지온|박지영,1
에이틴,"지나온 10대를 이야기하는 것은 쉽지만, 우린 지금 처음으로 10대를 보내고 있으니까. 고민 없을 나이라고 하기엔 모든 순간이 너무 진심이었으니까. 10대 공감 로맨스 웹드라마.",TRUE,2018-08-01,Scripted,https://image.tmdb.org/t/p/w500/3JeSZN5DOFTnRzC35ezQwyI7KLo.jpg,코미디|드라마,V LIVE|NAVER TV,24,6.615,4.6011,신예은|이나은|김동희|신승호|수현,1
엑스엑스,"스픽이지 바에서 일하는 업계 최고 바텐더가 뜻하지 않게 주변 커플의 문제를 해결해가면서 자신의 과거 사랑에 대한 상처를 극복하는 이야기. 5년 전 절친이었던 나나와 루미. 둘은 과거 한 사건 때문에 절교했다. 그 사이 루미는 업계 1위 바 ‘넘버 A’의 사장이 되었고, 나나는 스픽이지 바 ‘XX’의 헤드바텐더가 되었다. 최근 ‘넘버 A’의 매출 부진으로 자존심이 상한 루미는 능력 있는 바텐더를 알아보던 중, 다른 바의 사장들이 탐내는 바텐더가 나나라는 사실을 알게 되는데...",TRUE,2020-01-24,Scripted,https://image.tmdb.org/t/p/w500/gvIcj1mJsVH53pNWi8thkbkDbtx.jpg,드라마,MBC|NAVER TV|V LIVE,10,7.4,4.2807,하니|황승언|배인혁|이종원|신재휘,1
엔젤 아이즈,아픈 가족사 때문에 첫 사랑을 떠나보낸 남녀 주인공이 12년 후 재회하면서 벌어지는 이야기,TRUE,2014-04-05,Scripted,https://image.tmdb.org/t/p/w500/342Qs3tsCEQehSKf5Qo8lZMaopD.jpg,드라마|로맨스,SBS,20,6.704,9.723,이상윤|구혜선|강하늘|남지현|김지석,1
여름향기,"사랑이란 무엇일까? 대뇌에서 옥시토신 등 화학물질이 이루는 정신상태가 사랑이라고 합니다. 사랑은 길어야 30개월이 지속된다고 합니다. 시간이 지나면 항체가 생겨서 효과가 사라지기 때문이라고 합니다. 과학적으로 설명하는 사랑은 단지 호르몬! 한 방울의 작용일 수 있고, 참으로 무미건조합니다. 그러나 어느 날 덜커덩 가슴속으로 들어온 사랑의 힘은, 운명적이고 평생을 살아가는 힘이 되기도 합니다. 사랑이 한없이 가벼워지는 시대에 ""가슴으로 하는 운명적인 사랑의 힘에 대해서 말하고 싶습니다."" 그래서 이 드라마가 젊은 사람들에겐 열쇠를 따지는 사랑의 하드웨어인 조건적인 사랑이 아니라 사랑의 소프트웨어인 가슴의 콩닥거림 그 설레임에 대해서 생각해볼 수 있다면 좋겠습니다. 그리고 사랑은 이미 남의 일인 듯 생활에 찌들어 살고 있는 사람들에겐 이 시대를 살아가면서 하루치의 절망과 슬픔, 고단한 삶의 무게를 이기는 힘 역시 사랑이란 값진 무형의 재산이었다는 것을, 그리고 나에게도 그런 사랑이 있었던가 한 번쯤 돌이켜 볼 수 있는 계기가 된다면, 퍽퍽한 이 세상도 조금은 살만한곳이 되지 않을까 하는 마음으로 이 드라마를 기획합니다.",TRUE,2003-07-07,Miniseries,https://image.tmdb.org/t/p/w500/9JYABB0yhbSZNuBXocDKZkqyjP4.jpg,드라마,KBS2,20,8.4,3.691,손예진|송승헌|한지혜|류진|하재영,1
여우각시별,비밀을 가진 의문의 신입과 애틋한 사연을 가진 사고뭉치 1년 차가 인천공항 내 사람들과 부딪히면서 서로의 결핍과 상처를 보듬는 휴먼멜로,TRUE,2018-10-01,Scripted,https://image.tmdb.org/t/p/w500/qLRj8HA4guayHay12BcTC0q88hL.jpg,드라마,SBS,32,7.4,6.1456,이제훈|채수빈|이동건|김지수|김경남,1
여우야 뭐하니,판타지적 사랑을 꿈꾸는 노처녀와 아홉살 연하의 친구 동생과의 로맨스를 그린 드라마,TRUE,2006-09-20,Scripted,https://image.tmdb.org/t/p/w500/o39neO3KUnWormZ8Y279kBrHUD8.jpg,드라마|코미디,MBC,16,5,2.4987,고현정|천정명|조연우|손현주,1
여인의 향기,시한부 판정을 받은 여자와 그녀를 사랑하게 된 남자가 행복한 죽음과 행복한 삶에 대한 해답을 찾아가는 여정이다.,TRUE,2011-07-23,Scripted,https://image.tmdb.org/t/p/w500/oRffoX48mo1LtsqyuTsJJuqZETA.jpg,코미디|드라마,SBS,18,8.048,1.9318,김선아|이동욱|엄기준|서효림|김혜옥,1
여인천하,운명에 맞서 처절하게 살다 간 정난정의 파란만장한 일생을 그린 드라마,TRUE,2001-02-05,Scripted,https://image.tmdb.org/t/p/w500/xKZYsoFSraAfg0Ri6ismmqYgSWD.jpg,드라마|War & Politics,SBS,151,6.5,3.0144,강수연|전인화|박상민|김정은|이덕화,1
역도요정 김복주,"바벨만 들던 스물한 살 역도선수 김복주에게 닥친 폭풍 같은 첫사랑을 그린 감성 청춘 드라마. 바벨만 들던 스무살 역도선수 김복주에게 폭풍 같은 첫사랑이 닥친다. 그녀, 굳은 살 박힌 제 손이 처음으로 부끄럽다. 그녀, 사랑 앞에 처음으로 여자이고 싶다. 꿈과 목표를 향해 달려가는 체대생들의 치열한 인생 성장기, 서툰 천사랑에 관한 에세이. 우리 모두 그 지점을 지나왔다. 청춘을 응원한다.",TRUE,2016-11-16,Scripted,https://image.tmdb.org/t/p/w500/ssKVvJM341QiRdBmj8fOAOcpYdl.jpg,코미디|드라마,MBC,16,8.498,7.5096,이성경|남주혁|이재윤|경수진|최웅,1
연모,"죽은 오빠 대신 남장을 하고 왕세자로 살아가는 쌍둥이 여동생. 궁녀에게 철벽을 치며 문무에 전념하려는 중인데, 이를 어째. 세자 교육을 맡은 남자에게 자꾸 눈길이 가. 이거 혹시, 사랑?",TRUE,2021-10-11,Scripted,https://image.tmdb.org/t/p/w500/11zesPrRj06jiAx1lIVcg5ykQH5.jpg,드라마,KBS2,20,8.096,8.0787,박은빈|로운|남윤수|배윤경|최병찬,1
연애 말고 결혼,억지로 결혼을 강요받는 남자 주인공이 집안을 포기시킬 목적으로 절대 집안에서 허락할 것 같지 않은 지방대 출신 명품 판매장 직원을 애인으로 소개하면서 벌어지는 일을 그린 드라마,TRUE,2014-07-04,Scripted,https://image.tmdb.org/t/p/w500/tUsL6QmMBsBadI9IIjIHED6X3yk.jpg,코미디|드라마,tvN,16,7.7,5.2755,연우진|한그루|정진운|한선화|허정민,1
연애는 귀찮지만 외로운 건 싫어!,"연애는 하고 싶은데 심각한 건 부담스럽고, 자유는 누리고 싶은데 외로운 건 싫은 젊은이들이 코리빙하우스에 모여 살면서 벌어지는 이야기를 그린 로맨스 드라마",TRUE,2020-08-11,Scripted,https://image.tmdb.org/t/p/w500/rhWpQYPEeBQ1YtWxN33lfgvpzRC.jpg,드라마|코미디,MBC every1,10,5.5,2.1259,지현우|김소은|박건일|김산호|공찬,1
연애미수,태어나서 연애 그거 한 번 해보고 싶다는 건데 왜 나만 안되는 걸까. 그래서 18년 인생을 건 도박 같은 고백을 던져보려 한다. 연애 못하는 이유가 충만한 '연애 미수범'들의 로맨스 아닌 청춘 코믹 드라마,TRUE,2019-11-08,Scripted,https://image.tmdb.org/t/p/w500/zZs9i9tNHkv6JCU14umfH7vq3yo.jpg,드라마,MBC|V LIVE,10,6.5,1.7285,손상연|양혜지|신윤섭|조기성|박지원,1
연애시대,이혼한 20대 부부가 이혼한 뒤 오히려 사랑을 느끼고 연애를 시작한다는 내용의 드라마,TRUE,2006-04-03,Miniseries,https://image.tmdb.org/t/p/w500/xdouJIGDVVixnrE7kfooxe9IO7z.jpg,드라마,SBS,16,8.9,3.2798,손예진|감우성|이하나|이진욱|김갑수,1
연애의 발견,과거 남자친구와의 연애를 끝내고 새로운 사랑을 시작한 여자 앞에 자신의 잘못을 반성한 옛 남자친구가 돌아오며 발생하는 세 남녀의 사랑이야기를 그린 드라마,TRUE,2014-08-18,Scripted,https://image.tmdb.org/t/p/w500/eNvEUIEcb5FqjrjuQHlUcEV0Wwu.jpg,코미디|로맨스,KBS2,16,7.1,2.3658,에릭|정유미|성준|윤진이|김슬기,1
연애조작단: 시라노,연애에 서투른 사람들을 대신해 사랑을 이뤄주는 '연애조작단'을 중심으로 사랑과 연애에 대한 달달한 이야기를 그린 드라마,TRUE,2013-05-27,Scripted,https://image.tmdb.org/t/p/w500/xFBUxsMeYqPpdgEUQi5zJm9qxhf.jpg,코미디,tvN,16,6.5,2.7531,이종혁|최수영|이천희|홍종현|조윤우,1
연애혁명,"까칠한 정보고 여신 왕자림에게 한눈에 반한 애교 많고 사랑스러운 공주영 커플을 중심으로 펼쳐지는 10대들의 연애와 우정, 꿈 등 그들만의 좌충우돌을 담아낸 신개념 개그 로맨스",TRUE,2020-09-01,Scripted,https://image.tmdb.org/t/p/w500/rfi3oqC3twmi1NtDblln9HWDHon.jpg,드라마|코미디,Kakao TV,30,7.155,4.0841,박지훈|이루비|영훈|정다은|다영,1
열녀박씨 계약결혼뎐,죽음을 뛰어넘어 2023년 대한민국에 당도한 19세기 욕망 유교걸 박연우와 21세기 무감정 끝판왕 강태하의 금쪽같은 계약 결혼 이야기. 김너울의 동명 웹소설 원작.,TRUE,2023-11-24,Miniseries,https://image.tmdb.org/t/p/w500/f7GLHoUe9BhxyPfX4vk1bfuUPL2.jpg,드라마|Sci-Fi & Fantasy,MBC,12,7.539,5.945,이세영|배인혁|주현영|유선호|조복래,1
열두밤,세 번의 여행 동안 열두 번의 밤을 함께 보내는 두 남녀의 여행 로맨스를 그린 드라마,TRUE,2018-10-12,Scripted,https://image.tmdb.org/t/p/w500/jSDKoHwHb87wwUfOQJqG2Rn3mcw.jpg,드라마,Channel A,12,5.5,1.628,한승연|신현수|장현성|김도완|예수정,1
열여덟의 순간,위태롭고 미숙한 'Pre-청춘'들의 세상을 있는 그대로 들여다보는 감성 청춘 드라마. 학교 폭력으로 한순간에 꼬여버린 학교생활. 그리고 떠나왔지만 꼬리표처럼 달린 온갖 사회의 선입견과 편견들. 또다시 도망간 곳에서 만나게 되는 악연과 인연. 그리고 첫사랑. 어떻게 되든 상관없는 인생이라고 생각했지만 자꾸만 스멀 스멀 살게 만드는 삶의 의지와 그것을 함께 견뎌나가는 준우의 친구들의 이야기,TRUE,2019-07-22,Scripted,https://image.tmdb.org/t/p/w500/ai6BMxQ8PhO7rvJnNDgaHjCTMvh.jpg,드라마|코미디,JTBC,16,6.8,5.0202,옹성우|김향기|신승호|강기영|심이영,1
열혈사제,분노조절장애 가톨릭 사제와 구담경찰서 대표 형사가 늙은 신부 살인사건으로 만나 어영부영 공조 수사에 들어가고 만신창이 끝에 일망타진하는 이야기,TRUE,2019-02-15,Scripted,https://image.tmdb.org/t/p/w500/nzsDgkEp6xXWxf6sKs5JdQxheQj.jpg,범죄|코미디|드라마,SBS,40,8.231,8.6704,김남길|이하늬|김성균|고준|금새록,1
엽기적인 그녀,"까칠한 도성 남자의 대표주자 견우와 조선의 문제적 그녀가 펼치는 예측 불허 로맨스 드라마. 새로운 배경에서 새로운 시각으로 펼쳐지는 견우와 그녀의 러브스토리! 누구도 상상하지 못했던 사극판 엽기적인 그녀가 펼쳐진다. 배경을 조선시대로 옮겨 새로운 스토리와 갈등을 입히고 지하철 구토 씬 등 원작을 대표하는 장면들을 재구성해 원작을 본 사람에게도, 못 본 사람에게도 흥미진진한 드라마를 만들고자 한다. 조선의 꽃청춘 견우와 그녀의 달콤한 로맨스는 물론, 한양 청춘들의 쫄깃한 연애담까지! 눈과 마음이 모두 화사해지는 업그레이드된 청춘사극!",TRUE,2017-05-29,Scripted,https://image.tmdb.org/t/p/w500/eT8IV1nERJq3IvpOQwNOgTvVjCh.jpg,코미디|드라마,SBS,32,6.2,8.7651,주원|오연서|이정신|김윤혜|곽희성,1
영광의 재인,순수 자뻑남 김영광과 절대 긍정녀 윤재인의 행복 여정기,TRUE,2011-10-12,Scripted,https://image.tmdb.org/t/p/w500/yLJBLnl70HyD4Kx6PyhWXVh7KDT.jpg,코미디|드라마|로맨스,KBS2,24,5.7,3.3327,박민영|천정명|이장우|이진|손창민,1
영혼수선공,"마음이 아픈 사람을 ‘치료’하는 것이 아닌 ‘치유’하는 것이라고 믿는 정신의학과 의사들의 이야기를 담은 마음 처방극. 은강 종합병원 정신과 의사 이시준(신하균)은 괴짜라는 별명을 달고 산다. 환자의 다리를 자르려고 하지 않나, 가짜 경찰 행세를 하는 환자와 어울려주기도 한다. 그러던 어느날 경찰이 되고 싶어하는 환자가 탈원하여 뮤지컬배우 한우주(정소민)를 시상식에서 체포하는 일이 일어나는데...",TRUE,2020-05-06,Miniseries,https://image.tmdb.org/t/p/w500/mFdzrVxHe2Zzrvj4JjQwncEyHnO.jpg,드라마,KBS2,32,6.7,3.68,신하균|정소민|박예진|장유상|정해균,1
예쁜남자,동명의 만화를 원작으로 제작하는 드라마로 완벽한 외모를 가진 남자가 사랑을 찾는 이야기.,TRUE,2013-11-20,Scripted,https://image.tmdb.org/t/p/w500/v62mZ1sqD7E8ZqakF1iILhK7I22.jpg,코미디|드라마,KBS2,16,5.1,2.38,장근석|이지은|이장우|한채영|김보연,1
오 나의 귀신님,처녀 귀신이 빙의된 자신감 제로의 소심녀 나봉선과 귀신 따위는 믿지 않는 자뻑 셰프 강선우가 펼치는 오컬트 로맨틱 코미디 드라마,TRUE,2015-07-03,Scripted,https://image.tmdb.org/t/p/w500/w7XIVxzO2PZYyZWzWonhpgN1bYF.jpg,코미디|Sci-Fi & Fantasy|Soap,tvN,16,8.094,4.9658,박보영|조정석|임주환|김슬기|곽시양,1
오 마이 금비,"아동 치매에 걸린 딸, 금비와 그 딸을 보살피는 아빠, 휘철의 이야기",TRUE,2016-11-16,Scripted,https://image.tmdb.org/t/p/w500/1MSiSC55NTGjbE18oDXYttFxyqH.jpg,가족|드라마,KBS2,16,7.9,1.2881,오지호|허정은|박진희|오윤아|이인혜,1
오 마이 레이디,평범한 아줌마가 톱스타의 매니저가 되면서 벌어지는 로맨틱 코미디 드라마다.,TRUE,2010-03-22,Scripted,https://image.tmdb.org/t/p/w500/k0lelTiB2feYC6fxQMdUg7A5bOP.jpg,코미디|드라마|로맨스,SBS,16,7,2.7847,채림|최시원|문정희|박한별|김희원,1
오 마이 비너스,"21세기 비너스에서 고대 비너스(?) 몸매가 되어 버린 여자 변호사와 세계적으로 유명한 헬스트레이너인 남자, 극과 극인 두 남녀가 만나 비밀 다이어트에 도전하면서 내면의 상처를 치유하는 과정을 그린 헬스힐링 로맨틱 코미디",TRUE,2015-11-16,Scripted,https://image.tmdb.org/t/p/w500/hWIH7pU2By9uJoA91zgmplM3BtM.jpg,코미디|드라마,KBS2,16,8.11,6.7555,소지섭|신민아|정겨운|유인영|성훈,1
오! 주인님,연애를 '안' 하는 남자와 연애를 '못' 하는 여자의 심장밀착 반전 로맨스,TRUE,2021-03-24,Scripted,https://image.tmdb.org/t/p/w500/iuArdfVKT6YpRTq5nkyDC9HnveJ.jpg,코미디|드라마,MBC,16,5.5,2.8299,이민기|나나|강민혁|이휘향|선우재덕,1
오늘도 사랑스럽개,"키스를 하면 개로 변하는 저주에 걸린 여자와, 그 저주를 풀 수 있는 유일한 치트키지만 개를 무서워하는 남자의 댕며드는 예측불허 판타지 로맨스 드라마",TRUE,2023-10-11,Scripted,https://image.tmdb.org/t/p/w500/v3NqMcK3tkUXHSpWs0UYVdUruXD.jpg,드라마|코미디|Sci-Fi & Fantasy,MBC,14,8.343,7.4126,이현우|윤현수|류아벨|조진세|이서엘,1
오늘의 웹툰,"매일 [오늘의 웹툰]을 업로드하기 위한 웹툰 업계의 다이나믹 오피스 라이프, 그 세계에 발을 들인 유도 선수 출신 새내기 웹툰 편집자 온마음의 레벨업 성장기",TRUE,2022-07-29,Scripted,https://image.tmdb.org/t/p/w500/7UVBPNeztd75Pwfff9AP4cJtSzm.jpg,코미디|드라마,SBS,16,6.5,6.3736,김세정|남윤수|최다니엘|고창석|장성윤,1
오랫동안 당신을 기다렸습니다,살인사건의 진범을 쫓던 형사가 가족의 감춰진 비밀과 욕망을 마주하게 되는 진실 추적극,TRUE,2023-07-26,Scripted,https://image.tmdb.org/t/p/w500/ohhiUAm75STvI9IFs7qXAeD4RHh.jpg,미스터리|드라마|범죄,ENA,14,6.3,2.6823,나인우|김지은|권율|배종옥|이규한,1
오로라 공주,대기업 일가 고명딸 오로라가 누나 셋과 함께 사는 완벽하지만 까칠한 소설가 황마마를 만나게 되면서 벌어지는 당돌하고도 순수한 사랑 이야기,TRUE,2013-05-20,Scripted,https://image.tmdb.org/t/p/w500/4b3vV9NOxxqyYKisj89mZJF9XGi.jpg,코미디,MBC,150,0,4.7019,전소민|오창석|서하준|김보연|손창민,1
오버 더 레인보우,무대를 향한 가수 지망생들의 욕망과 질주를 그린 드라마,TRUE,2006-09-25,Scripted,https://image.tmdb.org/t/p/w500/dPBzH69dezNe29B4CJaDwnlwLCv.jpg,드라마,MBC,16,4,2.2959,지현우|서지혜|환희|김옥빈|최권,1
오십프로,"평범해 보이지만 치명적인 세 아저씨, 운명이 이들을 다시 움직이게 만든다. 인생의 50%를 산 50대 프로들의 현실 밀착 액션 코믹물로 주위에서 흔히 볼 수 있는 짠하디짠한 세 중년들의 일상, 왕년에 잘 나갔던 만큼 더 슬픈 아저씨들의 현실 코미디",TRUE,2026-05-22,Miniseries,https://image.tmdb.org/t/p/w500/eu8AhC5qzPgbKclpPWMF6qkCDL8.jpg,Action & Adventure|코미디|드라마,MBC,12,6.278,9.9932,신하균|오정세|허성태|김신록|이학주,1
오싹한 연애,"귀신을 보는 상속녀와 에이스 검사. 두 사람이 손잡으면 환상적인 시너지를 낸다는 사실을 알게 된 후, 미제 살인 사건을 해결하기 위해 의기투합한다.",TRUE,2026-07-18,Miniseries,https://image.tmdb.org/t/p/w500/zyK5BHhUl9NtAUFaKOpgCQWW9My.jpg,코미디|Sci-Fi & Fantasy|드라마,tvN,12,8.722,20.0611,박은빈|양세종|옹성우|조혜주|백지원,1
오월의 청춘,"1980년 5월, 역사의 소용돌이 한가운데 운명처럼 서로에게 빠져버린 희태와 명희의 아련한 봄 같은 사랑 이야기를 담은 레트로 휴먼 멜로드라마",TRUE,2021-05-03,Scripted,https://image.tmdb.org/t/p/w500/9hCEHk1iJfZEq4Ih2hHfeaKVrdF.jpg,드라마,wavve|KBS2,12,8.102,6.3971,이도현|고민시|이상이|금새록|오만석,1
오작교 형제들,서울 근교의 한 농장에서 친척들과 함께 살고 있는 네 아들을 둔 가족의 이야기. 황태희는 백자은이라는 소녀와 사랑에 빠진 셋째 아들이자 경찰이다. 백자은은 자신의 예쁜 외모만 믿고 화를 잘 내는 도도한 젊은 여성이다.,TRUE,2011-08-06,Scripted,https://image.tmdb.org/t/p/w500/fky7GudLQcj5mFDeGr9ZkumTOea.jpg,코미디|가족|드라마,KBS2,58,7,2.8782,유이|주원|백일섭|정웅인|김용림,1
오징어게임,빚에 쫓기는 수백 명의 사람들이 서바이벌 게임에 뛰어든다. 거액의 상금으로 새로운 삶을 시작하기 위해. 하지만 모두 승자가 될 순 없는 법. 탈락하는 이들은 치명적인 결과를 각오해야 한다.,TRUE,2021-09-17,Scripted,https://image.tmdb.org/t/p/w500/yACIAqAkSLkX4coHafpyLWAtQjw.jpg,Action & Adventure|미스터리|드라마,Netflix,9,7.854,45.5956,이정재|위하준|이병헌|정호연|박해수,1
오프닝,CJ ENM의 신인 스토리텔러 지원사업 '오펜(O'PEN)' 공모전에서 당선된 10개 작품으로 구성되는 드라마 프로젝트. 숏폼부터 단만극까지 신인 작가들의 새로운 이야기를 만날 수 있는 프로그램,TRUE,2022-05-02,Scripted,https://image.tmdb.org/t/p/w500/pwhE0o3j7kVvmFk6fahpzS5Fu2d.jpg,코미디|드라마,tvN|TVING,14,6.3,4.8041,추영우|이시우|류해준|박미현|성유빈,1
옥씨부인전,"이름도, 신분도, 남편도 모든 것이 가짜였던 외지부 옥태영과 그를 지키기 위해 목숨까지 걸었던 예인 천승휘의 치열한 생존 사기극",TRUE,2024-11-30,Scripted,https://image.tmdb.org/t/p/w500/g5vriJY8b7JLna3qYv2ksWFRR4.jpg,드라마,JTBC,16,8.5,7.1984,임지연|추영우|연우|김재원|성동일,1
옥탑방 왕세자,조선의 세자빈이 사망했다. 그녀를 깊이 사랑했기에 죽음에 숨겨진 비밀을 파헤치리라 다짐하는 왕세자. 그의 절실함에 하늘도 감명했던 것일까. 그가 300년의 세월을 날아 현대로 왔다. 그리고 여기에 세자빈과 똑같이 생긴 여인이 있다!,TRUE,2012-03-21,Scripted,https://image.tmdb.org/t/p/w500/zqa9p6L4Aki9VJquCexwwaarLTQ.jpg,코미디|드라마|Sci-Fi & Fantasy,SBS,20,7.5,4.419,박유천|한지민|정유미|김소현|이태성,1
온에어,"여배우와 그녀의 매니저, 그리고 드라마 PD와 작가. 한 드라마 촬영을 계기로 얽히게 된 네 남녀가 방송 제작의 험난한 현실을 헤쳐 나간다.",TRUE,2008-03-05,Scripted,https://image.tmdb.org/t/p/w500/aVODFTjNyy5XmQcZzEBvUSjzhmt.jpg,드라마,SBS,21,7,4.2112,김하늘|박용하|이범수|송윤아|이형철,1
옷소매 붉은 끝동,자신이 선택한 삶을 지키고자 한 궁녀와 사랑보다 나라가 우선이었던 제왕의 애절한 궁중 로맨스 기록,TRUE,2021-11-12,Scripted,https://image.tmdb.org/t/p/w500/uNwgSae0mzrY5X86Ret0lwd5glJ.jpg,드라마,MBC,17,7.547,7.5937,준호|이세영|강훈|이덕화|박지영,1
완벽한 가족,누가 봐도 행복하고 완벽해 보이는 선희네 가족이 어느 날 선희 친구 경호의 죽음으로 겪게 되는 이야기. 냥빠 & 주은의 동명 웹툰 원작,TRUE,2024-08-14,Scripted,https://image.tmdb.org/t/p/w500/nCODaSrYdJOtWNtTi9uQJKh8mUD.jpg,드라마|미스터리,KBS2,12,8.3,4.1449,박주현|윤세아|김병철|엘|윤상현,1
완벽한 아내,드센 아줌마로 세파에 찌들어 살아오던 주인공이 예기치 못한 사건에 휘말리면서 잊었던 여성성을 회복하고 삶의 새로운 희망과 생기발랄한 사랑을 찾게 되기까지의 이야기를 그린 드라마,TRUE,2017-02-27,Scripted,https://image.tmdb.org/t/p/w500/rChLKD7KVfijlWi66MhMuf6BWdu.jpg,드라마,KBS2,20,6,5.5553,성준|고소영|조여정|윤상현|임세미,1
왔다! 장보리,"친딸과 양딸이라는 신분의 뒤바뀜으로, 극도의 갈등 상황에 놓이게 되는 두 딸과 두 어머니의 이야기. 엄마와 딸이 화해하고 진짜 가족이 되어가는 과정을 여주인공 장보리와 세 여자의 인생을 통해 보여주고자 한다.",TRUE,2014-04-05,Scripted,https://image.tmdb.org/t/p/w500/4KVEooJoUqtWXy1YqgBvMBvxynd.jpg,가족|드라마,MBC,52,6.2,3.9987,오연서|김지훈|이유리|오창석|김용림,1
왕은 사랑한다,"역사가 그려내지 못한 이야기. 우리나라 최초의 혼혈황인 충선왕. 역사는 그와 부친이었던 충렬왕, 모친이었던 원나라 원성공주에 대해서만 기록하고 있다. 건조한 기록에 따르면 그들은 조국이 달라서 갈등이 깊었고, 역사에 휘둘려 마음껏 사랑하기 어려웠던 가족이었다. 그렇게 태어나고 자라난 충선왕, 왕원에게 역사에 기록되지 못한 참으로 아름답고 처연한 인연이 있었다, 라는 가정에서 이야기는 시작된다. 사람을 사랑한다는 것에 대한 이야기, 두 남자와 한 여자의 사랑 이야기다. 사랑의 성공은 무엇일까? 한 남자가 한 여자를, 혹은 한 여자가 한 남자를, 다른 경쟁자를 물리치고 소유하게 되는 것? 소유를 넘어선 사랑에 대한 이야기를 그려보고자 한다. 한 사람이 다른 한 사람을 진정으로 사랑하는 법을 배워간다. 나를 위한 사랑이 아닌 너를 위한 사랑은, 그래서 더 아프고 깊을 것이다.",TRUE,2017-07-17,Scripted,https://image.tmdb.org/t/p/w500/s5GY3zAWXEuHMxuMfReogsYGGi4.jpg,드라마,MBC,40,4.3,4.6219,임시완|윤아|홍종현|박환희|오민석,1
왕이 된 남자,"잦은 변란과 왕위를 둘러싼 권력 다툼에 혼란이 극에 달한 조선 중기, 임금 ‘이헌’이 자신의 목숨을 노리는 자들로부터 벗어나기 위해 쌍둥이보다 더 닮은 광대 ‘하선’을 궁에 들여놓으며 펼쳐지는 이야기를 그린 드라마",TRUE,2019-01-07,Scripted,https://image.tmdb.org/t/p/w500/nsvmpVpV43IiwXu2demAl2pYviv.jpg,드라마|Action & Adventure,tvN,16,7.2,6.5814,여진구|이세영|김상경|정혜영|장광,1
왜 오수재인가,"‘살기 위해, 가장 위에서, 더 독하게’ 성공만을 좇다 속이 텅 비어버린 차가운 변호사 오수재와 그런 그녀를 지키기 위해서라면 무엇도 두렵지 않은 로스쿨 학생 공찬의 아프지만 설레는 이야기",TRUE,2022-06-03,Scripted,https://image.tmdb.org/t/p/w500/vvtGGm7qTLTio5uZXwLKbN1hqM6.jpg,드라마|미스터리,SBS,16,8.026,4.1716,서현진|황인엽|허준호|배인혁|이진혁,1
욕망의 불꽃,"어느 재벌가의 이야기를 통해 인간의 욕망과 파멸, 부와 권력에 대한 탐욕 등을 그린 드라마",TRUE,2010-10-02,Scripted,https://image.tmdb.org/t/p/w500/wIFXVt9jGN0LzSdebAgRrEok6X.jpg,드라마|코미디,MBC,50,5.3,8.0713,서우|이순재|유승호|성현아|조진웅,1
용의 눈물,이성계의 조선 개국에서부터 세종조에 이르는 파란만장한 시대의 역사를 재조명한 드라마,TRUE,1996-11-24,Scripted,https://image.tmdb.org/t/p/w500/jQezFqPQxFBef5BfjSx3GDWQ77Y.jpg,War & Politics|드라마,KBS1,159,0,5.1655,유동근|태민영|안재모|김무생|이민우,1
용팔이,'장소불문 · 환자불문' 고액의 돈만 준다면 조폭도 마다하지 않는 실력 최고의 돌팔이 외과의사 '용팔이'가 병원에 잠들어 있는 재벌 상속녀 '잠자는 숲속의 마녀'를 만나며 벌어지는 이야기를 그리는 스펙터클 멜로드라마,TRUE,2015-08-05,Scripted,https://image.tmdb.org/t/p/w500/a90EUA92M5UW1L16uOfqKYhCWQV.jpg,드라마|Action & Adventure,SBS,18,7.5,4.3668,주원|김태희|조현재|채정안|정웅인,1
"우리, 사랑했을까","14년차 생계형 독수공방 싱글맘 앞에 나쁜데 끌리는 놈, 짠한데 잘난 놈, 무서운데 섹시한 놈, 어린데 설레는 놈이 나타나며 펼쳐지는 사남(4男)초가 리부팅 로맨스. 영화사 엄지필름 PD이자 ‘14년차 싱글맘’인 애정. 어느 날, 믿었던 회사 대표에게 보증사기를 당해 뒤집어쓴 빚만 10억! 회사에 남은 거라곤 어느 무명 소설가의 판권 계약서뿐. 그런데 이 작품이 세계 3대 문학상을 수상한 천억만의 데뷔작? 대부업체 사장 파도는 애정에게 천억만과 톱스타 류진을 데려오는 조건으로 빚 청산과 100억 영화 투자를 약속하는데...",TRUE,2020-07-08,Miniseries,https://image.tmdb.org/t/p/w500/a0ftE8yyaWgqTAVlMu9TX0kMFVy.jpg,코미디|드라마,JTBC,16,6.7,3.8952,송지효|손호준|송종호|김민준|구자성,1
"우리,집",자타 공인 대한민국 최고의 가정 심리 상담의인 노영원이 정체 모를 협박범에게 자신의 커리어와 가정을 위협받게 되면서 추리소설 작가인 시어머니와 공조해 가족을 지키려는 이야기,TRUE,2024-05-24,Scripted,https://image.tmdb.org/t/p/w500/v6xTHd229qeKRvJxvKsgyMoNHvr.jpg,드라마|미스터리|코미디,MBC,12,7.8,3.9376,김희선|이혜영|김남희|이경훈|신소율,1
우리가 결혼할 수 있을까,"결혼식을 100일 앞둔 예비 신혼부부와 그의 가족들, 그리고 그들을 둘러싼 다양한 커플들의 결혼 이야기를 통해 결혼에 대해 통찰 하는 드라마",TRUE,2012-10-29,Miniseries,https://image.tmdb.org/t/p/w500/kUzQPje641Sw2gqUNiKapFfdjp3.jpg,코미디|가족,JTBC,20,6.9,3.2172,성준|정소민|김영광|한그루|이미숙,1
우리가 만난 기적,대한민국의 평범한 한 가장이 이름과 나이만 같을 뿐 정반대의 삶을 살아온 남자의 인생을 대신 살게 되면서 자신만의 방식으로 주변을 따뜻하게 변화시키는 과정을 담은 판타지 휴먼 멜로 드라마,TRUE,2018-04-02,Scripted,https://image.tmdb.org/t/p/w500/71zG0vqoCkGT28HCoNJBiF9WFz5.jpg,드라마|코미디,KBS2,18,7.7,3.2276,김명민|김현주|라미란|고창석|조셉 리,1
우리는 오늘부터,결혼 전 순결을 목숨처럼 지키던 오우리가 검진을 받던 중 의료사고로 인해 한 남자의 아이를 갖게 되면서 벌어지는 로맨틱 코미디 소동극,TRUE,2022-05-09,Scripted,https://image.tmdb.org/t/p/w500/Ze3yOyZz5tp1B1ys4MlVNpODjE.jpg,코미디|드라마,SBS,14,5.3,3.7645,임수향|성훈|신동욱|홍지윤|홍은희,1
우리들의 블루스,"2022년 4월 tvN에서 방영을 시작한 드라마. 사랑은 달콤하면서도 씁쓸하고, 인생은 좋을 때도 슬플 때도 있는 법. 바쁘게 돌아가는 섬 제주에서 하루하루 살아가는 우리들의 이야기가 펼쳐진다. 이 드라마는 인생의 끝자락 혹은 절정, 시작에 서 있는 모든 삶에 대한 응원이다. 따뜻한 제주, 생동감 넘치는 제주 오일장, 차고 거친 바다를 배경으로 14명의 시고 달고 쓰고 떫은 인생 이야기를 옴니버스라는 압축된 포맷에 서정적이고도 애잔하게, 때론 신나고 시원하고 세련되게 전한다.",TRUE,2022-04-09,Miniseries,https://image.tmdb.org/t/p/w500/1qbiyfmJe7tu4QpqCz5flW93mKj.jpg,드라마,tvN,20,8.466,8.1216,이병헌|신민아|차승원|이정은|한지민,1
우리영화,"제하는 거장 아버지의 그늘에서 벗어나지 못하고 데뷔작 이후 5년째 제자리였다. 다음은 배우로서 성공하지 못했고, 살날도 얼마 남지 않았다. 제하와 다음의 인생엔 낭만적인 사랑도 영화 같은 순간도 없을 것 같았다. 둘이 서로를 만나기 전까지는. 제하는 아버지의 대표작을 리메이크하자는 제안을 받지만 거절한다.  그런데, 이상한 여자가 나타났다. 병원에서 처음 만난 시한부 자문 이다음. 그런데 그 시한부 환자가 오디션 현장에 나타난다. 주인공을 연기하고 싶다며.  죽음을 앞두고도 단 한 번, 진짜 주인공이 되고 싶은 다음. 다음이를 만나고 제하의 멈춰 있던 시간이 다시 흐르기 시작한다.",TRUE,2025-06-13,Scripted,https://image.tmdb.org/t/p/w500/admzXwEKzaRYNMbPrH9R6Upet9l.jpg,드라마,SBS,12,8.6,4.9568,남궁민|전여빈|서현우|이설|서이서,1
우리집 여자들,"우리집 여자들'은 정은채, 김재범, 윤아정, 최민성이 주연을 맡은 한국 TV 시리즈이다. 2011년 5월 16일부터 2011년 11월 4일까지 매주 월요일~금요일 20시 25분에 KBS1에서 125부작으로 방송되었다.",TRUE,2011-05-16,Scripted,https://image.tmdb.org/t/p/w500/vwRzkCXaIGcOcPjaE4vjda6Lk1g.jpg,드라마|가족,KBS1,125,0,3.2651,정은채|김견우|최민|윤아정|강남길,1
우리집에 사는 남자,스튜어디스로 근무하던 홍나리가 오랜만에 찾아온 고향집에서 자신의 새 아빠라고 주장하는 고난길과 만나 벌어지는 이야기를 담은 작품이다.,TRUE,2016-10-24,Scripted,https://image.tmdb.org/t/p/w500/6Sv2fCUhzdETpxrojlt5RTOyRjt.jpg,드라마,KBS2,16,5.778,4.6873,수애|김영광|이수혁|조보아|김지훈,1
우아한 가,"사주 일가의 일탈이 일으키는 손해를 뜻하는 오너리스크. MC그룹의 TOP팀은 오너리스크 관리 최고의 팀이다.

국정원, 검찰, 언론사, 군 출신에 법을 전공한 인재들로 포진된 TOP팀!  그들이 해결하지 못한다면 애시 당초 해결될 일이 아니었다는 업계의 레전드!

재벌집의 고명딸로 태어났지만 살인사건으로 엄마를 잃은 뒤 위악의 탈을 쓰고 15년을 살아온 MC 그룹의 딸 모석희.

엄마가 억울하게 누명을 쓰고 감옥에 갇힌 후 잡초같이 살아온 삼류 대학 출신 변호사 허윤도가 뭉쳤다.

과연 그들은 진짜 살인범을 찾아내고 탐욕과 위선, 불법으로 가득찬 TOP을 상대로 싸워 이길 수 있을까?",TRUE,2019-08-21,Scripted,https://image.tmdb.org/t/p/w500/exFH07nu1IeeeeWGTZLX0MTXg24.jpg,드라마|가족|미스터리,MBN,16,7.5,3.1353,임수향|이장우|배종옥|이규한|김진우,1
우연일까,"누구나 각자의 가장 순수했던 순간을 떠올리게 하는 마법의 단어, 첫사랑. 첫사랑 열풍을 불러온 영화 <건축학개론>에서는 말한다. “우리 모두는 누군가의 첫사랑이었다.” 고. 에헤, 아니지. 정확하게 바로 잡자. 우리가 누군가의 첫사랑일 확률은 극히 낮다. 진실은, 우리 모두는 누군가를 ‘첫’사랑했다. 이거다. 우리의 첫사랑은 어땠는가. 기억대로 순수했... 솔직히 말해, 아주, 매우, 찌질했다. 하지만 사랑스러웠고, 서툴렀다. 그럼에도 격렬했었으니! 후영은 10년을 훌쩍 지나 첫사랑 홍주와 우연히 재회하게 된다. 피터팬이 날아든 창문이 우연히 웬디의 방이었던 것처럼, 신데렐라의 유리구두가 우연히 벗겨진 것처럼, 홍주와 여러 번의 우연으로 얽히는 후영은, 유치해졌고, 서툴렀으며, 엉망진창이다. 첫사랑을 하던 열아홉으로 돌아간 것만 같았다. 하루의 시작은 설렜고, 함께 있는 이 밤은 제발 가지 않았으면 좋겠다. 모든 순간을 눈부시게 만드는 널 다시 사랑하게 된 게, 정말 ‘우연일까?’",TRUE,2024-07-22,Scripted,https://image.tmdb.org/t/p/w500/dw2EFsv4SUcOvzhteIuuf0KoBOn.jpg,드라마|코미디,tvN,8,8.2,4.5587,김소현|채종협|윤지온|김다솜|이원정,1
우주메리미,"최고급 신혼집 경품을 사수하려는 두 남녀의 달콤, 쫄깃한 90일간의 위장신혼 서바이벌 로맨틱 코미디",TRUE,2025-10-10,Miniseries,https://image.tmdb.org/t/p/w500/v5YTSuNcQvexKTylDWBbueIZaBx.jpg,코미디|드라마,SBS,12,8.208,9.4262,최우식|정소민|신슬기|배나라|서범준,1
운명과 분노,"운명을 바꾸기 위해 한 남자를 사랑하는 여자와 운명인 줄 알고 그 여자를 사랑하는 남자, 목적을 위해 남자를 차지하려는 여자와 복수심에 차 그 여자를 되찾으려는 남자 등 네 남녀의 엇갈리는 사랑과 분노를 담은 현실성 강한 격정 멜로",TRUE,2018-12-01,Scripted,https://image.tmdb.org/t/p/w500/peddmooBszTnx1HhyfJA2iWyxfU.jpg,드라마,SBS,40,6.4,3.3653,이민정|주상욱|소이현|이기우|박수영,1
운명처럼 널 사랑해,착한 게 유일한 개성인 '부실녀'와 후세를 잇지 못해 후계자 자리를 위협받고 있는 '초현실 완벽남'이 원치 않은 결혼으로 롤러코스터 같은 인생사를 겪으며 운명 같은 사랑을 깨닫게 되는 로맨틱 코미디 드라마,TRUE,2014-07-02,Scripted,https://image.tmdb.org/t/p/w500/AnPA9RGjM10QaUOnO6XRdLhbSbC.jpg,코미디|드라마,MBC,20,8.3,5.7307,장혁|장나라|최진혁|왕지원|박원숙,1
운빨로맨스,"운명을 믿고, 미신을 맹신하는 심보늬와 수학과 과학에 빠져사는 공대 출신 게임회사 CEO 제수호가 벌이는 로맨틱 코미디. 동명의 웹툰 의 재치와 장점을 살리면서도 드라마로 재해석된 작품",TRUE,2016-05-25,Scripted,https://image.tmdb.org/t/p/w500/1strOmym1dllPcqdNSTgInsMEY0.jpg,코미디,MBC,16,5.8,3.0348,황정음|류준열|이수혁|이청아|김상호,1
운수 오진 날,"순박한 오택은 자신의 과오로 재산을 모두 날린 뒤 헤어진 가족과의 재결합을 꿈꾸며 택시 운전을 한다. 돼지꿈을 꾸고 손님을 많이 받은 어느 운수 좋은 날, 오택은 마지막 손님으로 혁수를 만난다. 혁수는 장거리 야간 운행을 부탁하며 100만 원을 제안하는데, 마침 돈이 필요했던 오택은 함께 묵포로 향한다. 한편 아들을 죽인 범인을 찾던 순규는 병원에서 우연히 마주친 혁수가 의심스럽다. 장거리 택시 안에서 지루했던 혁수는 자신의 사연을 털어놓기 시작하고 오택은 혁수가 연쇄살인마라는 사실을 깨닫는다. 아포리아의 동명 웹툰 원작.",TRUE,2023-11-24,Miniseries,https://image.tmdb.org/t/p/w500/65sLjYay7PuUmTUjhP3C0WTOZfL.jpg,범죄|드라마,tvN,10,8.319,3.6797,이성민|유연석|이정은|정만식|최덕문,1
원 더 우먼,비리 검사에서 하루 아침에 재벌 상속녀로 인생체인지! 빌런 재벌가에 입성한 불량지수 100% 여검사의 ‘더블라이프 코믹버스터,TRUE,2021-09-17,Scripted,https://image.tmdb.org/t/p/w500/kdBE9HSkmeqahWVwiGVXHgpUUrC.jpg,코미디|드라마,SBS,16,7.263,4.7561,이하늬|이상윤|이원근|진서연|김창완,1
원경: 단오의 인연,"천하를 품기 전, 새로운 세상을 꿈꿨던 ′원경′과 그녀와 같은 뜻을 품었던 ′방원′의 운명같은 첫 만남을 그린 연모지정 로맨스",TRUE,2025-01-21,Scripted,https://image.tmdb.org/t/p/w500/19qIRFoLiIMhngmRI3yPEYTpcBQ.jpg,드라마,TVING,2,0,2.0749,차주영|이현욱,1
원더풀 월드,아들을 죽인 살인범을 직접 처단한 은수현이 그날에 얽힌 미스터리한 비밀을 파헤쳐 가는 휴먼 미스터리 드라마,TRUE,2024-03-01,Scripted,https://image.tmdb.org/t/p/w500/3svVZdK4bb6RUklGGLZqfr4S05S.jpg,드라마|미스터리,MBC,14,8.4,5.3782,김남주|차은우|김강우|임세미|양혜지,1
원더풀스,"종말론이 득세하던 1999년, 뜻밖의 사건으로 초능력을 얻은 동네 허당들이 평화를 위협하는 빌런과 맞서 싸운다. 어설픈 초능력자들의 예측 불허 사건들이 이어지는 세기말 코미디 액션 어드벤처.",TRUE,2026-05-15,Miniseries,https://image.tmdb.org/t/p/w500/uARtDxJDtISHnM2BxaSKvlQpWrc.jpg,Action & Adventure|코미디|Sci-Fi & Fantasy|드라마,Netflix,8,8.867,20.9069,박은빈|차은우|최대훈|임성재|김해숙,1
월간 집,집에서 사는(live) 여자와 집을 사는(buy) 남자의 내 집 마련 로맨스를 그린 드라마,TRUE,2021-06-16,Miniseries,https://image.tmdb.org/t/p/w500/baJ3ZslNIfr5IrEe4dLuGGOCSXe.jpg,코미디|드라마,JTBC,16,7,4.7746,김지석|정소민|정건주|채정안|김원해,1
월간남친,현실 생활에 지쳐 연애할 여유도 없는 웹툰 PD 서미래. 연애 구독 서비스를 통해 새로운 만남과 설렘 가득한 데이트를 경험한다. 어쩌면 그녀에게도 사랑이 다시 찾아올지도?,TRUE,2026-03-06,Miniseries,https://image.tmdb.org/t/p/w500/hqIXo0s2gof6UxWDWeiP4d3rMr0.jpg,코미디|Sci-Fi & Fantasy|드라마,Netflix,10,8.386,11.223,지수|서인국|공민정|조한철|최현영,1
월계수 양복점 신사들,"역사와 전통을 자랑하는 맞춤양복점 '월계수 양복점'을 배경으로 사연 많은 네 남자의 눈물과 우정, 성공 그리고 사랑을 그린 드라마",TRUE,2016-08-27,Scripted,https://image.tmdb.org/t/p/w500/5PfODJ26FJbaxUgan5JilCXLFqe.jpg,드라마|가족|코미디,KBS2,54,6.8,5.2878,이동건|조윤희|최원영|현우|차인표,1
월수금화목토,"결혼을 직업으로 삼은 최상은이 월,수,금요일 장기 독점 계약 중인 정지호와 화,목,토요일 신규 계약한 강해진과 얽히게 되는 로맨틱 코미디",TRUE,2022-09-21,Miniseries,https://image.tmdb.org/t/p/w500/hvES12jZpT3wUZLMmIVwBnH4hCL.jpg,드라마|코미디,tvN,16,7.74,8.3005,박민영|고경표|김재영|진경|강형석,1
웨딩 임파서블,동성애자인 재벌 후계자와 위장 결혼을 준비 중인 무명 여배우 그리고 그 꼴을 두 눈 뜨고 볼 수 없는 야망덩어리 예비 시동생이 만나며 벌어지는 욕망 충돌 결혼 반대 로맨스를 그린 유쾌한 로맨틱 코미디 드라마,TRUE,2024-02-26,Scripted,https://image.tmdb.org/t/p/w500/pwYE1YcUXYPKnXbAQNv4NVvYTGs.jpg,드라마|코미디,tvN,12,6.6,4.5405,전종서|문상민|김도완|배윤경|권해효,1
웰컴투 삼달리,"한라산 어느 개천에서 난 용 같은 삼달이 개천을 소중히 지켜 온 용필과 고향의 품으로 돌아와 숨을 고르고, 사랑을 찾는 이야기",TRUE,2023-12-02,Scripted,https://image.tmdb.org/t/p/w500/5axZllylBVeKv9cduhCisOYUqIp.jpg,드라마|코미디,JTBC,16,8.2,7.5254,지창욱|신혜선|유오성|김미경|이재원,1
위대한 쇼,초선의원이었던 대한은 총선을 일주일 앞두고 패륜아 사건으로 재선에 실패한다. 잘나가는 국회의원에서 하루아침에 백수신세로 전락한 대한. 대리기사를 하며 근근이 살아가면서도 정계복귀의 꿈을 놓지 않는데... 시장에서 우연히 대학시절 썸타던 수현과 마주치게 된다. 반가워하는 대한과 달리 왠지 모르게 못마땅해 보이는 수현인데... 그들 앞에 의문의 여고생이 나타나 다짜고짜 잃어버린 동생을 찾아달라며 엉엉 운다. 이미지 쇄신이 필요한 대한 여고생을 도와줘 패륜아 꼬리표를 뗄 생각을 하는데...,TRUE,2019-08-26,Scripted,https://image.tmdb.org/t/p/w500/qZ6UYV3eRohuh8RrgHyLzrHVdkL.jpg,드라마|코미디,tvN,16,8.1,2.4788,송승헌|이선빈|임주환|노정의|박하나,1
위대한 유혹자,"JK그룹의 후계자 권시현은 친구 최수지의 어머니와 자신이 증오하는 아버지의 재혼 소식을 듣고 최수지에게 자신들이 먼저 결혼을 해버리자고 제안하나, 최수지는 결혼에 한 가지 조건을 내건다.",TRUE,2018-03-12,Scripted,https://image.tmdb.org/t/p/w500/rAYimRLuMXVMT6AmntW34bb2c2U.jpg,드라마,MBC,32,7.015,4.4904,우도환|조이|문가영|김민재|신성우,1
유 레이즈 미 업,고개 숙인 30대 ‘용식’이 첫사랑 ‘루다’를 비뇨기과 주치의로 재회하면서 우여곡절 끝에 인생의 주인공으로 우뚝 서는 섹시 발랄 코미디 드라마,TRUE,2021-08-31,Miniseries,https://image.tmdb.org/t/p/w500/kcsrapozsVyTtXjf0NhoJa2HW36.jpg,코미디|드라마,wavve,8,6.6,3.1209,윤시윤|하니|박기웅|이지원|강창모,1
유괴의 날,어설픈 유괴범과 11살 천재 소녀의 세상 특별한 공조를 담은 코믹 버디 스릴러,TRUE,2023-09-13,Miniseries,https://image.tmdb.org/t/p/w500/k3tHong9XjaFE626Yn88ZlIYNMR.jpg,드라마|코미디|범죄|미스터리,ENA,12,8.419,4.2869,윤계상|전유나|박성훈|김신록|김상호,1
유령을 잡아라,"왕수리 지하철경찰대 수사1반 고지석 반장은 경찰대 수석졸업에 빛나는 엘리트다. 그러던 어느날, 지석의 안정적인 경찰공무원 생활을 쫑낼 일생일대의 사건이 터진다. 지난 2년간 수많은 사람이 오가는 지하철역에서 사람을 납치, 살해, 유기했지만 누구의 눈에도 띄지 않은 연쇄살인마, '지하철유령' 놈이 지하철경찰대 30주년 행사를 뒤집어 놓는데...",TRUE,2019-10-21,Scripted,https://image.tmdb.org/t/p/w500/vVJQ84CLE76WDqW5So5krzdyjyp.jpg,코미디|범죄|미스터리,tvN,16,7.481,8.6321,문근영|김선호|정유진|조재윤|안승균,1
유미의 세포들,세포들과 함께 먹고 사랑하고 성장하는 평범한 유미의 이야기를 그린 세포 자극 공감 로맨스,TRUE,2021-09-17,Scripted,https://image.tmdb.org/t/p/w500/9D8vdvwT1sTJzWCPfzc53R54awD.jpg,코미디|드라마,tvN|TVING,14,8,11.8489,김고은|안보현|진영|박지현|이유비,1
유별나! 문셰프,"별 많고 달 밝은 서하마을에서 기억을 잃고 천방지축 사고뭉치로 전락한 세계적인 패션 디자이너 유벨라가 스타 셰프인 문승모와 만나 성장과 사랑, 성공을 만들어 가는 힐링 로맨틱 코미디 드라마",TRUE,2020-03-27,Scripted,https://image.tmdb.org/t/p/w500/ux6pucIgAS1bZReYd1yTRMyhpsw.jpg,드라마,Channel A,16,6.9,1.9206,에릭|고원희|차정원|장재호|안내상,1
유부녀 킬러,"극악무도한 범죄자를 처단하는 킬러이자, 남편과 네 살 난 딸을 둔 평범한 워킹맘. 3년간의 육아휴직을 마치고 현업에 복귀한 그녀는 위험한 임무와 가족을 지키는 일상 사이에서 아슬아슬한 균형을 이어간다. 목숨을 건 작전과 평범한 가정생활을 오가며, 일과 삶의 균형을 지키기 위한 치열한 이중생활이 펼쳐진다.",TRUE,2026-07-31,Miniseries,https://image.tmdb.org/t/p/w500/snVma1wanEn9p4hWgQxZ211vQdG.jpg,드라마|Action & Adventure|미스터리|범죄,MBC,14,8,29.2552,공효진|정준원|이상이|성동일|무진성,1
유어 아너,"바닷가에 인접한 가상의 우원시티에서 우원그룹 본사를 중심으로 부를 대물림한 세력과 무법지대를 지배하는 부두파의 카르텔, 정의를 원하는 시민들을 위로하는 판사 송판호에 대한 이야기. 동명 이스라엘 드라마 원작",TRUE,2024-08-12,Scripted,https://image.tmdb.org/t/p/w500/3sAvC8TeXkAMdDQQj1b1IFFCUhp.jpg,범죄|드라마|미스터리,ENA,10,8.6,4.0582,손현주|김명민|김도훈|허남준|정은채,1
유혹,한 남자가 매혹적인 제안을 받고 이어지는 관계들 속에서 진정한 사랑의 의미를 찾아가는 멜로드라마,TRUE,2014-07-14,Scripted,https://image.tmdb.org/t/p/w500/5xOdtKkmEeloXUJJEuNvK2FXNGp.jpg,드라마|로맨스,SBS,20,6.667,3.2077,권상우|최지우|박하선|최일화|이정진,1
으라차차 와이키키,"영화감독, 배우, 작가를 꿈꾸는 세 청년. 직접 만들 영화의 제작비를 벌겠다며 게스트하우스를 냈지만 현실은 망한 거나 다름없고, 하는 일 족족 폭망 냄새가 솔솔 나니 어쩔? 역대급 웃음 폭탄으로 무장한 청춘들의 이야기, 스타트! 이 시대를 살아가는 청춘들의 꿈과 우정 그리고 사랑이야기를 코믹하게 그린 드라마.",TRUE,2018-02-05,Scripted,https://image.tmdb.org/t/p/w500/z4rOFu5jpox3RB1vvDVZeYgzNe7.jpg,드라마|코미디,JTBC,20,7.821,11.7601,김정현|김종윤|정인선|이이경|손승원,1
은밀한 감사,은밀한 비밀을 간직한 카리스마 감사실장과 한순간에 사내 스캔들 담당으로 좌천된 감사실 에이스의 로맨틱 코미디,TRUE,2026-04-25,Scripted,https://image.tmdb.org/t/p/w500/vPGOqul3AvA7J2tAL59blyprUkz.jpg,코미디|드라마,tvN,12,8.1,13.843,신혜선|공명|김재욱|홍화연|오대환,1
은수 좋은 날,가족을 지키고 싶은 학부모 강은수와 두 얼굴의 선생 이경이 우연히 얻은 마약 가방으로 벌이는 위험 처절한 동업 일지,TRUE,2025-09-20,Scripted,https://image.tmdb.org/t/p/w500/vc9L8N8WTMlgF0teilYaT6R1kVh.jpg,드라마|범죄|미스터리,KBS2,12,6.615,4.5492,이영애|김영광|박용우|이수빈|조연희,1
은중과 상연,"10대부터 함께한 은중과 상연. 동경과 질투, 애증이 20대, 30대를 채우다 결국 돌이킬 수 없이 멀어졌다. 이제 마흔셋. 은중은 상연의 마지막 여정에 동행해 달라는 부탁을 받는다.",TRUE,2025-09-12,Scripted,https://image.tmdb.org/t/p/w500/ajuo9fH8hI6xbZKpUwVIqCbouQE.jpg,드라마,Netflix,15,8.258,6.6563,김고은|박지현|김건우|김재원|문우진,1
응급남녀,"6년 전에 이혼했던 원수 같은 부부 오진희, 오창민이 병원 응급실에서 늦깎이 인턴으로 다시 만나 펼치는 로맨틱 코미디 드라마",TRUE,2014-01-24,Scripted,https://image.tmdb.org/t/p/w500/8m7ejLDta1URZfecow6kbtmKLW2.jpg,코미디|드라마,tvN,21,7.329,4.5387,송지효|최진혁|이필모|최여진|클라라,1
응답하라 1988,"386세대도 88만원 세대도 아닌, 그래도 아직은 기성세대로는 불리고 싶지 않은 한 여자가 있다. 대한민국에서 가장 많다는 1971년생. 마흔다섯의 성덕선. 덕선이 열여덟이던 1988년, 건국 이래 최고의 행사인 ‘서울 올림픽’이 열렸고 학력고사를 치르던 1989년, 베를린 장벽이 무너졌다. 대학에 입학하던 1990년, MBC 라디오 ‘배철수의 음악캠프’가 시작됐다. 누구에게나 내가 살아온 시대는 특별하기에 그날들을 선명히 기억한다. 월급날 아버지가 사오던 누런 통닭 봉투. 이불 깊숙이 아버지의 밥공기를 넣어 놓던 어머니. 온 가족이 도란도란 모여 앉아 보던 ‘한 지붕 세 가족’. 앞집, 옆집, 뒷집 너나 없이 나누고 살았던 골목 이웃들을 기억한다. 지나온 추억은 아련히 떠올라 밤잠을 뒤척이게 하고 오늘을 살아가는 발판이 된다. ＜응답하라 1988＞은, 우리가 보낸 시간에 관한 이야기이며 그 시절 청춘을 보낸, 그리고 지금의 청춘들에 보내는 위로와 격려다. 현재를 살아가고, 견디며, 잘 지내고 있는 모든 이들에게 보내는 연가, 계절의 봄처럼 짧았고 청춘처럼 찰나로 지나간 그 시절로의 여행을 떠날 것이다.",TRUE,2015-11-06,Scripted,https://image.tmdb.org/t/p/w500/lZo7G1kEU70PHP1dCe46I0cUKiF.jpg,코미디,tvN,20,8.8,13.0612,이혜리|류준열|박보검|고경표|이동휘,1
응답하라 1994,"X세대와 신세대가 젊음의 상징이었고 그 발칙한 신인류에게도 디지털보단 아날로그 소통이 익숙했던 그 때, 20세기에서 가장 다사다난했던 1994년으로 돌아간다. 길보드 차트에선 김건모의 노래가 흘러나오고, 농구장은 오빠 부대의 함성으로 가득 찼었던 그 시절. 삐삐 호출 메시지에 밤 새 잠을 뒤척이고 캠퍼스엔 토익 점수보단 낭만이, 학점보단 꿈이 우선이었던 1994년. 또 다시 응답하라.",TRUE,2013-10-18,Scripted,https://image.tmdb.org/t/p/w500/c6qUlONZ2DcMEuJ2ga6wyAoiEqh.jpg,코미디,tvN,21,7.8,6.5714,고아라|정우|유연석|김성균|손호준,1
응답하라 1997,"서태지에 열광하고 H.O.T와 젝스키스에 미쳤었던 2030세대의 10대 시절, 아버지는 IMF를 맞았고 형제는 힙합바지로 길거리를 쓸고 다녔고 엄마는 드라마에 빠져 살았다. 세월이 지나 바쁜 일상을 살아가고 있는 20, 30대들. 그들이 퇴근 후 소주잔을 기울이며 하는 이야기의 절반은 나의 지난 시절, 그때 그 시절 이야기들이다. 우리가 누렸고 즐겼었던 90년대 이야기. 지금은 돈에 찌들고 세상에 찌들었지만, 이들의 90년대는 더 없이 찬란했다. 평범한 1980년생 직장인 성시원, 그녀를 통해 우리는 화려했던 우리들의 90년대로 귀환한다.",TRUE,2012-07-24,Scripted,https://image.tmdb.org/t/p/w500/j3bg5y6VM31Ljxpo7GFksBtzCsh.jpg,코미디|드라마,tvN,16,8,6.3329,정은지|서인국|은지원|이호원|신소율,1
의사 요한,"살리지 못한다면, 낫게 하지 못한다면 적어도 고통스럽지 않게 해주기 위해 최선을 다하는 의사들의 이야기, 우리 몸을 괴롭히는 통증의 원인을 마치 범인 잡는 수사관처럼 찾아내는 통증의학과 의사들의 이야기. 통증의학과를 배경으로 원인을 알 수 없는 급성·만성통증으로 고통받는 환자들의 이야기가 미스터리한 통증의 원인을 찾는 과정을 마치 범인을 쫓듯 수사물처럼 흥미진진하게 그려낸다.",TRUE,2019-07-19,Scripted,https://image.tmdb.org/t/p/w500/wMKgkgWt4jzZfPlCSsi0ESbyRiE.jpg,드라마,SBS,16,7.64,5.6978,지성|이세영|오현중|이규형|김혜은,1
이 연애는 불가항력,3백여 년 전 철저히 봉인되었던 금서를 얻게 된 여자와 그 금서의 희생양이 된 남자의 불가항력적 로맨스,TRUE,2023-08-23,Scripted,https://image.tmdb.org/t/p/w500/8KxGVT5dWrHZObv1B5oYcIt6xzU.jpg,드라마|Sci-Fi & Fantasy|코미디,JTBC,16,8.1,9.1739,로운|조보아|하준|유라|이필모,1
이두나,"새로운 삶과 학교생활에 적응하려 애쓰는 대학생 원준. 조금 특이한 사정이 있는데, 바로 화려한 K-pop 아이돌 시절을 뒤로하고 돌연 은퇴한 미모의 하우스 메이트와 산다는 것.",TRUE,2023-10-20,Miniseries,https://image.tmdb.org/t/p/w500/uVJgd0E3CYfcGLz9jdUwwyRbySX.jpg,드라마,Netflix,9,7.702,7.596,수지|양세종|하영|박세완|김도완,1
이런 엿같은 사랑,"사건을 쫓던 중 기억을 잃은 야심 찬 검사 고은새. 그런 그녀 앞에 남자 친구라며 나타난 복싱 코치 장태하. 어쩌다 보니 그와 동거는 시작됐지만, 이런 엿 같은 사랑에 빠져도 괜찮은 걸까?",TRUE,2026-08-07,Miniseries,https://image.tmdb.org/t/p/w500/ny8zYj40mWGTgKJi1a8hjNFUj9n.jpg,드라마|코미디,Netflix,12,8.674,52.6209,정해인|하영|허성태|김영옥|전배수,1
이로운 사기,"공감불능 사기꾼과 과공감 변호사, 너무 다른 두 사람의 공조극이자 절대악을 향한 공감가는 복수극이며 간절히 믿고 싶지만, 끝까지 믿을 수 없는 사기극",TRUE,2023-05-29,Scripted,https://image.tmdb.org/t/p/w500/whxwgof7mT8DQ0QVkUad9bOLxLI.jpg,드라마|코미디|범죄,tvN,16,5.9,4.3256,천우희|김동욱|윤박|박소진|이연,1
이리와 안아줘,한 살인사건으로 인해 엇갈린 삶을 살게 된 남녀의 기구한 운명을 그린 드라마,TRUE,2018-05-16,Scripted,https://image.tmdb.org/t/p/w500/liLoSqK1Jh4GRcOSAiToh8ptNMn.jpg,드라마|미스터리,MBC,32,7.2,4.6491,장기용|진기주|허준호|김경남|서정연,1
이몽,일제 강점기 조선을 배경으로 일본인 손에 자란 조선인 의사 이영진과 무장한 비밀결사 의열단장 김원봉이 펼치는 첩보 액션 드라마. 나라와 민족의 독립을 위해 그림자로 살다간 그들의 흔적을 찾아가는 여정이다.,TRUE,2019-05-04,Scripted,https://image.tmdb.org/t/p/w500/tamCRkgzYaBTde4MdYvOzqayE8B.jpg,Action & Adventure|드라마,MBC,40,5.5,3.5506,이요원|유지태|임주환|남규리|이해영,1
이미테이션,아이돌 100만 연예고시 시대에 맞춰 진짜를 꿈꾸는 모든 별들을 응원하는 아이돌 헌정서가 될 프로그램,TRUE,2021-05-07,Scripted,https://image.tmdb.org/t/p/w500/e81oWdxXLrFmfsV0pWdENwQJw2A.jpg,코미디|드라마,KBS2,12,7.6,4.1178,이준영|박지연|정지소|윤호|임나영,1
이번 생도 잘 부탁해,환생을 거듭하며 19회차 인생을 살아가는 반지음이 18회차 인생에서 만난 운명의 남자와 다시 만나면서 펼쳐지는 로맨스 드라마. 이혜의 동명 웹툰 실사화.,TRUE,2023-06-17,Scripted,https://image.tmdb.org/t/p/w500/wwONBdVG7wNm7wVD07aQTZuJGXu.jpg,드라마|코미디,tvN,12,8.131,6.5979,신혜선|안보현|하윤경|안동구|류해준,1
이번 생은 처음이라,집 있는 달팽이가 세상 제일 부러운 '홈리스' 윤지호와 현관만 내 집인 '하우스푸어' 집주인 남세희가 한 집에 살면서 펼쳐지는 수지타산 로맨스 드라마. 서른 살 생일을 맞은 88둥이 지호(정소민)는 인생 최대의 고난을 맞는다. 오랜 동거인이던 남동생의 혼전임신으로 하루아침에 홈리스가 된 것 ! 한편 하우스푸어인 81년생 세희(이민기)는 같이 살던 하우스메이트가 나가면서 다음달 ‘월세’가 펑크 날 위기에 처하는데... 지호는 곤란에 처한 와중 친구 호랑(김가은)의 소개로 타운하우스 하우스메이트로 입주하게 된다. 집주인은 80년생의 남세희라는 이름을 가진 ‘언니’라 믿어 의심치 않는데...,TRUE,2017-10-09,Miniseries,https://image.tmdb.org/t/p/w500/5ULjbe75ZIeWOJY3xogoDxOGzQz.jpg,코미디|드라마,tvN,16,8.2,10.5487,이민기|정소민|박병은|이솜|김민석,1
이벤트를 확인하세요,헤어진 연인이 이벤트로 당첨된 커플 여행에 참여하게 되면서 펼쳐지는 감성 트립 멜로드라마,TRUE,2021-08-14,Miniseries,https://image.tmdb.org/t/p/w500/eI0BnkUJJ67jtmlY7ZswCSxZafE.jpg,드라마,MBC,4,6.6,1.754,안우연|방민아|권화운|남규희|이주명,1
이브,"13년의 설계, 인생을 건 복수. 대한민국 0.1%를 무너뜨릴 가장 강렬하고 치명적인 고품격 격정멜로 복수극",TRUE,2022-06-01,Scripted,https://image.tmdb.org/t/p/w500/uSlcDkSzgTcANPYMZ1amNUNE2Gn.jpg,드라마|코미디,tvN,16,6.675,9.1453,서예지|박병은|유선|이상엽|이일화,1
이브의 모든 것,"《이브의 모든 것》(영어: All about Eve)은 2000년 4월 26일부터 2000년 7월 6일까지 방영된 MBC 수목 미니시리즈이다.

일본에서는 2002년 10월 11일부터 2002년 12월 13일까지 아사히 TV에서 전 10화를 방영했고, 나중에는 BS 아사히나 스카이퍼펙(SKY PerfecTV!)의 LaLaTV에서 방영했다. 2003년에는 중남미(멕시코, 페루, 콜롬비아, 볼리비아)에서도 방영되었다.

한편, 공동 집필자 박지현 작가는 《이브의 모든 것》을 통해 처음으로 미니시리즈 집필을 맡았다.",TRUE,2000-04-26,Scripted,https://image.tmdb.org/t/p/w500/n4w8f5pdTjlgEY4rjyxByRgXx0A.jpg,드라마,MBC,20,8.419,3.9732,채림|김소연|김정은|장동건|이특,1
이상한 변호사 우영우,"2022년 6월 ENA에서 방영을 시작한 드라마. 천재적인 두뇌의 소유자이면서 동시에 자폐 스펙트럼 장애를 가진 영우는 강점과 약점을 한 몸에 지니고 있다. 영우의 강점은 우리들 대부분이 범접할 수 없을 만큼 탁월하지만, 영우의 약점은 우리들 대부분이 깜짝 놀랄 만큼 취약하다. 서울대 로스쿨을 수석 졸업하고 변호사 시험에 합격한 우영우가 대형로펌 법무법인 한바다의 변호사가 된다. 신입 변호사이자 자폐 스펙트럼 장애를 가진 여성으로서 그녀는 법정 안팎에서 다양한 난관을 헤쳐 간다.",TRUE,2022-06-29,Scripted,https://image.tmdb.org/t/p/w500/yv57TccCkgdy3St7rspBPKROeRK.jpg,드라마,ENA,16,8.488,15.7934,박은빈|강태오|주종혁|전배수|백지원,1
이웃집 꽃미남,"상처를 끌어안고 성 속에 스스로를 가둔 도시형 라푼젤 캐릭터인 고독미가 앞집 남자를 몰래 훔쳐보다, 연하 꽃미남 엔리께 금에게 발각되면서 펼쳐지는 로맨틱 드라마",TRUE,2013-01-07,Miniseries,https://image.tmdb.org/t/p/w500/iwJ0DMUplZh7xjcOj6ABAFgV3xg.jpg,코미디|드라마,tvN,16,8.1,3.6118,박신혜|윤시윤|김지훈|박수진|김윤혜,1
이재 곧 죽습니다,"지옥으로 떨어지기 직전의 이재가 죽음이 내린 심판에 의해 12번의 죽음과 삶을 경험하게 되는 판타지 인생 환승 드라마. 이원식 & 꿀찬의 웹툰 ""이제 곧 죽습니다"" 원작",TRUE,2023-12-15,Miniseries,https://image.tmdb.org/t/p/w500/v3HpOEZtckMurMjNquzWddfwwcP.jpg,드라마|Sci-Fi & Fantasy,TVING,8,8.4,12.0561,서인국|박소담|김지훈|김미경|정용주,1
이태원 클라쓰,"불합리한 세상 속, 고집과 객기로 뭉친 청춘들의 ‘힙’한 반란이 시작된다. 세계를 압축해 놓은 듯 한 이태원. 이 작은 거리, 각자의 가치관으로 자유를 쫓는 그들의 창업 신화. 박새로이는 무릎 한 번을 꿇지 못해서 고등학교 중퇴, 전과자가 되었다. 재벌의 갑질로 인해 꿈, 가족 모두를 잃고 끝없는 나락 속에서 우연히 걷게 된 이태원 거리. 다양한 인종, 느낌 있는 이국적인 건축물, 자유로운 사람들, 각국의 맛있는 요리들. 세계가 압축된 듯한 이태원에서 자유를 느낀 그는, 다시금 희망을 품고 반해버린 이곳 이태원 골목에서 뜻이 맞는 동료들과 창업을 시작한다.",TRUE,2020-01-31,Scripted,https://image.tmdb.org/t/p/w500/2tTMci6Hq99gkagpYe19RulNXRr.jpg,드라마,JTBC,16,8.342,8.5666,박서준|김다미|권나라|유재명|안보현,1
이판사판,오빠의 비밀을 밝히려는 법원의 자타 공인 '꼴통 판사' 이정주와 그녀에게 휘말리게 된 차도남 엘리트 판사 사의현의 이판사판 정의 찾기 프로젝트,TRUE,2017-11-22,Scripted,https://image.tmdb.org/t/p/w500/2VHSWgQ6SQnEBxJfhvi6NNWxUAr.jpg,드라마,SBS,32,7.3,4.0327,박은빈|연우진|동하|나해령|김해숙,1
이혼보험,"최고의 브레인만 모여있다는 한 보험회사 혁신상품개발팀에서 새로운 이혼 보험 상품을 개발, 이혼과 관련된 모든 사항을 수치화하고 그에 합당한 보험금을 책정하는 등 이혼에 값을 매기는 적나라한 과정을 담은 이야기",TRUE,2025-03-31,Scripted,https://image.tmdb.org/t/p/w500/wanC4weueORzSxTT7bXS6hfpRW7.jpg,드라마|코미디,tvN,12,6.8,7.6298,이동욱|이광수|이주빈|이다희|엑시,1
인간수업,"학교 안에서는 모범생, 학교 밖에서는 영리한 범죄자. 그의 비밀스러운 이중생활은 완벽했다. 같은 반 친구가 그의 위험한 사업에 관심을 갖기 전까지는.",TRUE,2020-04-29,Scripted,https://image.tmdb.org/t/p/w500/2LTSggPYwuLvekQgvQfJ310auvP.jpg,범죄|드라마,Netflix,10,8.1,4.9372,김동희|박주현|정다빈|남윤수|김여진,1
인간실격,목표 없이 인생이라는 미로를 헤매던 여자와 남자. 삶의 갈림길에서 마주친 두 사람은 이제 새로운 희망을 품어 보려 한다. 진정한 나를 찾을 수 있을 거라는 간절한 희망을.,TRUE,2021-09-04,Scripted,https://image.tmdb.org/t/p/w500/65TA7I67wokxUT7Zf8wyYKs8d40.jpg,드라마,JTBC,16,8.6,3.2624,전도연|류준열|박병은|김효진|박인환,1
인서울,지난해 엄마와 고등학생 딸의 애증을 그린 드라마.,TRUE,2019-07-29,Scripted,https://image.tmdb.org/t/p/w500/gJQfwfev6vJS8gtXLBDWoDTklsM.jpg,드라마,V LIVE|NAVER TV,15,0,2.7673,정선율|정은표|장영남|민도희|려운,1
인현왕후의 남자,인현왕후의 복위를 위해 300년을 거슬러 시간 여행을 하게 된 조선시대 킹카 선비 김붕도와 2012년 드라마 新장희빈에서 인현왕후 역을 맡은 무명 여배우 최희진의 시공간을 넘나드는 사랑을 그린 타임슬립 로맨스 드라마.,TRUE,2012-04-18,Scripted,https://image.tmdb.org/t/p/w500/yKcpXYKt0wyf0QwyNGmEXECtmL7.jpg,Sci-Fi & Fantasy|코미디|드라마,tvN,16,7.6,2.7951,유인나|지현우|김진우|가득희|조달환,1
일단 뜨겁게 청소하라,"청결에 죽고 사는 청소업체 CEO 남자. 청결이 먹는 건지 입는 건지 관심 없는 취준생 여자. 물과 기름 같은 둘이 만나 옥신각신하더니 어라, 달달한 기운이? 남자가 결벽증을 버리려나, 여자가 더러움을 벗으려나? 궁금하다, 궁금해!",TRUE,2018-11-26,Scripted,https://image.tmdb.org/t/p/w500/jyHHFaV0B22L2xKNJ0j1F2RZuH7.jpg,코미디|드라마,JTBC,16,7.5,8.5075,윤균상|김유정|송재림|주종혁|유선,1
일리있는 사랑,결혼 후에 찾아온 첫 사랑. 아내가 사랑에 빠졌다. 운명일 수밖에 없는 어느 사랑스러운 부부에 대한 명랑 상큼한 이야기.,TRUE,2014-12-01,Scripted,https://image.tmdb.org/t/p/w500/qiqYiQW3RuTh0fO6A8szOno5E35.jpg,드라마,tvN,20,7.389,2.713,엄태웅|이시영|이수혁|최여진|박정민,1
일타 스캔들,대한민국 최고의 일타강사와 학부모 사이에서 벌어지는 해프닝을 그린 작품,TRUE,2023-01-14,Miniseries,https://image.tmdb.org/t/p/w500/fiu77Gn4o9GpVAxeMGCMym4MY7B.jpg,드라마|코미디,tvN,16,8.182,6.1564,전도연|정경호|신재하|이봉련|오의식,1
자백의 대가,남편을 죽였다는 혐의로 궁지에 몰린 여자. 그녀에게 의문의 여인이 다가와 거래를 제안한다. 그 사건을 대신 자백해 주겠다는 약속. 하지만 그 대가로 누군가의 목숨을 가져와야만 한다.,TRUE,2025-12-05,Scripted,https://image.tmdb.org/t/p/w500/iSu9YNe17GqwwzZuIjYMn92ESkr.jpg,미스터리|드라마,Netflix,12,7.958,9.566,전도연|김고은|박해수|진선규|최영준,1
자이언트,"가까운 지인의 배신으로 뿔뿔이 흩어졌던 세 남매가 수년 만에 재회한다. 아버지의 죽음에 복수하기 위해 모든 것을 걸고, 거대한 음모의 중심에 선 권력자에 맞선다.",TRUE,2010-05-10,Scripted,https://image.tmdb.org/t/p/w500/ml6lbZZVMp64OqRANAbc7Nsu9UD.jpg,드라마,SBS,60,8.1,6.1034,이범수|황정음|이덕화|주상욱|남지현,1
자체발광 오피스,"한강에 투신한 취업준비생 호원은 가까스로 구조돼 실려 간 응급실에서 자신이 시한부일지 모른다는 사실을 알게 된 후, 할 말 다 하는 '슈퍼 을' 계약직 신입사원으로 거듭난다.",TRUE,2017-03-15,Scripted,https://image.tmdb.org/t/p/w500/6G5PRSqGGl4b0BPawWhzt8GMZ83.jpg,코미디|드라마,MBC,16,6.6,3.1266,고아성|하석진|이동휘|김동욱|권해효,1
잔혹한 인턴,직장과 단절된 지 7년 만에 인턴으로 복직한 40대 '경단녀'(경력단절녀)가 정글 같은 사회에서 살아남는 과정을 그린 이야기,TRUE,2023-08-11,Scripted,https://image.tmdb.org/t/p/w500/fT7UwJfMLWrE6iagAWLtYAOW2pX.jpg,드라마|가족|코미디,TVING,12,5.5,2.7316,라미란|엄지원|이종혁|김민서|김인권,1
잘 하고 싶어,"여름, 성과 사랑 계절수업을 듣는 세 명의 여학생이 성에 대한 생각 차이로 갈등하다, 점점 서로를 받아들이고 각자의 연애에서도 터닝포인트를 맞게 되는 性장 연애물.",TRUE,2020-12-10,Scripted,https://image.tmdb.org/t/p/w500/3r66A7oqPihZhHHZROAOycqK1X2.jpg,드라마,NAVER TV|Playlist Studio,12,3.2,2.3085,한수아|박지원|김채은|김강민|최윤제,1
장난스런 키스,일본만화 '장난스런 키스'의 한국판 드라마이다. 장난스런 키스로 맺어진 두 사람이 서로에게 영향을 주고 받으며 자신의 자아정체성을 찾아가는 성장 스토리이다.,TRUE,2010-09-01,Scripted,https://image.tmdb.org/t/p/w500/2IYvpgAaHUpd7SA29KwEJ2zJMuo.jpg,코미디,MBC,16,7.8,4.7842,김현중|정소민|이태성|홍윤화|윤승아,1
장미빛 연인들,어린 나이에 크게 한 번 넘어졌지만 주저앉지 않고 다시 일어나 인생에 대한 해답과 행복을 찾아가는 주인공과 그 가족을 통해 희망을 그린 드라마,TRUE,2014-10-18,Scripted,https://image.tmdb.org/t/p/w500/gKMNj20W3pDUhTwvSUnqXCLqUFP.jpg,드라마|가족|로맨스,MBC,52,5.5,4.4696,이장우|한선화|이미숙|장미희|박상원,1
"장옥정, 사랑에 살다","궁중 여인들의 식상한 암투 이야기가 아닌 숙종 이순의 정치적 카리스마와 절대 사랑, 그리고 전문적 궁중 직업인으로서 신분의 굴레를 뛰어넘고자 했던 여성 장옥정의 이야기를 재조명한 드라마",TRUE,2013-04-08,Scripted,https://image.tmdb.org/t/p/w500/julIxa0KZ1CKVKSKX3vr8VI050p.jpg,드라마,SBS,24,5,4.819,김태희|유아인|홍수현|재희|이상엽,1
재벌X형사,"철없던 재벌 3세가 형사가 돼 성숙한 인간으로 성장하고 앙숙이던 팀원들과 화합하고, 진정한 사랑을 찾아가는 모습을 담아내는 이야기",TRUE,2024-01-26,Scripted,https://image.tmdb.org/t/p/w500/aLrGyfe2nbfM9PvtSYoKy5jEOJu.jpg,드라마|범죄|미스터리|Action & Adventure,SBS,16,7.8,20.9482,안보현|박지현|강상준|김신비|곽시양,1
재벌집 막내아들,"순양그룹 오너 일가의 충직한 비서, 윤현우. 해외로 유출된 비자금을 국내로 들여오라는 지시를 받고 임무를 수행하던 중 오너 일가에 의해 무참히 살해당한다. 그의 억울한 죽음은 끝이 아니었는데, 1987년의 대한민국, 순양그룹 오너 일가의 막내아들 진도준으로 회귀한 것! 과연 그는 복수에 성공할 수 있을까?",TRUE,2022-11-18,Scripted,https://image.tmdb.org/t/p/w500/lRtxdLhnmaKYc65WfMHPrE4TuuI.jpg,드라마|Sci-Fi & Fantasy,JTBC,16,8.004,7.4216,송중기|이성민|신현빈|윤제문|김신록,1
저글러스,헌신과 순종의 서포터 정신으로 살아온 수동형 여자와 타인의 관심과 관계를 전면 거부하는 철벽형 남자가 비서와 보스로 만나 펼치는 오피스 드라마,TRUE,2017-12-04,Scripted,https://image.tmdb.org/t/p/w500/kyEtTCAPZMBnkR8IFkJIaHyGQFS.jpg,코미디,KBS2,16,7,3.2967,최다니엘|백진희|강혜정|이원근|차주영,1
저녁 같이 드실래요,이별의 상처와 홀로 문화로 인해 사랑 감정이 퇴화된 두 남녀가 저녁 식사를 매개로 감정을 회복하며 사랑을 찾아가는 이야기를 담은 드라마. 도희는 영동의 생일을 축하해주기 위해 제주도까지 날아가지만 그곳에서 바람현장을 목격하고 충격에 빠진다. 해경은 갯바위에 올라간 도희가 자살을 시도하는 것으로 오해하고 도희를 구하기 위해 뛰어들었다가 바다에 빠지는데...,TRUE,2020-05-25,Scripted,https://image.tmdb.org/t/p/w500/zXoXpRdakMwvBfKK8m3klOKGY1p.jpg,드라마,MBC,32,7.2,3.7592,송승헌|서지혜|이지훈|손나은|박호산,1
저스티스,복수를 위해 악마와 거래한 타락한 변호사 이태경과 가족을 위해 스스로 악이 된 남자 송우용이 여배우 연쇄 실종 사건의 한가운데서 부딪히며 대한민국 VVIP들의 숨겨진 뒷모습을 파헤치는 소셜 스릴러,TRUE,2019-07-17,Scripted,https://image.tmdb.org/t/p/w500/v62OHg0fIXgOuBU52ZvzDEKdmon.jpg,드라마,KBS2,32,7.2,2.7998,최진혁|손현주|나나|박성훈|이학주,1
전설의 마녀,청주여자교도소 2층 10번 방에 수감된 네 명의 수형자의 이야기를 그린 드라마,TRUE,2014-10-25,Scripted,https://image.tmdb.org/t/p/w500/j9HXGJR7Dux7QDpCVliJyNBDfOR.jpg,드라마|가족|로맨스,MBC,40,7.8,2.5597,홍아름|도상우|하연수|하석진|박인환,1
전우치,"고전소설 전우치전을 소재로 한 퓨전 무협 사극, 친구의 배신으로 아버지처럼 여겼던 홍길동과 사랑한 여인 홍무연을 잃고, 복수를 꿈꾸게 된 율도국 도사 전우치의 이야기.",TRUE,2012-11-21,Scripted,https://image.tmdb.org/t/p/w500/9s7sPBGFCTUp6vkq3UL2DrnLbB1.jpg,코미디|Action & Adventure|Sci-Fi & Fantasy,KBS2,24,4,3.0218,차태현|유이|이희준|백진희|김갑수,1
절대 그이,사랑의 상처로 차가운 강철심장이 되어버린 특수 분장사 다다와 빨갛게 달아오른 뜨거운 핑크빛 심장을 가진 연인용 피규어 제로나인이 펼치는 후끈후끈 말랑말랑 달콤 짜릿 로맨스,TRUE,2019-05-15,Scripted,https://image.tmdb.org/t/p/w500/abgirXiv64HNrtAbo8qwh9ger3C.jpg,코미디,SBS,40,6.2,3.831,여진구|방민아|홍종현|홍금비|최성원,1
정년이,"1956년 목포, 가진 것도 배운 것도 없지만 소리 하나만큼은 타고난 천재 소녀 윤정년. 바지락 캐고 생선 팔며 살아가는 고된 삶에 정년은 그저 돈을 많이 버는 게 소원인데. 시장에서 여느 때처럼 손님을 끌기 위해 소리를 하다 서울에서 내려온 당대 최고의 국극 스타 문옥경을 만나게 된다. 옥경을 통해 난생처음 국극이란 걸 보게 된 정년은 눈앞에 펼쳐지는 상상도 못한 세계에 충격과 전율을 느낀다. 절대 소리를 못 하게 하는 엄마의 반대를 무릅쓰고 우여곡절 끝에 서울의 매란국극단에 들어가게 된 정년. 이제부터 목표는 단 하나. 문옥경의 뒤를 잇는 최고의 국극 배우가 되는 것! 소리라면 누구보다 자신 있던 정년이지만 엘리트 연구생 허영서의 출중한 실력에 긴장하게 되고. 뛰어난 재능으로 단숨에 영서에 대적할 다크호스로 떠오르던 찰나, 생각지 못했던 난관에 부딪히게 되는데. 최고의 국극 배우를 향한 경쟁과 연대, 그리고 찬란한 성장기",TRUE,2024-10-12,Scripted,https://image.tmdb.org/t/p/w500/pWYDvtyb3xwunAvdH46mhNBsSNj.jpg,드라마,tvN,12,6.4,4.9263,김태리|신예은|라미란|정은채|김윤혜,1
정숙한 세일즈,'여성은 28~35세 정년 퇴임'이 자연스럽게 받아들여지던 1990년대 전라도 시골 마을에서 성인 용품을 방문 판매하는 사원들의 이야기,TRUE,2024-10-12,Scripted,https://image.tmdb.org/t/p/w500/4fncJSnUqbkMurayrXHNmOw2YTC.jpg,드라마|코미디,JTBC,12,8.067,5.8326,김소연|연우진|김성령|김선영|이세희,1
정신병동에도 아침이 와요,정신건강의학과에 새로 오게 된 간호사 정다은. 아무리 힘든 일이 생겨도 환자들에게 따뜻한 아침 햇살 같은 존재가 되기 위해 최선을 다한다.,TRUE,2023-11-03,Scripted,https://image.tmdb.org/t/p/w500/qeWsnJAnzM5HT7RDO2MU9Spa8Jt.jpg,드라마,Netflix,12,8.2,7.3821,박보영|연우진|장동윤|이정은|장률,1
제3의 매력,"유난히 지쳤던 추운 겨울, 따뜻하게 손잡아 주머니에 넣어주는 것만으로도 연애가 시작될 수도 있고.. 여름의 온도와 습도, 불쾌지수가 만든 사소한 다툼으로 잡았던 손을 놓으며 헤어질 수도 있는 법.. 연애는 이렇게, 계절 마다 다른 얼굴로 우리에게 다가온다. 이 드라마는, 스물의 봄, 스물일곱의 여름, 서른둘의 가을과 겨울을 함께 통과하는 두 남녀의 이야기. 계절마다 다른 얼굴로 부딪친 그들의 인연이 소소한 운명이 되는 연애 판타지다. 잘났든 못났든, 늙건 어리건, 연애라는 황홀한 가시밭길을 걷는 동안에는 무엇하나 내 맘 같지 않고 수월할 리가 없다. 이렇듯, 연애는 어렵다. 이 드라마는, 행복하게 웃기도 하고, 눈물도 흘리고 상처도 받는 연애의 현실에 방점을 찍을 것이다. 상처를 주거나 상처를 받았던 우리들 연애의 속살을 함께 얘기할 것이고, 고난과 역경을 넘어 목숨까지 걸며 지켜주고 싶은 운명적 연애의 완성보다는 그렇게 완성된 그 아까운 연애가 흔들리고, 금이 가고, 깨져가는 안타까운 현실을 보여주는.. 아마도, 연애 다큐가 될 것이다.",TRUE,2018-09-28,Scripted,https://image.tmdb.org/t/p/w500/6XnNKXEPNuTr1t16jRpft1oSsGE.jpg,드라마,JTBC,16,6.2,5.3587,서강준|이솜|신도현|양동근|이윤지,1
제5공화국,"제5공화국의 흥망성쇠를 생생하게 다룬 본격 정치 드라마. 1979년 10·26 사건부터 12·12 쿠데타, 5·17 쿠데타, 1980년 광주 민주화 운동, 제5공화국, 1987년 6월 항쟁, 6·29 선언, 제6공화국의 성립, 김영삼 정권 당시 전두환·노태우 구속수감, 그리고 대한민국 제15대 대통령 선거 당시 전두환·노태우 특별사면까지 다뤘다.",TRUE,2005-04-23,Scripted,https://image.tmdb.org/t/p/w500/rkL9UzEOVV1aYsmHGjmTMNxkUxN.jpg,드라마,MBC,41,9.5,5.0031,이덕화|서인석|이재용|이정길|김용건,1
제발 그 남자 만나지 마요,사랑은 하고 싶지만 오답은 피하고 싶은 ‘서지성’이 ‘조상신’이라는 AI 냉장고를 만들어 내며 펼쳐지는 로맨틱 코미디 드라마,TRUE,2020-11-10,Scripted,https://image.tmdb.org/t/p/w500/LdJ3oGJyq9RQE8TWc13FvWdjK6.jpg,코미디|드라마|Sci-Fi & Fantasy,MBC|MBC every1,10,6.6,2.5518,송하윤|이준영|윤보미|공민정|주우재,1
제빵왕 김탁구,"김탁구는 거성식품 구일중의 장남으로, 촌스럽고 성격은 단순하다. 한번 옳다고 입력한 것은 영원히 변하지 않는다. 솔직함과 정직함으로 사람을 감동시키는 선한 매력이있다. 한번이라도 김탁구의 진심을 맛본 사람이라면 결국 김탁구의 팬이 되어버린다.그런 마음으로 사람을 얻는 힘. 그것이 바로 김탁구가 가지고 태어난 운명이다. 우여곡절 끝에 거성가의 장남으로 입성하지만, 음모로 결국 쫒겨난 후 밑바닥부터 온갖 역경과 시련을 이겨내며 개성상인의 후예이자 제빵업계의 숨어있는 대부 팔봉선생으로부터 제빵기술을 물려받는다. 제빵에 타고난 천부적인 감각, 후각을 가지고, 선한 마음을 밑바탕으로 명실상부한 제빵인으로 거듭난다.",TRUE,2010-06-09,Scripted,https://image.tmdb.org/t/p/w500/pY0Iu5J6WU2pmLefsBDyDAZqzRX.jpg,드라마,KBS2,30,8.4,3.9357,윤시윤|유진|주원|이영아|김소현,1
"제왕의 딸, 수백향","백제 무령왕의 딸 수백향의 일대기를 다룬 사극으로, 백제국의 파란만장한 가족사와 그들의 처절한 사랑 이야기를 담아낸 드라마",TRUE,2013-09-30,Scripted,https://image.tmdb.org/t/p/w500/6jrDwaMik2DlI1dFkC6ejJLjGPJ.jpg,드라마,MBC,108,6.8,4.6948,서현진|서우|이재룡|조현재|전태수,1
조각도시,평범하게 살아가던 한 남자가 어느 날 갑자기 삶이 송두리째 조작돼 나락에 떨어지자 지옥에서 돌아와 벌이는 핏빛 복수극,TRUE,2025-11-05,Miniseries,https://image.tmdb.org/t/p/w500/pwin3qnVXs9tD3nU5hkl70wO1dx.jpg,범죄|드라마,Disney+,12,8.352,20.2739,지창욱|도경수|이광수|조윤수|김종수,1
조명가게,어두운 골목길 끝을 환하게 밝혀주는 조명가게는 오늘도 심야영업 중이다. 조명가게 사장은 한 분의 손님이 오더라도 장사를 한다는 원칙을 고수하며 매일 밤 손님들을 기다린다.,TRUE,2024-12-04,Miniseries,https://image.tmdb.org/t/p/w500/rTfS6UsdHNGdpSBL8RmEgaBoJrz.jpg,미스터리|드라마,Disney+,8,8.425,7.9531,주지훈|박보영|엄태구|김설현|이정은,1
조선 정신과 의사 유세풍,"침 못 놓는 천재 의원 유세풍, 이상하고 아름다운 계수의원에서 반전과부 서은우, 괴짜 스승 계지한을 만나 심의로 거듭난다. 아픈 자들에겐 따뜻한 처방을, 나쁜 놈들에겐 통쾌한 한방을 날리는 조선시대 정신과의사들의 행복 처방전!",TRUE,2022-08-01,Scripted,https://image.tmdb.org/t/p/w500/wT1sEPCuOqdu1ibSeLhxKJABrWj.jpg,드라마|미스터리,tvN,12,5.5,5.1941,김민재|김향기|김상경|안창환|전국향,1
조선로코 녹두전,미스터리한 과부촌에 여장을 하고 잠입한 전녹두와 기생이 되기 싫은 반전 있는 처자 동동주의 발칙하고 유쾌한 조선판 로맨틱 코미디. 외딴 섬에 살던 녹두는 어느 날 정체불명의 무사들에게 습격을 받고 뒤를 쫓아 육지로 나가게된다. 좌충우돌하는 가운데 의문의 '곱상한' 사내를 만나 같이 감옥에 갇히게 되는데...,TRUE,2019-09-30,Scripted,https://image.tmdb.org/t/p/w500/pMoDyXj6UxsfdSgz3nlow14t89N.jpg,코미디|드라마,wavve|KBS2,32,7.101,6.7659,장동윤|김소현|강태오|정준호|김태우,1
조작,"타블로이드지의 문제적 기자와 유력 언론사 출신의 저널리스트, 그리고 강력부 검사. 5년 전 그들의 인생을 뒤흔든 사건의 진실을 파헤치기 위해 손을 잡는다.",TRUE,2017-07-24,Scripted,https://image.tmdb.org/t/p/w500/ayZPCipcURAn3pOcLsH2TfHQpUY.jpg,드라마,SBS,32,7,3.893,남궁민|유준상|엄지원|문성근|전혜빈,1
졸업,스타 강사 서혜진과 신입 강사로 나타난 발칙한 제자 이준호. 대치동에 밤이 내리면 이토록 설레는 미드나잇 로맨스가 시작된다. 우리가 미처 몰랐던 학원 강사들의 다채롭고 밀도 있는 이야기.,TRUE,2024-05-11,Scripted,https://image.tmdb.org/t/p/w500/2bVVy1R2rchcqyPjiQtFsJwfOYB.jpg,드라마,tvN,16,7.1,3.6472,정려원|위하준|김종태|소주연|김정영,1
좀비탐정,부활 2년 차 좀비가 탐정이 되어 자신의 과거를 찾기 위해 고군분투하는 좀비 공생 휴먼 코믹 드라마,TRUE,2020-09-19,Scripted,https://image.tmdb.org/t/p/w500/4u8446xiDlHZcxGFon3ml7BnSLX.jpg,Sci-Fi & Fantasy|미스터리|코미디|드라마,KBS2|wavve,12,8.378,3.2133,최진혁|박주현|황보라|권화운|안세하,1
좋아하면 울리는,"누군가 나를 좋아한다. 반경 10m 안에 당신을 좋아하는 그 사람이 나에게 다가오면 알람이 울린다. 마음을 알려주는 앱 ‘좋알람’의 시대, 먹고사는 일이 가장 힘든 소녀 조조에게도 기적 같은 풋풋한 사랑이 찾아온다. 모델 출신 인기남 선오가 전학을 오게 되면서, 조조와 선오는 마음을 확인한다. 조조를 먼저 좋아하기 시작했던 혜영은 한 걸음 물러서지만 조조를 향한 마음을 포기하지 못하는데...",TRUE,2019-08-22,Scripted,https://image.tmdb.org/t/p/w500/uJjJOxWNqP8diFrZmpXrhdciC4f.jpg,드라마|Sci-Fi & Fantasy,Netflix,8,8.2,13.3727,김소현|정가람|송강|고민시|이재응,1
주군의 태양,인색하고 욕심 많은 유아독존 사장님과 음침하고 눈물 많은 영감 발달 여직원이 무섭지만 슬픈 사연을 지닌 영혼들을 위령하는 로코믹 호러 드라마,TRUE,2013-08-07,Scripted,https://image.tmdb.org/t/p/w500/6D22y9njJxP97tGxYWRILiysmFR.jpg,Sci-Fi & Fantasy|코미디|드라마,SBS,17,8,5.0855,소지섭|공효진|서인국|김유리|황선희,1
죽어도 좋아,안하무인 '백진상' 팀장과 그를 개과천선 시키려는 '이루다' 대리의 대환장 오피스 격전기를 담은 드라마,TRUE,2018-11-07,Scripted,https://image.tmdb.org/t/p/w500/jstdQSynXiaOI3JiQLFv2gbggw7.jpg,코미디,KBS2,32,6.75,3.7533,강지환|백진희|공명|류현경|김민재,1
중증외상센터,전장에서 경험을 쌓은 외과 전문의가 한국에 돌아온다. 뛰어난 실력으로 거침없이 돌진하는 그의 목표는 최고의 중증외상센터 건설. 그의 팀원들도 생명을 구하는 인재들로 성장해 간다.,TRUE,2025-01-24,Scripted,https://image.tmdb.org/t/p/w500/yCjhV8ss6L6wTezkhq5F5TIiyV4.jpg,드라마|코미디,Netflix,8,8.471,10.8254,주지훈|추영우|하영|윤경호|정재광,1
지고는 못살아,이혼 위기에 처한 변호사 부부의 이야기를 그린 로맨틱 코미디 드라마,TRUE,2011-08-24,Scripted,https://image.tmdb.org/t/p/w500/s1HDiuTKDZLwrrU4MKDXzff024H.jpg,,,18,0,0.4953,,1
지금 우리 학교는,좀비 바이러스 발생의 시발점이 된 고등학교. 이곳에 갇힌 학생들은 필사적으로 탈출구를 찾아야만 한다. 그렇지 않으면 감염되어 좀비가 될 뿐.,TRUE,2022-01-28,Scripted,https://image.tmdb.org/t/p/w500/d9yefq8dNke4UbuqStBtUcO9TxD.jpg,Action & Adventure|드라마|Sci-Fi & Fantasy,Netflix,12,8.284,27.5285,박지후|윤찬영|조이현|로몬|유인수,1
"지금, 헤어지는 중입니다",‘이별’이라 쓰고 ‘사랑’이라 읽는 달고 짜고 맵고 시고 쓴 이별 액츄얼리,TRUE,2021-11-12,Scripted,https://image.tmdb.org/t/p/w500/6lGzqEpdoYFp4seJyCQeRlSQPXa.jpg,드라마,SBS,16,6.2,4.1675,송혜교|장기용|최희서|김주헌|박효주,1
지금은 연애중,"호정은 엉뚱한 남자들과 만나면 종종 넘어지는 귀엽고 순진한 소녀다. 호정과 이웃인 규인은 모두 사랑에 있어서 이상주의자이다. 그들은 잘못된 발로 시작하여 서로를 형제처럼 대하고 끊임없이 싸우고 있습니다. 호정의 친구 차희는 규인을 좋아하고, 호정은 자신도 규인을 좋아하고 있음을 깨닫는다. 호정의 동생인 호재는 신체적 특징이 좋은 선수이다. 호재는 외모는 없지만 인품과 지능이 좋은 호정의 친구 수지에게 반하면서 상황이 복잡해지기 시작한다.",TRUE,2002-01-16,Scripted,https://image.tmdb.org/t/p/w500/kCNDmOv8orSXY7UvhZQKori7mCY.jpg,드라마,SBS,16,6,1.3021,권상우|채림|소지섭|최윤영,1
지배종,인간이 동물의 세포를 배양해서 만들어내는 배양육만을 먹는 시대를 배경으로 한다. 배양육 시장을 장악한 생명공학 기업 BF 대표의 행적에 의문을 품은 이들이 속속 생겨나며 시작되는 이야기.,TRUE,2024-04-10,Scripted,https://image.tmdb.org/t/p/w500/rpCuKssTo2Gs949iJnVK23vr2Oz.jpg,Sci-Fi & Fantasy|드라마,Disney+,10,6.712,4.7551,주지훈|한효주|이희준|이무생|전석호,1
지옥,"어느 날 기이한 존재로부터 지옥행을 선고받은 사람들. 지옥으로부터의 고지를 받은 자는 어김 없이 예정된 시간에 지옥의 사자들에게 끌려가는 일이 서울 한복판에서 모두가 지켜보는 가운데 일어난다. 충격과 두려움에 휩싸인 도시에 대혼란의 시대가 도래한 가운데, 신흥 종교 단체 새진리회의 의장 정진수는 이것이 진정으로 현실 세계에서 일어나고 있는 신의 집행임을 사람들에게 설파한다. 한편 일부는 새진리회에 맞서 싸우며 사건의 실체를 밝히려 한다.",TRUE,2021-11-19,Scripted,https://image.tmdb.org/t/p/w500/sgTu75c5PJsRHDMSna0ha8bhYWn.jpg,드라마|미스터리|Sci-Fi & Fantasy,Netflix,6,7.32,10.135,유아인|김현주|양익준|김신록|박정민,1
진검승부,"부와 권력이 만든 성역, 그리고 그 안에 살고 있는 악의 무리들까지 시원하게 깨부수는 불량 검사 액션 수사극. 검찰 역사에 다시없을 꼴통 불량검사 진정. 하루하루 보잘것없는 사건들만 처리하던 그에게 어느 날 서초동 살인사건이 배당된다. 피의자는 20대 택배기사 김효준. 하지만 정은 그가 범인이 아니라는 것을 직감, 검찰 모두가 김효준을 기소하라는 와중에 홀로 사건을 파헤치기 시작하는데...",TRUE,2022-10-05,Scripted,https://image.tmdb.org/t/p/w500/9dHph3aTNdpgT2ZRytGeLQuJckF.jpg,Action & Adventure|드라마,KBS2,12,6.667,3.8009,도경수|이세희|하준|김상호|이시언,1
진실,"고교 동창 자영과 신희의 사랑, 우정에 대한 이야기",TRUE,2000-01-05,Scripted,https://image.tmdb.org/t/p/w500/vqCoKGwghxW4UpClbekKzRkY8fZ.jpg,드라마,MBC,16,7,2.4135,최지우|박경림|김창숙|박선영|김현수,1
진심이 닿다,"어느 날, 드라마처럼 로펌에 뚝 떨어진 대한민국 대표 배우 오윤서가 완벽주의 변호사 권정록을 만나 시작되는 우주여신 위장취업 로맨스. 스캔들로 잠정 은퇴를 선언한 우주여신 오진심(예명 오윤서). 복귀에 목말라 있던 진심은 스타작가 이세진의 드라마에 출연하기 위해 작가를 찾아간다. 작가는 고심 끝에 '조건'을 제시하는데. 올웨이즈 로펌의 에이스 변호사 권정록은 오윤서가 자신의 비서로 온다는 소식을 듣는다. 정록은 런웨이를 방불케하는 진심의 첫 출근룩에 어이가 없고, 진심도 '우주여신 오윤서'를 한낱 낙하산쯤으로 여기는 정록이 못마땅한데...",TRUE,2019-02-06,Scripted,https://image.tmdb.org/t/p/w500/bvfps82s1TqNI1XxLp9dhQY0BhT.jpg,코미디|드라마,tvN,16,8.3,10.0926,이동욱|유인나|이상우|손성윤|박지환,1
질투의 화신,질투라곤 몰랐던 마초기자와 재벌남이 생계형 기상캐스터를 만나 질투로 스타일 망가져가며 애정을 구걸하는 양다리 로맨스,TRUE,2016-08-24,Scripted,https://image.tmdb.org/t/p/w500/qUY8VWskWSOWHWQeMBFj5ktvHuk.jpg,코미디|드라마,SBS,24,8.1,5.9075,공효진|조정석|고경표|이미숙|이성재,1
징크스의 연인,불행한 자신의 삶을 숙명으로 여기고 순응하며 사는 한 인간 남자와 저주를 풀기 위해 미지의 세상 밖으로 뛰어든 여신이 잔혹한 운명을 뛰어넘으며 펼치는 판타지 로맨스 드라마,TRUE,2022-06-15,Scripted,https://image.tmdb.org/t/p/w500/1Wmux0FIOokrcAJ9pkdtFzVu9sw.jpg,드라마|미스터리,KBS2,16,4.545,2.9341,서현|나인우|기도훈|전광렬|이호정,1
짠내아이돌,스타덤에 올랐음에도 불구하고 고난을 겪는 아이돌의 짠한 일상을 그린 성장 코미디 드라마.,TRUE,2022-04-15,Miniseries,https://image.tmdb.org/t/p/w500/rHgvA2s9ZDZh8DZoN6fRmAvsvQv.jpg,코미디|Reality|드라마,YouTube,10,1,1.2628,Lee Sang|안시창|박민혁|최성민|문지후,1
찌질의 역사,"서로의 존재만으로도 즐거운 스무살의 민기, 기혁, 광재, 준석은 각자의 스타일로 연애를 시작한다. 그중에서도 다른 친구와 다르게 운명의 만남을 기다렸던 민기에게 운명처럼 첫사랑이 나타난다.",TRUE,2025-02-26,Scripted,https://image.tmdb.org/t/p/w500/vyU2og7FQaD6rkTSbMLmYlPtFid.jpg,드라마,wavve|watcha,8,6.5,2.185,조병규|려운|정재광|정용주|송하윤,1
착한 사나이,"할아버지 건달, 아버지 건달, 아들 건달로 내려오는 건달 3대 집안의 장손 석철이 가족과 직장, 사랑을 지키기 위해 겪는 파란만장 사건들을 웃음과 눈물로 그려낸 이야기.",TRUE,2025-07-18,Scripted,https://image.tmdb.org/t/p/w500/gXCb42Q07aIsBQTctOUeAXCa8SU.jpg,드라마|가족,JTBC,14,6.5,18.0347,이동욱|이성경|류혜영|오나라|박훈,1
착한마녀전,'마녀'와 '호구' 사이를 아슬아슬 넘나드는 '천사표 아줌마'의 빵 터지는 이중 생활극,TRUE,2018-03-03,Scripted,https://image.tmdb.org/t/p/w500/hyelPfigOf8lE0l2KfZOVxHnrlC.jpg,드라마,SBS,40,4.7,3.5817,이다해|류수영|안우연|배수빈|윤세아,1
찬란한 유산,식품 재벌 집안의 유산 상속과 가족애 되찾기를 그린 드라마.,TRUE,2009-04-25,Scripted,https://image.tmdb.org/t/p/w500/vJM4YbLkcRyaYBQmFS2IH7hkhFE.jpg,코미디|드라마,SBS,28,7.694,5.1358,한효주|이승기|문채원|배수빈|반효정,1
참교육,"선 넘는 학생, 학부모, 교사. 대한민국 교권이 무너졌다. 교육 현장을 바로잡기 위해 창설된 ‘교권보호국’. 그들의 유쾌, 상쾌, 통쾌한 참교육이 시작된다.",TRUE,2026-06-05,Miniseries,https://image.tmdb.org/t/p/w500/bUsdsCTUUrqd1l9MZFgiJRypQG1.jpg,Action & Adventure|드라마|코미디,Netflix,10,9.407,46.8027,김무열|이성민|진기주|피오|김종수,1
천국의 계단,오랜 사랑과의 재회를 꿈꾸며 해외에서 돌아온 차송주. 그러나 한정서가 사고로 기억을 잃으면서 둘의 인연이 어긋나고 만다.,TRUE,2003-12-03,Scripted,https://image.tmdb.org/t/p/w500/wPKTMK7J11YJT8Lteb26i0aYMsa.jpg,드라마,SBS,20,8.166,5.0006,권상우|최지우|신현준|김태희|이휘향,1
천국의 눈물,《천국의 눈물》은 2014년 10월 11일부터 2015년 1월 3일까지 방영된 MBN 특별기획 드라마이다.,TRUE,2014-10-11,Scripted,https://image.tmdb.org/t/p/w500/tdV48SQmSoEyCwop4eS8MBHarkr.jpg,,MBN,25,0,2.1971,박지영|홍아름|서준영|인교진|이종원,1
천원짜리 변호사,수임료 1000원이지만 실력은 최고인 '천원자리 변호사'가 돈 많은 '법꾸라지' 변호사들과 싸우는 법정 활극,TRUE,2022-09-23,Scripted,https://image.tmdb.org/t/p/w500/aHmf91k8s19B1vLmt0F3lItF3QV.jpg,드라마|범죄,SBS,12,7.593,8.3303,남궁민|김지은|박진우|이청아|최대훈,1
천일의 약속,기억을 잃어가는 여자와의 사랑을 지키는 한 남자의 지고지순한 사랑이야기를 그린 드라마다.,TRUE,2011-10-17,Scripted,https://image.tmdb.org/t/p/w500/1Xml8fEs8iLmoPRqhvyAkxYxUlL.jpg,드라마,SBS,20,6.833,2.5327,김래원|수애|문정희|이상우|정유미,1
철인왕후,불의의 사고로 대한민국 대표 허세남 영혼이 깃들어 '저 세상 텐션'을 갖게 된 중전 김소용과 두 얼굴의 임금 철종 사이에서 벌어지는 영혼가출 스캔들,TRUE,2020-12-12,Scripted,https://image.tmdb.org/t/p/w500/nzMUCTgifscseMV62JjZE3ilOSx.jpg,드라마|코미디|Sci-Fi & Fantasy,tvN,20,8.505,8.6253,신혜선|김정현|배종옥|김태우|설인아,1
첫사랑은 처음이라서,"스무 살 독립, 문란해질 준비는 끝났다. 화끈한 로맨스를 꿈꾸는 태오. 하지만 친구들이 각자의 사정으로 집에 쳐들어오면서, 기대하지 않았던 좌충우돌 동거가 시작된다. 도대체 어디까지가 우정이고 어디까지가 썸인건지. 첫 인생이라서 어렵고, 첫사랑이라서 서툰 생초보들이 한집에 모였다.",TRUE,2019-04-18,Scripted,https://image.tmdb.org/t/p/w500/dHKjOEnAWiMzngxNzuC9NiXqMfB.jpg,드라마,Netflix,8,8.2,3.7864,김지수|정채연|정진영|최리|강태오,1
청년 김대건,"조선 근대의 길을 열어젖힌 열혈 청년 김대건의 모험! 천주교의 평등이 조선을 구원할 길이라는 믿음으로, 육지와 바다를 종횡무진 누빈 열혈 청년 김대건이 결국 조선 근대의 길도 열게 된다.",TRUE,2025-12-24,Scripted,https://image.tmdb.org/t/p/w500/b7JBDd6nDEnxNQP6P4ktRwBqAh7.jpg,드라마,tvN,3,10,1.4585,윤시윤|안성기|김강우|이문식|윤경호,1
청담동 앨리스,시작은 노력형 캔디였으나 더 이상 캔디로 살지 않겠다고 선언한 뒤 노력형 신데렐라가 되는 주인공을 통해 대한민국을 지배하는 부와 진정한 결혼의 의미를 되새겨 보는 드라마.,TRUE,2012-12-01,Scripted,https://image.tmdb.org/t/p/w500/7vH98SbWpDem5HKCpvrDNvA1rJU.jpg,코미디|드라마,SBS,16,6.4,3.775,문근영|박시후|소이현|김지석|김승수,1
청춘기록,"현실의 벽에 절망하지 않고 스스로 꿈과 사랑을 이루기 위해 노력하는 청춘들의 성장 기록을 담은 드라마. 모델에서 배우라는 꿈을 향해 열심히 달려가고 있는 혜준. 하지만 그 길은 험난하기만 하다. 믿었던 에이전시 대표 태수에게 발등 찍히고, 같은 꿈을 꾸는 친구 해효와 비교당하기 일쑤. 그런 혜준 앞으로 입영통지서가 날아오는데...",TRUE,2020-09-07,Scripted,https://image.tmdb.org/t/p/w500/gDWva9h1wHz40wXvOTfpTNM3ws8.jpg,드라마,tvN,16,8.035,5.904,박보검|박소담|변우석|이창훈|조윤정,1
청춘시대,"외모부터 성격, 전공, 남자 취향, 연애스타일까지 모두 다른 5명의 매력적인 여대생이 셰어하우스 벨 에포크에 모여 살며 벌어지는 유쾌하고 발랄한 청춘 드라마. 20대는 환히 빛날 줄만 알았다던 벨 에포크 친구들의 계속되는 동고동락. 돈 벌기, 연애, 그 무엇 하나 쉽지 않은 그녀들의 이야기.",TRUE,2016-07-22,Miniseries,https://image.tmdb.org/t/p/w500/5dZijYdQMyaV22CZn9IVmdxdTBs.jpg,코미디|드라마,JTBC,12,7.232,6.1884,한예리|한승연|박은빈|박혜수|신현수,1
체크인 한양,‘손님은 왕’이라는 무엄한 기치를 내건 조선 최대 객주 용천루와 그곳에 인턴 사환으로 입사한 조선 꽃청춘들의 이야기를 다룬 파란만장 성장 로맨스 사극,TRUE,2024-12-21,Scripted,https://image.tmdb.org/t/p/w500/mebc6y5g757RJe4yjC9RL4yR1Fu.jpg,코미디|드라마,Channel A,16,8,3.6481,배인혁|김지은|정건주|박재찬|김의성,1
초면에 사랑합니다,보이는 게 없어지고 나서야 비로소 사람을 제대로 보게 된 냉혈한 보스의 자아 찾기와 보스를 속여먹다 그를 사랑하게 된 비서의 로맨스를 담는 드라마.,TRUE,2019-05-06,Scripted,https://image.tmdb.org/t/p/w500/6KxjeD7YO8P3vPtib3IxQJLA6hV.jpg,코미디,SBS,32,7.5,5.3772,김영광|진기주|김재경|구자성|정애리,1
초콜릿,"이탈리아 세계요리대회 출신 셰프와 뇌 신경외과 의사가 서로를 보듬으며 호스피스들에게 요리를 선사하는 사랑의 휴먼드라마. 1992년 봄. 어린 강은 바다식당을 찾은 어린 차영에게 정성 어린 밥 한 끼를 대접한다. 요리사를 꿈꾸는 따듯한 소년과 행복해서 눈물이 난다는 순수한 소녀. 둘은 다시 만날 것을 약속하지만 안타깝게 엇갈리고 만다. 시간이 흐르고, 잘나가는 신경외과의가 된 강과 우연히 마주친 차영은 그가 어릴 적 첫사랑 소년임을 알아보고 설레는 마음을 감추지 못한다.",TRUE,2019-11-29,Scripted,https://image.tmdb.org/t/p/w500/lo9m03N7xfa56wYN58DlDdWcOjC.jpg,드라마,JTBC,16,7.845,3.8129,하지원|윤계상|장승조|민진웅|유태오,1
총각네 야채가게,자신의 일에 최선을 다해 노력하는 건강한 젊은이들의 일과 꿈 그리고 사랑을 다룬 TV 드라마,TRUE,2011-12-21,Scripted,https://image.tmdb.org/t/p/w500/4uk7TLLb87yTGG7VjfV52taTmkx.jpg,코미디|드라마|로맨스,Channel A,24,4.5,3.4616,김영광|지창욱|왕지혜|오재무|박수진,1
총리와 나,"'업무 100점, 육아 0점'인 총리 가족에게 크리스마스의 선물처럼 엄마가 오면서 벌어지는 사랑 이야기를 담은 드라마.",TRUE,2013-12-09,Scripted,https://image.tmdb.org/t/p/w500/xPHANlNVPy8MojleFJTufQmamFC.jpg,코미디,KBS2,17,6.1,4.6821,이범수|윤아|윤시윤|채정안|류진,1
최강 배달꾼,가진 것이라곤 배달통뿐인 인생들의 통쾌한 뒤집기 한 판을 그린 신속정확 열혈 청춘배달극,TRUE,2017-08-04,Scripted,https://image.tmdb.org/t/p/w500/5R8ofR1cX7mc17cayDfrLQuFJ0w.jpg,드라마,KBS2,16,6.77,4.8831,고경표|채수빈|김선호|고원희|남지현,1
최고다 이순신,아버지의 죽음을 계기로 뜻하지 않은 운명의 소용돌이에 휩쓸리게된 엄마와 막내딸의 행복찾기와 그녀의 사랑이야기이다.,TRUE,2013-03-09,Scripted,https://image.tmdb.org/t/p/w500/rd2VIxmJ1GbyP1tBZQyms8h24r5.jpg,코미디|가족|드라마,KBS2,50,6.2,3.7027,이지은|조정석|고두심|이미숙|유인나,1
최고의 결혼,자발적 선택에 의해 비혼모가 된 한 여자를 중심으로 각기 다른 네 커플의 연애와 결혼 이야기를 그린 드라마,TRUE,2014-09-27,Scripted,https://image.tmdb.org/t/p/w500/o5OHtZNXYfQmTH1kBBpwAcRHMYf.jpg,코미디|드라마|로맨스,TV Chosun,16,4,3.0789,박시연|배수빈|노민우|조은지|정애연,1
최고의 엔딩,헤어진 지 1년 만에 취업에 성공한 웅은 민채를 다시 만났다. 많은 돈을 저축하지는 않았지만 결혼을 향한 달콤한 도전이 시작된다.,TRUE,2019-05-08,Scripted,https://image.tmdb.org/t/p/w500/axAWKXIPfYjJWDs0TNrJDFRSWYL.jpg,드라마|코미디,V LIVE|NAVER TV,8,2,1.6584,최희진|정건주|김민종|박세현,1
최고의 이혼,"'결혼은 정말 사랑의 완성일까?'라는 물음에서 시작해, 사랑, 결혼, 가족에 대한 남녀의 생각 차이를 유쾌하고 솔직하게 그리는 러브 코미디 드라마",TRUE,2018-10-08,Scripted,https://image.tmdb.org/t/p/w500/hMjLrXkN7OtR2txaXGqx18qB5n9.jpg,코미디|드라마,KBS2,32,7.8,4.6347,차태현|배두나|이엘|손석구|문숙,1
최애의 사원,"아이돌 그룹 D.N.X 멤버 이찬의 열혈팬 남다름. 최애를 쫓아 그의 패션회사에 입사한 다름을 기다린 건 완벽주의 대표 강하기?! 티격태격하던 둘에겐 묘한 감정이 싹트는데... 최애 이찬까지 다름의 마음을 흔든다! 최애와 대표, 일과 사랑 사이에서 '최애의 사원'으로 거듭나는 남다름의 오피스 성장 로맨스!",TRUE,2026-08-03,Scripted,https://image.tmdb.org/t/p/w500/ulZRwSHpR48veyusMs98OitwVID.jpg,코미디|드라마,tvN,12,7.5,30.1873,강훈|김혜준|차우민|유나|천우진,1
추노,"도망친 노비들을 쫓는 추노꾼과 그를 둘러싼 이들의 엇갈린 운명과 감정, 그리고 신분과 자유를 둘러싼 치열한 이야기.",TRUE,2010-01-06,Miniseries,https://image.tmdb.org/t/p/w500/bn9jatgiQFyhaBX7DVuEo9JudvP.jpg,Action & Adventure|드라마,KBS2,24,8.1,4.814,장혁|이다해|오지호|이종혁|공형진,1
추리의 여왕,바구니를 던져버린 설옥과 막강한 추리군단을 거느리고 돌아온 완승이 크고 작은 사건을 해결하며 숨겨진 진실을 밝혀내는 생활밀착형 추리드라마,TRUE,2017-04-05,Scripted,https://image.tmdb.org/t/p/w500/rg9sgTfLRJHV5VKfeGuoVGPRBEb.jpg,코미디|미스터리|범죄,KBS2,16,7.615,4.1849,최강희|권상우|김현숙|박병은|이원근,1
춘화연애담,"파격적인 야설집 '춘화연애담'으로 도성이 들썩이는 가운데, 첫사랑에 실패한 공주 '화리'가 직접 부마를 찾겠다는 선언에 도성 최고 바람둥이 '환'과 1등 신랑감 '장원'이 휘말리게 되면서 벌어지는 로맨틱 청춘사극",TRUE,2025-02-06,Miniseries,https://image.tmdb.org/t/p/w500/aAAteYJaUgQ43M3JBeWSEXYcSwz.jpg,드라마,TVING,10,8.6,4.0526,고아라|장률|강찬희|손우현|한승연,1
출사표,"취업 대신 출마를 외친 청년들과 '정치 만렙' 의원들의 이야기를 담은 명랑 코믹 정치 오피스 드라마. 동네 민원왕이라 불리는 불나방 세라는 민원을 넣다 우연한 사건에 휘말려 용감한 구민상까지 받게 되지만, 회사에서 당일 부당 해고를 당해 구청 민원실 사무보조 알바를 지원하게 된다. 민원실에 좌천된 엘리트 사무관 공명은 불나방이 올린 민원처리로 지쳐있던 찰나, 사무보조 알바 면접 보러 온 세라를 알아보고 바로 합격시키는데...",TRUE,2020-07-01,Scripted,https://image.tmdb.org/t/p/w500/ndEHtsy6N0EWdCIdg6r2Sps854X.jpg,코미디|War & Politics|드라마,KBS2,32,7.6,3.1656,나나|박성훈|유다인|한준우|오동민,1
취하는 로맨스,감정을 숨기는 게 당연한 ‘초열정’ 주류회사 영업왕 용주와 감정을 캐치하는 게 일상인 ‘초민감’ 브루어리 대표 민주의 설렘 도수 끌올 로맨스,TRUE,2024-11-04,Scripted,https://image.tmdb.org/t/p/w500/sBBqr0OT4O6Ng5oMSAdNRr45F9I.jpg,코미디|드라마,ENA,12,7.6,3.2923,김세정|이종원|신도현|백성철|류원우,1
층간,오디오 엔지니어이자 유튜브에서 소리를 만드는 방송을 하는 원경이 윗집에서 들려오는 정체 불명의 소음으로 인해 과거 트라우마에 시달리며 벌어지는 이야기,TRUE,2025-10-18,Scripted,https://image.tmdb.org/t/p/w500/zzaRkfVBXo1c0Xnbx2roXW0wMWa.jpg,,,1,0,0.9703,백시연|윤지민|안창환|허동원,1
치얼업,찬란한 역사를 뒤로하고 망해가는 대학 응원단에 모인 청춘들의 뜨겁고 서늘한 캠퍼스 미스터리 로맨틱 코미디,TRUE,2022-10-03,Scripted,https://image.tmdb.org/t/p/w500/uxzBLMoYTTthWM7RNNduIHwnmaM.jpg,드라마|미스터리|코미디,SBS,16,6.518,4.3427,한지현|배인혁|김현진|장규리|이은샘,1
치즈인더트랩,"평범한 여대생 홍설과 엄친아 선배 유정이 만들어가는 캠퍼스 연애물의 동명웹툰을 원작으로 한 드라마. 달콤한 미소 뒤 위험한 본성을 숨긴 완벽 스펙남, 유정. 그리고 유일하게 그의 본모습을 꿰뚫어본 평범한 여대생 홍설. 달라도 서로 너무 다른 두 사람이 사랑에 빠진다면? 상처받지 않기 위해, 누구에게도 기대지 않은 채 모든 걸 스스로 해결하려고만 하던 설과 언제나 자신의 본심을 감춘 채 주변의 모두를 기만하던 유정. ​누군가와 함께 어울려 살아가는 법을 알지 못했던 이들이 사랑에 빠져 함께 변하고, 성장해가는 과정을 통해서 20대의 진솔한 사랑과 고민의 이야기를 나눠보고자 한다.",TRUE,2016-01-04,Scripted,https://image.tmdb.org/t/p/w500/5HH2hyB2VLYrkcFK8nGzYXdLo5s.jpg,코미디|드라마,tvN,16,7,4.3539,박해진|김고은|서강준|박민지|남주혁,1
친애하는 X,"국내 최고의 여배우 '백아진'의 몰락, 그리고 그 뒤에 숨겨진 그녀의 두 얼굴. 반지운의 동명 웹툰 원작",TRUE,2025-11-06,Scripted,https://image.tmdb.org/t/p/w500/9eTQfA8lC4027DrG0PBvEBVRKuM.jpg,범죄|드라마,TVING,12,8.6,12.5534,김유정|김영대|김도훈|이열음|조현진,1
친애하는 판사님께,"타인의 삶을 탐낸 자들의 유쾌한 최후! 비상한 두뇌, 훤칠한 외모. 모든 유전자를 똑같이 나눠 가졌으나 전혀 다른 삶을 사는 형제가 있다. 수호 & 강호. 양형 기준을 벗어난 판결이 단 한 번도 없는 ‘컴퓨터 판사’ 한수호가 사라졌다. 은근슬쩍 그 자리를 차지한 동생 한강호, 전과 5범을 거치며 쌓은 ‘실전법률’을 바탕으로 전례 없는 통 큰 판결을 시작한다.  更生 (갱생). 교도소에서 아침저녁으로 외치던 구호 갱생! 말 그대로 인생이 다시 시작됐다. 냉대 받던 전과자에서 친애하는 판사님으로, 인간 쓰레기에서 결혼 상대 1위로, 집안의 망나니에서 가문의 보배로. 그렇다고 예전의 내가 지금의 나로 완전히 바뀔 수 있을까. 어느 날 갑자기 내가 ‘무엇’이 된다면 모든 욕망이 채워질까? 그 욕망이 다 채워진다면 더 이상 결핍은 존재하지 않을까? 이 이야기는 타인의 삶을 탐낸 사람들이 자신의 삶을 찾아가는 과정이다.",TRUE,2018-07-25,Scripted,https://image.tmdb.org/t/p/w500/9TP0UhlCz8EpafyHQzpq6Bz9ma5.jpg,드라마,SBS,32,7.3,5.6484,윤시윤|이유영|박병은|권나라|김혜옥,1
카이로스,10시 33분. 운명을 바꿀 단 1분의 시간. 전화벨이 울리면 시간을 관통하는 1분의 공조가 시작된다! 유괴된 어린 딸을 되찾아야 하는 미래의 남자 서진과 잃어버린 엄마를 구해야하는 과거의 여자 애리가 사랑하는 사람을 위해 “시간을 가로질러” 고군분투하는 타임 크로싱 스릴러,TRUE,2020-10-26,Scripted,https://image.tmdb.org/t/p/w500/n4zoCG14oZOJYZwcTuVHIyh0i6O.jpg,Action & Adventure|범죄|드라마|Sci-Fi & Fantasy,MBC,32,6.2,4.045,신성록|이세영|안보현|남규리|강승윤,1
카지노,카지노의 왕이 된 한 남자! 모든 것을 잃은 후 생존과 목숨을 걸고 게임의 세계로 다시 복귀한다.,TRUE,2022-12-21,Scripted,https://image.tmdb.org/t/p/w500/b7wLXWOdeyz3gWnfN5h9OI3cb4o.jpg,드라마|Action & Adventure|범죄,Disney+,8,5.857,8.5746,최민식|손석구|이동휘|허성태|이혜영,1
캐리어를 끄는 여자,커다란 여행용 캐리어 ‘쥬쥬’에 재판서류를 가득 넣고 다니며 시도 때도 없이 사건처 리를 하고 있는 금주(최지우)는 서초동 법무법인 예일의 잘나가는 사무장이다. 금주 는 우연히 신원불명의 노숙소녀 살인미수 사건을 맡게 되고 그로 인해 하루 아침에 추락하고 마는데...,TRUE,2016-09-26,Scripted,https://image.tmdb.org/t/p/w500/ouzfPdwrRgudlz6060vv64MdKvd.jpg,범죄|드라마,MBC,16,6.6,2.1176,최지우|주진모|전혜빈|이준|장현성,1
캐셔로,초능력을 얻게 된 평범한 남자. 그러나 초능력을 사용할 때마다 지갑 속 돈이 줄어드는 탓에 마음 편히 싸울 수가 없다. 설상가상 초능력을 훔치려는 나쁜 놈마저 기승을 부리고 있으니.,TRUE,2025-12-26,Miniseries,https://image.tmdb.org/t/p/w500/SB3HbQAqQGWJTV1J5U10aXNXdU.jpg,Action & Adventure|드라마,Netflix,8,7.3,7.3382,준호|김혜준|김병철|김향기|강한나,1
커넥션,50억 보험금을 남기고 숨진 한 고등학교 친구의 죽음을 추적하며 드러나는 친구들의 변질된 우정을 그린 범죄 수사 스릴러,TRUE,2024-05-24,Scripted,https://image.tmdb.org/t/p/w500/ckEXEXVgODZWJbQS4iAdLQCmXgn.jpg,드라마|범죄|미스터리,SBS,14,7.68,4.6816,지성|전미도|이현소|권율|김경남,1
커피 한잔 할까요,순수한 열정만으로 커피의 세계에 뛰어든 신입 바리스타 강고비가 커피 명인 박석의 수제자가 되면서 커피와 사람에 대해 배워가는 모습을 그린 감성 휴먼 드라마,TRUE,2021-10-24,Scripted,https://image.tmdb.org/t/p/w500/3wRTPDj1a6wGrrBqBeQsp74Pl22.jpg,드라마,Kakao TV|watcha,12,6.5,3.0491,옹성우|박호산|서영희|추예진|송재룡,1
커피프린스 1호점,"버스를 타고 가다 보면 높은 빌딩 앞을 지나가는 사람들이 매우 작고 초라해 보인다. 하지만 그 빌딩을 만든 것도, 그 빌딩 속에서 꿈과 희망을 이뤄 가는 것도 사람들이 아닌가? 자칫 삭막해 보이기 쉬운 도시. 그 도시를 풍요롭게 하고 따뜻하게 하는 건 꿈과 희망을 향해 가는 사람의 땀과 웃음일 것이다. 작은 바늘 땀 하나하나가 커다란 작품을 이루는 십자수처럼 사람들의 행생한 삶이 도시 곳곳을 알알이 채우고 있다. 결코 평범하지 않고 그 누구도 소흘히 할 수 없는 우리네 굴곡진 삶. 그중에서도 초록빛 청춘들의 사랑과 꿈을 그리는 희망찬 이야기다.",TRUE,2007-07-02,Miniseries,https://image.tmdb.org/t/p/w500/9QysOR7TtNOXeuiNorPdc790Eji.jpg,코미디|드라마,MBC,17,8.157,7.5939,공유|윤은혜|이선균|채정안|김창완,1
컨피던스맨KR,"신용 사기꾼 세 명이 팀을 꾸려 악덕 기업의 돈이나 마피아 보스 등 욕망에 사로잡힌 인간들로부터 모든 수단을 이용해 돈을 탈취하는 과정을 그린 이야기. 일본 드라마 ""컨피던스 맨 JP""의 한국 리메이크.",TRUE,2025-09-06,Scripted,https://image.tmdb.org/t/p/w500/9gL520FwnQa2yHbFq24AtEM2OyW.jpg,범죄|코미디|드라마,TV Chosun,12,7.634,12.0693,박민영|박희순|주종혁|송지효|정웅인,1
컬러 러쉬,그의 눈엔 세상이 회색이다. '신경전색맹'인 모노 연우. 실종된 엄마에 대한 아픈 기억을 안고 새 학교로 전학을 간다. 그곳에서 만난 유한의 얼굴을 보자 갑자기 쏟아지는 세상의 모든 색깔. 모노의 운명적인 상대 프로브를 만난 것일까.,TRUE,2020-12-30,Scripted,https://image.tmdb.org/t/p/w500/xNRXkLSTNhE882vrCKsJMivga7a.jpg,미스터리|드라마|Sci-Fi & Fantasy,Viki|Seezn|Shortime|Shortcha,8,6.288,3.9076,유준|허현준|연민지|백서후|민효기,1
쾌걸 춘향,"춘향이가 돌아왔다. 갑갑한 한복과 쓰개치마를 훨훨 벗어버리고, 배꼽티에 청바지를 입은 엽기발랄, 쾌걸 춘향이가 되어 돌아왔다",TRUE,2005-01-03,Scripted,https://image.tmdb.org/t/p/w500/bZq67QqtHQTO7BGmM5SDBY8msgN.jpg,드라마|코미디,KBS2,17,6,3.988,한채영|재희|엄태웅|박시은|이인혜,1
크래시,카이스트 출신의 합리적 개인주의자 차연호와 냉철한 판단력과 따뜻한 감수성을 겸비한 교통조사계 에이스 민소희가 교통범죄수사팀에서 펼치는 좌충우돌 도로 위 범죄 추적기,TRUE,2024-05-13,Scripted,https://image.tmdb.org/t/p/w500/mlm7ZnMZxyexylGeAD48QgjEeAg.jpg,범죄|코미디|드라마|미스터리,ENA,12,8.611,8.4657,이민기|곽선영|허성태|이호철|최문희,1
크로스,병원과 교도소를 넘나들며 복수심을 키우는 천재 의사 강인규와 그의 분노까지 품은 휴머니즘 의사 고정훈이 만나 서로의 삶을 송두리째 뒤흔드는 예측불허 사건들이 연쇄적으로 벌어지는 이야기,TRUE,2018-01-29,Scripted,https://image.tmdb.org/t/p/w500/wli0mSIEcKcpXMuAwWp6G1W9V1q.jpg,범죄,tvN,16,8,4.6552,고경표|조재현|전소민|진이한|양진성,1
크리미널 마인드,"한국판 '크리미널 마인드'는 정신이상자, 소시오패스, 테러리스트 등 잔혹한 범죄자들을 대상으로 프로파일링 기법으로 수사하는 국가범죄정보국 행동분석팀(NCI) 요원들의 활약에 관한 드라마이다. 범죄자의 입장에서 사건을 돌아보고, 단순한 증거 수집보단 철저한 프로파일링을 통해 미확인범의 행동, 인지, 생각, 등을 가려내 그들의 움직임을 예측하는 프로파일러로서의 수사와 요원들의 일상을 심도 깊게 그려낸다. 한국 실정에 맞게 사건을 극화하고 인물들의 사연과 드라마를 보강해서 장르 드라마에 익숙한 국내 시청자들이 열광할 스릴, 드라마, 액션 등을 모두 느낄 수 있는 한국형 범죄 심리 수사극으로 재 탄생된다.",TRUE,2017-07-26,Scripted,https://image.tmdb.org/t/p/w500/1pw3S8jKGg3BAOwqgklutDLc211.jpg,범죄|드라마|Action & Adventure,tvN,20,6.813,3.2599,이준기|문채원|손현주|유선|이선빈,1
클라이맥스,대한민국 최고의 자리에 서기 위해 권력의 카르텔에 뛰어든 검사 방태섭과 그를 둘러싼 이들의 치열한 생존극,TRUE,2026-03-16,Scripted,https://image.tmdb.org/t/p/w500/vH5Eb3KtoXnVb6jQ0nbpiEF0BFb.jpg,미스터리|드라마,ENA,10,6.9,7.4177,주지훈|하지원|나나|차주영|오정세,1
키스 먼저 할까요,"성숙한 사람들의 서툰 멜로 ""키스 한 번으로 죽었던 연애 세포가 살아나다. 그리고... 진짜 사랑...""",TRUE,2018-02-20,Scripted,https://image.tmdb.org/t/p/w500/rZVL0JmFUahtbTZF9mh8VQX8GzZ.jpg,드라마,SBS,40,6,2.925,감우성|김선아|오지호|박시연|김성수,1
키스라이팅,"독특한 이야기는 사람들이 사랑을 찾을 수 있도록 돕는 유령, 유연이라는 이름을 따릅니다.",TRUE,2024-11-13,Scripted,https://image.tmdb.org/t/p/w500/dfeC7N0rUgHgmVU4MVeIdeUn6dd.jpg,코미디|드라마|Sci-Fi & Fantasy,YouTube,7,0,1.3592,이명준|정혁|이수민|신지원,1
키스식스센스,제우기획 기획1팀 에이스 AE인 홍예술에게는 비밀이 한 가지 있다. 그것은 바로 타인의 신체에 입술이 닿으면 미래가 보인느 능력을 가지고 있다는 것. 어느 날 예술은 끔찍하게 여기던 상사 민후와 사고로 입술이 닿게 되고 그와 함께하는 30금 미래를 보게 된다. 게다가 전남자친구 필요까지 돌아와 예술에게 다시 한 번 기회를 달라고 한다.,TRUE,2022-05-25,Scripted,https://image.tmdb.org/t/p/w500/24qWKGEnfY5DwXzt32gmUtKDllY.jpg,드라마|Sci-Fi & Fantasy,Disney+,12,7.906,6.78,윤계상|서지혜|김지석|이주연|태인호,1
킥킥킥킥,한물간 배우와 잘나가던 예능 PD가 신규 콘텐츠 제작사를 설립하고 운영하는 과정에서 벌어지는 별별 이야기를 담은 시추에이션 코미디,TRUE,2025-02-05,Scripted,https://image.tmdb.org/t/p/w500/5MSHKtIHkaJs9FsXDXkqTfMv3O7.jpg,코미디|드라마,KBS2,12,6,2.9186,지진희|이규형|백지원|이민재|정한설,1
"킬미, 힐미",일곱 개의 인격을 가진 다중 인격 재벌 3세와 그의 비밀 주치의가 된 레지던트 1년차 여의사의 힐링 로맨스 드라마.,TRUE,2015-01-07,Scripted,https://image.tmdb.org/t/p/w500/kpOGEfVJApCiEeyTHGvQEHBuaZ8.jpg,코미디|드라마|미스터리,MBC,20,8.066,8.2908,지성|황정음|박서준|오민석|김유리,1
킬힐,"홈쇼핑에서 벌어지는 세 여자들의 끝없는 욕망과 처절한 사투, 성공과 질투에 눈 먼 세 여자의 무기 하나 없는 전쟁 드라마",TRUE,2022-03-09,Scripted,https://image.tmdb.org/t/p/w500/1cxKcrXJZWiSfSXjpJPuU8WdbMr.jpg,드라마,tvN,14,4.2,3.9151,김하늘|김성령|이혜영|정의제|전노민,1
킹더랜드,"세상에는 의지와 상관없이 웃어야 하는 사람들도 있고, 억지로 웃지 않아도 지장 없는 사람들이 있다. 누군가에게 웃음은 생존 도구이고, 누군가에 웃음은 아량이다. 일상에서 웃는 얼굴은 편하다. 갑은 보기 좋아 편하고, 을은 자신을 감출 수 있어 편하다. 그러는 사이 웃음은 기호로 남고 진실은 사라진다. 이 드라마는 진짜로 환하게 웃을 수 있는 날을 만들어가는 사람들 이야기이다.",TRUE,2023-06-17,Scripted,https://image.tmdb.org/t/p/w500/7LiOlsfy8rlD9BojJ8qSYqFh4e4.jpg,드라마|코미디,JTBC,16,8.212,15.3325,준호|윤아|고원희|김가은|안세하,1
킹덤,"2019년 1월 Netflix에서 방영을 시작한 좀비물. 병든 왕을 둘러싸고 흉흉한 소문이 떠돈다. 왕에게 이상한 일이 벌어지고 있다는 걸 알게 된 왕세자 이창이 왕을 진료한 의원을 찾아 나선다. 어둠에 뒤덮인 조선, 기이한 역병에 신음하는 산하. 동래 지휼현에 왔다가 역병의 실체를 보게 되고, 호위무사인 무영과 함께 이 병이 전국적으로 퍼져나가는 걸 막기 위해 싸운다. 정체 모를 악에 맞서 백성을 구원할 희망은 오직 세자뿐인데...",TRUE,2019-01-25,Scripted,https://image.tmdb.org/t/p/w500/zXfQcdTx0jxbH5Atpwjvb5z5VjE.jpg,드라마|미스터리,Netflix,6,8.206,11.8176,주지훈|류승룡|배두나|김상호|김성규,1
타인은 지옥이다,"모든 것이 낯선 고시원을 배경으로 수상한 사람들의 이야기를 다루는 스릴러 드라마. 어느 날 윤종우에게 걸려온 전화 한 통. 서울에서 창업을 했는데 일손이 필요하다는 대학 선배인 재호다. 풀리는 일 없는 고향 생활에 내심 지겨움을 느끼던 종우는 흔쾌히 상경을 결정하고, 서울 변두리의 낡은 고시원에 입주하는데... 그 날 밤부터 시작된 고시원 사람들의 기행! 하나, 둘 없어지는 사람들, 이어지는 소름 끼치는 상황들. 그들이 이상한 건지, 자신이 이상한 건지 점차 혼란을 느끼기 시작하는 종우. 그리고 종우는 어느새, 자신이 지옥의 한 가운데 있었음을 깨닫게 되는데...",TRUE,2019-08-31,Scripted,https://image.tmdb.org/t/p/w500/3GlgSJqWAT8E3N3vdv35AoQsZp4.jpg,미스터리|범죄|드라마,OCN,10,8.1,7.7717,임시완|이동욱|이현욱|박종환|노종현,1
타임즈,"평탄했던 기자 서정인의 인생에 일어난 대격변. 눈을떠보니 과거가 뒤바뀌었고, 분명 어제까지 대통령이었던 아버지는 사망했다는 것. 어딘가 수상한 아버지의 죽음을 추적하는 사이 1년의 시간이 흐르고, 그렇게 맞이한 2020년, 정인에게는 또 한번 믿을 수 없는 일이 벌어진다. 아버지가 살아있던 2015년의 이진우와 전화 연결이 되는데...",TRUE,2021-02-20,Miniseries,https://image.tmdb.org/t/p/w500/xvIo1kKVNPa75J5AParq8OjHpEn.jpg,미스터리|범죄,OCN,12,6.9,2.7249,이서진|이주영|김영철|문정희|김인권,1
탁류,"조선 물류, 경제의 중심지인 한강 마포나루에서 왈패로 시작한 한 남자가 몸 하나로 조선의 전설이 되는 대서사극",TRUE,2025-09-26,Scripted,https://image.tmdb.org/t/p/w500/8F9lwJueqM3xPQJnXW2bQOqMGf7.jpg,드라마|Action & Adventure,Disney+,9,7.859,4.8258,로운|신예은|박서함|박지환|전배수,1
탄금,오래전 실종된 거대 상단의 아들 홍랑. 실종 전의 기억을 잃고 비밀을 간직한 채로 돌아온 그는 과연 진짜 홍랑일까. 의심과 설렘으로 물든 미스터리 멜로 사극.,TRUE,2025-05-16,Scripted,https://image.tmdb.org/t/p/w500/5L2yIwYrTZ0kmx7MT3P2gkDPUO7.jpg,드라마|미스터리,Netflix,11,7.4,7.4815,이재욱|조보아|정가람|엄지원|박병은,1
태양의 후예,낯선 땅 극한의 환경 속에서 사랑과 성공을 꿈꾸는 젊은 군인과 의사들을 통해 삶의 가치를 담아낸 블록버스터급 휴먼 멜로 드라마로 유럽의 발칸 반도에 위치한 가상 국가 우르크를 배경으로 전쟁과 질병으로 얼룩진 기상 이변 속에서 낯선 땅에 파병된 군인과 의사들을 통해 극한 상황 속에서도 사랑하고 연애하는 사람들의 전우애와 동기애를 담은 작품.,TRUE,2016-02-24,Scripted,https://image.tmdb.org/t/p/w500/uzsPygxgGvVFMUCsK562leiBbpO.jpg,드라마|Action & Adventure,KBS2,16,8.317,10.229,송혜교|송중기|김지원|진구|온유,1
태조 왕건,고려를 건국한 왕건의 이야기를 다룬 드라마,TRUE,2000-04-01,Scripted,https://image.tmdb.org/t/p/w500/65MbbOoGKkbwgMJD3QufjUr4O22.jpg,War & Politics|드라마,KBS1,200,3.2,6.0441,최수종|서인석|김영철|김혜리|장기용,1
태풍상사,"IMF 부도위기를 온몸으로 맞았지만, 정면으로 돌파해 나가는 중소기업과 그 가족들을 고군분투를 그리는 드라마",TRUE,2025-10-11,Scripted,https://image.tmdb.org/t/p/w500/k60BloWxlWTpVumWR4cioC8OLi1.jpg,드라마,tvN,16,8.4,4.9613,준호|김민하|김지영|김민석|무진성,1
터널,"1986년에 여성 연쇄 살인 사건의 범인을 찾던 주인공이 2016년으로 타임 슬립, 과거와 현재의 연결고리를 발견하며 다시 시작된 30년 전 연쇄 살인 사건을 해결해나가는 범죄 수사물.",TRUE,2017-03-25,Scripted,https://image.tmdb.org/t/p/w500/htpS3iG237h6x06gUcpnS4R9CHV.jpg,범죄|미스터리,OCN,16,8,4.3908,최진혁|윤현민|이유영|조희봉|김병철,1
터치,"메이크업은 우리 삶과 닮았다. 단점은 가리고 약점은 숨기고 메이크업을 하듯  우리는 남들에게 보다 나은 모습을 보여주려 애쓴다.

하지만 이 드라마는 메이크업을 통해 우리 진짜 모습을 보여주는 걸 너무 걱정하지 말자고

스스로에게 당당하고 나를 아끼는 사람이 되자고 이야기하고자 한다.",TRUE,2020-01-03,Scripted,https://image.tmdb.org/t/p/w500/z7A2lqtxbIPUAUsT4J0LyTy8bRa.jpg,코미디,Channel A,16,6.2,3.1745,주상욱|김보라|이태환|한다감|변정수,1
톱스타 유백이,"천혜의 자연과 느림의 미학을 오롯이 간직한 미스터리 섬 여즉도에 자존감과 자기애로 똘똘 뭉친 나르시시즘의 도시남자, 톱스타 유백이 대형 사고를 쳐 유배를 오게 된다. 세상 촌스럽지만 머리치기로 멧돼지도 쓰러트린다는 깡으로 똘똘 뭉친 슬로 라이프의 대표 섬 처녀 오강순과 톱스타 유백이 한 지붕 아래 동거를 하게 되면서 벌어지는 문명충돌 로맨스.",TRUE,2018-11-16,Scripted,https://image.tmdb.org/t/p/w500/775bwH6fknQGO2mDL92Jhibagsn.jpg,코미디|드라마,tvN,11,7.4,1.6076,김지석|전소민|이상엽|권혁|이한위,1
투깝스,"정의감 쩌는 강력계 형사 몸에, 뺀질한 사기꾼 영혼이 무단침입하다?!

작은 판타지가 위로가 되고 희망이 되는 시대, 정의를 위해 한 몸뚱이로 뭉친, 강력계 형사와 사기꾼의 '빙의 꼴라보레이션'!

졸지에 '한 몸뚱이 속 두 영혼'과 공조 수사를 펼치게 된 똘기 충만 형사와 까칠 발칙한 여기자가 펼치는 판타지 수사 로맨스!

따로는 부족했던 이들이 하나와 우리가 되어, 그 어디에서도 볼수 없었던, 그러나 꼭 보고 싶었던, 아주 골때리는 영웅으로 탄생한다.

그리하여 그 영웅을 통해, 드라마의 가장 기본인 '인간'을 그리고자 한다.

이제, 그(들)이 벌이는 일생일대의 맹활약 속에서, 함께 웃고, 함께 감동하고 함께 가슴 뛰어보자.",TRUE,2017-11-27,Scripted,https://image.tmdb.org/t/p/w500/6Wqqwrke3hpl6kwt537J4dI3h1y.jpg,코미디|미스터리,MBC,16,7.4,3.124,조정석|이혜리|김선호|이호원|이시언,1
투제니,할 줄 아는 건 노래밖에 없는 모태솔로가 10년 전 짝사랑을 만나 눈 한번 마주쳐본 적 없는 그녀의 마음을 얻기 위해 음악을 만들어가는 찌질이의 애틋한 이야기를 그린 드라마,TRUE,2018-07-10,Miniseries,https://image.tmdb.org/t/p/w500/uGKoJnxAdLB7eAkgLPeHPDYgpZT.jpg,코미디,KBS2,2,7.1,1.3642,김성철|정채연|양익준|박미선|이상이,1
트렁크,"어느 날 갑자기 호숫가에 트렁크가 떠오른다. 그로 인해 드러나기 시작하는 비밀스러운 결혼 서비스, 그 서비스로 만난 두 남녀의 이상한 결혼. 그들에겐 어떤 비밀이 숨어있을까.",TRUE,2024-11-29,Miniseries,https://image.tmdb.org/t/p/w500/s0hxhkL7zet7yAIdnqglbITiB86.jpg,드라마|미스터리,Netflix,8,7,6.7876,서현진|공유|정윤하|조이건|김동원,1
트레이서,"누군가에겐 판검사보다 무서운 곳 국세청, 일명 ‘쓰레기 하치장’이라 불리는 조세 5국에 굴러온 독한 놈의 물불 안 가리는 활약을 그린 통쾌한 추적 활극",TRUE,2022-01-07,Scripted,https://image.tmdb.org/t/p/w500/jQ5yby8Wl6QUeybnLpa2r7HocgA.jpg,드라마|미스터리|범죄,MBC|wavve,8,6.5,4.0162,임시완|손현주|고아성|박용우|박지일,1
트레인,"살인사건이 있던 밤, 순간의 선택으로 갈라진 두 개의 세계! 소중한 사람을 지키기 위해 연쇄살인에 개입하는 형사의 평행세계 미스터리 드라마. 12년 전, 같은 날 아버지를 잃게 된 서도원과 한서경. 2020년 현재, 폐역이 된 무경역에서 유기된 백골 사체들이 발견되고, 유력 용의자를 쫓던 형사 도원은 사건의 단서들을 가지고 무경역으로 향하는데...",TRUE,2020-07-11,Scripted,https://image.tmdb.org/t/p/w500/50qzkwkN1Q07Mu0Hy9gSPx04V8O.jpg,범죄|미스터리|Sci-Fi & Fantasy,OCN,12,7.1,3.7075,윤시윤|경수진|최승윤|신소율|조완기,1
트로트의 연인,트로트에 재능이 있는 20대 여자가 천재 작곡가를 만나 트로트 가수로 성장하는 이야기를 그린 코믹 멜로드라마,TRUE,2014-06-23,Scripted,https://image.tmdb.org/t/p/w500/cAy2aOT4hew6fQUy2Adz2s1nWb9.jpg,코미디,KBS2,16,4.7,2.7362,정은지|지현우|신성록|이세영|강남길,1
트웰브,열두 동물의 힘을 부여받은 천사들과 대장 태산이 악의 힘으로부터 인간들과 세상을 지키기 위한 판타지 액션.,TRUE,2025-08-23,Miniseries,https://image.tmdb.org/t/p/w500/1e9Yv0ljhXAjP65V1QtAqXuKns7.jpg,Sci-Fi & Fantasy|Action & Adventure|드라마,KBS2,8,7.157,5.7976,마동석|박형식|서인국|이주빈|고규필,1
파리의 연인,까칠한 재벌 2세 남자와 평범한 여자의 사랑을 담은 드라마,TRUE,2004-06-12,Scripted,https://image.tmdb.org/t/p/w500/FTEylxvgpvEX1kS1PJtLQtGzc.jpg,드라마,SBS,20,6.2,2.6985,김정은|박신양|이동건|김서형|오주은,1
파수꾼,범죄로 사랑하는 이를 잃고 평범했던 일상이 하루아침에 산산조각 나버린 사람들이 모임을 결성하고 '나쁜 짓 하면 벌 받는다'는 당연한 원칙 조차 지켜지기 힘든 우리 사회의 현실을 보여주며 이를 통해 아픔을 이겨내고 정의를 실현하려는 인간의 모습을 그려낸 드라마,TRUE,2017-05-22,Scripted,https://image.tmdb.org/t/p/w500/K5NdXRz9kX4gJAcRSKl9oCqVjQ.jpg,Action & Adventure,MBC,32,6.5,3.7992,김영광|이시영|김태훈|김슬기|키,1
파인: 촌뜨기들,"모두가 ‘잘 살아 보세’를 외치며 생존을 위해 고군분투하던 1977년의 대한민국. 중국 원나라 때 무역선이 신안 앞바다에 침몰했다는 소문이 퍼지자, 관석과 희동은 인생 역전을 꿈꾸며 바닷속에 숨겨진 보물들을 찾아 신안으로 향한다.",TRUE,2025-07-16,Scripted,https://image.tmdb.org/t/p/w500/MHx7VaeclEFLlV3OL0zV0la5oZ.jpg,범죄|드라마,Disney+,11,7.05,4.0455,류승룡|양세종|임수정|김의성|김성오,1
판사 이한영,'남의 인생 마음대로 저울질하지 맙시다'라고 외치는 강직한 판사 이한영이 억울한 죽음 뒤 의식을 회복하고 과거로 돌아가 세상을 심판하는 이야기,TRUE,2026-01-02,Scripted,https://image.tmdb.org/t/p/w500/AnfCTqCrcrKqRO1HNJEFpt6oiIx.jpg,범죄|Sci-Fi & Fantasy|드라마,MBC,14,8.1,17.4171,지성|원진아|박희순|백진희|오세영,1
판타스틱,"잘나가는 드라마 작가 이소혜. 시한부 판정을 받고 난생처음, 오직 자신만을 위한 이기적인 시간을 보내기로 결심한 그녀는 두 남자의 사랑을 마음껏 즐긴다. 이판사판 오늘만 사는 멘탈갑 드라마 작가 이소혜와 똘끼충만 발연기 장인 톱스타 류해성의 짜릿한 기한 한정 연애담을 그린 예측불가 로맨틱 코미디.",TRUE,2016-09-02,Scripted,https://image.tmdb.org/t/p/w500/tfaqY3uvSuiGYqi5MKmQcGkE0w3.jpg,코미디|드라마,JTBC,16,5.7,2.8943,김동균|김현주|주상욱|박시연|김태훈,1
패션 70's,1960~70년대 격동의 시기를 배경으로 한 패션을 소재로 네 젊은 남녀의 사랑과 성공을 그린 드라마,TRUE,2005-05-23,Scripted,https://image.tmdb.org/t/p/w500/nTIMKVXtBZVokTm3Ut8qiz9bHFz.jpg,드라마,SBS,28,3,3.4158,이요원|주진모|김민정|천정명|은원재,1
퍼스트레이디,대통령에 당선된 남편이 장차 퍼스트레이디가 될 아내에게 이혼을 요구하는 초유의 사건이 벌어지면서 펼쳐지는 이야기,TRUE,2025-09-24,Scripted,https://image.tmdb.org/t/p/w500/sesbz9wJFNdhMxcQIa5EX79slLs.jpg,드라마,MBN,12,6.4,3.6845,유진|지현우|이민영|오승은|김기방,1
퍼퓸,"일생을 통째로 바쳐 공동체의 근본이 되는 가정을 일구어도 전업주부는 직업의 카테고리로 인정조차 받지 못하는 세상에서 중년이 다 된 나이에 가정을 빼앗기고 절망에 빠진 여자가 있다. 사랑에 도전해볼 용기조차 없었기에 우물쭈물하다 스텝이 꼬여버린 남자. 오직 한 여자를 사랑해서, 하지만 그 여자를 사랑할 수 없었기에 삶의 의미를 잃어버리고 몸과 마음이 병들어버린 남자가 있다. 파국으로 치닫던 그들의 삶에 찾아온 일생일대의 기적! 이번에는 정말 꿈과 사랑을 성취할 수 있을까? 누구나 재도전의 기회를 가질 수 있는 세상을 꿈꾸며 인생 2회 차, 변신 판타지의 세계로 여러분을 초대한다.",TRUE,2019-06-03,Scripted,https://image.tmdb.org/t/p/w500/smiNjE2FiOtlr49HhSqFdELEvnA.jpg,코미디,KBS2,32,6.6,4.1062,신성록|고원희|하재숙|차예련|김민규,1
페이스 미,의느님으로 명성을 떨치던 유명 성형외과 의사가 뜻밖의 사건에 휘말려 나락으로 떨어지게 되고 범죄피해자 재건 성형을 하게 되면서 사건의 진실을 추적해가는 메디컬 미스테리 드라마,TRUE,2024-11-06,Scripted,https://image.tmdb.org/t/p/w500/rfwUHFPdQMAZRm6jP8bML3Njo1F.jpg,드라마|미스터리,KBS2,12,7.5,11.0061,이민기|한지현|이이경|전배수|이승룡,1
페이지 터너,천재적인 감각을 지닌 피아노 천재와 불도저 같은 성격을 지닌 한 운동선수가 불의의 사고로 인해 지금까지와는 180도 다른 인생을 살게 되는 청춘들의 성장 드라마,TRUE,2016-03-26,Scripted,https://image.tmdb.org/t/p/w500/mY5AzG1EmjNO37xpCLjTCM2bnad.jpg,드라마,KBS2,3,7.7,1.9035,김소현|김지수|신재하|예지원|황영희,1
펜트하우스,"강남의 상징인 최고층 펜트하우스 입성을 향해 인생을 걸고 질주하다 점점 괴물로 변해가는 한 여자의 일그러진 욕망과 모성, 부동산 성공 신화 이야기. 우연히 목격한 살인사건에 침묵하는 조건으로 최고급 부동산 정보를 얻게 된 주인공이 강남행 마지막 티켓을 거머쥐고 상류사회에 끼어들어 부동산과 교육, 돈과 지식 두 가지를 다 성공하기 위해 완전히 다른 삶을 선택하는 이야기.",TRUE,2020-10-26,Scripted,https://image.tmdb.org/t/p/w500/58uuFtGtocrSQYaW2IgYrE1WfoH.jpg,드라마|미스터리,SBS,21,8.3,16.8007,이지아|김소연|유진|엄기준|신은경,1
편의점 샛별이,"똘기 충만 4차원 알바생과 허당끼 넘치는 훈남 점장이 편의점을 무대로 펼치는 24시간 예측불허 코믹 로맨스. 키 크고 훤칠한 훈남이자 따뜻한 마음의 소유자, 최대현. 상큼한 미모와 4차원 성격의 똘끼 소유자, 정샛별. 3년 전 담배 셔틀로 만나는 두 사람 “웬만하면 끊어 뼈 삭는다. 그런 거 말고 멋진 일에 청춘을 걸어 봐!”라고 말해주는 최대현. 그날 대현은 샛별에게 잊을 수 없는 사람으로 각인되게 되는데...",TRUE,2020-06-19,Scripted,https://image.tmdb.org/t/p/w500/zMTjm78DPk51LbHpEVt0r5mUmMi.jpg,코미디|드라마,SBS|Lifetime,16,7.631,11.0783,지창욱|김유정|도상우|한선화|안솔빈,1
평일 오후 세시의 연인,불륜을 혐오하던 여자는 그토록 경멸하던 끔찍한 불륜에 빠지고 불륜을 스포츠처럼 즐기던 여자는 예상치 못한 지독한 사랑에 빠진다. 금기된 사랑으로 인해 혹독한 홍역을 겪는 어른들의 성장 드라마.,TRUE,2019-07-05,Scripted,https://image.tmdb.org/t/p/w500/kSDn2Tv4BmO6n7yp0SJoeOLROkn.jpg,드라마,Channel A,16,5.619,3.5346,이상엽|박하선|예지원|조동혁|정상훈,1
포레스트,"현실적인 욕망을 지닌 인물들이 각자 행복하지 않은 기억으로 입은 마음의 상처를 숲이란 공간에 모여들면서 치유해나가고 행복의 본질을 깨닫는 내용을 그린 드라마. 냉철한 M&A전문가 강산혁(박해진)은 환상통 때문에 큰 거래를 놓치게 되고, 진료를 위해 방문한 서울명성병원에서 열혈 의사 정영재(조보아)를 만난다. 서로의 잘난 척에 질려 다신 볼일 없을 것 같던 산혁과 영재는 운명적인 사건으로 미령숲에서 다시 마주 치는데...",TRUE,2020-01-29,Scripted,https://image.tmdb.org/t/p/w500/oHsoZiz5SNrerTTg39g1i8jnC84.jpg,드라마,KBS2,32,6.738,3.3754,박해진|조보아|정연주|노광식|류승수,1
포핸즈,"서로 다른 세상에서 살아온 두 피아니스트. 명문 예고에서 우연히 마주한 그날부터, 두 사람의 삶은 한 곡의 멜로디처럼 이어지며 떼어 놓을 수 없는 인연으로 얽혀 가기 시작한다.",TRUE,2026-08-29,Scripted,https://image.tmdb.org/t/p/w500/sdvxrJMzACBUG87YS1YYKmRzTN8.jpg,드라마,tvN,12,9.5,35.6107,송강|이준영|장규리|윤세아|정진영,1
폭군,한국에서 비밀리에 진행하던 프로젝트가 미국 정보기관에 발각됐다. 프로젝트를 폐기하고 샘플을 미국에 넘기려는데... 배달 사고가 일어난다. 샘플을 숨기려는 최국장과 직접 찾아 나선 미국 측 요원 폴. 그들과 지독하게 얽힌 자경과 임상까지 모두가 한곳에 모이는데. 과연 최후의 샘플을 차지하는 자는 누가 될 것인가.,TRUE,2024-08-14,Miniseries,https://image.tmdb.org/t/p/w500/vuZfYRDXQsUZ1YbrXBSI3Cs2BeY.jpg,Action & Adventure|드라마|Sci-Fi & Fantasy,Disney+,4,7.203,6.6714,차승원|김선호|김강우|조윤수|무진성,1
폭군의 셰프,타임슬립 한 프렌치 셰프가 최악의 폭군이면서 최고의 미식가인 왕을 만나게 되면서 500년을 뛰어넘는 판타지 서바이벌 로맨스,TRUE,2025-08-23,Miniseries,https://image.tmdb.org/t/p/w500/kqFofZ0hOQ7Y3VUQQ59lpHaCJpM.jpg,드라마|Sci-Fi & Fantasy,tvN,12,8.634,11.233,윤아|이채민|강한나|최귀화|오의식,1
폭싹 속았수다,"당차고 야무진 소녀와 우직하고 헌신적인 소년. 제주 바닷가 작은 마을에서 한 뼘씩 자라온 두 사람의 인생은 어디로 향할까. 넘어지고 좌절해도 다시 일어서며, 세월을 뛰어넘어 피어나는 사랑 이야기.",TRUE,2025-03-07,Scripted,https://image.tmdb.org/t/p/w500/koMkV9qm0PEZHDmX5dRpBpMH1FY.jpg,드라마,Netflix,16,8.792,33.8464,이지은|박보검|문소리|박해준|유병훈,1
푸른 바다의 전설,"우리나라 최초의 야담집인 어우야담에 나오는 인어 이야기를 모티브로 한 판타지 로맨스 드라마. 1598년 8월 강원도 흡곡현, 신영 중이던 담령은 양씨의 여각에 하룻밤 머물게 되고, 여각 내부 정원에 자리 잡은 작은 연못에 갇힌 아름다운 인어와 눈을 마주하게 된다. 인어를 안타깝게 여긴 담령은 양씨의 죄를 빌미로 인어를 바다로 보내주게 되고... 긴 인연이 시작되는데....",TRUE,2016-11-16,Scripted,https://image.tmdb.org/t/p/w500/lI5ngBpdH2hOiXNpJTn96lgdnGB.jpg,코미디|드라마|Sci-Fi & Fantasy,SBS,20,7.4,8.7015,전지현|이민호|이희준|신원호|신린아,1
풍경,"한강, 북촌 등 서울의 대표적인 관광지를 배경으로 10살 때 미국으로 입양된 작가 다니엘이 세계적인 소설가가 되어 한국으로 돌아오는 이야기이다. 그는 아들을 입양할 수밖에 없었던 어머니를 포함해 가족들을 만나기 위해 한국으로 돌아오기로 결심했다. 그는 기억을 더듬어가던 중 다니엘의 한국 출판을 도와준 편집자 여진을 만나게 되고, 두 사람은 곧 둘 사이의 부인할 수 없는 케미스트리를 깨닫게 된다.",TRUE,2019-01-18,Scripted,https://image.tmdb.org/t/p/w500/d3YQqgoR0CorcaKsnj22cfSQFnz.jpg,드라마|가족,NAVER TV|Viki,10,4,2.0251,정진영|권민아|이승욱|박현숙|윤지욱,1
풍문으로 들었소,제왕적 권력을 누리며 부와 혈통의 세습을 꿈꾸는 대한민국 초일류 상류층의 속물의식을 통렬한 풍자로 꼬집는 블랙코미디 드라마,TRUE,2015-02-23,Scripted,https://image.tmdb.org/t/p/w500/zq2AvpvMURDXcLIoHy8jOypjTy1.jpg,코미디|드라마,SBS,30,7.8,4.2804,유준상|유호정|고아성|이준|장현성,1
풍선껌,"드라마 풍선껌은 결핍을 가진 사람들이 마침내 그 틈을 채워 완전해지는 이야기가 아니다.

그들은 그렇게 각자의 빈틈을 품은 채 함게 있어 조금 더 행복해졌다는 어른들의 동화가 될 것이다.",TRUE,2015-10-26,Scripted,https://image.tmdb.org/t/p/w500/zqZFhZGKqJshz0tPuMTzttlxw6G.jpg,드라마|로맨스|가족,tvN,16,6.4,3.3069,이동욱|정려원|이종혁|박희본|박철민,1
프라하의 연인,여자친구 혜주의 잠적 이별 통보에 프라하로 향한 말단 형사 상현. 영어도 잘 통하지 않는 프라하에서 소매치기를 당한 상현은 마침 지나가던 대통령의 딸이자 외교관인 재희에게 도움을 요청한다.,TRUE,2005-09-24,Scripted,https://image.tmdb.org/t/p/w500/3gjcXccvlTvxiRikoJ0TA0GHuOL.jpg,드라마,SBS,18,6.5,2.6601,전도연|김주혁|김민준|윤세아|정동환,1
프로듀사,"여의도의 중심, 365일 24시간 불이 꺼지지 않으며 국민의 수신료로 운영되고 있는 KBS 한국방송 그곳의 6층 예능국 이야기.",TRUE,2015-05-15,Scripted,https://image.tmdb.org/t/p/w500/fVHTunWDcnwaApYcMsMxHiY3gPE.jpg,코미디|드라마,KBS2,12,7.4,5.5146,차태현|공효진|김수현|이지은|임예진,1
프로보노,"출세에 목맨 속물 판사, 본의 아니게 공익변호사 되다(?)! 초대형 로펌 구석방, 매출 제로 공익팀에 갇힌 전직 판사의 좌충우돌 휴먼 법정물",TRUE,2025-12-06,Scripted,https://image.tmdb.org/t/p/w500/sNGKN7Nvdi85gj75pnSvqzMF3MC.jpg,코미디|드라마,tvN,12,8.282,7.1209,정경호|소주연|이유영|윤나무|강형석,1
"플레이, 플리",아이돌과 유튜버의 비밀 연애를 그린 음악 로맨스 드라마. 이에프의 동명 웹툰 원작.,TRUE,2023-11-18,Miniseries,https://image.tmdb.org/t/p/w500/iwt7lKBi9spIjtwA3JaxWOdC36T.jpg,드라마|코미디,TVING,8,7.5,2.4104,김향기|신현승|연오|양동근|양소민,1
플레이어,"사람은 구속돼도 돈은 구속되지 않는 나라 대한민국. 가진 자들만 돈을 불리는 세상. 사기꾼, 드라이버, 해커, 파이터까지, 각 분야 최고의 플레이어들이 뭉쳐 가진 놈들이 불법으로 모은 더러운 돈을 찾아 터는 유쾌·통쾌 머니 스틸 액션 드라마",TRUE,2018-09-29,Scripted,https://image.tmdb.org/t/p/w500/3yxExZNdTqLWiBUfGIOnRfSB98V.jpg,범죄|Action & Adventure|드라마,OCN|tvN,14,7.741,6.6408,송승헌|정수정|안세호|태원석|곽자형,1
피고인,딸과 아내를 죽인 누명을 쓰고 사형수가 된 검사 ‘박정우’가 잃어버린 4개월의 시간을 기억해내기 위해 벌이는 투쟁 일지이자 악인 ‘차민호’를 상대로 벌이는 복수 스토리,TRUE,2017-01-23,Scripted,https://image.tmdb.org/t/p/w500/4KtpiO7qPf8MTQiOUEKtOE2d1st.jpg,범죄|드라마,SBS,18,8.1,5.2004,지성|엄기준|권유리|오창석|엄현경,1
피노키오,방송국 사회부 기자들의 삶과 사랑을 그린 풋풋한 청춘 드라마,TRUE,2014-11-12,Scripted,https://image.tmdb.org/t/p/w500/qqB4ftImSYUVAhreLeO8TY0FkDX.jpg,드라마|코미디|미스터리,SBS,20,8.2,6.6599,박신혜|이종석|김영광|이유비|진경,1
하나뿐인 내편,28년 만에 나타난 친부로 인해 인생이 꼬여버린 한 여자와 정체를 숨겨야만 했던 그녀의 아버지가 ‘세상 단 하나뿐인 내편’을 만나며 삶의 희망을 되찾아가는 과정을 그린 드라마,TRUE,2018-09-15,Scripted,https://image.tmdb.org/t/p/w500/ftKBwFREgQ6SxfmjaSsFsnZol3g.jpg,드라마|가족,KBS2,106,7.2,4.3711,최수종|유이|이장우|윤진이|정은우,1
하늘에서 내리는 일억개의 별,"괴물이라 불린 위험한 남자 무영과 그와 같은 상처를 가진 여자 진강, 그리고 무영에 맞서는 그녀의 오빠 진국에게 찾아온 충격적 운명의 미스터리 멜로 드라마",TRUE,2018-10-03,Scripted,https://image.tmdb.org/t/p/w500/5I0wMjc8AZiAHcv9vdvT5vkMHyw.jpg,미스터리|드라마|범죄,tvN,16,8,3.2529,서인국|정소민|박성웅|서은수|장영남,1
하백의 신부,"2017년, 인간 세상에 내려온 물의 신(神) '하백'과 대대손손 신의 종으로 살 팔자로, 극 현실주의자인척하는 여의사 '소아'의 신(神)므파탈 판타지 코믹 로맨스. 세상은 자연이 사는 신계와 인간이 사는 인간세계로 나뉘어져 있다. 신계 왕권의 이양은 늘 평화롭고 당연하게 이뤄진다. 자연의 소멸과 생성의 이치를 닮아 왕권의 이양시기 역시 자연스럽게 도래되고 왕이 될 신은 날 때부터 정해져 있다. 이 이야기는 신계 3국 중 수국의 차기 왕으로 태어난 하백과 인간세계의 여자 소아에 관한 이야기다.",TRUE,2017-07-03,Scripted,https://image.tmdb.org/t/p/w500/4wnvi2kVHFQ8IIftt1i3qNcnnzP.jpg,드라마|코미디|Sci-Fi & Fantasy,tvN,16,6.9,5.4256,남주혁|신세경|임주환|정수정|공명,1
하이드,"어느 날 남편이 사라진 후, 그의 실종에 얽힌 비밀을 추적하며 감당하기 어려운 큰 진실과 마주하게 되는 여자의 이야기",TRUE,2024-03-23,Scripted,https://image.tmdb.org/t/p/w500/mOtqwb3RITlcJlN5oxQrEx35cqy.jpg,드라마|미스터리,JTBC|Coupang Play,12,7.9,4.2133,이보영|이무생|이청아|이민재|김상호,1
"하이드 지킬, 나",한 남자의 전혀 다른 두 인격과 사랑에 빠진 한 여자의 삼각로맨스를 다룬 로맨틱코미디,TRUE,2015-01-21,Scripted,https://image.tmdb.org/t/p/w500/mZ03MgEk3U4sSSibSRMqOG3xEsU.jpg,코미디|드라마,SBS,20,7.135,5.2008,현빈|한지민|성준|이혜리|이승준,1
하이라키,"상위 0.01%의 소수가 법이자 질서로 군림하는 주신고등학교. 그곳에 비밀을 품은 전학생이 나타나면서 견고했던 그들만의 세계에 균열이 생긴다. 청춘의 사랑과 우정, 복수와 연민이 뒤엉킨 이야기.",TRUE,2024-06-07,Miniseries,https://image.tmdb.org/t/p/w500/dE9lgQZIMMgC0iBvbv5SaNEHcOd.jpg,드라마,Netflix,7,7.724,8.4188,노정의|이채민|김재원|지혜원|이원정,1
"하이바이, 마마!","갑작스러운 사고로 가족의 곁을 떠나게 된 주인공이 사별의 아픔을 딛고 새 인생을 시작한 남편과 딸아이 앞에 다시 나타나면서 벌어지는 고스트 엄마의 49일 리얼 환생 프로젝트를 그린 드라마. 귀신 5년차가 무색할 만큼 상큼발랄한 아내 귀신(차유리)과 죽은 아내를 그리워하며 고통 속에 살다, 새 인생을 시작한 남자(조강화)가 있다. 이 부부를 통해 삶과 죽음, 이 거스를 수 없는 순리와 상실이 우리에게 전하는 메시지를 되짚어보고 그들이 겪은 시간과 상처들을 이야기하려 한다.",TRUE,2020-02-22,Scripted,https://image.tmdb.org/t/p/w500/tlw8nchFjYK2JuwFs7V2jcxNtTK.jpg,Sci-Fi & Fantasy|코미디|드라마,tvN,16,8.11,5.1305,김태희|이규형|고보결|신동미|서우진,1
하이스쿨 : 러브온,위기에 빠진 남학생을 구하려다 인간이 되어버린 천사와 순수 열혈 청춘들이 펼쳐가는 좌충우돌 사랑과 성장 이야기를 담은 판타지 로맨스 드라마,TRUE,2014-07-11,Scripted,https://image.tmdb.org/t/p/w500/uT2oiqmxb5Gud5fTfNO2RbIVjEW.jpg,Sci-Fi & Fantasy|코미디,KBS2,20,7.86,3.0527,김새론|남우현|이성열|김민석|백승헌,1
하이클래스,대한민국 상위 0.1% 여자들의 완벽한 삶 뒤에 가려진 거짓과 위선의 위험하고 은밀한 미스터리 서스펜스 드라마,TRUE,2021-09-06,Scripted,https://image.tmdb.org/t/p/w500/kckbvISCChZvWtLLv4nzn3sHAlz.jpg,범죄|드라마,tvN,16,7.167,3.3825,조여정|김지수|하준|박세진|공현주,1
하이퍼나이프,"수술이라면 물불가리지 않던 천재 신경외과의사 세옥이 오래 전 그녀를 추락시킨 스승 덕희와 재회한다. 데칼코마니처럼 꼭 닮은 두 사람은 한때 누구보다 서로를 인정하고 아꼈다. 그러나 서로에게 증오만 남은 지금, 세옥은 자신을 다시 찾아온 스승에게 분노하며 복수를 다짐하는데...",TRUE,2025-03-19,Scripted,https://image.tmdb.org/t/p/w500/qNERLrpaSdaa37rk1pojgQ21bTC.jpg,드라마|범죄,Disney+,8,7.814,9.3404,박은빈|설경구|윤찬영|박병은|이정식,1
하자있는 인간들,"꽃미남 혐오증이 생긴 여자와 외모 집착증이 있는 남자, 하자가 있는 그들의 편견을 극복해나가는 과정을 담은 로맨틱 코미디 드라마. 잘생긴 남자를 가장 싫어하는 서연. 우연히 ‘꽃미남 재벌 3세’ 강우와 마주쳤다. 그런데 이 둘, 구린 내 나는 악연이 있다?",TRUE,2019-11-27,Scripted,https://image.tmdb.org/t/p/w500/4TfPGoBE2Yc3b7HKVIGAeQ65EkQ.jpg,코미디,MBC|MBC Drama,32,7.9,4.338,안재현|김태형|오연서|김슬기|허정민,1
학교 2013,학교를 중심으로 일어나는 다양한 문제들을 그린 청소년 드라마,TRUE,2012-12-03,Scripted,https://image.tmdb.org/t/p/w500/nT2xVA0b2DSdr8YoODE5X08M9bL.jpg,드라마,KBS2,16,7.9,4.1405,이종석|김우빈|장나라|최다니엘|박세영,1
학교 2017,"여기 이상한 일이 일어나는 한 고등학교가 있다. 숨 막히는 시험시간에 스프링클러를 터트려 시험을 엉망으로 만들고, 교장의 차를 물엿 범벅으로 만드는가 하면, 부실하기 그지없는 급식실의 모든 음식들이 내동댕이쳐지고, 한밤중, 모의고사 시험지가 다 찢겨지는, 학교는 식겁하고, 아이들은 신나서 환호하고 열광하는 사건들이 빵빵 터지는. 그런데! 모두가 암묵적으로 응원하고 쉬쉬하는 이 범인을, 겁도 없이 노골적으로 찾아 나선 한 여학생이 있었으니, 그 이유는 다름 아닌 수시전형으로 대학 가려는 절박한 몸부림 때문이었다. 명문대 다니는 첫사랑 오빠에게, 같은 학교에 오면 만나주겠다는 말을 듣고, 280등에 6등급으로 명문대가는 100가지 방법을 찾던 중, 웹툰공모전에 입상하면 원하던 명문대에 수시로 합격할 수 있다는 사실을 알게 되고, 실제로 학교에서 일어나는 사건으로 “하이틴 히어로로맨스”를 쓰겠다고 결심! 웹툰의 소재로 정한, 베일에 싸여있는 학교 히어로의 존재를 찾아 나선다. 그렇게 히어로와 학교안팎의 각종 사건들에 휘말리게 된 여학생 은호는, 위선과 허위로 가득 차 있는 학교에 통쾌한 한방을 날리게 되고, 냉소와 위악으로 자신을 꽁꽁 보호하던 자신들의 진짜 모습을 만나게 된다. “이제 그런 가르침은 됐다”고 부르짖던 1994년의 학교와, 별반 달라진 것 없는 2017년의 학교를 보며, 여전히 바뀌지 않는 답답한 현실에 통쾌한 한방을 날려보고자 한다. 열여덟 살 청춘들의 유쾌 찬란 생기발랄성장드라마 학교2017이 시작된다.",TRUE,2017-07-17,Scripted,https://image.tmdb.org/t/p/w500/1YgqoxZ2bCIHYXwudxNitYsbJXL.jpg,드라마,KBS2,16,7.2,4.6937,김세정|김정현|장동윤|설인아|로운,1
학교 2021,"열여덟살 전문계 학교 고등학생들의 적나라한 학교 생활과 청춘 고민, 또 어른들이 몰랐던 이들의 막막한 생존에 대한 이야기",TRUE,2021-11-24,Scripted,https://image.tmdb.org/t/p/w500/rFiUxmLxzg98VxJFve9GfFtHLZ.jpg,드라마|코미디,KBS2,16,8.1,3.7195,김요한|조이현|추영우|황보름별|김강민,1
한 번 다녀왔습니다,"바람 잘 날 없는 송가네의 파란만장한 스토리로, 이혼으로 시작해 결국 사랑과 가족애로 뭉치는 송가네 식구들과 사람 사는 냄새 풍기는 시장 사람들의 이야기를 다루는 작품. 용주시장에서 닭집을 운영하는 옥분은 요즘 행시 출신 5급사무관 영훈과 결혼할 막내딸 다희 때문에 어깨 뽕이 하늘을 찌른다. 정작 결혼 당사자인 막내딸 다희는 인턴생활에 쪼들려 결혼 준비는커녕 잡일에 시달려 잠잘 시간도 없이 바쁘기만 하고. 소아병원 내과의인 둘째딸 나희는 같은 병원에서 근무 중인 남편 규진과 점점 파국에 치닫는 결혼생활 때문에 지쳐만 간다. 마침내, 정신없이 결혼식을 치른 막내딸 다희는 상상 초월할 광경을 목격하는데...",TRUE,2020-03-28,Scripted,https://image.tmdb.org/t/p/w500/yNtwQZx9IcAuY1lUdx0npJqPUVK.jpg,드라마,KBS2,100,7.6,8.4521,이민정|이상엽|천호진|차화연|이초희,1
한 사람만,호스피스에서 만난 세 여자가 죽기 전에 나쁜 놈 ‘한사람’만 데려가겠다고 덤볐다가 삶의 진짜 소중한 ‘한사람’을 마주하게 되는 휴먼멜로드라마,TRUE,2021-12-20,Scripted,https://image.tmdb.org/t/p/w500/mvCvoytQiRRItx7WfCJ0iRGTsMX.jpg,드라마,JTBC,16,6.8,2.6283,안은진|김경남|문성현|강예원|조이,1
한강,"TEAM 한강경찰대, 한강을 지키다! 늦은 시각 구조작업을 마치고 지구대로 복귀하던 두진은 경찰의 눈을 피해 좌초된 유람선에서 작업을 진행하던 기석을 발견한다. 어딘가 수상함을 느낀 두진은 그의 행적을 쫓기 시작한다. 한강에서 벌어진 수많은 범죄의 끝엔 기석과 경인리버크루즈, 그리고 한때 가족과도 같았던 백철이 서있었는데... 과연 두진을 필두로 한 TEAM 한강경찰대는 범죄의 소용돌이에 휘말린 한강과 시민들을 지키고 이들을 소탕할 수 있을 것인가? 그리고 기석은 이들 눈을 피해 한강을 뜻대로 이용할 수 있을 것인가? 한강을 지키는 TEAM 한강 경찰대의 시원하고 짜릿한 활약이 펼쳐진다!",TRUE,2023-09-13,Miniseries,https://image.tmdb.org/t/p/w500/vHZ4rrlY2nvOPKDOqQZeip7Pwqy.jpg,코미디|Action & Adventure,Disney+,6,5.92,3.8812,권상우|김희원|이상이|배다빈|신현승,1
한번 더 해피엔딩,해체된 1세대 요정 걸그룹인 엔젤스 멤버들은 이제 서른이 훌쩍 넘었다. 그리고 어쩌다 그녀들과 엮여버린 남자들. 그들은 다시 한번 행복해지기 위해 사랑에 도전한다.,TRUE,2016-01-20,Scripted,https://image.tmdb.org/t/p/w500/p2oqc4u0O8BqNLNS2EtBiPUUFq7.jpg,코미디|드라마|가족,MBC,16,7,3.2155,장나라|정경호|권율|유인나|유다인,1
함부로 대해줘,뼛속까지 유교 장착한 성산 마을 출신 철벽남 제자 신윤복과 직진 밖에 모르는 저돌적 현대 여성 스승 김홍도의 본격 디펜스 로맨틱 코미디 작품. 선우의 동명 웹툰 원작.,TRUE,2024-05-13,Scripted,https://image.tmdb.org/t/p/w500/kDE6jrr9nKJ5foI7wAoGxPlIiKD.jpg,드라마|코미디,KBS2,16,6.2,2.8857,엘|이유영|배종옥|선우재덕|박은석,1
함부로 애틋하게,어린 시절 가슴 아픈 악연으로 헤어졌던 두 남녀가 안하무인 슈퍼갑 톱스타와 비굴하고 속물적인 슈퍼을 다큐 PD로 다시 만나 그려가는 까칠하고 애틋한 사랑이야기,TRUE,2016-07-06,Scripted,https://image.tmdb.org/t/p/w500/1QRIGPpzIr9ifaUaFxTADaGV3S1.jpg,드라마,KBS2,20,7.525,5.8576,김우빈|수지|임주환|임주은|진경,1
해를 품은 달,조선시대 가상의 왕 이훤과 비밀에 싸인 무녀 월의 애절한 사랑 이야기를 그린 궁중 로맨스 드라마,TRUE,2012-01-04,Scripted,https://image.tmdb.org/t/p/w500/jJBWsidqGKWy0B4aOvkS3yRZWaj.jpg,드라마|Sci-Fi & Fantasy,MBC,20,7.943,8.1905,김수현|여진구|한가인|김유정|정일우,1
해치,"천한 무수리의 몸에서 태어난 왕자 연잉군 이금이 열정 가득한 과거 준비생 박문수, 사헌부 열혈 다모 여지, 저잣거리의 떠오르는 왈패 달문과 함께 힘을 합쳐 대권을 쟁취하는 과정을 담은 드라마",TRUE,2019-02-11,Scripted,https://image.tmdb.org/t/p/w500/mlH58ofLG0At5dBv8qp77FehZ77.jpg,드라마|Action & Adventure,SBS,48,5.725,4.8968,정일우|권율|고아라|박훈|이경영,1
해피니스,근미래를 배경으로 계층사회의 축소판인 아파트에 고립된 이들의 생존기를 그린 도시 스릴러,TRUE,2021-11-05,Miniseries,https://image.tmdb.org/t/p/w500/go3l8u9cyZXotJWqorI8jWW2Jn7.jpg,드라마|미스터리|Sci-Fi & Fantasy,tvN,12,8.084,7.6136,한효주|박형식|주종혁|이주승|조우진,1
행복배틀,"내 행복을 위해 남의 행복을 부숴버리며 치열한 SNS 배틀을 벌이던 엄마들이 억압과 상처, 비밀에서 자유로워지고 진정한 자아를 되찾는 이야기. 주영하의 동명 소설 원작.",TRUE,2023-05-31,Scripted,https://image.tmdb.org/t/p/w500/58VB6Wl3ajyLBrm1pltR4ZkPXw2.jpg,드라마|미스터리,ENA,16,5,2.8838,이엘|진서연|차예련|박효주|우정원,1
허수아비,"이춘재 연쇄살인 사건을 모티브로 한 작품으로 인간다움을 지켜낸 유일한 이가 살인자, 시대, 공권력에 굴복하지 않고 끝내는 정의를 지키고 진실을 바로잡는 내용이다. 또 살인자와 한때 살아간 사람들, 그로 인해 삶을 돌이킬 수 없게 된 사람들의 이야기",TRUE,2026-04-20,Scripted,https://image.tmdb.org/t/p/w500/vYJAhjmcVz50uhJwFl5wjTHsdT4.jpg,범죄|미스터리|드라마,ENA,12,8.2,8.2807,박해수|이희준|곽선영|서지혜|송건희,1
허쉬,"큐대 잡는 날이 많은 ‘고인물’ 기자와 밥은 펜보다 강하다는 ‘생존형’ 인턴의 쌍방 성장기이자, 월급쟁이 기자들의 밥벌이 라이프를 그린 드라마",TRUE,2020-12-11,Scripted,https://image.tmdb.org/t/p/w500/fd8k0XE1316GlovJiuW900lsqZ2.jpg,드라마,JTBC,16,7.8,4.0946,황정민|윤아|손병호|유선|김원해,1
허식당,신묘한 글솜씨와 뛰어난 미적 감각을 갖춘 천재 허균은 본의 아니게 400년 뒤의 현대로 타임슬립 한다. 음식에 대한 남다른 애정을 가지고 있던 그는 식당 주인 은실을 만나 함께 식당을 운영하기 시작한다.,TRUE,2025-03-24,Scripted,https://image.tmdb.org/t/p/w500/o1GsWS1sOadDznJIXV1aejIQJAV.jpg,드라마|Sci-Fi & Fantasy,Netflix|wavve,10,8.1,2.577,시우민|엑시|이세온|이수민|오지호,1
헤어진 다음날,인디 밴드의 리더인 유탄은 뜻하지 않게 반복되는 시간 여행을 통해 여자친구를 불행한 운명에서 구해내야만 한다. 타임 슬립을 소재로 한 판타지 로맨스.,TRUE,2016-10-26,Scripted,https://image.tmdb.org/t/p/w500/6OIQeiKXgjVmG2ghD2SnwwJYCHF.jpg,드라마|Sci-Fi & Fantasy,Netflix,8,6.944,2.886,엘|윤소희|신지수|이태임|강남길,1
현재는 아름다워,"연애도, 결혼도 기피하는 시대, 나이 꽉 찬 李가네 삼형제가 집안 어른들이 내건 아파트를 차지하기 위해 짝을 찾아가는 과정을 그린 혼인성사 프로젝트",TRUE,2022-04-02,Scripted,https://image.tmdb.org/t/p/w500/7UvgqKXncdoJhnPGeZxqiakuCaq.jpg,코미디|드라마|가족,KBS2,50,7.8,3.9474,윤시윤|배다빈|오민석|신동미|서범준,1
협상의 기술,전설의 협상가로 불리는 대기업의 M&A 전문가와 그 팀의 활약상을 담은 드라마,TRUE,2025-03-08,Scripted,https://image.tmdb.org/t/p/w500/4w1mlqBIv2CF7ISoivLQjG8a7tx.jpg,드라마,JTBC,12,7.385,4.3636,이제훈|김대명|성동일|장현성|오만석,1
형수님은 열아홉,"대학을 졸업하고 사회의 구성원이 되려고 몸부림치는 젊은이들의 고군분투기로, 돈 안 되고 때깔도 안 나는 ‘배고픈 수학자’가 되기 위해 도전하고, 마침내 성공하여 집안의 우환덩어리에서 능력 있는 젊은 청년으로 거듭나기까지의 성공기를 통해 이 땅 40만 젊은 백수들에게 짜릿한 희망을 선물하고자 한다.",TRUE,2004-07-28,Scripted,https://image.tmdb.org/t/p/w500/zFntUJkvnXSvocZYWl7O9r0VI0h.jpg,드라마,SBS,16,5,2.2973,정다빈|윤계상|이보희|허정민|김민희,1
호텔 델루나,"2019년, 서울 시내 가장 번화한 도심 한복판. 가장 금싸라기 땅에 자리 잡고 있는 낡고 허름한 건물. 언뜻보면 재건축을 준비하고 있는 빈 건물인 듯도 보이지만 자세히 보면, 영업 중인 호텔이다. 그 앞을 지나는 수백만의 유동인구가 있지만, 정작 그 호텔 안으로 들어가는 손님은 거의 없다. 낮에는. 밤이 깊어 인적이 끊기고 도심이 잠들 때, 간판에 불이 켜진다.... 호텔 델루나. 령빈(靈賓) 전용 호텔 델루나에 초엘리트 호텔리어 구찬성이 지배인으로 근무하며, 괴팍하고 심술궂은 사장 장만월과 함께 특별한 영혼 손님들에게 특급 서비스를 제공하며 벌어지는 이야기.",TRUE,2019-07-12,Scripted,https://image.tmdb.org/t/p/w500/uuQvLgr3xWuW5bb4LeR1jwa0G82.jpg,Sci-Fi & Fantasy|드라마|코미디,tvN,16,8.502,9.3985,이지은|여진구|설리|신정근|김수현,1
호텔킹,"국내 유일의 7성급 호텔인 '씨엘호텔'을 지키기 위해 고군분투하는 상속녀와 자신을 버린 아버지의 철저한 적이 된 총지배인의 숙명과 사랑 이야기, 그리고 호텔을 둘러싼 미스터리를 그릴 드라마.",TRUE,2014-04-05,Scripted,https://image.tmdb.org/t/p/w500/pN4snbqncfKE7A8ItFnEg4IO8Us.jpg,드라마,MBC,32,7.8,4.1952,이동욱|이다해|왕지혜|임슬옹|이덕화,1
혼례대첩,"조선 시대 청상부마와 청상과부가 만나 원녀, 광부 ‘혼례 대작전’을 펼치는 고군분투 중매 코믹멜로",TRUE,2023-10-30,Miniseries,https://image.tmdb.org/t/p/w500/rSXyS1kVOXJtjFOTAw2L8o53ZHM.jpg,코미디|드라마,KBS2,16,6.7,5.4689,로운|조이현|조한철|박지영|최경훈,1
혼술남녀,"오로지 자신을 위한 힐링타임으로 럭셔리 혼술을 즐기는 극강 이기주의 스타 강사 진정석! 
반지하 자취방에서 맥주 한 캔으로 극빈자 혼술을 마시는 노량진의 장그래, 초짜 강사 박하나! 
혼술하는 방식도, 살아가는 방식도 너무 다른 남녀가 함께 나누는 술의 맛을 알게 되는 알콩달콩 이야기!",TRUE,2016-09-05,Scripted,https://image.tmdb.org/t/p/w500/tnQLnWgwStY6MBgaUTXryZCH4oK.jpg,코미디|드라마,tvN,16,6.9,3.2009,하석진|박하선|키|김동영|황우슬혜,1
홍천기,신령한 힘을 가진 여화공 홍천기와 하늘의 별자리를 읽는 붉은 눈의 남자 하람이 그리는 한 폭의 판타지 로맨스,TRUE,2021-08-30,Miniseries,https://image.tmdb.org/t/p/w500/si2mpj75SD4PMlT65sk58r4aOvi.jpg,드라마|Sci-Fi & Fantasy,SBS,16,7.538,5.9045,김유정|안효섭|공명|곽시양|이보희,1
화랑,"1500년 전 신라의 수도 서라벌을 누비던 '꽃 같은 사내'인 화랑들의 뜨거운 열정과 사랑, 눈부신 성장을 그리는 청춘 사극",TRUE,2016-12-19,Scripted,https://image.tmdb.org/t/p/w500/iJBaJVqKcqTej52UKbRvsqCgAVe.jpg,드라마|코미디|Action & Adventure,KBS2,20,7.887,7.6312,박서준|고아라|박형식|도지한|민호,1
화양연화 - 삶이 꽃이 되는 순간,"아름다운 첫사랑이 지나고 모든 것이 뒤바뀐 채 다시 만난 두 사람 재현과 지수. 가장 빛나는 시절의 자신을 마주한 이들의 마지막 러브레터. 피아노를 전공하던 부유했던 과거와는 달리, 지금은 각종 알바로 자신과 중학생 아들의 생계를 책임지고 있는 지수.학부모 모임이며 마트 부당해고 시위 현장이며 멀미가 날 듯 바쁘던 어느 날, 아들 영민의 학교에서 청천벽력 같은 소식을 전해듣는다. 한편 4년간의 수감생활을 마치고 복귀한 재현도, 아들 준서의 학교로부터 연락을 받는데...",TRUE,2020-04-25,Scripted,https://image.tmdb.org/t/p/w500/2NhS5ucmKrRIBlvy6XNuDAHyVDO.jpg,드라마|가족,tvN,16,7.8,3.5662,유지태|이보영|진영|박시연|전소니,1
화유기,"고대소설 서유기를 모티브로 퇴폐적 악동요괴 손오공과 고상한 젠틀요괴 우마왕이 어두운 세상에서 빛을 찾아가는 여정을 그린 절대낭만 퇴마극이다. 낯선 장르에 대한 접근성을 높이기 위해 영화, 소설, 애니메이션, 예능 등을 통하여 익숙한 서유기의 캐릭터를 활용하고자 한다. 악귀가 창궐하는 어두운 세상에서 빛을 찾아가는 여정 華遊記이며 두사람 간에 고통스러울 정도로 지독한 사랑이 꽃피는 여정 花遊記이기도 하다. 판타지극이 주는 볼 재미 호러 퇴마극이 주는 긴장감 캐릭터 코미디가 주는 웃음 그리고 로맨스가 주는 설레임까지 더하여 모두가 더불어 두근두근 함께 가는 여정, 和遊記이기를 바란다.",TRUE,2017-12-23,Scripted,https://image.tmdb.org/t/p/w500/fcTdB86akC5aNmBa7zFD99YdP8x.jpg,코미디|미스터리|Sci-Fi & Fantasy|드라마,tvN,20,8.061,7.5686,이승기|차승원|오연서|이홍기|장광,1
화인가 스캔들,"대한민국 최고 재벌그룹인 화인가 며느리 '오완수'가 화인가 내에서 살해 위협을 받고 있던 중, 화인가와 관련된 친구의 죽음을 조사하던 경호원 '서도윤'을 만나, 그와 함께 욕망에 휩싸인 화인가의 비밀을 파헤치기 시작한다.",TRUE,2024-07-03,Scripted,https://image.tmdb.org/t/p/w500/iulA80d5u4oDHzFUrGOzF1kqUhZ.jpg,드라마,Disney+,10,7.269,6.8329,김하늘|비|정겨운|서이숙|윤제문,1
환혼,"역사에도 지도에도 존재하지 않은 대호국을 배경으로, 영혼을 바꾸는 '환혼술'로 인해 운명이 비틀린 주인공들이 이를 극복하고 성장해가는 판타지 로맨스 활극",TRUE,2022-06-18,Scripted,https://image.tmdb.org/t/p/w500/pGs6UA4rPUZEokDyTwAGdRvwrAD.jpg,드라마|Sci-Fi & Fantasy|Action & Adventure|미스터리,tvN,20,8.584,25.4308,이재욱|고윤정|황민현|문성현|정소민,1
황금빛 내 인생,흙수저를 벗어나고 싶은 3無녀에게 가짜 신분 상승이라는 인생 치트키가 생기면서 펼쳐지는 황금빛 인생 체험기를 그린 세대 불문 공감 가족 드라마,TRUE,2017-09-02,Scripted,https://image.tmdb.org/t/p/w500/7O9Z1A1u1fTkZ5ogTuiEHG97bXH.jpg,드라마|가족,KBS2,52,6.13,3.4222,신혜선|박시후|천호진|서은수|이태환,1
황금신부,베트남에서 시집 온 누엔진주와 그녀의 가족을 둘러싼 이야기를 담은 드라마,TRUE,2007-06-23,Scripted,https://image.tmdb.org/t/p/w500/yVtMOotArgquedM1FWkYjwTj9bl.jpg,드라마|가족|로맨스,SBS,64,8,3.414,이영아|최여진|김희철|홍은희|김미숙,1
황후의 품격,어느 날 갑자기 신데렐라가 돼 황제에게 시집온 명랑 발랄 뮤지컬 배우가 궁의 절대 권력과 맞서 싸우다가 대왕대비 살인사건을 계기로 황실을 무너뜨리고 진정한 사랑과 행복을 찾는 이야기,TRUE,2018-11-21,Scripted,https://image.tmdb.org/t/p/w500/n3alQays6LUs0vQEqw1yxLjWbEI.jpg,드라마|Action & Adventure|미스터리,SBS,52,6.259,5.7195,장나라|최진혁|신성록|이엘리야|신은경,1
후아유 - 학교 2015,하루 아침에 인생이 180도로 바뀐 열여덟 살 여고생을 주인공으로 학생들이 겪는 솔직하고 다양한 감성을 담아낼 청춘 학원물.,TRUE,2015-04-27,Scripted,https://image.tmdb.org/t/p/w500/z91a9dj2QVyQLmGyq0dhxHmiXyU.jpg,드라마|미스터리,KBS2,16,7.6,5.8679,김소현|남주혁|육성재|이초희|전노민,1
훈남정음,사랑을 거부하는 비연애주의자 '훈남'과 사랑을 꿈꾸지만 팍팍한 현실에 연애포기자가 된 '정음'이 연애불능 회원들의 솔로 탈출을 도와주다가 사랑에 빠져버린 코믹 로맨스,TRUE,2018-05-23,Scripted,https://image.tmdb.org/t/p/w500/5dT7P6Ru3UBCanmyhP6FeMLTQqK.jpg,드라마|코미디,SBS,32,6.1,7.3541,남궁민|황정음|오윤아|조달환|정문성,1
흉부외과: 심장을 훔친 의사들,'두 개의 목숨 단 하나의 심장' 의사로서의 사명과 개인으로서의 사연이 충돌하는 딜레마 상황에 놓인 절박한 흉부외과 의사들의 이야기,TRUE,2018-09-27,Scripted,https://image.tmdb.org/t/p/w500/6USBwnRYpRKnkdsft2j2aUTsO40.jpg,드라마,SBS,32,8.8,3.1129,고수|엄기준|서지혜|정보석|남경읍,1
흑기사,한 남자와 두 여자의 200여년에 걸친 사랑이야기를 그린 판타지 로맨스 드라마,TRUE,2017-12-06,Scripted,https://image.tmdb.org/t/p/w500/dAdupoMAzYcgktdLtxLebMSxte8.jpg,드라마,KBS2,20,5.5,5.6095,김래원|신세경|서지혜|장미희|신소율,1
힐러,정치나 사회정의 따위는 상관없이 살아가던 젊은이들.. 이들의 부모세대가 물려준 세상과 맞짱 뜨면서 자신과 세상을 치유해가는 통쾌하고 발칙한 열혈로맨스.,TRUE,2014-12-08,Scripted,https://image.tmdb.org/t/p/w500/a24Tm3vJoWb3X3DSdTSwIp6xx8w.jpg,코미디|Action & Adventure|미스터리|드라마,KBS2,20,8.309,8.3096,지창욱|유지태|박민영|박상원|도지원,1
힘쎈여자 도봉순,"인간이 사는 세상은 정글이나 다름없다. 혼돈속의 질서를 바로잡는 법과 인간의 내재된 양심이 동물들이 지배하는 정글과의 차별점이긴 하나 처절한 약육강식, 힘의 논리 하에 움직이고 있음이 사실이다. 여성의 사회적 지위나 실존적 권위가 날이 갈수록 커지고 있다. 하지만 그 이면에는 추락하는 남성의 권위를 물리적 힘으로 가압하려는 역행성 범죄와 심리들 또한 보이지 않게 증가하고 있다. “남자가 여자보다 나은 점은 털 많고 근육 많은 것 밖에 더 있어?” 라고 외치던 여자팀장은 늦은 밤 회식 후 남자 부하직원이 집 앞까지 에스코트 해주는 아이러니에 놓인다. 왜냐 그 털 많고 근육 많은 남자의 물리적 힘이 나쁜 남자 인간들에 의해 나쁘게 쓰이고 있기 때문이다. 여자는 그래서 털 많고 근육 많은 그러나 좋은 남자에게 한없이 끌린다. 자기가 가지지 못한 걸 가지고 있어서다. 만일 여자가 남자보다 힘이 세다면 세상은 어찌 되었을까? 이 발칙한 상상에서 출발한 이야기가 세상 사람들에게 호쾌하고 통렬한 다이돌핀을 줄 거라는데 난 조금도 망설임 없는 확신을 하며 드라마를 기획하였다.",TRUE,2017-02-24,Scripted,https://image.tmdb.org/t/p/w500/zUeMFnFJKPqe8lNdUYl7oxrwSZ3.jpg,코미디|Action & Adventure|드라마,JTBC,16,8.1,11.3601,박보영|박형식|김지수|전석호|심혜진,1
힙하게,"범죄 없는 청정 농촌 마을 무진에서 우연히 생긴 사이코메트리 능력으로 동물과 사람의 과거를 볼 수 있게 된 성실한 오지라퍼 수의사 '봉예분'과 서울 광수대 복귀를 위해 그녀의 능력이 절실히 필요한 욕망덩어리 엘리트 형사 '문장열'이 자잘한 생활밀착형 범죄를 공조수사하던 중, 연쇄살인사건에 휩쓸리며 벌어지는 코믹 수사 활극",TRUE,2023-08-12,Miniseries,https://image.tmdb.org/t/p/w500/h04dFQwpXXDLfFRK6ZONjtR4HDT.jpg,드라마|코미디|Sci-Fi & Fantasy|미스터리,Netflix|JTBC,16,8.13,5.8132,한지민|이민기|수호|주민경|양재성,1
힙합왕-나스나길,"힙합 문화 현상과 정통 힙합 음악, 그 속에서 성장하는 청춘들의 이야기를 그린 작품.",TRUE,2019-08-09,Scripted,https://image.tmdb.org/t/p/w500/gcVGb72Y7402IrtNEztuGHdhsUB.jpg,드라마,SBS,12,5.5,1.7998,이호원|한현민|신원호|이나은|김영옥,1
가면,"우리들은 모두 저마다의 가면을 쓰고 산다. 비정규직 월급쟁이가 룸살롱에선 사장님의 가면을, 학창시절 일진이 맞선 자리에선 요조숙녀의 가면을, 아이들을 학대한 어린이집 원장이 TV 앞에선 천사의 가면을 쓰고 나타나기도 한다. 친구와 연인, 가족에게까지 자신의 실제 모습은 감춘 채, 우린 각자의 가면 속에 꼭꼭 숨어 외롭게 살아간다. 물질만능주의 세상이 되어버린 오늘날, 그 물질을 위해 가족도 등지고 사랑 없이 결혼한 남녀가, 가면 속 서로의 진실된 모습을 보게 되면서 결국 삶에 있어서 가장 중요한 건 사랑과 가족이라는 걸 깨닫는 모습을 그리고자한다.",TRUE,2015-05-27,Scripted,https://image.tmdb.org/t/p/w500/d8bVTZyLTB9fzOHRCJvwzAoztnS.jpg,드라마|범죄,SBS,20,7.5,3.5737,수애|주지훈|연정훈|유인영|정동환,
가화만사성,"차이나타운 한 가운데 초대형 건물이 들어서고, 가화만사성이라는 중식당의 화려한 오픈식이 시작된다. 한겨울 손이 곱아지도록 철가방을 들어 나르던 꼬마 삼봉은, 45년이 지난 지금 이렇게 번듯한 중식당의 사장이 되었고, 노년으로 접어드는 그의 옆에는 든든한 일가족이 함께 하고 있다. 그리고 그 영광의 순간은, 단 5분 만에 와장창 깨지고 말았다! 첫 째 아들 만호를 필두로 시작된 자식들의 줄줄이 이혼은, 심지어 예순이나 된 마누라 숙녀의 황혼 이혼 소송까지 이어졌고, 그렇게 봉가네 가화만사성(家和萬事成)이 무너지는 듯한데...",TRUE,2016-02-27,Scripted,https://image.tmdb.org/t/p/w500/o7JVhqYNLB4EIEa7HMNrW4b30R2.jpg,가족|드라마,MBC,51,5.6,4.9976,김소연|이상우|이필모|김영철|강이은,
개와 늑대의 시간,어릴 적 태국의 거대 폭력조직인 청방의 손에 목숨을 잃은 홀어머니에 대한 복수를 꿈꾸는 남자의 이야기,TRUE,2007-07-18,Scripted,https://image.tmdb.org/t/p/w500/siJd4VeSKtYWsoJvdtl5m9XPm6r.jpg,Action & Adventure,MBC,16,7.1,3.1378,이준기|남상미|정경호|김갑수|이기영,
겨울연가,"고등학교 시절, 서로의 첫사랑인 준상과 유진. 하지만 준상이 사고로 죽게 되고 10년 후 유진은 과거 준상의 라이벌인 상혁과 약혼을 한다. 그러나 돌연 준상과 똑같은 외모를 가진 민형이 나타난다.",TRUE,2002-01-14,Scripted,https://image.tmdb.org/t/p/w500/azS7WUisS4Ay4cPqF8rlJiIo0Sx.jpg,드라마,KBS2,20,8.394,5.055,배용준|최지우|박용하|박솔미|이혜은,
괴물,연쇄살인마를 잡기 위해 법과 원칙을 부숴버린 두 남자의 이야기. 또라이 경사 앞에  엘리트 경위가 나타난다. 달라도 너무 다른 두 사람은 서로 원치 않는 파트너가 되어 사사건건 완벽한 불협화음을 보여주는데…,TRUE,2021-02-19,Scripted,https://image.tmdb.org/t/p/w500/khgMdk2ctVdk5KWaSJjVHRa2Use.jpg,드라마|범죄|미스터리,JTBC,16,8.518,6.0695,신하균|여진구|최대훈|최성은|김신록,
굿 닥터,대학병원 소아외과를 배경으로 펼쳐지는 전문의들의 노력과 사랑을 담은 휴먼 메디컬 드라마,TRUE,2013-08-05,Miniseries,https://image.tmdb.org/t/p/w500/wm3YxlBP7UQRFv2Y6UplFSmX1eN.jpg,드라마,KBS2,20,8,4.4494,주원|문채원|주상욱|김민서|왕지원,
나의 해방일지,"시골과 다를 바 없는 경기도의 끝 한 구석에 살고 있는, 평범에서도 조금 뒤처져 있는 삼남매. 어른이 된 후 매일매일 되풀이되는 단조로운 일상에 지친 세 남매는 어느 날 답답함의 한계에 다다르고, 한없이 평범한 삶 속에서 특별한 성취와 자유를 찾아 나선다. 각자의 삶에서 해방하기로 결심한 견딜 수 없이 촌스런 삼남매의 견딜 수 없이 사랑스러운 행복 소생기.",TRUE,2022-04-09,Miniseries,https://image.tmdb.org/t/p/w500/mrOxruke1FI0Sx6v6BOdpu4yppZ.jpg,드라마,JTBC,16,7.9,8.344,이민기|김지원|손석구|이엘|천호진,
마음의 소리,"웹툰 '마음의 소리'를 원작으로 한 시트콤. 조석과 상상 이하의 가족들이 펼치는, 일상이 어드벤처인 요절복통 이야기",TRUE,2016-11-07,Scripted,https://image.tmdb.org/t/p/w500/l0wB8gPCvJiuYquLOnTh6naGmEk.jpg,코미디|드라마,NAVER TV,20,7.864,5.8018,이광수|김대명|정소민|김병옥|김미경,
메이드 인 코리아,"격동의 1970년대, 부와 권력에 대한 야망을 지닌 백기태와 그를 막기 위해 모든 것을 내던진 검사 장건영이 시대를 관통하는 거대한 사건과 직면하며 펼쳐지는 이야기",TRUE,2025-12-24,Scripted,https://image.tmdb.org/t/p/w500/lhZCpYVMKZanGTMabOYHTZLD1WY.jpg,범죄|드라마,Disney+,6,8.1,35.072,현빈|정우성|우도환|조여정|서은수,
몬스터,거대한 권력집단의 음모에 가족과 인생을 빼앗긴 한 남자의 복수극. 철옹성과도 같은 베일에 싸인 특권층들의 추악한 민낯과 진흙탕에서도 꽃망울을 터뜨리는 아름다운 사랑 이야기를 그린 드라마,TRUE,2016-03-28,Scripted,https://image.tmdb.org/t/p/w500/nnTcGgFYkGvJdoI2TTNbhupEu4R.jpg,드라마,MBC,50,7.3,3.678,강지환|성유리|박기웅|수현|진태현,
스위치,"진짜와 가짜의 콜라보! 사기꾼에서 검사로 얼떨결에 롤러코스트한 사도찬(장근석)이, 법꾸라지들을 화끈하게 잡아 들이는 통쾌한 사기 활극 드라마",TRUE,2018-03-28,Scripted,https://image.tmdb.org/t/p/w500/4WUGO8lfJFiQgwVBWcWicmVr5tu.jpg,드라마|미스터리|코미디,SBS,32,6.8,2.5048,장근석|한예리|정웅인|조희봉|신도현,
시그널,"현재의 형사들과 과거의 형사가 낡은 무전기로 교감을 나누며 장기 미제사건을 다시 파헤친다. 본의 아니게 연예인 스토킹 혐의로 경찰조사를 받게 된 해영은, 그날 밤 경찰서 한 구석에서 낡은 무전기 하나를 발견한다. 무전기를 통해 해영에게 말을 건네는 이재한이라는 이름의 형사. 놀랍게도 그 사람은 15년 동안 미제로 남아있던 김윤정 유괴사건에 대한 단서를 가르쳐주는데...",TRUE,2016-01-22,Scripted,https://image.tmdb.org/t/p/w500/mB6FlHFK0A4DPyuGTrlM4QgEkIH.jpg,범죄|미스터리|Sci-Fi & Fantasy|드라마,tvN,16,8.197,8.2517,이제훈|김혜수|조진웅|장현성|정해균,
시맨틱 에러,"컴공과 아싸 추상우의 완벽하게 짜인 일상에 에러처럼 나타난 안하무인 디자인과 인싸 장재영, 극과 극 청춘들의 캠퍼스 로맨스를 그린 왓챠 오리지널 드라마",TRUE,2022-02-16,Miniseries,https://image.tmdb.org/t/p/w500/334epDKJwNyNfuC5KeZh5epsBz5.jpg,드라마,watcha,8,8.481,3.0326,박서함|박재찬|송지오|김노진|김원기,
언더커버,자신의 정체를 숨기고 살아온 남자가 일련의 사건에 휘말리며 가족을 지키기 위해 고군분투 하는 이야기,TRUE,2021-04-23,Scripted,https://image.tmdb.org/t/p/w500/zGpKAoEe2EGfwvoyeoNKrIDqomo.jpg,범죄|드라마|Action & Adventure|미스터리,JTBC,16,8.333,3.9264,지진희|김현주|연우진|한선화|허준호,
여름아 부탁해,입양으로 엮이는 가족들의 모습을 따뜻하고 유쾌하게 담아낸 힐링 가족드라마.,TRUE,2019-04-29,Scripted,https://image.tmdb.org/t/p/w500/jtBanFbzMBVHzb0JPdq3UKthWum.jpg,드라마|가족,,128,4,3.373,이영은|윤선우|이채영|김사권|김혜옥,
여신강림,외모 콤플렉스를 가지고 있다가 화장을 통해 여신이 된 주경과 남모를 상처를 간직한 수호가 만나 서로의 비밀을 공유하며 성장하는 자존감 회복 로맨틱 코미디,TRUE,2020-12-09,Scripted,https://image.tmdb.org/t/p/w500/gaCOvKGG2qEnsijNHEAigYcQ1U3.jpg,코미디|드라마,tvN,16,8.28,29.288,문가영|차은우|황인엽|박유나|임세미,
연인,병자호란의 병화 속으로 던져진 사랑. 만남과 이별을 반복하며 닿을 듯 닿지 못한 연인. 그들이 몹시 그리워하고 사랑했던 시절의 이야기,TRUE,2023-08-04,Scripted,https://image.tmdb.org/t/p/w500/rrPCrCRyjdQ8igXIVNcIuL5KcIA.jpg,드라마|War & Politics|미스터리,MBC,21,8.327,18.9007,남궁민|안은진|이학주|이다인|김윤우,
오 마이 베이비,"서른아홉, 육아지 기자 장하리는 아이를 끔찍이 좋아하지만 10년째 남자가 없다. 결혼보다 임신이 걱정인 하리는 난자동결보관을 위해 산부인과를 찾아가고, 하리 엄마 옥란은 이혼하고 혼자 애 키우는 재영을 하리 몰래 집으로 들인다. 잘 나가던 포토그래퍼 이상은 욜로족이 되어 3년째 자발적 휴직 상태다. 수철은 이상을 스튜디오로 끌어들이려 하지만, 이상은 하리와의 과거 악연으로 수철의 제안을 거절한다. 한편, 검사결과를 듣기 위해 산부인과를 찾은 하리는 충격적인 선고를 받는데...",TRUE,2020-05-13,Scripted,https://image.tmdb.org/t/p/w500/sCGIFKm3zvnKWE2kP63ZVTKPefL.jpg,가족|드라마|코미디,tvN,16,5,3.5336,장나라|고준|박병은|정건주|장광,
올인,서로 다른 환경에서 태어난 주인공 두 남자가 마침내 각자 삶의 전부를 걸고 최후의 승부를 벌이는 이야기를 담은 드라마,TRUE,2003-01-15,Scripted,https://image.tmdb.org/t/p/w500/wiXaeCrlFgqyhOuArYdulbTtCuS.jpg,Action & Adventure|드라마,SBS,24,6.308,3.5097,이병헌|송혜교|지성|박솔미|허준호,
우주를 줄게,첫 만남부터 꼬인 사돈남녀가 하루아침에 20개월 조카 '우주'를 키우게 되면서 벌어지는 좌충우돌 동거 로맨스,TRUE,2026-02-04,Scripted,https://image.tmdb.org/t/p/w500/vrIZeRKCm4BRWbnRdbUUABeuQsr.jpg,코미디|드라마,tvN,12,8.146,13.548,배인혁|노정의|박서함|구성환|최규리,
운명,"드디어…서른 여섯 살 노총각 인생에 사랑이 찾아왔습니다.

사랑하는 사람이 나타나기를 꼬박 손꼽아 기다리기 서른 여섯 해. 천사 같은 그녀가 스쿠터를 타고 제 곁을 스쳐 지나갔습니다. 사람들은 그녀가 서울에서 갓 내려 온 다방 아가씨라고 합니다. 차 배달도 나가고 다른 남자들과 술도 마신다고 했습니다. 그러나, 저는 틈만 나면 그녀를 보러 다방으로 달려갔습니다. 장미꽃과 갓 짠 우유를 그녀에게 선물했습니다. 그녀와 함께 있고 싶은 마음에 난생 처음 티켓을 끊기도 했습니다.

그러나, 그녀는 사랑 따위는 필요 없다 합니다. 

그녀는 절 쉽게 받아주지 않았습니다. 사랑 따윈 필요 없다며. 그러던 어느 날, 저는 우연히 그녀의 눈물을 보게 되었습니다. 그녀도 사실은 사랑 받으며 행복하게 살고 싶어한다는 걸 알게 되었습니다. 그녀의 그 눈물을 씻어줄 수 있는 사람이 나였으면 좋겠다고 생각했습니다. 그래서 그 날, 저는 용감하게 마음을 고백했습니다. 세상에서 제일 행복하게 해주겠다고. 그리고 마침내, 그녀는 내 진심을 받아주었습니다. 

그녀와 함께 있으면 세상 모든 걸 가진 것 같았습니다. 그런데…

행복한 순간이 영원할 줄 믿었던 것도 잠시, 그녀에게 잊지 못할 과거가 찾아왔습니다. 혼자 힘들어 하는 그녀를 위해 전 재산인 젖소 목장이와 통장 5개를 처분했습니다. 이제, 우리 사랑에 더 이상의 장애는 없을 거라 믿었습니다. 그런데, 어느 날 그녀가 편지 한 통만 남긴 채 제 곁을 떠났습니다. 행복하게 살라고. 미안하다고. 며칠 후, 저는 그녀가 에이즈에 감염되었다는 청천벼락 같은 이야기를 듣게 되었습니다. 그녀가 아플 까봐 너무나 걱정이 됩니다. 내가 곁에 있어주어야 하는데. 

모두 그녀를 포기하라 합니다. 하지만, 저는 그녀를 끝까지 지킬 겁니다.

가족도, 친구도, 세상도 모두 그녀를 찾지 말라고 합니다. 하지만 저는 그녀 없으면 한시도 살 수 없습니다. 죽을 때까지, 아니 죽어서도 그녀를 지켜야 합니다. 

왜냐하면.. 그녀는 제 운명이기 때문입니다.",TRUE,2008-05-05,Scripted,https://image.tmdb.org/t/p/w500/2T517OGQXPoe8l3dLuw79ymYQ6F.jpg,드라마|가족|로맨스|코미디,KBS1,178,5.5,7.1284,윤아|박재정|공현주|이필모|이지훈,
일지매,때는 조선 시대. 민중의 영웅이 된 자가 부패한 탐관오리들의 재물을 훔쳐 가난한 이들에게 나눠준다. 자신의 가족이 겪은 부당한 고초에 대한 복수를 꿈꾸며.,TRUE,2008-05-21,Miniseries,https://image.tmdb.org/t/p/w500/me6PhQZWCkYwhz6AiO7nPd7CYK0.jpg,Action & Adventure|드라마,SBS,20,6.9,11.6822,이준기|한효주|박시후|이영아|김성령,
작은 아씨들,가난하지만 우애 있게 자란 세 자매가 거대한 사건에 휩쓸려 대한민국에서 제일 부유하고 유력한 가문에 맞서게 되면서 '돈'이라는 인생의 숙제를 풀어가는 과정을 뜨겁고 짜릿하게 그려내는 드라마,TRUE,2022-09-03,Miniseries,https://image.tmdb.org/t/p/w500/ow718Omn1oKqYR7izEzkS4cdC3O.jpg,드라마|미스터리|Action & Adventure,tvN,12,7.969,7.9323,김고은|남지현|박지후|위하준|엄지원,
장희빈,지략과 미모로 파란만장한 삶을 산 희빈 장씨의 이야기를 다룬 드라마,TRUE,2002-11-06,Scripted,https://image.tmdb.org/t/p/w500/vn8eH3HP3ecAclvAkYQW63QmEwl.jpg,드라마|War & Politics,KBS2,100,0,5.1811,김혜수|박선영|전광렬|박예진|신동훈,
전설의 고향,"한반도 지역에 걸쳐 전해지는 전설, 민간 설화 등을 바탕으로 한 납량특집 드라마",TRUE,1977-10-18,Scripted,https://image.tmdb.org/t/p/w500/owhA1cRYAAHpQmRtDHs2ipbzKMA.jpg,드라마|Sci-Fi & Fantasy,KBS2,24,6.9,8.0399,,
조립식 가족,"피 한 방울 섞이지 않았지만 가족이라 우기며 10대 시절을 함께 했던 세 남녀가 10년 만에 다시 만났다. 그때는 꺼내 놓지 않았던 첫사랑의 떨림과 함께! 중국 드라마 ""이가인지명"" 원작.",TRUE,2024-10-09,Scripted,https://image.tmdb.org/t/p/w500/fQmC6mDWI00yaLhNxyKJEhFbDUB.jpg,드라마|가족,JTBC,16,8.043,8.1675,황인엽|정채연|배현성|최원영|최무성,
첫사랑,"1996년 방영되어 평균 시청률 40% 이상, 드마마 방영 도중 한 회 시청률이 무려 60%를 넘기면서 매우 큰 인기를 끌었던 KBS2의 주말 드라마로, 1980년대에서 현대까지를 배경으로 신분의 벽을 뛰어 넘는 젊은이들의 첫사랑과 강한 형제애를 그린 드라마",TRUE,1996-09-07,Scripted,https://image.tmdb.org/t/p/w500/1uzjeKl10b9EVL3wfEQmIH3DJRW.jpg,드라마,KBS2,66,8,4.022,최지우|최수종|이승연|김태우|송혜교,
최고의 사랑,"걸그룹 출신이었다가 비호감으로 전락해 연예계에서 근근히 활동하는 한물 간 여자 연예인과 인기 절정 남자 배우의 로맨스를 그린 드라마. '미남이시네요', '환상의 커플' 등의 홍정은, 홍미란 작가가 참여한 드라마이다.",TRUE,2011-05-04,Scripted,https://image.tmdb.org/t/p/w500/2vi444QOHlHejuc994idzC7QC1J.jpg,코미디|드라마,MBC,16,7.452,5.1745,차승원|공효진|윤계상|유인나|한진희,
최고의 한방,"사랑하고, 이야기하고, 먹고 사는 것을 치열하게 고민하는 이 시대의 20대 청춘 소란극 드라마. 1993년, '카올라'라는 태풍과 함께 2017년으로 넘어오게 된 90년대 최고 인기 스타 유현재(윤시윤). 각각의 오해로 인해 경찰서에서 만나게 된 절친 우승(이세영)과 지훈(김민재). 경찰서를 나와 차를 타고 집으로 향하던 우승과 지훈은 갑자기 튀어 나온 현재를 치고 마는데...",TRUE,2017-06-02,Scripted,https://image.tmdb.org/t/p/w500/xiG6Kq6nCo5lzSYc8bXc0cH3Kzh.jpg,드라마,KBS2,32,7,3.584,윤시윤|김민재|이세영|차태현|윤손하,
크레이지 러브,살인을 예고 받은 개차반 일타 강사와 시한부를 선고 받은 슈퍼을 비서가 그리는 달콤 살벌 대환장 크레이지 로맨스 드라마,TRUE,2022-03-07,Scripted,https://image.tmdb.org/t/p/w500/e4cyWMLgq1ZUroCiRJSLCoppl8A.jpg,드라마|코미디,KBS2,16,7.7,12.5093,김재욱|정수정|유인영|하준|윤산하,
트리거,"총기 청정국 대한민국에서 출처 불명의 불법 총기가 배달된다. 전국에서 총기 사건이 발생하며 온 나라가 혼돈에 휩싸인 지금, 정의감 넘치는 경찰과 의문의 파트너가 위기 속에 손을 잡는다.",TRUE,2025-07-25,Miniseries,https://image.tmdb.org/t/p/w500/tTKjMnwnOSXaiAbuvXLvCvY6Xp0.jpg,Action & Adventure|드라마|범죄,Netflix,10,8.077,10.1598,박윤호|김남길|김영광|문성현|박훈,
패밀리,평범한 직장인으로 신분을 위장한 국정원 블랙 요원 남편과 완벽한 가족을 꿈꾸는 달콤살벌한 아내의 아슬아슬한 가족 사수 첩보 코미디,TRUE,2023-04-17,Miniseries,https://image.tmdb.org/t/p/w500/d5EaOxP2BVVns40NdWqYQ0W11g3.jpg,드라마|코미디|Action & Adventure,tvN,12,7.286,4.3476,장혁|장나라|채정안|김남희|이순재,
피라미드 게임,"인기 투표를 통해 각자의 등급이 매겨지고, F등급을 받은 학생은 합법적으로 학교폭력의 피해자가 되는 악랄한 시스템에 전학생 성수지가 등장하면서 시작되는 이야기. 달꼬냑의 동명 웹툰 원작",TRUE,2024-02-29,Miniseries,https://image.tmdb.org/t/p/w500/8QEpP4ChnziSr1nFxRzvIX69OaI.jpg,드라마,TVING,10,8.1,9.6932,보나|장다아|류다인|강나언|정하담,
후아유,하루 아침에 인생이 180도로 바뀐 열여덟 살 여고생을 주인공으로 학생들이 겪는 솔직하고 다양한 감성을 담아낼 청춘 학원물.,TRUE,2015-04-27,Scripted,https://image.tmdb.org/t/p/w500/z91a9dj2QVyQLmGyq0dhxHmiXyU.jpg,드라마|미스터리,KBS2,16,7.6,5.8679,김소현|남주혁|육성재|이초희|전노민,
