title,overview,release_date,runtime,genres,poster,vote_average,popularity,category
1987,"1987년 1월, 경찰 조사를 받던 스물두 살 대학생이 사망한다. 박처장의 주도 하에 경찰은 시신 화장을 요청하지만, 사망 당일 당직이었던 최검사는 이를 거부하고 부검을 밀어붙인다. 단순 쇼크사인 것처럼 거짓 발표를 이어가는 경찰. 그러나 현장에 남은 흔적들과 부검 소견은 고문에 의한 사망을 가리키고, 사건을 취재하던 윤기자는 물고문 도중 질식사를 보도한다. 한편, 교도소에 수감된 조반장을 통해 사건의 진상을 알게 된 교도관 한병용은 이 사실을 수배 중인 재야인사에게 전달하기 위해 조카인 연희에게 위험한 부탁을 하게 되는데...",2017-12-27,129,"드라마, 역사, 스릴러",https://image.tmdb.org/t/p/w500/mO55nkEFrI2EVdjxx0asaOGtHfa.jpg,8.024,2.0816,MOVIE
2424,"일자무식 단순극치, 잔머리만 살아 도는 마약밀매단 넘버 2 박태호(전광렬 분)가 300억 짜리 ‘물건’을 고추장 단지 속에 꼭꼭 숨겨 해외로 이사를 간다. 조직 소탕에 혈안이 된 검찰은 이삿짐센터 직원으로 위장 잠입, ‘결정적 증거’를 잡는다는 계획을 세우는데... 작전명 2424!  문제는 사고뭉치 초짜 검사 최두칠(정웅인 분)! 기를 쓰고 작전에 지원하더니 적지에 들어서기 무섭게 이삿짐을 하나 둘씩 작살내고 만다. 물증은 고사하고, 박태호의 담배 심부름에 온 동네 뛰어다니기 바쁜 최두칠, 설상가상 진짜 이삿짐 센터 사장 한익수(김래원 분)와 싸움까지 붙어 눈썹을 몽땅 날리는 아픔까지 겪는데...  좌충우돌 고군분투 끝에 간신히 이삿짐 트럭을 통째로 빼돌리는 데 성공한 검찰팀, 하지만 문제의 단지 속에서 나온 것은 100% 조선된장 뿐! 아무도 모르게 사라진 300억 짜리 ‘물건’. 박태호 역시 무소식 깜깜 ‘물건’의 행방을 찾기 위해 아파트를 뒤엎기 시작하는데...",2002-10-18,105,코미디,https://image.tmdb.org/t/p/w500/gdFOTZoLewaDCwjv7ruq1FCLtw8.jpg,6.4,0.826,MOVIE
1급기밀,"국방부 군수본부 항공부품구매과 과장으로 부임한 박대익 중령(김상경)에게 어느 날, 공군 전투기 파일럿 강영우 대위가 찾아와 전투기 부품 공급 업체 선정에 대한 의혹을 제기한다. 이에 대익이 부품구매 서류를 확인하던 중 유독 미국의 에어스타 부품만이 공급되고 있음을 발견한다. 한편 강영우 대위가 전투기 추락 사고를 당하고, 이를 조종사 과실로 만들어 사건을 은폐하는 과정을 지켜본 대익은 큰 충격을 받는다. 그리고 은밀한 뒷조사 끝에 차세대 전투기 도입에 관한 에어스타와 연계된 미 펜타곤과 국방부 간에 진행되고 있는 모종의 계약을 알게 된다. 딸에게만큼은 세상에서 가장 바보 같지만 세상에서 제일 용감한 군인으로 남고 싶은 대익은 [PD25시]의 기자 김정숙(김옥빈)과 손잡고 국익이라는 미명으로 군복 뒤에 숨은 도둑들의 만행을 폭로하기로 결심하는 데…  그들이 시작한 전쟁, 절대로 항복하지 않을 것이다!",2017-07-20,100,스릴러,https://image.tmdb.org/t/p/w500/fcSLBRetEnBvWkJRRo5eBoGVajw.jpg,6.6,1.1322,MOVIE
1번가의 기적,"재개발의 막중한 임무를 띠고 에쿠스를 끌며 폼 나게 1번가에 나타난 날건달, 필제. ‘천하의 나쁜 노무새끼’가 되어 피도 눈물도 없이 무대뽀로 마을 사람들을 밀어내려 단단히 맘을 먹었건만 도착한 첫날부터 맞닥뜨린 깡따구 센 여자 복서 명란을 비롯하여 예측불허의 마을 사람들로 인해 필제의 계획은 꼬이기 시작한다.",2007-02-15,113,"코미디, 로맨스",https://image.tmdb.org/t/p/w500/2ZpmCHj7FAzvjByp5ea0CHayzNh.jpg,6.5,1.1219,MOVIE
26년,"광주 수호파 중간보스 곽진배, 국가대표 사격선수 심미진, 서대문소속 경찰 권정혁, 5. 18 민주화운동 희생자 2세라는 공통 분모를 가진 세 사람이 한 자리에 모였다. 그들을 불러 모은 보안업체 대기업 회장 김갑세와 그의 비서 김주안의 제안은 바로 ‘그 사람’을 타겟으로 한 극비 프로젝트. 진배는 무력도발로 연희동을 자극시킨다. 그러나 김갑세가 광주 시민들을 제압하던 계엄군이었고 그의 총검에 아버지가 죽었다는 사실을 알게 되면서 팀은 균열이 생긴다. 미진은 홀로 서대문 사거리에서 ‘그 사람’의 차량에 뛰어들어 사격을 가한다. 마지막 한발, 성공의 순간 터져버린 총 때문에 부상당한 미진은 뒤늦게 달려온 진배의 도움으로 탈출하지만, 정혁은 충격을 받고 사라진다. 마침내 그날, 저격 위치를 확보한 미진과 경찰 병력을 저지할 진배 일행, 그리고 김갑세와 주안은 탁실장을 이용하여 검문을 통과하고 드디어 연희동 저택 안으로 들어간다. 한편, 서대문경찰서 최계장의 집요한 추적으로 암살 작전의 실체가 밝혀지고 경호실장인 마상렬의 명령으로 연희동 안팎은 빠르게 진압된다. 미진에게까지 포위망은 좁혀지고 사라졌던 정혁이 나타나 작전을 저지하는데...",2012-11-29,135,"드라마, 스릴러",https://image.tmdb.org/t/p/w500/ljo7aXcGIdYZm90MppokHKreYTT.jpg,6.8,2.1071,MOVIE
48미터,북한과 중국의 거리가 48미터 밖에 안 되는 압록강지점  삶과 죽음의 경계에서 목숨을 걸고 이를 넘는 이들이 있다.  어릴 적 경계선에서 부모님의 죽음을 목격한 자매.  눈 앞에서 사람을 죽여야만 하는 죄책감에 시달리는 군인.  사랑하는 사람과 지독한 이곳을 벗어나야만 하는 커플.  굶어 죽어가는 자식을 살려야 하는 부모.  아픈 아버지를 구하기 위해서 떠나야만 하는 딸.  목숨을 걸고 꼭 48미터를 넘어야만 했던 사람들의 숨막히는 실제 이야기  슬프고도 위대한 감동드라마가 시작됩니다.,2013-07-04,97,드라마,https://image.tmdb.org/t/p/w500/ud3VGlpbzscbCxmAJW1UvB6MhZ9.jpg,6,1.3802,MOVIE
4교시 추리영역,"전국 1등을 놓치지 않는 명석한 두뇌와 준수한 외모를 두루 갖춘 이른바 엄친아, 정훈!  어느 4교시 체육시간, 빈 교실을 지키던 중 평소 앙숙처럼 지내던 태규가 무참히 죽어있는 것을 발견한다!  사건의 정황, 그 전의 목격자, 동기 등 모든 것을 살펴봤을 때 살인사건의 유일한 용의자는  정훈 바로 그 자신일 수밖에 없는 절체절명의 위기에 직면하는데!!",2009-08-12,86,"범죄, 미스터리, 스릴러, 액션",https://image.tmdb.org/t/p/w500/cTQ1YPh7cBgKDLmyMMNOnXuhu37.jpg,5.783,1.2418,MOVIE
4등,"천재적인 재능을 가졌지만 대회만 나갔다 하면 4등을 벗어나지 못하는 수영 선수 준호. 하지만 1등에 대한 집착을 버리지 못하는 엄마의 닦달에 새로운 수영 코치 광수를 만난다. 심드렁한 표정으로 대회 1등은 물론, 대학까지 골라 가게 해주겠다고 호언장담한 광수는 엄마에게 연습 기간 동안 수영장 출입금지 명령까지 내리는데...",2016-04-13,116,드라마,https://image.tmdb.org/t/p/w500/fmCsqdEjqRGcQm6msGWk8lHFv59.jpg,7,1.09,MOVIE
4발가락,"아우디, 해태, 르까프, 각그랜져. 우리의 은 광주 고등학교 시절부터 죽이 잘 맞는 한 주먹하는 친구들로써, 의리에 살고 의리에 죽는 의형제로 통한다. 고등학교 때부터 공부를 잘 했던 르까프는 졸업과 함께 서울로 올라가게 되고, 나머지 친구 3명도 각기 다른 보스 밑에서 힘든 밑바닥 갱스터 생활을 이겨 나가며 서서히 그 영향력을 키워나가 자신들의 서울 입성 기회를 잡게 된다. 광주에서 자라난 이들에게 서울땅은 결코 만만한 곳은 아니었지만, 어린시절부터 똘똘 뭉친 친구들은 서로에게 힘이 되주며, 어느 한 구역을 책임지고 관할 할 정도의 중간급 보스로 성장해 나간다. 서울에서의 안정적인 갱스터 생활과 함께, 미래에 대한 고민도 함께 커져만 갔던 평온하고 조용했던 폭풍전야 어느 날 4발가락> 친구들은 서울 바닥 중간급 보스급이 모두 참석하는 홍두깨 주체의 모임에서 강남 요지 호텔 건립에 따른 반대세력 제거 작업을 위한 심각한 모의를 하게 되고, 서울 지역 중간급 보스급인 과 그들의 라이벌인 패거리는 ""금도끼"",""은도끼""와 얽힌 전설에 얽매이게 되면서 서로간 심각한 상황으로 대립하게 된다",2002-05-10,91,코미디,https://image.tmdb.org/t/p/w500/bBWYFmjWEcxic9PLXsyQ6YYBsHc.jpg,4.571,0.9821,MOVIE
6년째 연애중,"탁월한 경제성과 사생활 보호, 거기에 공공의 즐거움까지 일석 삼조의 노하우를 지닌 영리한 커플이 있다. 발소리만 들어도, 눈빛만 봐도 척하면 착! 서로 좋아하는 체위까지 몸에 밴 두 사람 ‘재영’과 ‘다진’은 벽하나를 사이에 두고 쿨한 6년차 연애질을 시작한다. 베란다에서 펼쳐지는 아름다운 야경을 즐기고, 모텔보다 아늑한 침대도 두 개, 거기다 생리대 심부름까지 바로 바로 OK! 장기 연애 노하우를 바탕으로 만든 연애 지침서를 히트시킨 베스트 셀러 기획자 다진은 서른 전 팀장 입성을 코 앞에 두고 일과 사랑 두 마리 토끼를 다 잡으려 한다. 지지리 궁상 떠는 친구들의 애정 상담 전문가로도 손색 없는 홈쇼핑 PD 재영도 남 부러울 게 없다. 승승가도를 달리기만 하는 그들의 빛나는 인생!! 그러나… 내년에도 후년에도 환상 커플의 궁합은 계속 뜨겁기만 할까? .",2008-02-05,112,"로맨스, 드라마",https://image.tmdb.org/t/p/w500/y1GIZo9vPY06JgwzHDQABBI1ukj.jpg,6.2,1.6025,MOVIE
7급 공무원,"아침엔 강화도, 점심엔 울릉도?! 그녀를 의심하라!  여행사 직원으로 위장한 경력 6년차 국가정보원 요원 ‘수지’.  과거는 밝혀도 정체만은 밝힐 수 없는 직업 특성상 남친 ‘재준’에게 조차 거짓말을 밥 먹듯 하다 일방적인 이별을 통보 받는다. 말도 없이 떠나버린 재준에 대한 서운함과 괘씸함에 몸부림 치던 그녀. 3년 뒤, 청소부로 위장한 채 산업 스파이를 쫓던 중 재준과 우연히 다시 마주치게 된다! 국제 회계사가 되어 나타난 재준. 그를 보자 수지의 마음은 다시 흔들리는데…  나 평범한 회계사 아니야!? 그를 의심하라!  오랜 연인 수지의 반복되는 수상한 거짓말에 지친 ‘재준’.  한국을 떠난다는 전화 한 통으로 이별을 통보하고 러시아로 유학을 떠난다. 3년 뒤 국제회계사로 신분을 위장하고 국가정보원 해외파트 소속 요원이 되어 돌아온 재준. 깨지기 일쑤, 실수 연발의 신참이지만 의욕만은 넘치는 재준은 현장투입 첫 임무로 러시아 조직을 미행하던 중 우연히 수지와 마주친다! 호텔 청소부가 되어 있는 그녀의 모습이 쇼킹하지만 애틋한 마음만은 여전한데…  비밀 많은 커플의 스릴 넘치는 대결이 시작된다!  그들이 각각 쫓던 타겟은 국내 기술을 해외로 빼돌리려는 같은 사건의 인물들! 이 사실을 모르는 수지와 재준은 임무수행마다 사사건건 맞닥뜨리는 서로의 정체를 의심하기 시작하는데…!",2009-04-04,112,"액션, 코미디, 로맨스",https://image.tmdb.org/t/p/w500/78Vin0vhu8HJKJCQIPSuynpceun.jpg,6.267,2.2159,MOVIE
7년의 밤,"인적이 드문 세령마을의 댐 관리팀장으로 부임을 앞둔 최현수. 가족이 지낼 사택을 보러 가는 날, 안개가 짙게 깔린 세령마을 입구에서 길을 잃고 헤매던 중 갑자기 뛰어나온 여자 아이를 쳐 교통사고를 낸다. 너무 놀란 최현수는 한 순간의 잘못된 선택으로 호수에 아이를 유기한다. 아이의 실종으로 마을은 발칵 뒤집혀 수색 작업이 시작되고, 결국 싸늘한 주검으로 돌아온 딸을 보자 광기 어린 분노에 사로잡힌, 마을 대지주이자 아이의 아버지 오영제. 사고가 아니라 사건이라고 판단한 그는 직접 범인을 찾기 위해 증거를 모으기 시작한다.",2018-03-28,123,"스릴러, 액션, 드라마",https://image.tmdb.org/t/p/w500/mlGD4s8PbDjpUfX2xvdduZ3WVcH.jpg,5.783,1.3427,MOVIE
7번방의 선물,최악의 흉악범들이 모인 교도소 7번방에 이상한 놈이 들어왔다! 그는 바로 6살 지능의 딸바보 용구. 평생 죄만 짓고 살아온 7번방 패밀리들에게 떨어진 미션은 바로 용구 딸 예승이를 외부인 절대 출입금지인 교도소에 반.입.하.는.것! 웃음과 감동 가득한 사상초유의 합동작전이 시작된다!,2013-01-23,127,"드라마, 코미디",https://image.tmdb.org/t/p/w500/c9TqJPm4pZCuiEXumTayoNIrBSK.jpg,7.896,3.3565,MOVIE
7호실,"서울의 망해가는 DVD방 사장 두식. 학자금 빚을 갚으려 DVD방에서 일하는 알바생 태정. 팔리지도 않던 가게에 기적처럼 매수자가 나타난 바로 그 때! 예상치 못한 사고가 일어나고, 두식은 시체를 7호실에 숨겨 봉쇄한다. 한편, 빚을 해결해주는 조건으로 마약을 7호실에 잠시 감춰놨던 태정은 늘 열려있던 그 방의 문을 두식이 갑자기 잠가버리자 당황하는데…",2017-11-15,100,"코미디, 스릴러",https://image.tmdb.org/t/p/w500/tE9fWJlVdilAwam2s7dlAVfTgHz.jpg,6.6,1.7277,MOVIE
82년생 김지영,"1982년 봄에 태어나 누군가의 딸이자 아내, 동료이자 엄마로 오늘을 살아가는 지영. 때론 어딘가 갇힌 듯 답답하기도 하지만 남편 대현과 사랑스러운 딸, 그리고 자주 만나지 못해도 항상 든든한 가족들이 지영에겐 큰 힘이다. 하지만 언젠가부터 마치 다른 사람이 된 것처럼 말하는 지영. 대현은 아내가 상처 입을까 두려워 그 사실을 털어놓지 못하고 지영은 이런 대현에게 언제나 “괜찮다”라며 웃어 보이기만 하는데…",2019-10-23,118,드라마,https://image.tmdb.org/t/p/w500/ygVOfJil1E7Wx4QbzOWjwcH67az.jpg,7.427,2.3082,MOVIE
Mr. 로빈 꼬시기,"외국계 M&A회사에 근무하는 민준, 늘 앞서가는 패션과 쿨한 성격으로 일과 사랑에서 모두 성공한 매력녀. 그런 그녀가 남자친구와의 멋진 휴가를 기대하며 도착한 홍콩에서 처절히 바람을 맞는데… 알고 보니 그녀는 밀고 당기는 연애 타이밍을 못 맞추는 연애성공률 '제로'의 안타까운 기록보유자. 실연의 여운도 잠시, 출근 날 아침 어이없는 교통사고를 내고 만다. 상대는 바로 럭셔리 슈트 차림의 로빈 헤이든. 민준은 차 수리비를 요구하는 그에게서 도망가려 갖은 잔꾀를 부리나 그녀보다 한 수 위인 로빈, 단숨에 핸드폰 카메라로 증거확보를 하고는 유유히 사라진다. 뭔가 찜찜하고 억울한 민준, 그런 그녀 앞에 다시 나타난 이 퍼펙트 가이, 바로 그녀 회사에 새로 부임한 CEO!! 외국인이면 어떠랴? 하버드대 로스쿨에 MBA출신, 5개 국어에 능통한 수재의 M&A전문가, 게다가 조각 같은 8등신 몸매에 영화배우 뺨 치는 수려한 외모까지 여직원들은 전격 작업모드에 돌입하나 첫만남부터 꼬인 민준, 그를 피하려 하지만 새 프로젝트의 어시스턴트로 기용되어 사사건건 태클이 걸리고 만다. 잘난 그남자, 그녀의 어설픈 연애테크닉을 비웃으며 던진 한마디""어디 나부터 한번 꼬셔보시지?"" 완전 자존심 상한 민준, 그녀의 참을성은 한계에 다다르고 그녀의 야심찬 프로젝트는 이렇게 시작된다.",2006-12-07,107,"로맨스, 코미디",https://image.tmdb.org/t/p/w500/4gAWWuY8epYNSLMoTWV9pAnqnpX.jpg,6,1.9926,MOVIE
PMC: 더 벙커,"글로벌 군사기업(PMC) 블랙리저드의 캡틴 에이헵은 미국 CIA의 의뢰로 거액의 프로젝트를 맡게 된다. 그러나 작전장소인 DMZ 지하 비밀벙커에는 약속된 타깃이 아닌 뜻밖의 인물, 북한 킹이 나타난다. 아시아 최고의 현상금이 걸린 킹, 그를 잡기 위해 캡틴 에이헵은 작전을 변경하고, 12인의 크루들과 함께 킹을 납치하는 데 성공한다. 하지만 또 다른 군사기업(PMC)의 기습과 미국 CIA의 폭격으로 함정에 빠져버린 에이헵과 블랙리저드팀. 결국 무너져버린 지하 비밀 벙커 안 부상을 입은 에이헵은 인질로 잡혀 있던 북한 최고의 엘리트 닥터 윤지의에게 도움을 요청하는데...",2018-12-26,124,"액션, 스릴러",https://image.tmdb.org/t/p/w500/wFT385EamvefX5pbE54ol5i01AA.jpg,6.899,1.9003,MOVIE
R2B: 리턴 투 베이스,"공군 특수 비행팀 블랙이글스의 조종사 태훈은 에어쇼에서 금지 비행 기술인 제로노트를 감행하다 행사를 난장판으로 만들고, 팀에서 퇴출당한다. 대서가 편대장으로 있는 21전투비행단으로 이적된 태훈은 동기생 유진과 후배 석현을 만나 차츰 적응해가지만, 비행단 내 탑건으로 불리는 철희와는 사사건건 부딪힌다. 두 사람의 명예를 건 F15K 비행 대결에서 생애 처음으로 패배를 맛본 태훈은, 정비대대 최고의 에이스 정비사 세영과 팀을 이뤄 보라매 공중사격대회에서 자존심을 회복하고자 한다. 남북간에 평화 분위기가 무르익고 있던 어느날, 귀순을 가장한 적기 한대가 서울까지 내려와 초계비행중인 21 전투비행단과 예상치 못한 교전을 벌이게 된다. 엄청난 대가를 치루며 평화를 지켜내지만, 이는 한반도 전체를 위협하는 거대한 음모의 시작이었을뿐. 이에 21 전투비행단은 최후의 비공식작전 리턴투베이스를 개시하는데…",2012-08-15,113,"액션, 드라마, 로맨스",https://image.tmdb.org/t/p/w500/oKUdC09BkFp9fsi5bOvAQ3nTrFS.jpg,6.628,1.6235,MOVIE
가려진 시간,"엄마를 잃은 후 새 아빠와 함께 화노도로 이사 온 수린. 자신만의 공상에 빠져 홀로 지내는 수린에게 성민이 먼저 다가온다. 둘만의 암호로, 둘만의 공간에서, 둘만 아는 추억을 쌓아가는 그들. 어느 날, 공사장 발파 현장을 구경하기 위해 친구들과 산으로 가고 그곳에서 모두가 실종된 채, 유일하게 수린만 돌아온다. 그리고 며칠 뒤, 자신이 성민이라는 남자가 수린 앞에 나타난다. ‘멈춰진 시간’에 갇혀 어른이 되었다는 성민. 수린만이 성민을 믿어주는 가운데  경찰과 마을 사람들은 의심을 거두지 못하고 성민은 쫓기는 상황에 이르게 되는데…",2016-11-10,129,"판타지, 드라마",https://image.tmdb.org/t/p/w500/exZ5ZdhaRGWA34tK8KyeMvr8k6o.jpg,7.195,2.4358,MOVIE
가루지기,"음양의 불일치로 기센 아낙네들이 주도권을 잡은 마을, 떡장수를 하는 청년 강쇠는 밤일 제대로 하는 남정네 하나 없는 마을에서도 단연 부실 랭킹 1위! 온 마을 아낙네들의 놀림거리로 살아간다. 그러던 강쇠의 굴욕인생에 어느 날 일생일대의 사건이 일어났으니!  우연히 만난 음양통달 도사님에게 비책을 전해 듣고 500% 가득 찬 양기로 돌아온 변강쇠!!! 졸지에 마을 최고 완소남으로 변신한 강쇠는 천지를 뒤흔드는 막강파워로 아낙네들은 물론 온 동네 동물들마저 놀라게 만드는 상상초월 활약을 펼친다. 이제 그 앞에 펼쳐진 것은 온갖 산해진미를 싸들고 줄을 선 아낙네들의 들이대기 러시와 조선 방방곡곡에서 쏟아지는 스포트라이트!  조선 최고의 거물로 인생역전에 성공한 강쇠, 그러나 마냥 행복할 것만 같던 그의 앞날에 감당할 수 없는 큰 시련이 다가오는데…",2008-04-30,120,"코미디, 판타지, 드라마",https://image.tmdb.org/t/p/w500/35sluk2cRZsDHzn0jSIK3SfSrlg.jpg,5.7,5.0681,MOVIE
가문의 영광,"준수한 외모에 서울 법대를 졸업한 엘리트 사업가 박대서. 어느 날 생판 모르는 여자 장진경과 침대에서 잠이 깬 뒤 화들짝 놀란다. 함께 잠자리에 든 기억이 전혀 없는 이 여자, 알고 보니 전남 여수에서 한가닥 하는 집안의 고명딸이다. 이제 대서는 구석에 몰린 생쥐나 다름없다. 진경의 아버지와 세 오빠가 둘을 결혼시키기 위해 물불을 가리지 않고 덤벼들기 때문이다. 모든 걸 다 갖췄지만 무식이 뚝뚝 흐르는 이 집안 사람들은 학벌 좋은 대서를 사위로 맞이해 가문의 영광을 되살리려 한다.",2002-09-13,115,"코미디, 액션, 범죄",https://image.tmdb.org/t/p/w500/cO1WTpRse2Cd3WNlWHmKNVh1Ok0.jpg,6.089,1.1295,MOVIE
가문의 영광 2: 가문의 위기,"최고 명문家 백호파의 대모 홍덕자 여사! 조직은 조직대로 무럭무럭 크고, 슬하의 세 아들은 나름 믿음직하다. 그러나 반드시 이룩해야 할 단 하나의 과제가 남아 있었으니, 가문의 체질개선을 위한 엘리트 며느리 모시기! 홍여사는 세 아들에게 자신의 환갑잔치 때까지 무조건 큰 며느리감을 데려오라는 명령을 내린다. 며느리감 물색에 나선 세 아들, 드디어 어디 내놔도 안 부끄러울 며느리 감을 발견했단다. 근데 며느리 될 아이가 강력계 검사라고라고라? 가문의 영광을 이루려다 가문이 위태롭게 생겼다. 과연 홍여사와 세 아들은 엘리트 며느리 모시기에 성공할 수 있을 것인가?",2005-09-07,115,"코미디, 범죄, 액션, 로맨스",https://image.tmdb.org/t/p/w500/iJiSJ1y5P2CoVDFqzzpmBltTxc2.jpg,5.625,2.347,MOVIE
가벼운 잠,"편안한 잠을 갈망하는 한 소녀의 성장통. 꿈과 현실 사이에서의 방황, 그리고 선택.. 16살 열린이는 잠이 오지 않아 가끔 약을 먹는다. 피곤한데도 잠은 오지 않는다. 아마 2년전 부모님을 교통사고로 한꺼번에 잃고 의대 실험용으로 넘겨진 엄마의 시신을 찾고 하나뿐인 동생을 위해 원조교제를 시작한 그 때부터일꺼다. 얼마전 멋진 남자 친구가 생겼다. 평범한 데이트도 했다. 모든 게 일상적이고 평범해 보인다. 그렇지만 그 뒤엔 16살 소녀가 감당하기엔 너무나 벅찬 현실이 늘 존재할 뿐….",2008-10-23,93,드라마,https://image.tmdb.org/t/p/w500/shLC6H13RXlPoIt7O2hk3yQuSe5.jpg,6.6,1.7191,MOVIE
가비,"1896년, 고종이 러시아 공사관으로 피신해 대한제국을 준비하던 혼돈의 시기, 러시아 대륙에서 커피와 금괴를 훔치다 러시아군에게 쫓기게 된 일리치와 따냐는, 조선계 일본인 사다코의 음모로 조선으로 오게 된다.  고종의 곁에서 커피를 내리는 조선 최초의 바리스타가 된 따냐, 그녀를 지키기 위해 사카모토란 이름으로 스파이가 된 일리치, 그들은 사다코로 인해 은밀한 고종암살작전에 휘말리게 되는데…",2012-03-15,115,드라마,https://image.tmdb.org/t/p/w500/xrwdk2590u5KmUTyD3d6G5O3dMf.jpg,6.3,1.0651,MOVIE
가시,"여자고등학교에서 체육을 가르치는 준기는 학교에서 가장 인기 많은 선생님이다. 준기는 아이들이 도가 지나친 장난을 해도 적당히 받아넘기며 교사와 제자의 거리를 지킨지만 다른 아이들과 차원이 다른 영은의 적극적인 질문에는 말문이 막힌다. 폭우가 쏟아지던 어느 날 방과 후, 우연히 영은과 준기만 텅 빈 학교에 남게 된다. 영은에게 끌리는 본능적인 욕망을 가까스로 다스리던 준기는 잠시 이성을 잃고 영은의 유혹에 넘어간다. 준기는 순찰을 돌던 경비원의 발소리에 정신을 차리지만, 이 일을 빌미로 영은은 준기를 옥죄기 시작한다.",2014-04-10,117,"스릴러, 로맨스",https://image.tmdb.org/t/p/w500/wAgWv9Je8l2b8Yg8lZobYqT6cOd.jpg,6.5,2.2602,MOVIE
가위,"대학에서 심리학을 전공하고 대학원을 준비하고 있는 혜진. 어느날 그녀의 아파트에 대학친구 선애가 찾아온다. 이민갔던 그녀의 돌연한 방문에 혜진은 당황하지만 더욱 놀라운 것은 그녀의 변화한 모습이었다. 두려움에 떨며 누군가에게 쫓기고 있다고 매달리는 선애. 대학시절 선애와 혜진은 어 퓨 굿 맨이란 그룹의 멤버였는데, 이 그룹에는 사법고시에 패스한 수재 정욱, 캠퍼스 최고의 미녀 미령, 감독 지망생인 세훈 그리고 대학 야구 간판타자인 현준 등으로 구성되어 아름다운 외모와 야심만만함으로 모두의 선망의 대상이었다.",2000-07-29,97,"공포, 스릴러",https://image.tmdb.org/t/p/w500/2AGHdDChSy160kwW46Im9aDXjyi.jpg,4.674,2.0289,MOVIE
가을 우체국,인생의 2막을 준비하는 서른을 앞둔 ‘수련’. 오직 수련과의 결혼이 인생 목표인 ‘준’. 꿈 같은 미래를 준비하던 수련은 자신이 인생에 끝에 서 있다는 사실을 알게 된다. 조용히 삶을 정리하고 싶지만 ‘준’ 만은 수련의 뜻대로 되지 않는데……,2017-10-19,84,"로맨스, 드라마",https://image.tmdb.org/t/p/w500/tZsNiB7lMBUmmidbrW5jogtMkdO.jpg,5.2,0.8903,MOVIE
가을로,"사법고시에 합격한 현우. 오랜 연인이었던 민주를 낯선 아파트로 초대한다. 의아해 하는 민주, 그때 울리는 벨소리. 그리고 장미꽃다발을 들고 있는 현우. “사랑한다...영원히 지켜줄게. 나랑 결혼해줄래?” 수줍은 그의 청혼에 민주는 행복해 한다. 그러나 햇살이 유난히 강하던 봄날. 결혼 준비를 위해 쇼핑을 함께 하기로 한 두 사람. 갑자기 급한 일이 생긴 현우는 혼자 가기 싫어하는 민주를 억지로 백화점으로 보낸다. 급하게 일을 마친 후 허둥지둥 달려가던 현우. 횡단보도를 건너 민주가 기다리는 백화점으로 가려는 찰나...“쿵!” 거대한 건물 두 채가 완전히 무너져내린다. 거짓말처럼...",2006-10-26,108,"로맨스, 드라마",https://image.tmdb.org/t/p/w500/hvYUVMUHVhmcIQdpHm2LNIPAbyi.jpg,6.3,2.0298,MOVIE
가장 보통의 연애,"헤어진 여친에 미련을 못 버린 ‘재훈’. 여느 때처럼 숙취로 시작한 아침, 모르는 번호의 누군가와 밤새 2시간이나 통화한 기록을 발견하게 되고 그 상대가 바로! 통성명한지 24시간도 채 되지 않은 직장 동료 ‘선영’임을 알게 된다. 남친과 뒤끝 있는 이별 중인 ‘선영’. 새로운 회사로 출근한 첫날, 할말 못할 말 쏟아내며 남친과 헤어지던 현장에 하필이면! 같은 직장의 ‘재훈’이 있던 것을 알게 된다. 만난지 하루만에 일보다 서로의 연애사를 더 잘 알게 된 두 사람. 하지만 미묘한 긴장과 어색함도 잠시 ‘한심하다’, ‘어이없다’ 부딪히면서도 마음이 쓰이는 건 왜 그럴까?",2019-10-02,109,"로맨스, 코미디",https://image.tmdb.org/t/p/w500/xMff9rPyyhAaRomYSYKUxQo7nQG.jpg,6.739,2.169,MOVIE
가족,"나에겐 식구가 둘 있다. 아빠, 그리고 10살 박이 남동생 정환이…엄마는 정환이가 네 살 때 돌아가셨다. 난 처음부터 아빠의 딸이길, 이 집에 태어나길 원치 않았다. 교도소에서 지내는 동안, 자유로움은 없었지만 집에서 해방될 수 있어 좋았다. 하지만, 날 기다리고 있을 정환이를 생각하면 맘이 설레인다. 집에 가긴 가야 하는데, 가장 맘에 걸리는 건 바로 아.버.지.다.",2004-09-15,95,"드라마, 가족",https://image.tmdb.org/t/p/w500/aD5aMmxmfEuxzAC1an7106nKVPc.jpg,6.3,0.9501,MOVIE
가족의 탄생,"누가 보면 연인 사이라 오해할 만큼 다정한, 친구 같고 애인 같은 남매 미라와 형철. 인생이 자유로운 형철은 5년 동안 소식 없다 불현듯 누나 미라를 찾아온다. 인생이 조금은 흐릿한 20살 연상녀인 무신과 함께. 똑 부러지는 인생을 꿈꾸던 미라는 사랑하는 동생 형철 그리고 동생이 사랑하는 여인 무신과의 아슬아슬, 어색한 동거를 시작하는데. 한편, 리얼리스트 선경은 로맨티스트 엄마 매자때문에 인생이 조용할 날이 없다. 사랑이라면 만사 오케이인 엄마의 뒤치다꺼리 하다 보니 이리저리 치인 기억에 사랑이 마냥 좋지만은 않은 선경. 남자친구 준호와의 애정전선에 낀 먹구름도 맑게 개일 기미를 보이지 않는다. 딸의 연애가 위태위태한데 매자는 왜 또 선경을 찾으시는지. 그리고 그 놈의 사랑 때문에 인생이 편할 날 없는 경석과 채현이 있다. 얼굴도 예쁘고 맘도 예쁜 채현이 넘치는 사랑을 주위 사람들에게 너무 나누어주다 보니 정작 남자친구는 애정결핍증에 걸리고 만 기구한 커플이다. 이건 아니다 싶은 경석. 참고 참다 둘 사이에 강수를 놓기로 하는데. 사랑만으로도 복잡한데 이 7명은 여기저기서 또 얽히고 설킨 스캔들로 인생 들썩이기 일쑤다. 어쩌다 저렇게 엮이는지, 살짝 피곤해지려고 할 때. 꿈에도 생각지 못한 하나의 비밀이 이들에게 다가오는데...",2006-05-18,113,드라마,https://image.tmdb.org/t/p/w500/irnPB7J3XwB60ST8uoKSPX0kWDP.jpg,6.3,1.201,MOVIE
각설탕,"제주도 푸른 목장에서 태어나고 자란 ‘시은’(임수정)은 어릴 적부터 유난히 말을 좋아하고 말과 친하게 지내는 아이다. 특히, 태어나자 마자 엄마를 잃은 말 ‘천둥이’에 대한 애정은 누구보다 각별해 둘은 서로를 너무나 아끼고 따르며 함께 성장한다. 자신 또한 엄마 없이 외롭게 자랐기 때문에 그녀에게 천둥이는 분신과도 같은 존재인 것.  그러던 어느 날, 천둥이가 다른 곳으로 팔려 가면서 둘은 원치 않는 이별을 하게 된다. 2년이 흘러, 과천에서 생활하며 여자 기수의 꿈을 키워오던 시은. 우연한 장소에서 운명적으로 ‘천둥이’와 마주하게 되고 둘은 서로를 알아보며 감격적으로 재회한다. 시은의 각별한 지도로 천둥이는 조금씩 경주마로서 실력을 되찾게 되고 둘은 ‘경마대회’에 함께 출전하게 된다.  천둥이와 함께라면 세상 끝까지라도 달릴 수 있었던 시은. 그녀의 꿈을 함께 이뤄 주고 싶은 천둥이. 이들은 과연 수 만명의 관중들이 지켜보는 마지막 경주에서 또 한번의 기적을 만들어낼 수 있을까.",2006-08-10,123,"로맨스, 드라마",https://image.tmdb.org/t/p/w500/rtJfDihZKg8SwzmPASBFSjfada6.jpg,7.3,0.7922,MOVIE
간신,"연산군 11년, 1만 미녀를 바쳐 왕을 쥐락펴락하려는 자가 득실거리니,  그야말로 간신들의 시대가 도래했다.  “단 하루에 천년의 쾌락을 누리실 수 있도록 준비하겠나이다!”  연산군은 임숭재를 채홍사로 임명하여 조선 각지의 미녀를 강제로 징집했고, 그들을 운평이라 칭하였다.  최악의 간신 임숭재는 이를 기회로 삼아 천하를 얻기 위한 계략을 세우고, 양반집 자제와 부녀자, 천민까지 가릴 것 없이 잡아들이니 백성들의 원성이 하늘을 찔렀다.  ""왕을 다스릴 힘이 내 손안에 있습니다!  내가 바로 왕 위의 왕이란 말입니다!""  임숭재와 임사홍 부자는 왕을 홀리기 위해 뛰어난 미색을 갖춘 단희를 간택해 직접 수련하기 시작하고, 임숭재 부자에게 권력을 뺏길까 전전긍긍하던 희대의 요부 장녹수는 조선 최고의 명기 설중매를 불러들여 단희를 견제한다.  한 치도 물러설 수 없는 간신들의 치열한 권력다툼이 시작되고, 단희와 설중매는 살아남기 위해 조선 최고의 색(色)이 되기 위한 수련을 하게 되는데…",2015-05-21,131,"드라마, 역사, 범죄",https://image.tmdb.org/t/p/w500/wjHi19IHTq6VmOtSENnLbkhUiMk.jpg,6.092,9.0648,MOVIE
간첩,"대한민국 간첩 인구 5만 명...  2012년, 그들은 어떻게 살고 있을까?  불법 비아그라를 판매하며 전세금 인상에 시달리는 평범한 가장, 알고 보니 남파 22년차 간첩 리더 암호명 '김과장'  살림하랴, 일하랴 하루가 바쁜 억척스러운 동네 부동산 아줌마, 알고 보니 로케이션 전문 여간첩 암호명 '강대리'  공무원으로 명퇴 후 탑골 공원에서 시간 때우는 독거노인, 알고 보니 신분세탁 전문 간첩 암호명 '윤고문'  소 키우며 FTA반대에 앞장서는 귀농 청년, 알고 보니 해킹 전문 간첩 암호명 '우대리'  간첩신고보다 남한의 물가상승이 더 무서운 생활형 간첩들 앞에 피도 눈물도 없는 북한 최고의 암살자 '최부장'이 나타났다!  그리고 그들에게 떨어진 10년만의 암.살.지.령!! 과연 이들은 작전에 성공할 수 있을까?  먹고 살기도 바쁜 생활형 간첩들의 사상(?) 초월 이중작전이 시작된다!",2012-09-20,115,"드라마, 액션, 코미디",https://image.tmdb.org/t/p/w500/5rqz0diIYfSSlKq8r02PEoVHMeU.jpg,6.9,1.0755,MOVIE
감시자들,"범죄 대상에 대한 감시만을 전문적으로 담당하는 경찰 내 특수조직 감시반. 동물적인 직감과 본능으로 범죄를 쫓는 감시 전문가 황반장이 이끄는 감시반에 탁월한 기억력과 관찰력을 지닌 신참 하윤주가 합류한다. 그리고 얼마 후 감시반의 철저한 포위망마저 무용지물로 만든 범죄가 벌어진다. 단 3분만에 한 치의 실수도 없이 벌어진 무장강도사건. 얼굴도, 단서도 남기지 않은 그들의 존재에 모든 시선이 꽂힌다. 철저하게 짜여진 계획 하에 움직이며 1초의 오차도 용납하지 않는 범죄 조직의 리더 제임스. 자신의 존재를 절대 드러내지 않는 그는 감시반의 추적이 조여올수록 더욱 치밀하게 범죄를 이어간다. 더 이상의 범죄를 막기 위해 반드시 놈의 실체를 알아내야만 하는 감시반. 황반장과 하윤주는 모든 기억과 단서를 동원해 놈을 쫓기 시작하는데…",2013-07-03,119,"범죄, 액션, 스릴러",https://image.tmdb.org/t/p/w500/2iZbCv0XJGaPwZTTF7atEosAxRR.jpg,7.5,3.1286,MOVIE
감쪽같은 그녀,"부산의 어느 달동네, 동네를 주름 잡으며 나 혼자 잘 살고 있던 ‘말순’ 할매 앞에 다짜고짜 자신을 손녀라고 소개하는 열두 살 ‘공주’가 갓난 동생 ‘진주’까지 업고 찾아온다. 외모, 성격, 취향까지 모든 것이 극과 극인 ‘말순’과 ‘공주’는 티격태격 하루도 조용할 날 없이 지내지만, 필요한 순간엔 든든한 내 편이 되어주며 서로에게 특별한 존재가 되어간다. 하지만 ‘말순’은 시간이 갈수록 ‘공주’와의 동거생활이 아득하고 깜깜하게만 느껴지는데…",2019-12-04,104,"드라마, 코미디",https://image.tmdb.org/t/p/w500/AgAQuMDA8UAzRU5mgDtPxiHEw59.jpg,6.6,1.1769,MOVIE
강철비,"북한에서 쿠데타가 발생한다. 은퇴한 특수요원 엄철우는 상부로부터 다른 임무를 받고 인근에 잠복해 있다가 치명상을 입은 북한 1호를 보호한다. 남한까지 피신해 온 그를 북한 정예요원들이 쫓는 가운데 그 사이 북한은 전 세계를 상대로 선전포고를, 남한은 계엄령을 선포한다. 한편 남한의 외교안보수석 곽철우는 북한의 핵 미사일 발사를 앞두고 혼란스러운 와중에 우연히 전 부인의 병원에 숨어든 엄철우 일행을 찾아낸다. 핵 전쟁으로 번질 일촉즉발의 상황을 앞두고 두명의 철우는 서로 협력하기로 하는데...",2017-12-14,140,"액션, 스릴러",https://image.tmdb.org/t/p/w500/pC3Mcz2TPuXIkTrd8bolUgBm9GV.jpg,7.068,2.4607,MOVIE
공공의 적 1-1: 강철중,"강동서 강력반 꼴통 형사 강철중. 5년이 지난 지금도 여전히 사건 현장을 누비고 다니지만 15년 차 형사생활에 남은 거라곤 달랑 전세 집 한 칸. 형사라는 직업 때문에 은행에서 전세금 대출받는 것도 여의치 않다. 잘해야 본전 잘 못하면 사망 혹은 병신이 될 수도 있는 빡센 형사생활에 넌더리가 난 그는 급기야 사표를 제출한다.  하지만 그때 한 고등학교에서 터진 살인사건 때문에 그의 사표 수리는 미뤄지고 이번 사건만 해결하면 퇴직금을 주겠다는 반장의 회유에 말려들어 귀찮은 사건 현장으로 돌아간다. 도무지 해결의 기미가 보이지 않던 살인사건은 죽은 학생의 지문이 얼마 전 강동서 관할에서 일어난 도축장 살인사건 현장에서 발견된 칼에 남겨진 지문과 같다는 사실이 밝혀지면서 새로운 국면을 맡는다. 강철중은 죽은 피해 학생과 어울려 다녔다는 친구 3명을 만나 단서를 찾기 시작한다. 아이들이 얼마 전 거성이란 회사에 취업했다는 사실을 알아낸 강철중은 이 사건이 거성 그룹과 관계 있다는 것을 감지하고 거성 그룹의 회장인 이원술’의 뒤를 쫓기 시작한다. 한편, 자신의 사업체마다 나타가서 훼방을 놓는 강철중 때문에 심기가 불편해진 이원술 역시 조용히 반격을 준비 하는 데…",2008-06-19,127,"액션, 코미디, 범죄, 스릴러",https://image.tmdb.org/t/p/w500/aBoBQRGUuCCX4bixhUSDueAprhX.jpg,6.6,1.0538,MOVIE
거룩한 계보,"치성은 전라도 조직세계를 주름잡는 전설의 칼잡이다. 그의 곁에는 유년시절부터 주먹세계에 입문하기까지 모든 걸 함께해온 죽마고우 주중이 있다. 마약 제조업자 최박사의 신기술을 노리는 조직의 명령으로 그에게 칼을 들게 된 치성은 모든 책임을 홀로 지고 감옥에 가게 된다. 그곳에서 그는 수년 전 죽은 줄로만 알았던 또 한명의 죽마고우 순탄과 우연히 재회하고 그간 마음에 담아둔 회포를 푼다.  한편, 치성을 감옥에 보내고 조직에 남게 된 주중은 마음이 착잡하기만 하다. 그러던 어느 날, 몇 해전 치성에게 한쪽 다리를 잃은 경쟁 조직의 보스 성봉식이 치성 부모에게 칼을 휘두르는 사건이 발생하고, 조직은 세력확장을 위한 검은 거래 속에서 그 사건에 대해 침묵하며 치성에게서 등을 돌린다. 주중은 치성에 대한 연민으로 마음이 괴롭지만, 조직원으로서의 의무감을 떨쳐내지 못하고 갈등하게 된다.  10년간 조직을 위해 모든 것을 바쳐온 치성은 치를 떠는 배신감에 분노한다. 이제 그에게 남은 건 오직 하나! 치성은 조직에 대한 복수를 결심하고, 순탄을 포함한 감옥 동기들과 함께 탈옥을 모색한다. 각양각색의 탈출방법을 시도하던 중, 일명 거룩한 계보 일행은 뜻밖의 기상천외한 방법으로 마침내 탈옥에 성공한다. 탈옥 후, 치성은 최후의 목표인 조직의 보스 김영희를 만나러 가던 중, 조직원의 신분으로 자신을 마주해야 하는 주중과 피할 수 없는 대결의 순간을 맞이하게 되는데.",2006-10-19,126,"범죄, 드라마, 코미디",https://image.tmdb.org/t/p/w500/gxshb0RDvgYNNtZQrhA2vrt9EWX.jpg,6.4,1.2579,MOVIE
거미숲,"유령이 나온다는 숲, 거미숲에 관한 제보를 받고 취재를 떠난  강민PD. 다음날 심한 부상을 입은 채 발견된다. 혼수상태에서 14일만에 깨어난 그는 거미숲에 두사람의 시체가 있다는 충격적인 말을 내뱉는다. 이 소식을 들은 그의 친구 최형사는 거미숲으로 찾아간다. 그리고 그의 진술대로 살해당한 지 오래된 듯, 부패한 상태로 남아있는 남, 여 시체 두 구를 발견한다. 그런데 죽은 여자, 즉 방송국 리포터 황수영과 강민과의 내연의 관계가 밝혀지면서 강민은 유력한 살인용의자로 떠오른다.  사건의 진실을 밝히기 위해 최형사와 함께 알리바이를 되짚어 가는 강민. 강민에게 거미숲에 관한 제보를 했던 여인을 찾는 것으로 수사는 좁혀지고 그는 취재 과정에서 들었던 거미숲의 전설에 관한 실체를 파헤치기 시작한다. 그러나 거미숲의 비밀에 다가가면 다가갈수록 미로에 갇힌 듯 더욱 큰 혼란이 몰려오기 시작한다. 과연 그는 거미숲의 미스터리와 살인사건의 진실을 밝혀낼 수 있을 것인가?",2004-09-03,112,"스릴러, 공포, 미스터리, 드라마",https://image.tmdb.org/t/p/w500/72m0VJrICvdWzaK4uw0Vi4l6697.jpg,6.62,2.177,MOVIE
거북이 달린다,"대한민국을 농락한 신출귀몰 탈주범이 예산에 나타났다! 하는 일이라곤 지역 발전을 위한 소싸움 대회 준비뿐인 시골마을 예산의 형사 조필성. 다섯 살 연상의 마누라 앞에서는 기 한번 못 펴는 한심한 남편이지만, 딸래미의 학교 일일교사 1순위로 꼽힐 정도로 마을에서는 나름 알아주는 형사다. 소싸움 대회를 준비하던 필성은 강력한 우승후보에 대한 정보를 입수하고, 훔쳐 나온 마누라의 쌈짓돈으로 결국 큰 돈을 따게 된다. 난생처음 마누라 앞에서 큰소리 칠 생각에 목이 메이는 조필성. 그러나 기쁨도 잠시! 갑자기 나타난 어린 놈에게 순식간에 돈을 빼앗기고 마는데, 그 놈은 바로 몇 년 전 전국을 떠들썩하게 만들었다가 행방이 묘연해진 탈주범 송기태.  질긴 시골형사의 징한 한판! 흙먼지 날리는 필살기 한방을 날린다! 희대의 탈주범을 눈 앞에서 놓친 필성은 모두에게 그 사실을 알리지만 이런 시골마을에 송기태가 나타났다는 그의 말을 아무도 믿지 않는다. 잃어버린 돈도 찾고, 딸래미 앞에서 영웅이 되고 싶은 마음에 직접 송기태의 은신처를 찾아 덮치지만 이번에는 송기태에게 새끼손가락까지 잘리는 수모를 당한다. 게다가 이 날의 사건이 언론에 공개되자, 예산서 형사들은 탈주범을 놓친 무능한 시골형사로 전락하고 필성은 형사직에서 물러나게 된다.  돈, 명예, 그리고 마지막 자존심까지 빼앗긴 필성.  그 놈을 반드시 자신의 손으로 잡아 형사로서, 그리고 한 남자로서의 명예회복을 위해 본격적으로 나서는데…",2009-06-11,117,"스릴러, 코미디, 범죄, 드라마",https://image.tmdb.org/t/p/w500/vmJIjLDdjF2GwOiSyopJ34iVy6R.jpg,6.341,1.0394,MOVIE
건축학개론,"생기 넘치지만 숫기 없던 스무 살, 건축학과 승민은 건축학개론 수업에서 처음 만난 음대생 서연에게 반한다. 함께 숙제를 하게 되면서 차츰 마음을 열고 친해지지만, 자신의 마음을 표현하는 데 서툰 순진한 승민은 입 밖에 낼 수 없었던 고백을 마음 속에 품은 채 작은 오해로 인해 서연과 멀어지게 된다. 서른 다섯의 건축가가 된 승민 앞에 15년 만에 불쑥 나타난 서연. 당황스러움을 감추지 못하는 승민에게 서연은 자신을 위한 집을 설계해달라고 한다. 자신의 이름을 건 첫 작품으로 서연의 집을 짓게 된 승민, 함께 집을 완성해 가는 동안 어쩌면 사랑이었을지 모를 그때의 기억이 되살아나 두 사람 사이에 새로운 감정이 쌓이기 시작하는데...",2012-03-22,118,"코미디, 로맨스",https://image.tmdb.org/t/p/w500/6ChBkMt5fwYPtKvbtq8irLfuKHc.jpg,7.297,1.9978,MOVIE
걷기왕,"그녀 나이 4살에 발견된 선천적 멀미증후군으로 세상의 모든 교통수단을 탈 수 없는 만복은 오직 두 다리만으로 왕복 4시간 거리의 학교까지 걸어 다니는 씩씩한 여고생. 무조건 빨리, 무조건 열심히! 꿈과 열정을 강요당하는 현실이지만 뭐든 적당히 하며 살고 싶은 그녀의 삶에, 어느 날 뜻밖의 경보가 울리기 시작한다! 걷는 것 하나는 자신 있던 만복의 놀라운 통학 시간에 감탄한 담임 선생님의 추천으로 그녀에게 딱 맞는 운동 경보를 시작하게 된 것. 공부는 싫고, 왠지 운동은 쉬울 것 같아 시작했는데 뛰지도 걷지도 못한다니! 과연 세상 귀찮은 천하태평 만복은 경보를 통해 새로운 자신을 만날 수 있을까?",2016-10-20,93,코미디,https://image.tmdb.org/t/p/w500/7nk2EDiqbo83VcfXqJI1yxV4VMy.jpg,6.6,1.3654,MOVIE
걸스카우트,"암만봐도 '걸'은 없는 (걸스'카우트) 당할 수록 쎄지는 언니들이 온다! 업그레이드 인생을 꿈꾸며 주식에서 옷가게까지 틈 나는 대로 재테크를 도모하지만 손대는 족족 말아먹어 생활계의 마이너스 손으로 통하는 30대 미경, 손자 재롱 볼 나이에 백수 아들 뒷바라지 하느라 동네마트에서 일하는 노장 샐러리우먼 60대 이만, 남편 저 세상 보내고 아들 둘 키우느라 인형 눈 붙이기부터 돈 되는 일은 일단 하고 보는 억척 살림꾼 40대 봉순, 폼나는 인생을 꿈꾸며 매주 두근대는 가슴으로 로또 당첨에 열을 올리는 20대 은지. 한 동네에 산다는 것 말고는 특별히 통하는 것 없어 보이는 네 여자에게 일생일대의 사건이 발생한다. 누군가 그녀들의 피 같은 곗돈을 예고도 없이 빼먹고 달아난 것. 급한 마음에 용의자의 은신처를 이 잡듯 뒤지던 미경은 사건 해결에 핵심이 될 만한 결정적 단서를 발견하고 억울한 마음에 밤잠을 설치던 이만, 봉순, 그리고 언니들을 돕겠다고 흔쾌히 나선 은지와 함께 용의자 출몰지역으로 예상되는 미사리 근처 까페에 잠복하며 셀프 추적을 감행한다. 애초의 계획과는 달리, 용의자는 쉽게 모습을 드러내지 않고… 결국, 적을 만나기도 전에 각기 다른 의견충돌로 내분에 휩싸이는 네 여자들. 자포자기 하며 회포를 풀던 중 그렇게 기다리던 몹쓸 용의자를 두 눈으로 확인하게 된다. 그러나, 예상치 못했던 또 다른 검은 세력의 출현으로 사건은 겉잡을 수 없이 꼬여만 가는데… 추적에 물오른 봉촌 3동 걸스카우트, 내 돈을 눈 앞에 두고 빼앗을 수 있을까? 아니면 이대로 빼앗길 것인가?",2008-06-05,99,코미디,https://image.tmdb.org/t/p/w500/1yCZSiGS8K7IYmPlAt9dRhp7sAS.jpg,6.7,1.2133,MOVIE
걸캅스,"민원실 퇴출 0순위 전직 전설의 형사 미영과 민원실로 밀려난 현직 꼴통 형사 지혜. 집에서는 눈만 마주쳐도 으르렁 대는 시누이 올케 사이인 두 사람은 민원실에 신고접수를 하기 위해 왔다가 차도에 뛰어든 한 여성을 목격하고 그녀가 48시간 후 업로드가 예고된 디지털 성범죄 사건의 피해자란 사실을 알게 된다. 강력반, 사이버 범죄 수사대, 여성청소년계까지 경찰 내 모든 부서들에서 복잡한 절차와 인력 부족을 이유로 사건이 밀려나자 미영과 지혜는 비공식 수사에 나서기로 결심한다. 수사가 진전될수록 형사의 본능이 꿈틀대는 미영과 정의감에 활활 불타는 지혜는 드디어 용의자들과 마주할 기회를 잡게 되는데...",2019-05-09,107,"액션, 코미디, 범죄",https://image.tmdb.org/t/p/w500/v1sfULur2KiJIPGiXjGTDWNWxG.jpg,6.9,2.925,MOVIE
걸프렌즈,"스물 아홉 살의 한송이(강혜정). 회식이 끝난 어느 날 회사동료 진호(배수빈)와 엉겁결에 키스 한번을 하게 되는데, 그게, 그게, 키스가 그냥 키스가 아닌 거다.. ‘그의 혀끝은 완전 피겨스케이팅 선수… 레이백에서 비엘만으로 이어지는 고난도 컴비네이션…’ 한마디로, 완전히 뻑 간다는 소리다. 키스 한번에 홀라당 자빠질 여자가 아니라고 호언장담 했지만 어느새 사랑은 쑥쑥 자라 남부럽지 않은 연애를 시작 했는 데…  이 남자, 아무래도 다른 여자가 있는 것 같다. 혹시나 하는 마음으로 그녀를 만나러 간 어느 클럽 파티장.  왠걸. 머리부터 발끝까지 화려하고 섹시한 그녀, 진(한채영). 그녀는 성공한 파티플레너이자 그 남자 진호의 첫사랑이란다. 완전 주눅들어 술에 쩔어 집에 들어 온 다음날 아침. 진의 파티장에서 딸려 온 미소년 같은 여자아이, 보라(허이재). 진호와 어떤 사이냐는 추궁에 “남녀 사이 만나는 게 다 그렇고 그런 거”라며 당돌하게 받아 친다.  그런데 결정적인 문제는 나도 그녀들이 궁금하다는 거다! 만나면 만날수록 그녀들에게 낚여 가는 건 왜일까? 어느새 송이의 마음속에서는 두 가지의 욕망이 공존한다. 하나는 진호를 독점하고 싶다는 것과, 그녀들을 계속 만나고 싶다는 것. 그렇게 모인 세 여자들 사이에 생각지도 못했던 공감대가 형성되기 시작하는 데…",2009-12-17,114,코미디,https://image.tmdb.org/t/p/w500/cViIJtjH9l7nE3NoQL16DKnorY5.jpg,3.5,1.0859,MOVIE
검객,"광해군 폐위 후, 스스로 자취를 감춘 조선 최고의 검객 태율. 한편, 조선을 사이에 둔 청과 명의 대립으로 혼란은 극에 달하고, 청나라 황족 구루타이는 무리한 요구를 해대며 조선을 핍박한다. 백성들의 고통이 날로 더해가던 중, 구루타이의 수하들에 의해 태율의 딸이 공녀로 잡혀가고 만다. 세상을 등진 채 조용히 살고자 했던 조선 최고의 검객 태율은 딸을 구하기 위한 자비 없는 검을 휘두르기 시작하는데...",2020-09-23,100,"액션, 드라마, 역사",https://image.tmdb.org/t/p/w500/4hK3JtTw2KqEMOQURAJAzCrtl9t.jpg,7.497,3.9362,MOVIE
검사외전,"거친 수사 방식으로 유명한 다혈질 검사 ‘변재욱’. 취조 중이던 피의자가 변사체로 발견 되면서 살인 혐의로 체포된다. 꼼짝없이 살인 누명을 쓰게 된 '변재욱'은 결국 15년 형을 받고 수감 된다.  감옥에서 복수의 칼을 갈던 재욱. 5년 후, 자신이 누명을 쓰게 된 사건에 대해 알고 있는 허세남발 꽃미남 사기꾼 ‘치원’을 우연히 만나게 되고, 그 순간 감옥 밖 작전을 대행해 줄 선수임을 직감한다. 검사 노하우를 총 동원, 치원을 무혐의로 내보내고 반격을 준비하는 재욱. 하지만 자유를 얻은 치원은 재욱에게서 벗어날 기회만 호시탐탐 노리는데…",2016-02-03,126,"범죄, 코미디, 액션",https://image.tmdb.org/t/p/w500/cXB9CaJVRIFhsqGbyDNl7vc6XWc.jpg,7,2.0755,MOVIE
검은 사제들,"2015년 서울, 뺑소니 교통사고 이후 의문의 증상에 시달리는 한 소녀. 잦은 돌출 행동으로 교단의 눈 밖에 난 김신부는 모두의 반대와 의심 속, 소녀를 구하기 위한 자신만의 계획을 준비한다. 이를 위해선 모든 자격에 부합하는 또 한 명의 사제가 필요한 상황, 모두가 기피하는 가운데 신학생인 최부제가 선택되고, 그는 김신부를 돕는 동시에 감시하라는 미션을 받게 된다. 그리고 마침내 소녀를 구할 수 있는 단 하루의 기회, 김신부와 최부제는 모두의 목숨을 잃을 수도 있는 위험한 예식을 시작하는데…",2015-11-05,108,"미스터리, 스릴러, 공포",https://image.tmdb.org/t/p/w500/3zYZ5hZUNHwgObdqbDYlS8l24FE.jpg,6.855,2.1305,MOVIE
검은 여름,"대학에서 조교로 일하며 글을 쓰고 영화를 만드는 지현. 어느 날 대학 후배 건우에게 혼란스러운 감정을 느끼게 된다. 두 남자는 그렇게 서서히 사랑에 빠지게 되고, 어느 날 둘의 관계가 담긴 동영상이 대학 내에 퍼져 큰 파장을 일으키는데...  사랑하는 사람을 위해 자신을 성범죄의 가해자로 내세울 수밖에 없는 현실. 인간적 좌절과 희망에 두 남자는 어떤 입장으로 맞설 것인가?",2017-10-13,111,"로맨스, 드라마",https://image.tmdb.org/t/p/w500/9VXuVj8utWXI9lyB9kIQTE31OUp.jpg,7.2,1.3606,MOVIE
검은 집,"보험사정원 전준오는 한 여자로부터 걸려온 상담 전화를 받는다. 며칠 후, 보험가입자의 집. 방문을 요청했던 남자는 준오에게 거실 옆 방문을 열어 줄 것을 요청한다. 그곳엔 7살 어린 아들이 목을 매단 채 죽어있었다. 그러나 그를 더욱 혼란에 빠트린 것은, 그 순간 자신의 눈치를 살피는 그 아버지의 눈길이었다.",2007-06-21,103,"공포, 스릴러",https://image.tmdb.org/t/p/w500/rFgPhN2wJAadaiSgBz9BO3x7wLr.jpg,6.127,1.6062,MOVIE
게스트하우스,"배우의 꿈을 위해 틈만 나면 오디션을 보려고 강릉을 탈출하는 정우는  누나와 함께 게스트하우스를 운영하고 있지만, 게스트하우스에는 아무 관심도 없다.  오매불망 강릉 탈출만 바라고 있던 그의 앞에 어느 날, 히로코가 나타난다.  지금은 은퇴선언을 한 전 일본국가대표 컬링 선수인 그녀는  평창 동계올림픽 특집방송을 위해 빙상경기장이 있는 강릉을 찾아오게 된 것.  누나의 등살에 떠밀려 정우는 히로코를 위해 강릉 가이드를 해주면서 히로코가 강릉을 찾은 진짜 이유를 알게 된다.  강릉을 떠나고 싶었던 정우는 그녀에게 자신의 게스트하우스를 넘기겠다는 어설픈 작전을 실행하지만,  이미 조금씩 서로를 알아가던 두 사람은, 어느 새 서로를 응원하며 미묘한 감정을 느끼게 되는데..",2018-02-22,94,"로맨스, 드라마",https://image.tmdb.org/t/p/w500/qxaisyiEmyoDWa3Vk3nWVuW8xTd.jpg,0,0.7388,MOVIE
견: 버려진 아이들,10년 전 서울 도심 한복판에서 10대 소녀가 살해되는 비극적인 사건이 벌어졌다. 해당 사건을 맡은 고태성 형사(박재홍)는 범인의 작은 실마리조차 찾아내지 못하고 결국 미제 사건으로 종결된다. 10년이 지난 어느날 또 다시 여고생이 납치되는 사건이 발생하자 고태성 형사는 본능적으로 범인을 찾아 나서는데..,2020-10-01,103,"스릴러, 범죄",https://image.tmdb.org/t/p/w500/2URQemsvBD6bsHDsrWSSzXJ00gX.jpg,5,0.9721,MOVIE
결백,"평범한 시골 농가의 장례식장, 농약을 탄 막걸리를 마신 마을 주민 1명이 사망하고 4명이 중태에 빠진 충격적인 사건이 벌어진다. 살인사건의 용의자로 급성 치매에 걸려 조문객 맞이도 제대로 하지 못한 채 남편의 장례식장을 지키고 있던 화자가 현장에서 체포되고, 고향집과 발길을 끊고 지냈던 대형 로펌 에이스 변호사인 딸 정인이 법의 사각지대에 놓인 엄마의 변호를 맡게 된다.",2020-06-10,110,"범죄, 스릴러",https://image.tmdb.org/t/p/w500/8xWV5umarehP0WvfZr9rmFE9wSl.jpg,7.7,2.795,MOVIE
경관의 피,"출처불명의 막대한 후원금을 받고 고급 빌라, 명품 수트, 외제차를 타며 범죄자들을 수사해온 광역수사대 반장 강윤의 팀에 어느 날 뼛속까지 원칙주의자인 신입경찰 민재가 투입된다. 강윤이 특별한 수사 방식을 오픈하며 점차 가까워진 두 사람이 함께 신종 마약 사건을 수사하던 중 강윤은 민재가 자신의 뒤를 파는 두더지, 즉 언더커버 경찰임을 알게 되고 민재는 강윤을 둘러싼 숨겨진 경찰 조직의 비밀을 마주하게 되는데…",2022-01-05,119,범죄,https://image.tmdb.org/t/p/w500/cQVOJcX7pUbmRQb0MgM1uqnj0kM.jpg,6.6,1.8789,MOVIE
경성학교: 사라진 소녀들,"외부와 단절된 경성의 한 기숙학교.  어느 날부터, 학생들이 하나 둘 이상 증세를 보이다 흔적도 없이 사라지기 시작한다. 주란은 사라진 소녀들을 목격하지만 아무도 그녀의 말을 믿어주지 않고, 교장도 아무 일 없었다는 듯 우수학생 선발에만 힘쓸 뿐이다. 학교에서 벌어지는 사건들에 의문을 품은 주란, 하지만 곧 주란에게도 사라진 소녀들과 동일한 이상 증세가 나타나기 시작하는데...",2015-06-18,99,"공포, 스릴러, 미스터리",https://image.tmdb.org/t/p/w500/bYNVf06p53bmt2buLynsnkBLpzP.jpg,6.506,1.69,MOVIE
경아의 딸,"홀로 살아가는 경아에게 힘이 되어주는 유일한 존재인 딸 연수는 독립한 뒤로 얼굴조차 보기 어렵다. 그러던 어느 날, 헤어진 남자친구가 유출한 동영상 하나에 연수의 평범한 일상이 무너져버리고 이 사건은 잔잔했던 모녀의 삶에 걷잡을 수 없는 파동을 일으키는데…",2022-06-16,118,드라마,https://image.tmdb.org/t/p/w500/4hD4ZvUH6MH7uA19Xs63E4X1man.jpg,5,1.0776,MOVIE
계절과 계절 사이,"비밀을 간직한 채, 파혼 후 소도시로 내려와 카페를 운영하는 해수. 타인의 시선에 굴하지 않고 자신의 감정에 솔직한 여고생 예진을 만난다. 같은 공간, 반복되는 만남 속에서 봄 햇살의 온기만큼 따스해지는 감정의 온도. 그녀들의 일상은 기적 같은 행복으로 바뀌고 나의 존재가 누군가에게 위로가 될 수 있다는 기쁨을 알게 된 그 때, 한 발자국 더 다가가던 그 때, 새로운 '상처'가 두 사람을 향해 다가오는데...",2018-10-05,98,"로맨스, 드라마",https://image.tmdb.org/t/p/w500/xARxgUeOgCcPI0q0cNiqUsZYCPY.jpg,5,0.824,MOVIE
계춘할망,"12년 만에 잃어버린 손녀를 기적적으로 찾은 해녀 계춘  손녀 혜지와 예전처럼 단둘이 제주도 집에서 함께 살면서 서로에게 적응해간다.  그러나, 아침부터 밤까지 오로지 손녀 생각만 가득한 계춘과 달리  도통 그 속을 알 수 없는 다 커버린 손녀 혜지.  어딘가 수상한 혜지에 대한 마을 사람들의 의심이 커져가는 가운데,  혜지는 서울로 미술경연대회를 갔다가 사라진다.  12년 만에 혜지가 할망을 찾아온 진짜 이유는 무엇일까?  할머니와 떨어져있던 시간 동안 혜지에게 무슨 일이 있었던 걸까?",2016-05-19,116,드라마,https://image.tmdb.org/t/p/w500/ydj2c36z3wpUXahm4L45y757cc3.jpg,7.895,1.753,MOVIE
고고70,"모든 것이 금지로 휩싸인 대한민국의 1970년대. 대구 왜관의 기지촌 클럽, 어울리지도 않는 카우보이 모자를 쓰고 내키지 않는 컨츄리 음악을 연주하며 하루하루를 보내고 있는 상규는 오랜만에 자신의 귀를 의심할 만큼 강렬한 기타 사운드와 마주하게 된다. 그 기타의 주인공은 일명 까만 음악, 소울 음악에 꽂혀있는 기지촌 토박이 만식. 두 사람은 의기투합하여 6인조 밴드 데블스를 결성 한다.  고고댄스와 고고패션으로 유행을 선도하며 트랜드 리더로서 금지된 밤 문화의 중심에 선다. 통행금지에도 불구하고 그들의 흥겨운 음악에 맞춰 몸을 흔들어 대는 젊은이들로 고고클럽은 매일 밤 뜨겁게 달구어지는데...",2008-10-02,118,"코미디, 음악",https://image.tmdb.org/t/p/w500/d1FnwItnKIfctlzGfRzAm2Gxa9r.jpg,7,0.9382,MOVIE
고독이 몸부림칠 때,"경남 남해군 물건리의 반농반어 마을에 사는 호방한 사나이, 배중달의 인생목표는 나이 50을 바라보는 늙디늙은 노총각 동생, 배중범이 장가 보내는 것과 새로이 시작한 타조농장사업의 번창이다. 이런, 중달의 타조 농장이 눈에 가시인 옆집 사는 조진봉은 배중달에게 있어 둘도 없는 앙숙이다. 진봉이 부숴버린 타조 울타리에 화가 난 중달은 오늘도 진봉과 한판 붙는다.  이때, 물건리에선 도통 찾아보기 힘든 자태곱고 단아한 노부인, 송인주가 불현듯 등장한다. 동네에서 점방을 하며 살고 있는 찬경과 건망증이 심한 그의 처. 자식과 아내를 모두 잃고, 나이보다 조숙한 11살의 손녀딸, 영희와 살고 있는 필국. 그리고 이들에게 처절하게 왕따를 당하는 진봉. 이들 앞에 불현 듯 나타난 송인주는 뭇사내들의 가슴을 첨벙첨벙 뛰게 만드는데...",2004-03-19,97,"드라마, 코미디",https://image.tmdb.org/t/p/w500/f02SGBlle4eKTp7KQ8YoqCm423Q.jpg,6.7,0.9371,MOVIE
고령화 가족,"평화롭던 엄마 집에 나이 값 못하는 가족이 다시 모여들기 시작한다. 엄마 집에 빈대 붙어 사는 철없는 백수 첫째 한모, 흥행참패 영화감독 둘째 인모, 결혼만 세 번째인 뻔뻔한 로맨티스트 셋째 미연. 서로가 껄끄럽기만 한 삼 남매와 미연을 쏙 빼 닮아 되바라진 성격의 개념상실 여중생 민경까지, 모이기만 하면 사건 사고가 끊이지 않는 이들의 속사정이 공개된다.",2013-05-09,113,"드라마, 코미디",https://image.tmdb.org/t/p/w500/nJ5Sb8eOKJRgq3gwk9fB6vdEkbX.jpg,6.767,1.1087,MOVIE
"고산자, 대동여지도","지도가 곧 권력이자 목숨이었던 시대,  조선의 진짜 지도를 만들기 위해 두 발로 전국 팔도를 누빈 고산자(古山子) 김정호.  하나뿐인 딸 순실이 어느 새 열여섯 나이가 되는지도 잊은 채  지도에 미친 사람이라는 손가락질에도 아랑곳 않고 오로지 지도에 몰두한다.  나라가 독점한 지도를 백성들과 나누고자 하는 일념 하나로  대동여지도의 완성과 목판 제작에 혼신을 다하는 김정호.  하지만 안동 김씨 문중과 대립각을 세우던 흥선 대원군은  김정호의 대동여지도를 손에 넣어 권력을 장악하려고 하는데...",2016-09-07,129,"역사, 드라마",https://image.tmdb.org/t/p/w500/g6svbkPmTGlBpLvsx0CMUjqcmQd.jpg,6.6,1.0654,MOVIE
고양이 장례식,"친구의 결혼식장에서 첫눈에 반해 알콩달콩 사랑을 키워온 동훈(강인)과 재희(박세영)! 아름답게 시작했던 그들은 결국 헤어졌다. 그리고 1년 후,  함께 키우던 고양이 '구름이'의 장례식에서 그들은 재회한다. 구름이가 선물한 그들의 특별한 하루는 지난 사랑을 추억하는 그리움의 하루이자 멈춘 사랑을 다시 시작하려는 설렘의 하루이다. 그들은 정말 다시 사랑할 수 있을까?",2015-01-15,107,"드라마, 로맨스",https://image.tmdb.org/t/p/w500/zAf9mqCRvYgsMJvdwzlBUv0qIsq.jpg,4.833,0.9246,MOVIE
고양이를 부탁해,"착하지만 엉뚱한 태희, 예쁜 깍쟁이 혜주, 그림을 잘 그리는 지영, 명랑한 쌍둥이 비류와 온조는 단짝친구들. 늘 함께였던 그들이지만 스무 살이 되면서 길이 달라진다. 증권회사에 입사한 혜주는 성공한 커리어우먼의 야심을 키우고 미술에 재능이 있는 지영은 유학을 꿈꾼다. 한편 태희는 봉사활동에서 알게 된 뇌성마비 시인을 좋아하는데...",2001-10-12,112,드라마,https://image.tmdb.org/t/p/w500/shfJHf75bhAIpQyZSkoOzvheMHi.jpg,6.938,1.4986,MOVIE
고지전,"1953년 2월, 휴전협상이 난항을 거듭하는 가운데 교착전이 한창인 동부전선 최전방 애록고지에서 전사한 중대장의 시신에서 아군의 총알이 발견된다. 상부에서는 이번 사건을 적과의 내통과 관련되어 있음을 의심하고 방첩대 중위 강은표에게 동부전선으로 가 조사하라는 임무를 내린다. 애록고지로 향한 은표는 그 곳에서 죽은 줄 알았던 친구 김수혁을 만나게 된다. 유약한 학생이었던 수혁은 2년 사이에 이등병에서 중위로 특진해 악어중대의 실질적 리더가 되어 있고, 그가 함께하는 악어중대는 명성과 달리 춥다고 북한 군복을 덧입는 모습을 보이고 갓 스무살이 된 어린 청년이 대위로 부대를 이끄는 등 뭔가 미심쩍다. 이 모든 것이 혼란스러운 가운데 은표는 오직 병사들의 목숨으로만 지켜낼 수 있는 최후의 격전지 애록고지의 실체와 마주하게 되는데…",2011-07-20,133,"드라마, 액션, 전쟁",https://image.tmdb.org/t/p/w500/sHAef4ts9Y5EREhs9UlOPEga4h3.jpg,7.181,2.4107,MOVIE
곡녀,"조선팔도를 떠돌며 상여소리를 하던 남사당 여인 산이. 하룻밤 지새우려 찾은 초가에서 홀아비 필쇠를 만나 남 부러울 것 없는 결혼 생활을 이어간다. 어느 날 과거시험에 대한 방이 붙고, 산이는 과거를 보기 위해 한양으로 향한다. 시험을 치러 간 산이는 어쩐지 소식 하나 없고, 필쇠는 하염 없이 그녀를 기다리다 어린 딸의 손을 잡고 한양으로 향하는데…",2022-03-31,89,"드라마, 로맨스",https://image.tmdb.org/t/p/w500/dwqPv1PInUKxVktcOP4rTjj9j6y.jpg,0,1.1846,MOVIE
곡성,"낯선 외지인이 나타난 후 벌어지는 의문의 연쇄 사건들로 마을이 발칵 뒤집힌다. 경찰은 집단 야생 버섯 중독으로 잠정적 결론을 내리지만  모든 사건의 원인이 그 외지인 때문이라는 소문과 의심이 걷잡을 수 없이 퍼져 나간다. 경찰 종구는 현장을 목격했다는 여인 무명을 만나면서  외지인에 대한 소문을 확신하기 시작한다. 딸 효진이 피해자들과 비슷한 증상으로 아파오기 시작하자 다급해진 종구. 외지인을 찾아 난동을 부리고, 무속인 일광을 불러들이는데...",2016-05-12,156,"공포, 미스터리",https://image.tmdb.org/t/p/w500/k9AKtgRErXjz14lFHL2IJVCgwOT.jpg,7.381,14.0673,MOVIE
곤지암,"1979년 환자 42명의 집단 자살과 병원장의 실종 이후, 섬뜩한 괴담으로 둘러싸인 곤지암 정신병원으로 공포체험을 떠난 7명의 멤버들. 원장실, 집단 치료실, 실험실, 열리지 않는 402호. 괴담의 실체를 담아내기 위해 병원 내부를 촬영하기 시작하던 멤버들에게 상상도 못한 기이하고 공포스러운 일들이 실제로 벌어지기 시작 하는데…",2018-03-28,94,"공포, 미스터리",https://image.tmdb.org/t/p/w500/llj8dIkLSHOG1X7aFXims2IaCU5.jpg,7.252,8.8016,MOVIE
골든슬럼버,"착하고 성실한 택배기사 건우. 최근 모범시민으로 선정되어 유명세를 탄 그에게 고등학교 시절 친구 무열로부터 연락이 온다. 오랜만에 재회한 반가움도 잠시, 그들 눈 앞에서 유력 대선후보가 폭탄 테러에 의해 암살당하는 사건이 벌어진다. 당황한 건우에게 무열은 이 모든 것은 계획된 것이며, 건우를 암살범으로 만들고 그 자리에서 자폭 시키는 게 조직의 계획이라는 이야기를 전한다. 겨우 현장에서 도망치지만 순식간에 암살자로 지목되어 공개 수배된 건우. CCTV, 지문, 목격자까지 완벽히 조작된 상황, 무열이 남긴 명함 속 인물, 전직 요원인 민씨를 찾은 건우는 그를 통해 사건의 실체를 조금씩 알게 된다. 살아 남기 위해, 그리고 누명을 벗기 위해 필사적으로 맞서는 건우. 하지만 자신이 도망칠수록 오랜 친구인 동규, 금철, 선영마저 위험에 빠지게 되는데…",2018-02-14,108,"액션, 스릴러",https://image.tmdb.org/t/p/w500/2SIyjVUgP4VJlrFF19geiDhsnK7.jpg,6.7,1.4844,MOVIE
공공의 적,"비오는 한밤, 잠복근무 중이던 철중은 전봇대 뒤에서 어쩔 수 없이 볼 일을 본다. 그 때 철중과 부딪히는 검은 그림자. 철중은 비도 내리고 똥도 묻은 김에 가차없이 달려가 사내의 뒤통수를 후려친다. 휘청이며 밀려가는 사내. 다시 철중이 주먹을 날리려는데 희번득이는 물체가 철중의 눈밑을 때리고 튕겨나간다. 철철 흐르는 피에 눈을 감싸쥐고 주저앉는데...",2002-01-25,138,"액션, 범죄",https://image.tmdb.org/t/p/w500/7S9qA1C2qdK2uKkJfyStpgwZ0a7.jpg,7.141,1.2989,MOVIE
공동경비구역 JSA,비무장지대 수색 중 지뢰를 밟아 대열에서 낙오된 이수혁 병장은 북한군 중사 오경필과 전사 정우진의 도움으로 다행히 목숨을 건진다. 이를 계기로 그들은 친해졌고 이수혁 병장은 군사분계선을 넘어 그들을 만나러 간다. 그러던 어느날 그들이 만나는 장면을 북한군에게 들키고 친형제처럼 친하게 지내던 그들은 서로 총부리를 겨눈다. 그리고 판문점 공동경비구역 내 북한 초소에서 총성이 울린다. 사건의 진상을 밝히기 위해 중립국 감독위원회 소속의 한국계 스위스인 소피 장 소령이 파견된다. 그녀는 진실을 밝히기 위해 그들을 만나는데...,2000-09-09,110,"드라마, 스릴러, 미스터리",https://image.tmdb.org/t/p/w500/6pZw6KFwrADsS4HYfJe8AHMwpQh.jpg,7.834,5.9771,MOVIE
공모자들,"여행을 떠나는 수 많은 인파 속 중국 웨이하이행 여객선에 오른 상호와 채희. 둘만의 첫 여행으로 마냥 행복하기만 하다. 하지만 설렘도 잠시. 그날 밤, 상호가 잠시 자리를 비운 사이 출구 없는 바다 한가운데 위치한 여객선 안에서 아내가 흔적도 없이 사라진다. 더 혼란스러운 것은 여행 중 아내와 함께 찍은 사진도, 아내의 물건도 모두 사라진 것! 게다가 탑승객 명단에조차 아내의 이름이 없다.  한편, 장기밀매 현장총책이자 업계 최고의 실력자인 영규는 설계자 동배로부터 거절할 수 없는 제안을 받고 출장 전문 외과의 경재, 운반책 준식, 망잡이 대웅과 함께 작업을 준비하고 있다. 세관원 매수에서부터 작업물 운반까지 극비리에 진행되는 작업. 한치의 실수도 용납되지 않는 긴장 속, 작업대 위 ‘물건’을 확인한 영규는 충격에 휩싸인다. 과거 자신이 알았던 채희가 그 곳에 있었던 것! 이제 웨이하이까지 남은 시간은 단 6시간!  아내를 찾아 나선 상호의 집요한 추적은 시작되고,  영규는 채희를 죽일 수도 살릴 수도 없는 딜레마에 빠지는데…",2012-08-28,111,"드라마, 액션, 스릴러, 범죄",https://image.tmdb.org/t/p/w500/1hRLLA5X8CQ2JhZCirelS4lwglr.jpg,6.49,1.6696,MOVIE
공범,15년 전 대한민국을 충격에 빠뜨린 故 한채진 군 유괴살인사건!  공소시효를 앞두고 '다은'은 실제 범인의 목소리에서 세상에서 가장 익숙한 아빠의 존재를 느끼고 그의 과거를 추적하기 시작한다. 파헤치면 파헤칠수록 '다은'은 혼란에 휩싸이고 평생 자신을 위해 모든 것을 바쳐 온 아빠에 대한 잔인한 의심은 커져만 가는데...,2013-10-24,95,"스릴러, 드라마",https://image.tmdb.org/t/p/w500/sJY1RaDrZIOSFpAIPGF5X3cmODU.jpg,6.24,1.3261,MOVIE
공작,"1993년, 북한 핵 개발을 둘러싸고 한반도의 위기가 고조된다. 정보사 소령 출신으로 안기부에 스카우트된 박석영은 ‘흑금성’이라는 암호명으로 북핵의 실체를 캐기 위해 북의 고위층 내부로 잠입하라는 지령을 받는다. 안기부 해외실장 최학성과 대통령 외에는 가족조차도 그의 실체를 모르는 가운데 대북사업가로 위장해 베이징 주재 북 고위간부 리명운에게 접근한 흑금성. 그는 수 년에 걸친 공작 끝에, 리명운과 두터운 신의를 쌓고 그를 통해서, 북한 권력층의 신뢰를 얻는데 성공한다. 그러나, 1997년. 남의 대선 직전에 흑금성은 남과 북의 수뇌부 사이 은밀한 거래를 감지한다. 조국을 위해 굳은 신념으로 모든 것을 걸고 공작을 수행했던 그는 걷잡을 수 없는 갈등에 휩싸이는데…",2018-08-08,137,"드라마, 역사, 스릴러",https://image.tmdb.org/t/p/w500/cka09Z2W9YSSLaovYbXd7rhbRY.jpg,7.342,5.1975,MOVIE
공조,"동판을 찾아야만 하는 북한은 남한으로 숨어든 조직의 리더 차기성을 잡기 위해  역사상 최초의 남북 공조수사를 요청하고, 그 적임자로 철령을 서울에 파견한다. 한편, 북한의 속내가 의심스런 남한은 먼저 차기성을 잡기 위한 작전을 계획하고, 정직 처분 중인 생계형 형사 강진태에게 공조수사를 위장한 철령의 밀착 감시를 지시한다. 임무를 완수해야 하는 철령과 임무를 막아야만 하는 진태. 그들에게 주어진 시간은 단 3일, 한 팀이 될 수 없는 남북 형사의 예측불가 공조수사가 시작되는데...",2017-01-18,125,"액션, 드라마",https://image.tmdb.org/t/p/w500/9YNlKVqRs2laZl1sEkwqdadNNPs.jpg,6.775,3.1937,MOVIE
공조 2: 인터내셔날,"남한으로 숨어든 글로벌 범죄 조직을 잡기 위해 새로운 공조 수사에 투입된 북한 형사 림철령. 수사 중의 실수로 사이버수사대로 전출됐던 남한 형사 강진태는 광수대 복귀를 위해 모두가 기피하는 철령의 파트너를 자청한다. 이렇게 다시 공조하게 된 철령과 진태! 철령과 재회한 민영의 마음도 불타오르는 가운데, 철령과 진태는 여전히 서로의 속내를 의심하면서도 나름 그럴싸한 공조 수사를 펼친다. 드디어 범죄 조직 리더인 장명준의 은신처를 찾아내려는 찰나, 미국에서 날아온 FBI 소속 잭이 그들 앞에 나타나는데…",2022-09-07,128,"액션, 코미디",https://image.tmdb.org/t/p/w500/poEYP8BZswiVu0xCFVbq8uPxR6l.jpg,7,4.9379,MOVIE
공필두,"유니버시아드 레슬링 동메달 리스트로 강력반 형사에 특채된 공필두(이문식). 서울에서 시작한 형사질이 대전, 대구 찍고 군산까지. 깨어날 줄 모르는 그의 형사 본능은 오늘도 가해자 대신 피해자를 검거하는 사고를 치고 남몰래 제주도 좌천을 준비하는 짐가방을 꾸리기도 한다. 그뿐이랴? 나이 40 다되도록 노총각 신세에 잘못된 빚 보증으로 신용불량자 딱지까지. 어느 날 아들 하나 잘 둔 탓에 부엌 때기 벗어날 줄 모르던 홀아버지가 쓰러지자, 수술비 마련을 위해 군산 조직 No2. 태곤으로부터 보스 ‘만수’를 구속해주면 사채를 빌려준다는 거절할 수 없는 제안을 받는다. 그러나 현장에서 필두를 기다린 것은 마약반 형사들. 태곤은 필두를 이용해 만수의 금괴를 빼돌려 잠적하고 마약반 형사들은 현장에 있던 공필두를 비리 경찰로 오인 급기야 수사망에 필두의 이름을 올리게 된다. 아버지 병원비 구하려다가 졸지에 마약범에 몰리게 된 필두는 자신의 결백을 증명하기 위한 대장정에 오른다. 미션!! 태곤을 찾기 위해 그의 여친 민주(김유미)를 찾아라!! 남친 태곤의 차를 훔쳐 도주 중이던 민주를 뒤 따르는 필두. 그리고 그의 뒤를 악착같이 쫓는 마약반 형사. 잃어버린 금괴를 찾으려 필두를 따르는 만수파까지. 필두의 여정을 뒤따르는 인간, 인간, 인간들 그리고 더욱 어렵게 꼬여만 가는 사건,사건, 사건들. 공필두 인생 최초 진짜 제대로 화났다!",2006-05-11,104,코미디,https://image.tmdb.org/t/p/w500/otrYtH8zZHi3VVBVQGme6muN3Dz.jpg,4.7,1.3164,MOVIE
관계의 가나다에 있는 우리는,"부조리와 싸우는 다큐멘터리 감독이지만 빈털터리인 민규, 김연아를 꿈꿨지만 은퇴한 피겨선수 한나, 완벽해 보이지만 입양인의 아픔을 가진 주희. 현실이 암울했던 세 청춘이 주희의 친엄마를 찾기 위해 만난다. 전혀 연관성이 없는 세 청춘에게 냉혹하게만 보이는 한국 사회 속에서 꿈을 위해 노력하는 청춘의 첫 설렘을 마주한다.",2021-01-28,100,드라마,https://image.tmdb.org/t/p/w500/qLQE0rIzinPprOyiG9ATDtBAQ9r.jpg,4.5,0.7637,MOVIE
관능의 법칙,"""우리가 우아한 맛은 있지!""  어린 남자와 만나는 골드미스 ‘신혜’  당당하게 원하는 도발적인 주부 ‘미연’  딸 몰래 연애하는 싱글맘 ‘해영’  꽃보다 화려하게 만개하는 절정의 40대, 지금이 어느 때보다 제일 잘 나간다고 믿는 세 친구들!  나름의 상처와 고민을 안고 살아가지만 지금 이 순간 만큼은 뻔뻔하게 밝히고 화끈하게 즐기며 일도, 사랑도, 섹스도 뜨겁게 하고 싶은 그녀들의 솔직한 이야기",2014-02-13,108,"코미디, 드라마",https://image.tmdb.org/t/p/w500/dXJ5kTZSJUb1BTl3EICNNBF4ZXK.jpg,5.857,1.235,MOVIE
관상,"얼굴을 보면 그 사람의 모든 것을 꿰뚫어보는 천재 관상가 내경. 처남 팽헌, 아들 진형과 산속에 칩거하고 있던 그는 관상 보는 기생 연홍의 제안으로 한양으로 향하고, 연홍의 기방에서 사람들의 관상을 봐주는 일을 하게 된다. 용한 관상쟁이로 한양 바닥에 소문이 돌던 무렵, 내경은 김종서로부터 사헌부를 도와 인재를 등용하라는 명을 받아 궁으로 들어가게 되고, 수양대군이 역모를 꾀하고 있음을 알게 된 그는 위태로운 조선의 운명을 바꾸려 하는데...",2013-09-11,139,"드라마, 역사",https://image.tmdb.org/t/p/w500/jtq0Xul1v50s9gvEmbBFk7Tlsa1.jpg,6.954,2.404,MOVIE
광대들: 풍문조작단,조선 팔도를 무대로 풍문을 조작하고 민심을 뒤흔드는 광대패 5인방. 어느 날 조선 최고의 권력자 한명회로부터 조카를 죽이고 왕이 된 세조의 미담을 만들어내라는 명을 받는다. 광대패의 리더 덕호와 무리들은 목숨을 걸고 지금껏 듣지도 보지도 못한 놀라운 판을 짜기 시작하는데…,2019-08-21,108,"역사, 코미디",https://image.tmdb.org/t/p/w500/5rPt1T9RdjF7SoKI8AxmK3p38lr.jpg,6.4,1.4499,MOVIE
광복절 특사,광복절특사로 석방되기 위해 열심히 교도 생활을 하는 모범수 재필. 조금만 참으면 사랑하는 애인 경순과 결혼할 수 있다. 하지만 고무신은 군대에서만 거꾸로 신는게 아니란 걸 몰랐던 탓일까? 어느날 면회 온 애인으로부터 결혼한다는 날벼락같은 소식을 듣는다. 변심한 애인의 맘을 되돌리기 위해 탈옥을 결심하는데...,2002-11-20,120,"코미디, 드라마",https://image.tmdb.org/t/p/w500/8cUhoDoC5XQByOda1jsLSn2WG1y.jpg,6.175,0.9951,MOVIE
광식이 동생 광태,"좋아하는 여자 앞에서 고백 한 번 못해보고, 라이벌이 등장하면 평화를 위해 숨어버리는 “연애계의 평화유지군” 광식. 7년 전 대학 시절, 늘 그랬듯 고백조차 못하고 끝나버렸던 비운의 짝사랑 그녀, ‘윤경’를 한 세기가 바뀐 지금까지도 잊지 못한 채 사진관을 운영하며 살아가고 있다. 하지만 친구 명찬의 결혼식에서 윤경을 다시 만나게 되고, 자신의 이름과 학번까지 또렷이 기억하고 있는 그녀 앞에서 광식은 몸둘 바를 모른다. 그런 광식에게 윤경은 마음이 내킬 때 언제 한번 놀러 가겠다는 묘한 말만 남긴 채 가버린다. 다시 쿵쾅거리기 시작하는 광식의 심장.  형보다 7살이나 어리지만 만난 여자의 수는 70배 많은 동생 광태. 그는 ‘한 여자와 열 두번 이상 자지 않는다.’ ‘여자랑 잘 때 속마음은 윗도리 안주머니에 넣어둔다.’ ‘아는 여자는 건드리지 않는다.’ 등 나름의 철칙을 갖고 있는 “귀여운 바람둥이”로 삶과 연애에 있어서 자신만의 프리 스타일(?)을 고수하는 자유주의자다. 늘씬한 여자에 대한 흑심을 가득 품고 참가한 마라톤 대회에서 섹시녀 ‘경재’의 핫한 바디 라인에 꽂힌 광태. 며칠 뒤 경재를 우연히 다시 만나게 되고, 하늘이 주신 두 번째 기회를 놓칠 리 없는 광태는 그녀와 화끈하고 쿨한 연애를 시작한다. 이번에도 그녀에 대한 마음이 과연 그의 ‘윗도리 안주머니’에서 무사할까?  드디어 광식을 찾아 온 윤경. 하지만 광식은 여전히 속 따로 말 따로 답답하기만 하다. 게다가 자신의 조수이자 광태의 친구인 ‘일웅’은 윤경에게 예사롭지 않은 눈길을 보내고… 광식은 또다시 “평화유지군”이 될 위기에 처하고 만다.  한편 광태는 시간이 지날수록 열 두번의 잠자리 전에 경재와 헤어져야 한다는 자기 압박에 시달린다. 하지만 왠 걸? 되려 경재가 먼저 광태에게 그만 만나자는 통보를 보낸다. 기뻐해야 할 상황이지만, 평소와 달리 배꼽 아랫 부분이 아닌 윗 부분이 동하기 시작하는데…",2005-11-23,104,"코미디, 로맨스",https://image.tmdb.org/t/p/w500/7xRJ3G1PdmL5okNRozrNfwxSvfp.jpg,6,1.1645,MOVIE
구미호 가족,"가족을 깊이 사랑하지만 어리숙하고 소심한 아버지, 섹시한 외모를 가졌지만 발정에 가깝게 밝히는(?) 첫째 딸, 항상 아버지와 티격태격하는 단순무식한 아들, 귀여운 꼬마의 외모를 하고 있지만 속을 알 수 없는 막내. 인간이 되고 싶은 네 마리(?)의 구미호 가족은 천년이 되는 날 인간의 싱싱한 간을 먹으면, 진짜 인간으로 거듭날 수 있다는 부푼 기대를 품고 그 천년의 날을 한달 남겨둔 채 도시에 나타난다. 그리고 자신들의 주무기인 각종 둔갑술을 내세워 서커스장을 개업, 각자의 포지션에서 인간 홀리기에 열중한다. 하지만 천 년의 시간이 흐르는 동안 인간 세상은 너무나 많이 변했고, 인간들은 이제 그리 만만한 존재가 아니다. 그래도 천년의 꿈을 포기할 수 없는 구미호 가족, 하지만 그들의 서커스장에는 동네 꼬마들만 왔다가 피 튀기는 그들의 서커스를 보고 울고 갈 뿐이다. 그러던 어느 날 여자들에게 접근, 몰래 카메라를 찍어 파는 사기꾼 기동이 우연히 서커스장에 왔다가 첫째 딸에게 접근을 한다. 하지만 이 이상한(?) 가족은 두 손 들어 이 수상한 인간 기동이를 환영하고 첫째 딸 합방을 강제로 권한다. 합방 도중 이 가족의 정체를 알아버린 기동은 구미호의 변신 과정을 몰래 카메라로 찍어 한몫을 챙기려는 속셈으로 특유의 잔머리를 써서 그들과 함께 지내게 되고 급기야 서커스단 모집 공고를 내면 인간들이 제 발로 찾아올 것이라는 묘안을 내 대대적인 서커스 단원 모집에 나서는데…",2006-09-28,102,"코미디, 판타지, 음악",https://image.tmdb.org/t/p/w500/vc5RDhOM22dIrK6DNm7F2O33XQU.jpg,5.5,1.3457,MOVIE
구직자들,"가까운 미래 2220년, 대한민국의 어느 도시. 정부는 인공인간으로 사람들의 건강한 삶을 유지시키고 있다. 인공들은 사람들이 매달 납부하는 의료보험료로 만들어지는데, 원본인간의 건강을 위해 이용되기 전까지 산업체 및 공공근로 노동력으로 사용된다. 실직한 중년 경호와 그의 인공 유석은 일용직 시장에서 우연히 만나 일자리를 찾기 위해 동행한다. 서로가 누구인지 모른 채 생존을 위해 헤메던 그들의 파국!",2020-11-12,83,"SF, 드라마",https://image.tmdb.org/t/p/w500/fR0Gos9UYLeWFvvBmpZpo7e5p99.jpg,6,1.0801,MOVIE
국가대표,"1996년 전라북도 무주, 동계올림픽 유치를 위해 정식 종목 중 하나인 스키점프 국가대표팀이 급조된다. 이에 전(前) 어린이 스키교실 강사 방종삼이 국가대표 코치로 임명되고, 그의 온갖 감언이설에 정예(?) 멤버들이 모인다. 전(前) 주니어 알파인 스키 미국 국가대표였다가 친엄마를 찾아 한국에 온 입양인 밥, 여자 없으면 하루도 못 버틸 나이트 클럽 웨이터 흥철, 밤낮으로 숯불만 피우며 아버지가 시키는 대로 살아온 고깃집 아들 재복, 할머니와 동생을 돌봐야 하는 짐이 버거운 말 없는 소년 가장 칠구, 그런 형을 끔찍이 사랑하는 4차원 동생 봉구까지! 방 코치는 마치 신이라도 된 것처럼 엄마와 같이 살 집이 필요한 밥에게는 아파트를, 사랑 때문에 또는 부양 가족 때문에 그들과 함께 있어야 하는 흥철, 칠구-봉구 형제, 그리고 재복에게는 군 면제를 약속한다. 단, 금메달 따면!",2009-07-29,139,"코미디, 드라마",https://image.tmdb.org/t/p/w500/xEmM8h9Zn1rz8HQwD0e42dYSsrW.jpg,6.1,1.1428,MOVIE
국가대표 2,"유일무이 정통 아이스하키 선수 출신 에이스 지원. 자존심은 금메달 급, 현실은 쇼트트랙 강제퇴출 채경. 사는 게 심심한 아줌마, 빙판에선 열정의 프로 영자. 시간외 수당이 목표, 아이스하키협회 경리 출신 미란. 취집으로 인생 반전 꿈꾸는 전직 피겨요정 가연. 주장 급 멘탈 보유자, 최연소 국가대표 꿈나무 소현. 말만 번지르르, 주니어 아이스하키 우정상에 빛나는 국대 출신 감독 대웅. 이들이 뭉친 단 하나의 이유는 아오모리 동계 아시안 게임 출전! 출신불문, 경험부족, 능력제로  한 팀이 되는 것 자체가 도전이었던 이들에게 다가온 차가운 현실은 그저 동계 올림픽 유치를 위한 병풍 취급뿐이다. 뭉치면 싸우고 흩어지면 출전불가! 모두가 불가능하다고 믿었던 이들의 뜨거운 도전이 시작된다!",2016-08-10,126,드라마,https://image.tmdb.org/t/p/w500/e6cJl4GDC0a47noDY5aHKLOhHJl.jpg,6.1,1.2869,MOVIE
국가부도의 날,"1997년, 대한민국 최고의 경제 호황을 믿어 의심치 않았던 그때, 곧 엄청난 경제 위기가 닥칠 것을 예견한 한국은행 통화정책팀장 한시현은 이 사실을 보고하고, 정부는 뒤늦게 국가부도 사태를 막기 위한 비공개 대책팀을 꾸린다. 한편, 곳곳에서 감지되는 위기의 시그널을 포착하고 과감히 사표를 던진 금융맨 윤정학은 국가부도의 위기에 투자하는 역베팅을 결심, 투자자들을 모으기 시작한다.",2018-11-28,114,"드라마, 역사",https://image.tmdb.org/t/p/w500/rk4AuqG73R4xNcILdP0Ot7UWzO9.jpg,6.838,1.7578,MOVIE
국경의 남쪽,청년은 모두 잃고 말았다.  충성을 맹세했던 조국도.. 사랑을 약속했던 연인도..  저는 1975년 조선로동당 창건일에 태어났습니다. 이름은 김선호. 만수예술단 호른 연주자이며 고향은 평양입니다. 저에게는 결혼을 약속한 연인 연화가 있었습니다. 성격도 얼굴도 동치미처럼 찡하구 시원한 연화가 난 정말로 좋았습니다.그러던 어느날 남조선에 계신 할아버지와의 비밀편지가 발각되어 전 국경을 넘을 수 밖에 없었습니다. 연화를 남겨두고 말입니다. 전 연화의 탈출 자금을 마련하기 위해 마음이 급했습니다. 그러나 시간이 흐르면 흐를수록 다신 못 만날 거란 생각에 막막해졌습니다. 그때 제 옆에 다가온 경주는 멍들었던 제 마음을 진심으로 어루만져 주었습니다. 그러던 어느날 연화가 국경을 넘어 내려왔습니다. 죽음을 각오하고 오직 한 사람 저를 찾아서 말입니다.,2006-05-04,109,드라마,https://image.tmdb.org/t/p/w500/6FQ76yb8uVaEkqAGh6RWoQwxjBf.jpg,6,1.2193,MOVIE
국제시장,"1950년대 한국전쟁 이후로부터 현재에 이르기까지 격변의 시대를 관통하며 살아온 우리 시대 아버지 덕수, 그는 하고 싶은 것도 되고 싶은 것도 많았지만 평생 단 한번도 자신을 위해 살아본 적이 없다. ‘괜찮다’ 웃어 보이고 ‘다행이다’ 눈물 훔치며 힘들었던 그때 그 시절, 오직 가족을 위해 굳세게 살아온 우리들의 아버지 이야기가 지금부터 시작된다.",2014-12-17,126,드라마,https://image.tmdb.org/t/p/w500/wwaRQFko32TUUDMmDeb37x7O4m3.jpg,7.399,2.5819,MOVIE
국화꽃 향기,"인하는 중,고등학교 시절을 미국에서 보내고 한국에서 대학을 다니게 된다. 대학 신입생 인하는 어느 지하철역에서 불의 앞에 당당한 ‘희재’를 처음 보게 되고, 그녀에게서 국화꽃 향기를 맡고 사랑을 느낀다. 학교 동아리 ‘북클럽’ 회장으로 희재를 다시 만나게 된 인하. 인하는 그녀에게 사랑을 고백하지만, 희재는 한때의 열정으로 치부한다. 그러나 지워지지 않는 사랑은 인하를 힘들게 한다.  몇년 후. 약혼자와 부모를 사고로 잃은 후 세상과 벽을 쌓은 채 살아가는 희재에게, 인하는 라디오 PD가 되어 오래 지켜온 자신의 사랑을 라디오 프로그램 사연을 통해 세상에 알린다. 뒤늦게 이룬 사랑에 행복한 나날을 보내는 두 사람. 그러던 어느날, 희재는 자신이 병에 걸렸다는 사실을 알게 되는데...",2003-02-28,97,"드라마, 로맨스",https://image.tmdb.org/t/p/w500/501kX0KqxrcIqXWI0wRkLkAx7rE.jpg,6.6,1.727,MOVIE
군도: 민란의 시대,"착취가 극에 달했던 조선 철종 13년. 힘 없는 백성의 편이 되어  세상을 바로잡고자 하는 의적떼인 군도, 지리산 추설이 있었다. 잦은 자연재해, 기근과 관의 횡포까지 겹쳐 백성들의 삶이 날로 피폐해 져 가는 사이, 나주 대부호의 서자로 조선 최고의 무관 출신인 조윤은 극악한 수법으로 양민들을 수탈, 삼남지방 최고의 대부호로 성장한다. 한편 소, 돼지를 잡아 근근이 살아가던 천한 백정 돌무치는 죽어도 잊지 못할 끔찍한 일을 당한 뒤 군도에 합류, 지리산 추설의 신 거성 도치로 거듭난다. 망할 세상을 뒤집기 위해 도치를 필두로 한 군도는 백성의 적 조윤과 한 판 승부를 시작하는데...",2014-07-23,137,"액션, 드라마",https://image.tmdb.org/t/p/w500/dGEHXP4j8CNvPWJybdKv2YPhlWB.jpg,6.6,1.7245,MOVIE
굿모닝 프레지던트,"로또 당첨금 244억 앞에 속앓이 하는 대박 대통령, 이순재. 강렬한 카리스마, 그러나 첫사랑 앞에선 한없이 소심한 꽃미남 싱글 대통령, 장동건. 서민남편의 대책없는 내조로 이혼위기에 처한 여자대통령, 고두심이 펼치는 누구나 안다고 생각하지만 아무도 모르는 장진의 유쾌한 청와대 비하인드 스토리.",2009-10-22,131,"코미디, 드라마",https://image.tmdb.org/t/p/w500/kqaoPtQiVb31eZBFgPoSGW1qWYd.jpg,6.2,1.2528,MOVIE
굿바이 싱글,"온갖 찌라시와 스캔들의 주인공인 톱스타 주연. 그러나 점차 내려가는 인기와 남자친구의 공개적 배신에 충격을 받고, 영원한 내 편을 만들기 위해 대책 없는 계획에 돌입하게 되는데! 대표 독거스타의 임신 발표는 전국민 스캔들로 일이 커지고,  주연의 불알친구이자 스타일리스트인 평구와 소속사 식구들이 안절부절하며 뒷수습에 동분서주 하는데…",2016-06-29,119,"드라마, 코미디",https://image.tmdb.org/t/p/w500/sIXM127k6yGyzlm4rrEw4vvicZQ.jpg,6.1,1.3205,MOVIE
궁녀,"숨막힐 듯 엄격한 궁궐 안. 왕 외에는 마음대로 죽을 수도 없는 그곳에서 후궁 희빈을 보좌하는 궁녀 월령이 서까래에 목을 매 자살한 채 발견된다. 검험을 하던 천령은 월령이 아이를 낳았다는 사실을 알게 되지만 그 기록은 어디에도 남아있지 않고, 감찰상궁은 자살로 은폐할 것을 명령한다. 하지만 천령은 자살로 위장된 치정 살인이라는 의심을 지울 수 없어 독단적으로 사건을 파헤치기 시작한다.",2007-10-18,118,"미스터리, 드라마, 스릴러",https://image.tmdb.org/t/p/w500/4SLkXOWtiB0oDhHVvB89gIq2YwB.jpg,6.9,0.9414,MOVIE
궁합,"극심한 흉년이 지속되던 조선시대, 송화옹주의 혼사만이 가뭄을 해소할 것이라 믿는 왕은 대대적인 부마 간택을 실시하고, 조선 최고의 역술가 서도윤은 부마 후보들과 송화옹주의 궁합풀이를 맡게 된다. 사나운 팔자로 소문나 과거 혼담을 거절당한 이력의 송화옹주는 얼굴도 모르는 사람을 남편으로 맞이할 수 없다고 판단하고  부마 후보들의 사주단자를 훔쳐 궐 밖으로 나가 후보들을 차례로 염탐하기 시작한다. 송화옹주가 사주단자를 훔친 궁녀라고 오해한 서도윤은 사주단자를 되찾기 위해 그녀의 여정에 함께 하게 되는데.. 야심찬 능력남 윤시경, 경국지색의 절세미남 강휘, 효심 지극한 매너남 남치호에 대세 연하남까지!  조선의 팔자를 바꿀 최고의 합(合)을 찾아라!",2018-02-28,110,"코미디, 로맨스, 역사",https://image.tmdb.org/t/p/w500/aQ5SdMOEemuxyy9cPXP0BOAxgOL.jpg,7.2,1.3435,MOVIE
귀벌레,"스물여섯 소설가지망생 정연은 절대적이고 진실한 사랑을 찾는 외계인을 주인공으로 글을 쓴다. 그러나 그녀 자신도 외계인처럼 사랑을 몰라 글이 풀리지 않는다. 소설을 완성하기 위해 직접 사랑을 경험하기로 하지만, 과거의 트라우마가 반복적으로 끼어들어 그녀의 사랑과 창작을 방해한다.",2026-03-15,84,"애니메이션, 판타지, 드라마",https://image.tmdb.org/t/p/w500/bv2tq0mvtq1iC5aDhTdbSoU0YM1.jpg,0,0.8716,MOVIE
귀신이 산다,"세방살이 삼대째 박필기 드디어 문패에 이름 석자 새기다! 3대를 이어온 셋방살이 설움에 '네 집을 가져'라는 아버지 유언을 인생목표로 사는 박필기. 낮에는 조선소 기사로 밤엔 대리운전으로 투잡스, 쓰리잡스를 뛰면서 결국 사회생활 10년만에 대출에 융자까지 보태 거제도 바닷가 이층집을 사는데 성공했으니... 이사 첫날 문패 박으며 온 동네 떠나가도록 울부짖었다! ""아버지...나 집 샀어요~~~ 엉엉~~""  나보고 집을 나가라고? 여긴 우리집이거든... 넌 누구냐? 그러나 내 집을 마련했다는 기쁨도 잠시. 그런데, 부엌에 잘 꽂혀있던 식칼이 공중부양해 날라오고, 멀쩡했던 소파가 공격하질 않나, TV속 을 열연중이던 박영규가 필기를 노려보며 '살고 싶으면 이집에서 나가!!'라 윽박지르더니, 의 배두나처럼 TV밖으로 기어나오기까지... 이것이 무슨 귀신이 곡할 노릇! ""사람살려~~ 박필기 살려~~"" 이사 첫날... 그는 여관방 신세를 졌다.  하필이면... 왜? 우리집에 귀신이 사냐구~~~~~!! 경찰서로, 이웃에게로 귀신 곡할 사연을 호소해보지만... 필기만 몰랐던 그 집의 비밀이 있었으니 ""그 집에 귀신 살아요!!"" 재빨리 급매모드로 변신하지만 흥정은커녕 돈을 얹어줘도 안 산다니... 은행 이잣날은 다가오고 언제까지 제집 두고 여관방신세 질 수도 없고... 환장할 박필기, 마침내 귀신과의 전면전을 선포하는데...",2004-09-17,123,"코미디, 공포",https://image.tmdb.org/t/p/w500/aUxZM5G7bwmWs1d3UZugVxnC9sc.jpg,6.31,1.1738,MOVIE
귀향,"1943년, 천진난만한 열네 살 정민은 영문도 모른 채 일본군의 손에 이끌려 가족의 품을 떠난다. 함께 끌려온 영희, 그리고 수많은 아이들과 함께 기차에 실려 향한다 곳은 제2차 세계대전의 차디찬 전장 한 가운데. 그곳에서 그들을 맞이한 것은 끔찍한 고통과 아픔의 현장이었다. 소녀들은 영문도 모른 채 무지막지한 군홧발 아래서 성노예로 부림당한다. 끔찍한 삶 속에서 소녀들은 존재 자체로 서로의 위안이 된다. 1991년, 성폭행을 당해 반쯤 미친 소녀 은경은 만신 송희의 신딸로 지내다 과거 위안소 생활을 했던 영옥을 만난다.",2016-02-24,127,"드라마, 역사",https://image.tmdb.org/t/p/w500/9ZZkrDtEG7yroF6PJ0PwiGw7KfT.jpg,7.1,1.5943,MOVIE
"그 겨울, 나는","경학은 경찰 공무원 준비생이고 여자친구 혜진은 취업 준비생이다. 둘은 동거 중이다. 가난한 경학은 부모가 빌린 대출금까지 떠안게 되면서 잠시 시험 준비를 멈추고 배달업을 시작하게 된다. 그사이 취업에 성공한 혜진은 점점 더 회사 일에 집중하게 되고, 경학도 배달업이 중대한 생활이 되며 둘 사이는 멀어지기 시작한다.",2022-11-30,100,"드라마, 로맨스",https://image.tmdb.org/t/p/w500/bxte5y3LpMMunSQEQv1TN3QUt0a.jpg,6,0.7344,MOVIE
그것만이 내 세상,"한때는 WBC 웰터급 동양 챔피언이었지만  지금은 오갈 데 없어진 한물간 전직 복서 조하. 우연히 17년 만에 헤어진 엄마 인숙과 재회하고, 숙식을 해결하기 위해 따라간 집에서  듣지도 보지도 못했던 뜻밖의 동생 진태와 마주한다. 라면 끓이기, 게임도 최고로 잘하지만  무엇보다 피아노에 천재적 재능을 지닌 서번트증후군 진태. 조하는 입만 열면 ""네~"" 타령인 심상치 않은 동생을 보자 한숨부터 나온다. 하지만 캐나다로 가기 위한 경비를 마련하기 전까지만 꾹 참기로 결심한 조하는  결코 만만치 않은 불편한 동거생활을 하기 시작하는데...",2018-01-17,120,"드라마, 코미디",https://image.tmdb.org/t/p/w500/ccXa1b6V1VzgGSqnRJDDf575S0l.jpg,8.02,2.0345,MOVIE
그날의 기억,"전하지 못한 말, 당신에게도 있나요? 가부장적이고 고지식한 성격의 아버지 '동근'. 제약 리베이트 사건에 연루되어 퇴직 위기에 몰린 후 엎친 데 덮친 격으로 위암 말기 선고까지 받게 된다. 자신의 마지막 시간, 가장으로써 무언가 해보려 하지만 오해만 쌓여가는데... 우리가 미처 몰랐던 아버지의 이야기가 시작됩니다!",2018-04-26,71,드라마,https://image.tmdb.org/t/p/w500/iu95KOGpSYxH8n8KrBRcfGwPChF.jpg,0,0.619,MOVIE
그날의 분위기,"부산행 KTX 열차에서 우연히 옆자리에 앉게 된 수정과 재현. 자꾸 눈길이 가는 매력적인 수정에게 재현이 건넨 한 마디, “저… 오늘 웬만하면 그쪽이랑 자려구요”  자유 연애, 오픈 마인드! 작업했다 하면 100% 성공률을 자랑하는 맹공남 재현의 훅훅 들어오는 맹렬한 공격에 수정은 점차 말려들게 되는데…  “저 그런 여자 아니거든요!”  10년 연애, 일편단심! 안 하는 것 참 많은 이 시대의 철벽녀 수정은 당황스러움도 잠시 철벽 방어로 재현의 유혹에 맞선다.  맹공남 VS 철벽녀! 두 남녀의 아슬아슬 밀당 로맨스, 승자는?",2016-01-14,103,"로맨스, 코미디",https://image.tmdb.org/t/p/w500/cbhGpXAVoK8ztKf78Uw0TWi2EPc.jpg,7.2,2.2762,MOVIE
그녀가 부른다,"“모든 사람이 다 똑같이 살 필요는 없잖아요.” 남들 시선에 맞추어 사는 인생은 진짜 내 인생일까?  극장 매표원으로 일하는 진경(윤진서 분)은 모든 사람들에게 ‘까칠하다’,’불친절하다’,’퉁명스럽다’라고 평가 받지만 맡은 일 하나는 똑 소리 나게 해내며 하루 하루를 살아간다. 그런 그녀에게는 의미 없는 만남의 유부남 남철, 여자친구 같은 대학 동창 승민, 안정적이고 성실하며 자신을 사모하는 경호가 있다. 어느 날 그녀의 어머니가 돌아가셨다는 소식과 함께 남철의 아내, 경호를 좋아하는 여고생 은진이 나타나고 갑작스레 그녀의 인생은 세상의 편견과 시선의 저울대에 올라가게 되는데",2013-12-26,97,드라마,https://image.tmdb.org/t/p/w500/lwcWyXU6dfp0eXEq5czJej0fLvC.jpg,5,0.5696,MOVIE
그녀는 예뻤다,"여기 서로 죽고 못사는, 하지만 달라도 너무 다른 죽마고우 세 친구가 있다. ‘뒷돈’ 벌기로는 경찰이 최고라는 어머니의 뜻을 받들어 파출소 소장이 된 백일권(김수로)은 더 이상 뒷돈이 통하지 않는 민주화 세상이 도래하자 범죄심리학 석사 과정을 밟기 위해 미국 유학길에 오른다. 돌연 귀국한 그의 유일한 목표는 한달 안에 빌딩 두 채 가진 최고의 신부감을 골라 미국으로 돌아가는 것! 한때 절절했던 연애에 실패하고 아프리카 외교관을 향한 꿈까지 포기해야 했던 태영(강성진)은 허구헌날 어설픈 자살소동을 벌이는 영어 보습학원의 강사이자 과격한 로맨티스트다. 첫사랑이었던 중학교 영어선생님의 이름이자, 대학시절 우연히 맺은 에로틱한 인연(?)으로 ‘제니퍼’란 이름을 가진 여자에 대한 환상을 서른 넘도록 간직한 성훈(김진수)은 오직 영어특기 하나로 프로농구 용병 통역사가 된 순정파. 세 친구 인생 최고의 그녀가 나타났다! 과연, 누가 그녀의 마음을 차지하게 될 것인가? 그러던 어느날, 일권은 연우란 여자와 맞선을 보게 되고 세 남자의 과거를 모두 공유한 듯한 완벽한 그녀의 등장은 세 남자의 마음에 일생일대의 불을 지른다. 이제 결혼적령기를 앞둔, 사랑에 대해 너무나 다른 방식을 가진 세 친구와 모든 걸 다 갖춘 듯이 보이는 연우라는 한 여자. 이제 세 남자 사이의 우정은 서서히 금이 가기 시작하고 각자의 표현방식으로 연우에게 고백을 시도한다. 그들이 꿈꾸는 사랑은 어떤 사랑이며 과연 연우는 세 친구 중 누구의 마음을 받아들이게 될까?",2008-06-12,98,"애니메이션, 코미디, 로맨스",https://image.tmdb.org/t/p/w500/mixBaqzJ5S4jpo3x6Rr9lyFKFfV.jpg,6,0.7915,MOVIE
그녀들의 방,"언주는 고시원의 밤이 끔찍하다. 주말총무를 맡아 보며 공짜로 살고는 있지만 볕도 안 드는 쪽방에 시도 때도 없이 들려오는 소음은 그녀의 웰빙 욕구를 끝없이 자극한다. 고향 친구 은성의 구애도 물정 모르는 소리일 뿐이다. 철들면서부터 모아온 적금을 털어 이제 겨우 제 방을 마련할 참이라, 학습지 교사로 일하는 평일에는 매일 수십 개의 초인종을 누르며 실적관리를 해야 할 형편인 것이다. 오늘도 큼직한 학습지 가방을 메고 문전박대만 당하던 그녀는 어느 골목 끄트머리에서 대문 열린 빈 집을 발견한다.",2008-10-01,106,드라마,https://image.tmdb.org/t/p/w500/qMNtgWwpUdkJ0GiCvKzkhOQB0BR.jpg,5.5,0.9114,MOVIE
그녀를 믿지 마세요,"깜찍한 외모, 순수한 미소, 유려한 말솜씨..100% 완벽美를 자랑하는 그녀, 영주. 하지만 그녀 본색은 고단수 사기경력으로 별을 달고 있는 터프걸. 영주는 가석방 심사를 탁월한 연기력으로 가볍게 통과한다. 출감하자마자 영주는 유일한 혈육인 언니결혼선물로 준비해둔 목공예 기러기 한쌍을 들고 부산행 기차에 오르는데.  한편, 용강마을 약사인 희철 역시 여친에게 프로포즈할 반지를 들고 부산으로 가던 중 영주를 만나게 된다. 첫 만남부터 영주에게 치한으로 오인 받아 죽도록 맞는 것도 모자라 낯선 남자에게 반지까지 소매치기 당한 희철. 가석방 중인 영주는 도둑으로 몰리지 않기 위해 다시 반지를 찾아주려 하지만 이 와중에 그녀의 짐 가방과 희철의 반지가 뒤바뀌고 만다.  잃어버린 가방을 찾아야 한다는 일념 하에 용강마을에 들어선 영주. 하지만 한번 꼬인 것이 어디 쉽게 풀리랴. 희철의 가족들은 반지를 가지고 나타난 영주를 희철의 애인으로 오인하고 진실을 밝히기엔 뒤가 깨림직한 그녀는 결국 약혼녀 연기에 돌입하고 만다.  여친에게 프로포즈도 못하고 집으로 돌아온 희철은 영주의 의도치 않은 사기극에 분노하지만 이미 한발 늦은 상태. 희철은 가족 뿐 아니라 마을 사람들에게 순진한 여인을 버린 파렴치한으로 찍히고 마침내 집에서 쫓겨나는 신세가 된다. 이제 영주와 희철, 진실과 거짓의 대결이 본격적으로 시작되는데...",2004-02-20,115,"코미디, 로맨스",https://image.tmdb.org/t/p/w500/qCoqJbeZjJpB3DEEI6kfB1RdGdA.jpg,6.698,1.537,MOVIE
그 놈은 멋있었다,"우연히 다모임 게시판에서, 우리 학교 여자애들의 외모를 탓하는(--;) 지은성의 글을 보고 리플을 단 나 한예원. 아니 불만 있으면 달래서 달았더니 그녀석, 시도 때도 없이 전화를 해대고 쫌스럽게 군다. 그러다 결국은 미용실에서 그넘과 딱! 마주쳐서 머리 하다 말고 그 꼴로 도망가야 하는 한예원 인생 중 최고 대참사가 벌어졌으니.. 그 순간부터 그 놈 피하려구 눈치 보느라 슬슬. 핸드폰 울릴 때마다 깜짝. 내가 이렇게 살아야되??  어느 날 수업시간에 또 띠리리링 울린 핸드폰. ""내가 니 넘한테 걸릴 것 같으냐?"" 용감하게 넘어서는 안될 학교 담을 넘은 것 까지는 좋았는데... 한예원 인생 최대의 특종 사건!! 넘어서는 안될 담...아니 선(?)을 넘다!! 재수가 없어도 이렇게 없나? 담탱이의 손을 뿌리치며 겨우겨우 넘은 담 너머에 지은성이 있을 줄이야.. 더구나 넘어지면서 그 넘과 나의 입술은 포개지고 말았다! 그런데 펄펄 뛰고 쌩난리를 칠 것 같던 그 넘, 갑자기 조용해지더니, 앞으로 우리는 사귀는 거라는 둥 하지만 지 몸에 손대는 건 안 된다는 둥 70년대 영화의 청순가련 여자주인공이 할만한 대사만 연발하는데...... 친구들은 좋겠다고 월척을 낚았네, 심 봤네 난리지만 모르는 소리. 그 넘 혹시..미친 거(-_-;)아닐까??",2004-07-22,114,"로맨스, 코미디",https://image.tmdb.org/t/p/w500/5Tc1tEBlpP1v5ihTxuoZ1ZsDP87.jpg,6.6,1.3447,MOVIE
그대 이름은 장미,"딸에겐 잔소리 1등, 딸을 위해선 오지랖 1등, 대한민국 평범한 엄마 ‘홍장미’ 씨. 우연한 사고로 과거의 남자 ‘명환’을 만나며 평온했던 일상이 꼬여만 가고, 설상가상으로 그녀의 대단했던(?) 과거까지 들통날 위기에 처한다  여기에 20년 남사친 ‘순철’까지 끼어들어 강제과거소환을 막으려 애를 쓰기 시작하는데…  평범한 엄마 ‘홍장미’ 씨! 그녀의 믿을 수 없는 반전과거는 영원한 비밀이 될 수 있을까?!",2019-01-16,125,코미디,https://image.tmdb.org/t/p/w500/iHLbMfRoooRATEQ8IFJVUqNoh1i.jpg,6,1.5594,MOVIE
그대를 사랑합니다,"This couple is… 따뜻하게 눈 내리는 새벽 골목길에서 우연히 만난 만석과 이뿐! 사랑하는 그대를 생각하기만 해도 얼굴에 함박웃음이 가득 번지는 설레는 사랑으로 이어지기 시작한다.  and the other couple is… 등에 업혀 “오늘은 뭐했어?”라고 묻는 아내 순이가 그저 사랑스럽기만 한 남편 군봉! 평생 한 사람만을 사랑해온 군봉과 순이, 서로가 없는 삶은 생각도 할 수 없는 이 두 사람에게 최고의 어려움이 다가오는데...  2011년, 사랑 가득한 2월. 이 시대 최고의 로맨티스트들이 전하는 행복 바이러스가 퍼진다!",2011-02-17,118,"드라마, 로맨스",https://image.tmdb.org/t/p/w500/lu5DjnySl2zj7jOBu54p12bRi38.jpg,7.8,1.7109,MOVIE
그랑프리,"경주 도중, 사고로 말과 자신감까지 잃게 된 기수 주희 (김태희 분)는 모든 것을 포기하고 제주도로 향한다. 그 곳에서 우연히 자신과 비슷한 상처를 안고 사는 우석 (양동근 분)을 알게 되고, 그의 격려와 도움으로 다시 한번 달릴 수 있는 용기를 얻게 된다.  레이스 거리 2300m, 14명의 기수와 경주마, 한 해의 최강자를 가리는 마지막 레이스, 그랑프리. 주희는 우석의 응원으로 여기수로는 최초로 그랑프리 우승이라는 꿈을 이루기 위해 새로운 경주마 탐라와 다시 출발선에 서게 되는데...",2010-09-16,109,"드라마, 로맨스",https://image.tmdb.org/t/p/w500/A2EPdyO27fCu0HLgiS0MMmaH9Cz.jpg,6.3,1.1497,MOVIE
"그래, 가족","번듯한 직장이 없는 철부지 장남 성호  잘난 체 해도 결국 흙수저인 둘째 수경  끼도 없으면서 쓸데 없이 예쁜 셋째 주미  닮기는커녕 달라도 너무 다른 오 씨 남매 앞에 갑자기 나타난 막둥이 오낙  징그러운 세 남매도 모자라 하루아침에 네 남매가 되어버렸다! 성호의 계략으로 낙이를 떠맡게 된 수경은  짐인 줄 알았던 낙이가 사상 최대 특종 사건의 유일한 희망임을 깨닫게 되고  낙이와 함께 대한민국을 들었다 놓을 기상천외한 작전을 펼치기 시작하는데... 드디어, 오 씨 남매에게도 살아볼 낙(樂)이 생겼다?!",2017-02-15,106,"드라마, 코미디",https://image.tmdb.org/t/p/w500/3cPSTkxOMAegfrT37AJ8821v3cZ.jpg,6.8,0.8859,MOVIE
그랜드 파더,"베트남전 참전용사인 기광(박근형 분)은 공장에서 출퇴근 버스를 운전하며 살고 있다.  어느 저녁, 오랫동안 연락이 끊겼던 아들의 자살 소식을 들은 기광은  장례식장에서 까만 눈을 낯설게 반짝이는 손녀, 보람(고보결 분)을 만난다.  ""니 아빠는 자살하지 않았다""  아들의 갑작스런 죽음이 석연치 않음을 직감한 기광은 얼음처럼 차갑기만 한 손녀에게  아빠가 자살로 죽지 않았음을 밝혀주기 위해 안간힘을 쓴다.  결정적인 단서를 얻게 되는 기광, 그러나 진실에 다가갈수록 슬픔은 분노로 바뀌는데...  남은 생을 걸고서라도 지켜줘야 할 단 한 사람을 위해 목숨을 건 사투를 준비한다.",2016-08-31,91,"액션, 드라마",https://image.tmdb.org/t/p/w500/4d1G8uls5E0mEFdSUTqc5zwbhHx.jpg,5,0.7093,MOVIE
그림자 살인,"한적한 뒤뜰에 위치한 방안은 온통 피로 흥건하고 그 방의 주인인 민수현은 감쪽같이 사라졌다. 그의 아버지는 아들을 찾기 위해 고액의 현상금을 내걸고, 출세에 급급한 종로서 순사부장인 영달은 민수현을 찾는데 혈안이 된다. 한편 그 시각, 의학도 광수는 해부실습을 위해 우연히 주워온 시체가 알고 보니 민수현이었던 것을 알게 된다. 살인 누명을 쓸 위기에 처한 그는 사설 탐정 진호를 찾아가 사건을 의뢰하고 거액의 현상금에 혹한 진호는 뛰어난 의학지식을 가진 광수를 조수 삼아 사건을 맡기로 한다.",2009-02-16,111,"미스터리, 범죄, 스릴러",https://image.tmdb.org/t/p/w500/dv9TKP1mQ4v4FIsPXMmextRGl6u.jpg,6.224,3.0133,MOVIE
그물,배가 그물에 걸려 홀로 남북의 경계선을 넘게 된 북한 어부 ‘철우’. 남측 정보요원들은 철우를 수상히 여겨 감시하기 시작하는데… 북에 남겨진 가족에게 돌아가기 위해 남한에서 견뎌야만 했던 치열한 일주일. 그는 무사히 가족의 품으로 돌아갈 수 있을까?,2016-10-06,114,드라마,https://image.tmdb.org/t/p/w500/iaTpYKulJvw1t3LmGvShqHvSiOA.jpg,7.368,2.3619,MOVIE
극락도 살인사건,"1986년, 아시안게임으로 세상이 떠들썩하던 9월. 목포앞바다에서 토막 난 사람 머리통이 발견된다. 사체 부검 결과, 토막 난 머리통의 주인이 인근에 위치한 섬, 극락도 주민이라는 사실이 밝혀지고 특별조사반은 본격적인 수사를 위해 사건 현장 탐문에 나선다. 형사들은 송전 기사의 합숙소와 보건소로 추정되는 곳에서 살인사건의 흔적으로 보이는 핏자국과 부서진 무전기 등을 발견하지만, 끝내 한 구의 시체도 찾아내지 못한다. 바깥 세상 돌아가는 일엔 도통 관심이 없는 듯 순박하기만 한 섬주민 17명이 사는 작은 섬, 극락도. 천국 같은 이 곳에서 끔찍한 살인사건이 발생한다. 김노인의 칠순 잔치가 벌어진 다음날 아침, 두 명의 송전기사의 사체가 발견된 것. 함께 화투판에 있었던 덕수가 유력한 용의자로 떠오르지만 그의 행방마저 묘연한 채 사건은 미궁으로 빠져든다. 섬 주민 전원이 용의자일수도, 피해자 일수도 있는 혼란스러운 상황, 난생 처음 살인사건을 맞닥뜨린 마을 사람들은 보건 소장 제우성을 필두로 화투판 살인사건 범인을 추리하는데 열을 올리지만, 이웃들의 주검만 늘어간다. 한편, 우연한 기회에 이번 살인사건과 관련된 듯한 모종의 쪽지를 발견한 학교 소사 춘배는 쪽지의 의미를 알아내기 위해 혈안이 되는데……",2007-04-12,110,"스릴러, 미스터리",https://image.tmdb.org/t/p/w500/6CdLfvh5zqooo3zwf5GM5CsSFqe.jpg,6.5,1.2952,MOVIE
극비수사,"한 아이가 유괴된 후, 수사가 시작되고 아이 부모의 특별 요청으로 담당이 된 공길용 형사는 아이를 보호하기 위해 극비 수사를 진행하기로 한다. 한편, 가족들은 유명한 점술집을 돌아다니며 아이의 생사여부를 확인하지만 이미 아이가 죽었다는 절망적인 답만 듣게 되고, 마지막으로 도사 김중산을 찾아간다.  아이의 사주를 풀어보던 김도사는 아직 아이가 살아있고, 보름 째 되는 날 범인으로부터 첫 연락이 온다고 확신한다. 보름째 되는 날, 김도사의 말대로 연락이 오고, 범인이 보낸 단서로 아이가 살아있음을 확신한 공형사는 김도사의 말을 믿게 된다. 하지만 한 달이 지나도록 수사는 진전되지 않고, 모두가 아이의 생사 보다 범인 찾기에 혈안이 된 상황 속에 공형사와 김도사 두 사람만이 아이를 살리기 위한 수사를 계속 진행하는데…",2015-06-18,107,"범죄, 드라마",https://image.tmdb.org/t/p/w500/4AnGVH4fu6HVYMBe1QiIOCuu75j.jpg,6.6,1.2802,MOVIE
극적인 하룻밤,"각자 전 애인 결혼식장에서 만난 정훈과 시후. 술잔을 기울이며 실연의 고통을 함께 나누던 두 사람은 몸까지 나누는 극적인 하룻밤을 보내고 만다. 하지만 이대로 끝내기엔 너무나 기막혔던 하룻밤!  “딱 몸친, 거기까지만. 열 개 다 채우고 빠이빠이. 어때?”  시후는 커피 쿠폰 10개 채울 때까지, 딱 아홉 번만 더 자자는 당돌한 제안을 하고, 속타는 연애에 지친 연애 ‘을(乙)’ 정훈과 시후의 ‘섹’다른 만남이 시작된다. 하지만 쿠폰 도장이 늘어갈수록 두 사람의 마음은 미묘해 지고, 시후의 전 남친 준석(박병은)은 자꾸 시후 곁을 맴돌며 정훈의 심기를 건드린다.  연애 ‘을(乙)’ 정훈과 시후, 원나잇 쿠폰 열 번 찍고 약속대로 쿨하게 굿바이 할 수 있을까?",2015-12-03,107,"로맨스, 코미디",https://image.tmdb.org/t/p/w500/5gwLx9YUrLvVHSxMZDRMaReXjXL.jpg,7,1.3112,MOVIE
극한직업,"불철주야 달리고 구르지만 실적은 바닥, 급기야 해체 위기를 맞는 마약반!  더 이상 물러설 곳이 없는 팀의 맏형 고반장은 국제 범죄조직의 국내 마약 밀반입 정황을 포착하고 장형사, 마형사, 영호, 재훈까지 4명의 팀원들과 함께 잠복 수사에 나선다.  마약반은 24시간 감시를 위해 범죄조직의 아지트 앞 치킨집을 인수해 위장 창업을 하게 되고, 뜻밖의 절대미각을 지닌 마형사의 숨은 재능으로 치킨집은 일약 맛집으로 입소문이 나기 시작한다.  수사는 뒷전, 치킨장사로 눈코 뜰 새 없이 바빠진 마약반에게 어느 날 절호의 기회가 찾아오는데…",2019-01-23,111,"액션, 코미디, 범죄",https://image.tmdb.org/t/p/w500/lzzb384pgYyr0GQvu3K2ZW62CEE.jpg,7.174,5.1461,MOVIE
글러브,"최다 연승! 최다 탈삼진! 3년 연속 MVP! 한마디로 대한민국 프로야구 최고의 간판투수... 였던 김상남. 음주폭행에 야구배트까지 휘둘러 징계위원회에 회부되고 잠깐 이미지 관리나 하라는 매니저의 손에 이끌려 청각장애 야구부 ‘충주성심학교’ 임시 코치직을 맡게 된다. 야구부 전체 정원 10명, 더욱이 아이들의 실력은 정상인 중학교 야구부와 맞붙어서도 가까스로 이기는 실력. 듣지 못해 공 떨어지는 위치도 못 찾고, 말 못해 팀 플레이도 안 되는 이 야구부의 목표는 전국대회 첫 출전. 상남의 등장에 그 꿈에 한 발짝 더 가까이 왔다고 생각하는 아이들과 선생님들에게 상남은 여전히 “글쎄, 안 된다니까~”를 외친다. 그 누구보다 전국대회 출전에 부정적이었던 상남은 아무도 믿어주지도 않고, 자기가 친 홈런 소리조차 듣지 못하지만 글러브만 끼면 치고 달리며 행복해하는 아이들을 보며 묘한 울컥함을 느끼고, 급기야 또 한번 대형사고(?)를 치고 마는데…",2011-01-20,144,"드라마, 가족",https://image.tmdb.org/t/p/w500/gbBIOpEBgImJDUCZPfH3ZlvOotl.jpg,6.1,0.8418,MOVIE
글로리데이,"이제 막 스무 살이 된 친구 용비, 상우, 지공, 두만은 입대하는 상우의 배웅을 위해 오랜만에 뭉쳐 여행을 떠난다.  친구가 전부이고 제일인 용비, 대학 대신 군대를 택한 상우, 엄마에게 시달리는 재수생 지공, 낙하산 대학 야구부 두만은 각자의 일상에서 벗어나 자유를 만끽한다.  포항의 한 바닷가. 어른이 된 기분에 한껏 들떠 있던 것도 잠시, 우연히 위험에 처한 여자를 구하려다 시비에 휘말리게 되고 네 명은 순식간에 사건의 주범이 되어버린다. 무심한 경찰과 속 타는 부모들은 ‘진실’보다는 ‘사실’이 더 중요하다고, 그리고 ‘세상에는 친구보다 지킬 것이 더 많다’고 말한다.  “센 척하지마! 너도 무섭잖아.”  가장 아름답게 빛나던 하루는 속수무책 구겨져만 가고,  넷이라면 두려울 게 없었던 이들의 마음도 점차 무력하게 흔들리기 시작하는데…  스무 살 인생에 어둠이 내린다.  짙은 밤이 지나고 나면, 우린 어떤 아침을 맞이하게 될까.",2016-03-24,93,드라마,https://image.tmdb.org/t/p/w500/Ak5vJHki64UEsLMMARHOTWt38AW.jpg,6.6,1.8099,MOVIE
기다리다 미쳐,"여기 평범하지만 은근히 개성 강한 네 커플이 있다. 6살 연상연하 커플, 닭살스런 캠퍼스 커플, 밴드 리더를 향한 소심한 짝사랑, 대책 없는 날나리 커플~ 나라의 부름을 받은 남자친구가 군대 간 사이 어째 여자들의 일상은 점점 꼬여가고, 이들의 사랑은 조국이 도와주질 않는다. 나라 지키기만큼이나 험난한 이들의 사랑 지키기. 730일, 그녀들에게 과연 무슨 일이 일어난 걸까?",2008-01-01,108,"코미디, 로맨스",https://image.tmdb.org/t/p/w500/w6JfTIktjcTcchz0GmWEWOnpAJe.jpg,5.5,1.0495,MOVIE
기담,"1942년, 의사 부부 인영과 동원은 갑작스레 귀국하여 경성 최고의 서양식 병원인 안생병원에 부임한다. 이들은 병원 원장 딸과의 정략 결혼을 앞둔 여린 의대 실습생 정남, 유년 시절 사고로 다리를 저는 천재 의사 수인과 함께 경성 생활을 시작하게 된다. 경성을 흉흉한 소문으로 물들인 연쇄 살인이 기승을 부리는 가운데 어느 날 자살한 여고생 시체, 일가족이 몰살한 교통사고에서 유일하게 살아 남은 9살 소녀가 실려오고 병원엔 음산한 불경 소리가 울려 퍼지는데...",2007-08-01,98,"공포, 드라마",https://image.tmdb.org/t/p/w500/ybq4c4TBgrnHdWNUZSUCArpt12q.jpg,6.592,1.6324,MOVIE
기도하는 남자,"지독한 경제난 속에서 개척교회를 운영 중인 목사 '태욱'(박혁권)은 설상가상으로 아내 '정인'(류현경)으로부터 장모(남기애)의 수술비가 급히 필요하다는 이야기를 전해 듣는다. 극한의 상황 속에서 태욱과 정인은 각기 다른 선택의 기로에 놓이고, 믿음에 어긋나는 상상 속에서 그들은 처절하게 갈등하는데…",2020-02-20,111,"드라마, 가족, 범죄",https://image.tmdb.org/t/p/w500/5YbOiF7zPCu9Z4JME0lc9d1Eb8X.jpg,6.7,0.7878,MOVIE
기방도령,"남존여비 관념으로 여인들이 억압받던 옛 시절, 기방에서 나고 자란 허색은 사라질 위기에 처한 기방을 살리기 위해 조선 최초의 남자 기생이 되기로 결심한다. 수려한 용모, 여심을 사로잡는 화려한 언변, 뛰어난 기예까지! 처음 보는 완벽남의 등장에 조선 팔도 여인들의 외로웠던 마음이 두근거리기 시작하고, 단숨에 조선 최초의 남자 기생에서 조선 최고의 남자 기생으로 등극한 허색. 도인 육갑과 함께 환상의 호흡을 자랑하며 여심을 휘어잡던 허색의 앞에 어느 날, 시대를 앞서가는 사고방식을 가진 묘령의 여인 해원이 나타나고, 많은 여인들의 구애에도 끄떡 없던 허색의 마음이 드디어 두근거리기 시작하는데...",2019-07-10,110,"코미디, 로맨스, 역사",https://image.tmdb.org/t/p/w500/sJ50ieSoFwt7uFdFUVjnsnUDUfD.jpg,6.3,2.16,MOVIE
기술자들,"뛰어난 두뇌의 금고털이이자 작전의 설계는 물론 모든 위조에 능한 멀티플레이어 지혁, 절친한 형이자 인력 조달 전문 바람잡이 구인과 함께 어떤 보안 시스템도 순식간에 뚫어버리는 업계 최연소 해커 종배와 손잡고 기막힌 솜씨로 철통 보안을 자랑하는 보석상을 털며 순식간에 업계에 이름을 날린다. 이들을 눈 여겨 본 재계의 검은 손 조사장은 자신이 벌일 큰 판에 지혁 일당을 끌어들인다. 조사장이 설계한 작전은 동북아 최고의 보안 시스템을 자랑하는 인천 세관에 숨겨진 고위층의 검은 돈 1,500억. 주어진 시간은 단 40분. 클래스가 다른 기술자들의 역대급 비즈니스가 지금 시작된다!",2014-12-24,116,"액션, 범죄, 드라마",https://image.tmdb.org/t/p/w500/l8EUMPIPnCrbV6ptPUgLTX3U1Rh.jpg,6.9,1.832,MOVIE
기억의 밤,"새 집으로 이사 온 날 밤, 정체불명의 괴한들에게 납치된 형 유석. 동생 진석은 형이 납치된 후 매일 밤 환청과 환각에 시달리며 불안해한다. 납치된지 19일째 되는 날 돌아온 유석은 그동안의 모든 기억을 잃었다고 말한다. 하지만 돌아온 뒤로 어딘가 변해버린 유석을 의심하던 진석은 매일 밤 사라지는 형을 쫓던 중 충격적인 사실과 마주하게 되는데...",2017-11-29,109,"스릴러, 미스터리, 범죄",https://image.tmdb.org/t/p/w500/pXHLaA2dvIfJ3NbslufKqvS48dt.jpg,7.881,5.2092,MOVIE
기적의 피아노,"엄마의 노래 소리를 듣고, 세 살 때부터 스스로 피아노를 익히며  천재 피아니스트라 불리던 예은이는 선천적 시각장애인이다.  TV 출연 후 일약 스타가 되었지만  단 한번도 피아노 수업을 받아본 적 없는 예은이는  피아니스트가 되기 위해 첫발을 내딛는 것 조차 쉽지 않다.  하지만 세상이 두려운 예은이 곁에는 든든한 지원군이 있다.  속상해서 울면 바보라고 놀리지만 그 누구보다도 예은이를 믿어주는 엄마.  몸이 불편하지만 예은이를 세상에 알리기 위해 한 손으로 자판을 두드리는 아빠.  그리고 백설공주와 일곱 난쟁이를 연주해주는 다정한 훈남 선생님까지.  9월, 예은이와 함께 꿈꾸는 사람들이 만들어 가는 기적의 이야기가 시작된다!",2015-09-03,80,다큐멘터리,https://image.tmdb.org/t/p/w500/99hrEbDFgpbySdEwI6hdk5NxaCq.jpg,0,0.7232,MOVIE
긴급조치 19호,"세계 곳곳에서 가수들이 대권주자로 나와 국민들의 압도적인 지지를 받고, 미국의 마이클 잭슨을 비롯해 일부 국가에서는 가수가 대통령이 된다. 이런 상황이 벌어지자 위기의식을 느낀 한국의 대통령 비서 실장은 대통령의 재가를 받아 일명 '긴급조치 19호'를 발령한다. 방송을 통해 비상 사태를 알림과 동시에 군인들을 동원해 가수를 잡아들이고 노래를 부르는 것을 법으로 금지한다. 이런 사태를 모르고 콘서트를 하던 홍경민은 홍경민 팬 클럽의 회장이자 대통령 비서 실장의 딸인 민지의 도움으로 위기를 모면한다.",2002-07-19,100,코미디,https://image.tmdb.org/t/p/w500/2VQOI57RayACbtJegS5z3EWzCpM.jpg,3.9,1.2642,MOVIE
길,태석은 젊은 시절 죽마고우 득수와 함께 이곳저곳 떠돌며 대장장이 노릇을 하면서 가정을 꾸려나간다. 집에는 참한 부인과 어린 아들 영식이가 있어서 행복한 시절이었다. 어느 날 득수가 돈이 없어 고민하는 것을 보고 태석은 집문서를 맡기고 돈을 빌려준다. 그러나 그 돈은 노름빚이 되어버리고 태석은 돈을 찾으려다 도리어 사람을 상해하고 감옥에 가는 신세가 된다.,2006-11-02,95,드라마,https://image.tmdb.org/t/p/w500/168E9c7IGIr23DxrxE2VyY6gk2b.jpg,6,0.9422,MOVIE
김관장 대 김관장 대 김관장,"충청도 어느 마을, 중국집 무림각을 중심으로 택견과 검도 두 도장이 대치하고 있는 운명적 상황. 무림각 박사장(노주현 扮)의 건물에 세든 택견 김관장(신현준 扮)과 검도 김관장(최성국 扮)은 사사건건 대결에 한창이다. 동네 아이들을 놓고 벌이는 수련생 모집의 혈투(?)는 물론, 박사장의 딸인 연실씨(오승현 扮)를 차지하기 위한 숙명의 라이벌 관계에 있기 때문.  그러던 어느 날, 일대 파란이라 할 수 있는 사건이 발생한다. 무림각 1층! 쿵후도장 간판이 내걸리고 만 것. 한 마을에 무술도장이 둘도 많은데 셋이라니! 그것도 쿵후 김관장(권오중 扮)이라니! 그는 뛰어난 실력으로 동네 아이들의 눈을 멀게 하더니 점입가경, 훤칠한 외모에 로맨틱한 피아노 연주로 박사장과 연실씨의 마음까지 휘어잡아 간다. 이제 택견 김관장 대 검도 김관장 대 쿵후 김관장의 동네 최강을 가리기 위한 대결은 걷잡을 수 없는 회오리 속으로 말려 들어간다.  수련생 모집을 위한 신묘한 마케팅 기법에 온갖 잔꾀와 술수(?)가 총동원 되는 상황이 이어진다. 어제의 적이 오늘의 동지가 되고, 어제의 내 아들이 적의 수련생이 되는 웃지 못할 사건들이 계속되고, 수련생과 연실씨를 사이에 두고 세 김관장들이 좌충우돌 다툼을 벌이던 어느 날. 마을 밖에선 검은 먹구름이 몰려오고 있었다.!",2007-02-08,103,"코미디, 액션",https://image.tmdb.org/t/p/w500/eD6lxHHBzWE2j1depdJMHKxLTp0.jpg,5.8,1.5938,MOVIE
김복남 살인사건의 전말,은행에서 비정규직으로 일하는 해원은 휴가를 받아 어렸을 때 잠시 머물렀던 무도로 향한다. 어릴 적 친구 복남이 해원을 환대하지만 다른 섬주민들은 해원의 방문이 반갑지만은 않다. 복남의 배려로 편안한 휴가를 즐기며 서울에서의 스트레스를 잊어가던 해원에게 어느 날 부터인가 노예처럼 학대받고 사는 복남의 섬 생활이 보이기 시작하는데...,2010-08-19,115,"스릴러, 범죄, 드라마, 공포",https://image.tmdb.org/t/p/w500/5uotiDq2h6r7Rsu14j5O23EENfa.jpg,7.213,2.9346,MOVIE
김씨 표류기,"자살시도가 실패로 끝나 한강의 밤섬에 불시착한 남자. 죽는 것도 쉽지 않자 일단 섬에서 살아보기로 한다. 모래사장에 쓴 HELP가 HELLO로 바뀌고 무인도 야생의 삶도 살아볼 만하다고 느낄 무렵, 익명의 쪽지가 담긴 와인병을 발견하고 그의 삶은 알 수 없는 희망으로 설레기 시작한다. 한편 자신의 좁고 어두운 방이 온 지구이자 세상인 여자. 홈페이지 관리, 하루 만보 달리기 등 그녀만의 생활리듬도 있다. 유일한 취미인 달사진 찍기에 열중하던 어느 날, 저 멀리 한강의 섬에서 낯선 모습을 발견하고 그에게 리플을 달아주기로 하는 그녀는 3년 만에 자신의 방을 벗어나 그를 향해 달려가는데...",2009-05-14,116,"드라마, 코미디, 로맨스",https://image.tmdb.org/t/p/w500/jRrdzFcJUTz9yb6A5quSQrvhJDB.jpg,7.908,3.5668,MOVIE
김종욱 찾기,돌다리도 두드려 보고 건너는 고지식한 성격의 소유자 한기준. 지나치게 강한 책임감과 융통성 제로에 가까운 성격 덕에 회사에서 잘린 기준은 우연한 기회에 기발한 창업 아이템을 찾아 낸다. 바로 아직까지 첫사랑을 잊지 못한 사람들을 위해 첫사랑을 찾아주는 일! 기준은 고객에게 무한 감동을 선사하겠다는 열정과 패기로 첫사랑 찾기 사무소를 오픈 한다. 남자친구로부터 프러포즈를 받은 서지우는 딸이 시집가기만을 학수고대하는 홀아버지의 압박에도 불구하고 결국 프러포즈를 거절하고 만다. 일에만 매달려온 그녀 맘 속에는 김종욱이라는 잊을 수 없는 사람이 있기 때문. 아버지에게 등 떠밀려 첫사랑 찾기 사무소를 찾은 서지우는 우여곡절 끝에 이제는 기억 조차 희미한 첫사랑의 상대 김종욱을 찾아보기로 결심한다.,2010-12-08,112,"코미디, 로맨스",https://image.tmdb.org/t/p/w500/gByt7A0AK1bKCnQMCIdxOWCci5e.jpg,6.67,1.8464,MOVIE
깃,"영화감독 현성은 영화 한편을 완성 후 새로운 시나리오를 쓰다가 갑자기 우도로 가기 위한 여행짐을 꾸린다. 10년 전, 그가 사랑하던 여자와 우도를 여행한 적이 있다. 두 사람은 10년 후가 되는 2004년 9월 5일, 그들이 머물던 우도의 한 모텔에서 재회하기로 약속을 했다. 현성은 희망 반, 기대 반으로 추억이 깃든 비양도 모텔로 찾아가게 되는데...",2005-01-14,73,드라마,https://image.tmdb.org/t/p/w500/1IGoYKxKFUfkITLiEy7ItU4CKkI.jpg,7,0.6208,MOVIE
까불지마,"최고의 3인방 벽돌, 개떡, 삼복.. 그들이 15년만에 복수를 위해 뭉쳤다!!벽돌과 개떡… 그들은 한 때 잘나가던 동방파의 서열 2,3위를 다투는 사이, 삼복은 그들의 직속 후배로 3인방의 조직력은 일대에서 모르는 이가 없다. 그러나 벽돌과 개떡은 동팔의 개략에 휘말려 억울한 누명을 쓰고 15년형을 언도 받게 되고, 삼복은 꾀를 써 간신히 위기를 모면하게 되는데… 오로지 복수를 위해 출소일,만을 기다린 벽돌과 개떡... 그리고 두부를 들고 그들을 맞이하는 삼복, 15년 만에 다시 뭉친 그들은 자신들에게 억울한 누명을 씌워 조직을 가로챈 동팔을 찾아 나서지만 동팔 또한 이미 누명을 쓰고 경찰에 연행되고 있었으니... 보디가드?... 우리보고 보디가드를 하라구???마침내 동팔을 만난 3인방. 복수를 하기 위해 만났지만 오히려 자신의 딸 은지를 보살펴 달라며 동팔이 거래를 청한다. 벽돌, 개떡, 삼복 3인방은 얼떨결에 은지를 보살피며 은지와 은지의 연인 명석까지 밀착 보호하는 보디가드가 되고… 한편 동팔을 음해한 야수는 동팔의 숨겨진 재산을 차지하기 위해 호시탐탐 은지를 노리고마침내 3인방과 대적하게 되는데…",2004-12-03,100,"코미디, 액션",https://image.tmdb.org/t/p/w500/oAmEDhk8FgrmA6Qck5l7ZWiH0J1.jpg,4.875,0.7874,MOVIE
꽃피는 봄이 오면,"자포자기의 심정으로 강원도 도계 중학교 관악부 임시 교사로 부임하게 된 현우. 낡은 악기, 찢어진 악보, 색바랜 트로피와 상장들이 초라한 관악부는 올해 전국대회에서 우승하지 못하면 강제 해산해야만 하고, 현우는 아이들을 데리고 가망 없는 승부를 걸어야만 한다. 우승을 장담할 수는 없지만 그렇다고 포기할 수는 없다. 아이들의 마음 속에서 싹트고 있는 음악에 대한 열정을 현우는 외면할 수 없었다. 아이들과 대회 준비에 바쁜 나날을 보내지만 그래도 여전히 옛 사랑의 그림자에 가슴 언저리가 아릿하게 저리는 현우. 그런 현우의 마음을 조심스레 보듬어 주는 마을약사 수연의 배려로 현우는 아지랑이처럼 피어나는 따뜻한 봄기운을 느낀다.",2004-09-16,128,드라마,https://image.tmdb.org/t/p/w500/lKS0xuYRZIwe2Oxp7aWwzzQxjD.jpg,7.7,1.0872,MOVIE
꾼,"대한민국을 발칵 뒤집어 놓은 희대의 사기꾼 장두칠이 돌연 사망했다는 뉴스가 발표된다. 그러나 그가 아직 살아있다는 소문과 함께 그를 비호했던 권력자들이 의도적으로 풀어준 거라는 추측이 나돌기 시작한다. 사기꾼만 골라 속이는 사기꾼 지성은 장두칠이 아직 살아있다며 사건 담당 검사 박희수에게 그를 확실하게 잡자는 제안을 한다. 박검사의 비공식 수사 루트인 사기꾼 3인방 고석동, 춘자, 김 과장까지 합류시켜 잠적한 장두칠의 심복 곽승건에게 접근하기 위한 새로운 판을 짜기 시작한다. 하지만 박검사는 장두칠 검거가 아닌 또 다른 목적을 위해 은밀히 작전을 세우고,  이를 눈치 챈 지성과 다른 꾼들도 서로 속지 않기 위해 각자만의 계획을 세우기 시작하는데…",2017-11-22,117,"범죄, 액션, 스릴러",https://image.tmdb.org/t/p/w500/oSZ4sBppu1WhCSyvN2BImDxoPcQ.jpg,6.695,2.9402,MOVIE
꿈보다 해몽,"여전히 인기 없는 공연만 하고 있는 한 무명 여배우가 오늘도 관객이 한 명도 들지 않은 공연장을 박차고 나온다. 외로운 마음에 친구에게 전화를 걸어보지만, 예전처럼 편하게 만날 수가 없다. 게다가 유명 배우로 성공한 옛 극단 동료는 오랜만에 전화해선 “꿈자리가 사나우니 조심해”라고 경고까지 한다.  무작정 향한 공원에서 홀로 외로운 마음을 달래던 여배우 앞에 문득 한 형사가 나타난다. 형사는 근처에서 일어난 자살사건을 정리한 후 심란한 마음에 공원으로 나선 참이다. 어느덧 소주를 나눠 마시며 답답한 마음을 나누던 둘은 우연히 어젯밤 꿈에 대해 이야기하게 된다.  언젠가부터 여배우의 꿈에 헤어진 남자친구가 자꾸만 등장한다. 꿈같은 호시절을 함께 했던 둘은 그들에게 닥친 현실의 추위를 이기지 못하고 헤어졌다. 아무도 봐주지 않아도, 우리가 서로를 봐주면 된다며 그녀를 위로하던 남자친구는 잊혀지긴커녕 여전히 그녀의 꿈과 현실 사이에 머물러 있다. 꿈에 지친 그녀인데, 왜 자꾸 같은 꿈을 꾸는 걸까?",2014-10-04,99,드라마,https://image.tmdb.org/t/p/w500/fYpNCnu8EFzDAk9w5d1dPUbrQRk.jpg,5.3,0.8267,MOVIE
꿈은 이루어진다,"'축구공에도 사상이 있다!'라는 생각으로 남한으로부터 넘어온 물건을 두고도 사상적 고찰을 서슴지 않는 북한 비무장지대 동부전선 43GP(Guard Post, 휴전선 감시 초소) 부대원들. 그 중 1분대의 분대장은 한국의 축구선수 계보를 꿰고 있을 정도로 열혈 축구팬이다. 분대원들과 수색 도중 발견한 멧돼지를 잡기 위해 고군분투하던 1분대장은 우연히 수색 구역에서 남측 병사들과 맞닥뜨리게 되고. 긴장 속의 대치 끝에 멧돼지를 함께 나눠먹는 관계로 발전하게 된다. 2002년 한일 월드컵이 한창인 때, 축구에 대한 관심과 남측 병사들의 호의에 북측의 부대원들은 조심스레 마음을 열고 은밀한 교류를 시작한다. 1분대의 무전병에 의해 남측의 주파수가 잡히게 되고, 그 주파수는 다름 아닌 남한의 한일월드컵 중계 방송이었는데...",2010-05-27,113,코미디,https://image.tmdb.org/t/p/w500/ngV7kK7H309DssDMo5zbX0nt9iY.jpg,6.6,1.1464,MOVIE
끝까지 간다,"어머니의 장례식 날, 급한 연락을 받고 경찰서로 향하던 형사 고건수.  아내의 이혼 통보, 갑작스런 내사 소식까지,  스트레스 폭발 직전의 건수는 실수로 사람을 치는 사고를 일으키고 만다.  되돌릴 수 없는 상황! 어떻게든 모면해야 하는 건수는  누구도 찾을 수 없는 곳, 바로 어머니의 관 속에 시체를 숨기는데...",2014-05-29,111,"범죄, 스릴러, 미스터리, 액션",https://image.tmdb.org/t/p/w500/qhNMflgvPeVy8d6ZqTQcJDZLTzz.jpg,7.082,3.82,MOVIE
나는 왕이로소이다,"왕자의 난을 일으키며 누구도 넘볼 수 없는 강력한 왕권을 이룬 태종. 그는 주색잡기에 빠져 있는 첫째 양녕 대신 책에만 파묻혀 사는 셋째 아들 충녕을 세자에 책봉하라는 어명을 내린다. 왕세자의 자리가 부담스럽기만 한 충녕은 고심 끝에 궁을 탈출하기로 마음 먹고 월담을 시도 하는데…  그리고 충녕을 꼭 빼닮은 덕칠이라는 노비도 있소이다!  남몰래 주인집 아씨를 흠모하며, 말보다는 주먹과 몸이 앞서는 다혈질 노비 덕칠. 어느 날 역적의 자손으로 몰려 궁으로 끌려간 아씨를 구하기 위해 궁궐을 찾았다가 담벼락 아래에서 정신을 잃고 쓰러지는데…  세종대왕이 아직 세자도 되지 못 했던 시절…",2012-08-08,120,"역사, 코미디, 드라마",https://image.tmdb.org/t/p/w500/wWYzAIpCSWQro0ifCoebt7gxoqX.jpg,6.1,1.3146,MOVIE
나는 행복합니다,"자신이 처한 상황을 견딜 수 없어 과대망상증이란 병을 얻게된 만수. 치매에 걸린 엄마와 자살한 형이 남겨준 도박 빚. 이 모든 현실을 기억할 수 없는 정신병동에서의 하루하루가 그에겐 꿈 같은 나날들이다. 빈 종이에 자신이 서명만 하면 전세계 은행에서 통용되는 화폐가치를 지닌다고 믿는 만수. 그 말을 믿어주는 친구들, 그리고 주치의와 개인 간호사 수경이 있는 그 곳의 생활은  달콤하기만 하다. 항상 만수의 곁에서 수호천사가 되어주는 수경이 있어 만수는 더욱 행복하지만 그녀의 얼굴은 언제나 슬픔에 가득 차 있다. 연인에게 버림받고, 직장암 말기의 아버지를 간호하며 힘든 하루하루를 보내고 있는 수간호사 수경. 애인에게 버림받고 월급도 차압당하며 괴로운 현실들 뿐이지만, 자신에게 병원비에 보태라며 천만 원쯤은 개의치 않고 쥐어주는 만수가 있어 행복하다. 수경에게는 그의 과대망상증이라는 병이 자신을 버틸 수 있게 하는 힘이 된다. 병원에서 강도 높은 치료를 받게 되는 만수, 점차 극한 상황으로 내몰리는 수경. 그들만의 행복한 시간은 끝을 보이기 시작 하는데...",2009-11-26,113,드라마,https://image.tmdb.org/t/p/w500/40DlddW58VNiYmGAGCD17X5Q3mF.jpg,5.8,0.6898,MOVIE
나랏말싸미,"문자와 지식을 권력으로 독점했던 시대. 모든 신하들의 반대에 무릅쓰고, 훈민정음을 창제했던 세종의 마지막 8년. 나라의 가장 고귀한 임금 ‘세종’과 가장 천한 신분 스님 ‘신미’가 만나 백성을 위해 뜻을 모아 나라의 글자를 만들기 시작한다. 모두가 알고 있지만 아무도 모르는 한글 창제의 숨겨진 이야기! 1443, 불굴의 신념으로 한글을 만들었으나 역사에 기록되지 못한 그들의 이야기가 시작된다.",2019-07-24,109,"역사, 드라마",https://image.tmdb.org/t/p/w500/2Gj1tF7IaK7kMizDZA7RunJOzNR.jpg,7.176,1.1903,MOVIE
나를 잊지 말아요,"교통사고 후, 지난 10년의 기억이 지워진 남자 석원. 친구, 가족, 심지어 본인이 어떤 사람인지조차 흐릿해진 석원은 병원에서 우연히 자신을 보며 눈물을 흘리는 낯선 여자 진영을 만난다. 그녀에 대해 잘 알진 못하지만 진영과 함께하며 새로운 행복을 느끼는 석원. 스마트폰에 놀라고, 김연아, 류현진도 모르는 남자와 사랑에 빠진 진영. 10년 전 과거에 머물러 있는 그와의 시간이 소중하고 행복하다. 하지만 시간이 멈춘 것 같은 행복함도 잠시, 석원에게 조금씩 과거의 기억이 되살아나고 지금의 행복이 깨어질까 두려운 진영은 흔들리기 시작하는데…",2016-01-07,106,"로맨스, 드라마, 미스터리",https://image.tmdb.org/t/p/w500/g9s6SqDmSVdjEQCWaYxoq1QT2E7.jpg,8.1,1.2766,MOVIE
나를 찾아줘,6년 전 정연의 아들이 실종됐다. 정연과 남편 명국은 실의와 죄책감으로 힘든 시간을 보내지만 아이를 찾을 수 있다는 희망을 포기하지 않는다. 어느 날 6년 전 실종된 아들을 봤다는 연락을 받은 정연. 숱하게 반복되던 거짓 제보와 달리 생김새부터 흉터까지 똑같은 아이를 봤다는 낯선 이의 이야기에 정연은 지체 없이 홀로 낯선 곳으로 향한다. 하지만 자신의 등장을 경계하는 듯한 경찰 홍경장과 비슷한 아이를 본 적도 없다는 마을 사람들. 그들이 뭔가 숨기고 있음을 직감한 정연은 포기하지 않고 진실을 찾기 시작하는데…,2019-11-27,108,"드라마, 스릴러, 미스터리",https://image.tmdb.org/t/p/w500/2wkZu2T3pU0FtOaFcu85u2dYH0R.jpg,6.721,4.2163,MOVIE
나쁜 녀석들: 더 무비,"교도소 호송차량이 전복되고 최악의 범죄자들이 탈주하는 사상 초유의 사건이 발생한다. 이에 경찰은 수감 중인 범죄자가 흉악범을 잡는 극비 프로젝트인 ‘특수범죄수사과’를 다시 소집한다. 오구탁 반장은 과거 함께 활약했던 전설의 주먹 박웅철을 찾아가고, 감성 사기꾼 곽노순과 전직 형사 고유성을 영입해 새로운 팀을 구성한다. 새로운 멤버들이 합류해 더욱 강력하고 치밀하고 독해진 나쁜 녀석들. 이 사건을 파헤칠수록 배후에 거대한 범죄조직이 있다는 것을 직감한 그들은 더 나쁜 놈들을 소탕하기 위해 움직이기 시작하는데…",2019-09-11,115,"액션, 범죄",https://image.tmdb.org/t/p/w500/m8jIFKcZK8MiEf79O8f3BrI5IUz.jpg,7.046,4.1362,MOVIE
나와 봄날의 약속,"지구 종말을 예상한 외계人들이 네 명의 인간들을 찾아가 마지막이 될 쇼킹한 생일 파티를 벌이는 이야기를 담은 미스터리 판타지. 오랫동안 영화를 찍지 못하고 있는 감독 이귀동은 지구멸망에 관한 시나리오를 집필 중이다. 거대한 폭발음이 멀리서 들려오던 어느 날, 감독은 정체를 알 수 없는 네 명의 사람들의 방문을 받고, 자신의 시나리오를 들려준다. (2018년 제19회 전주국제영화제)",2018-06-28,93,"미스터리, 드라마",https://image.tmdb.org/t/p/w500/82mPZnPf5syz4SOHkp8wHrpfCYp.jpg,6.7,1.0434,MOVIE
나의 결혼 원정기,"서른여덟이 되도록 여자와 눈도 제대로 맞추지 못하는 쑥맥 노총각 홍만택. 어머니의 한숨 섞인 푸념을 들을 때마다 장가 못간 죄인이 된 심정이다. 만택의 죽마고우 희철은 딴에는 여자 꽤나 다룬다고 생각하지만 막걸리에 취해 만택과 18세 순이를 불러 제끼는 건 마찬가지인 서러운 노총각. 이들은 마을에 시집온 우즈베키스탄 색시를 보고오신 할아버지의 권유로 우즈벡 맞선 여행길에 오르게 된다. 두려움과 설렘으로 시작된 우즈벡 맞선 여행. 안 되는 영어까지 구사하며 현란한 작업을 펼치는 희철에 반해, 답답할 정도로 순진한 만택은 번번히 퇴짜맞기 일쑤다. 이런 상황에 더욱 속이 타는 사람은 만택의 담당 통역관이자 커플 매니저인 라라. 그녀에게는 이번 맞선을 반드시 성사시켜야만 하는 절실한 이유가 있다. 보다 못한 라라는 우즈벡 인사말부터 맞선 예절까지 만택의 특별 개인 교습에 나선다. 라라가 적어준 쪽지를 보며 우즈벡 인사말을 연습하는 만택. 라라의 철두철미한 교습과 희철의 애정어린 충고 덕에 드디어 만택에게 기회가 생기지만, 진심 없이 꾸며낸 말로 얻어낸 데이트는 영 불편하기만 하다. 데이트가 계속될수록 만택의 시선은 자꾸만 다른 곳으로 향하는데...",2005-11-23,120,"코미디, 로맨스",https://image.tmdb.org/t/p/w500/65XX4TjbBwHHxi5wM4rq1QuAS5Z.jpg,6,1.2432,MOVIE
나의 독재자,"최초의 남북정상회담을 앞두고, 무명 배우 성근은 회담 리허설을 위한 김일성의 대역 오디션에 합격한다. 생애 첫 주인공의 역할에 말투부터 제스처 하나까지 필사적으로 몰입하는 성근. 결국 남북정상회담은 무산되지만, 그는 김일성 역에서 빠져 나오지 못한다. 그로부터 20여년 후 스스로를 여전히 김일성이라 믿는 아버지 성근 때문에 미치기 직전인 아들 태식. 빚 청산을 위해 어쩔 수 없이 아버지를 다시 옛집으로 모셔온 태식은  짝퉁 수령동지와 조용할 날 없는 하루하루를 보내는데...",2014-10-30,127,드라마,https://image.tmdb.org/t/p/w500/1poWm8oKIc0zlYupnHrEN4SH6Ow.jpg,6.923,1.4233,MOVIE
나의 사랑 나의 신부,"해도 후회, 안 해도 후회?  정말 결혼하면 다 이래?!  4년의 연애 끝에 결혼에 골인한 대한민국 보통 커플, 영민(조정석)과 미영(신민아).  마냥 행복할 줄만 알았던 달콤한 신혼생활도 잠시.  사소한 오해와 마찰들이 생기며 ‘결혼의 꿈’은 하나 둘씩 깨지기 시작하는데….  이 결혼, 과연 잘 한 걸까?  도대체 말이 안 통하는 철부지 남편 ‘영민’ 사사건건 잔소리만 늘어가는 아내 ‘미영’  정말 사랑해서 결혼했는데 왜 이렇게 힘든 걸까?  상상하고 꿈꿔 온 결혼, 그 이상의 ‘속’ 깊은 이야기가 펼쳐진다!",2014-10-08,110,"코미디, 로맨스",https://image.tmdb.org/t/p/w500/pgP4bzPtRUCACT2MndYpYe6DD9R.jpg,6.9,1.4607,MOVIE
나의 스캔들,"그 녀석과의 재회.. 그리고 시작된 나의 스캔들.. 중학교 시절 교생과 학생의 인연으로 만난, 선아와 현우. 첫사랑 선아에 대한 현우의 그리움은 고등학교까지 이어지고 이들은 조금 더 성숙해진 상태로 해후를 하게 된다.  열아홉 살의 푸릇한 고등학생과 스물일곱 살의 미술교사로 재회한 선아와 현우…… 중학교 시절 그 조그맣고 귀엽기만 하던 작은 아이 현우는 어느 새 훌쩍 커버린 한 남자로 선아에게 다가간다. 선아는 자꾸만 끌리는 현우에게 향한 마음을 다스리려 애쓰지만 막무가내로 다가오는 현우로 인해 갈등하는 선아와 생애 처음으로 찾아온 사랑 앞에 무서울 것도 두려울 것도 없는 현우. 그리고 그렇게 시작된 그들의 사랑……  막무가내로 다가오는 현우를 바라보는 선아는 현실과 사랑 앞에서 갈등을 하게 되는데, 그런 선생님을 바라보는 현우는 무서울 것도 두려울 것도 없다. 현우와 선아는 결국 그들에게 그어진 선을 넘게 되는데…… 주체할 수 없는 사랑... 그리고 그들 앞에 놓인 현실... 연인으로써 행복한 한 때를 보내는 선아와 현우. 현우는 그들의 사랑 앞에 놓인 모든 장애물을 극복하고자 한다. 그러나 그 장애물은 다름아닌 자신을 위해 많은 것을 희생했던 사촌 형 인준. 이성과 감정, 현실과 사랑, 인준과 현우 사이에서 갈등하는 선아. 그리고 그녀의 선택…",2008-03-27,92,로맨스,https://image.tmdb.org/t/p/w500/6A1X21GtI0F7pTjiK34AjWjBIk2.jpg,0,0.5657,MOVIE
나의 이름,"모든 것을 가졌지만, 정작 자신의 꿈을 이루지 못한 여자 리애. 천재적인 재능을 가졌지만, 운이 따라주지 않는 남자 철우. 우연히 만난 철우의 그림을 리애가 산 것을 계기로 서로의 이름을 빌려 마지막 작품을 완성해가기로 한다. 리애는 허울을 벗고 진정한 사랑을 알게 되고 그저 희망이 없었던 철우는 따스한 미소를 가진 남자가 되어 살아야 할 이유를 찾게 되는데…",2020-10-14,109,"로맨스, 드라마",https://image.tmdb.org/t/p/w500/wv6C4cEJkbWHiZyAZ4ifSzXQuTw.jpg,6,1.3315,MOVIE
나의 특별한 형제,"비상한 두뇌를 가졌지만 동생 '동구' 없이는 아무 데도 못 가는 형 세하, 뛰어난 수영실력을 갖췄지만 형 세하 없이는 아무것도 못 하는 동생 동구. 이들은 피 한 방울 섞이지 않았지만 20년 동안 한 몸처럼 살아온 '특별한 형제'다. 어느 날 형제의 보금자리 '책임의 집'을 운영하던 신부님이 돌아가시자 모든 지원금이 끊기게 되고, 각각 다른 장애를 가진 두 사람은 헤어질 위기에 처하고 만다. 세하는 '책임의 집'을 지키고 동구와 떨어지지 않기 위해 구청 수영장 알바생이자 취준생 미현을 수영코치로 영입하고, 동구를 수영대회에 출전시켜 사람들의 이목을 집중시키는 데 성공한다. 헤어지지 않을 수 있다는 희망을 본 것도 잠시, 예상치 못한 인물이 형제 앞에 등장하면서 형제는 새로운 위기를 겪게 되는데...",2019-05-01,114,"코미디, 드라마",https://image.tmdb.org/t/p/w500/4LvhaLpA2pQAPQGVEUjc0vhEXGe.jpg,8.206,1.9504,MOVIE
나이트 크루징,"어느 야심한 밤, 정체를 알 수 없는 허기를 안고 집을 나선 송이는 우연히 만난 친구 훈이와 함께 쌀국수 트럭을 찾아 나선다. 마음의 허기를 채우는 심야 식도락 방랑기.",2021-04-30,26,드라마,https://image.tmdb.org/t/p/w500/x0z6mBh8DslKNGEosWO81dqiFwk.jpg,0,0.5233,MOVIE
나탈리,"한 여자를 사랑한 두 남자, 그들의 엇갈린 사랑의 기억! 치명적인 아름다움으로 스포트라이트를 받아온 명품 조각상 ‘나탈리’. 하지만 실제 모델이 누군지 등 일체 알려진 바 없이 베일에 싸여있던 ‘나탈리’가 거장 조각가 황준혁의 개인전에서 10년 만에 다시 공개된다. 전시회 마지막 날, 준혁은 자신을 찾아온 평론가 장민우에게 ‘나탈리’의 실제 모델, 오미란과의 격정적인 사랑의 기억을 들려주게 되지만, 민우는 그녀가 자신을 사랑했다고 말한다. 그녀를 둘러싼 준혁과 민우의 엇갈린 기억, 그리고 ‘나탈리’를 둘러싼 비밀이 밝혀지기 시작하는데…",2010-10-28,88,"드라마, 코미디, 로맨스",https://image.tmdb.org/t/p/w500/anawMl8fQiPz1FV3pScIGjvvWqh.jpg,5.552,3.5679,MOVIE
낙원의 밤,"범죄조직의 에이스 태구는 사랑하는 누나와 조카를 의문의 교통사고로 한순간에 잃는다. 참혹한 비극의 배후에 상대 조직이 있음을 직감한 태구는 모든 것을 걸고 복수를 실행한다. 거사를 마친 태구는 몸을 숨긴 제주도에서 불법 무기상 삼촌과 단둘이 사는, 죽음의 그림자를 간직한 재연을 만나는데...",2020-09-03,131,"범죄, 스릴러, 액션",https://image.tmdb.org/t/p/w500/b2TFdmaSCJ6Itpolgp1FFjpR03e.jpg,6.907,4.5886,MOVIE
날아라 허동구,"IQ 60 우리 아들 동구, 초등학교만 무사히 졸업해다오  IQ 60의 물반장이지만 우리 아들이 최고입니다!  학교가 세상에서 가장 좋은 IQ 60의 11살 동구(최우혁 분)와 아들 동구가 무사히 초등학교만 졸업할 수 있다면 무엇이든 못할게 없는 천하무적 치킨집 사장 진규(정진영 분). 학교에 가면 매일 친구들 물 따라주는 일밖에 못하는 동구지만 그런 동구를 보는 진규는 마냥 행복하다. 이 단짝 부자의 공동 목표는 초등학교 무.사. 졸.업. 하지만 세상일이 어디 그리 쉬운가? 이 두 부자의 목표를 가로막는 거침없는 태클! 바로 동구가 그토록 좋아하는 학교에서 특수학교로 전학을 보내려 하는데.. 치킨을 뇌물로 먹여도, 무릎 꿇고 빌어도 안되는 애타는 상황. 과연 진규는 초등학교를 졸업하고 싶은 아들의 소망을 이뤄줄 수 있을까?",2007-04-26,96,드라마,https://image.tmdb.org/t/p/w500/ghH80LOV5ehzPUtU9vvbmq4V1l2.jpg,7.5,1.2998,MOVIE
남과 여,"핀란드의 하얀 설원 헬싱키. 아이들의 국제학교에서 만난 상민과 기홍은, 먼 북쪽의 캠프장을 향해 우연히 동행하게 된다. 폭설로 도로가 끊기고, 아무도 없는 하얀 숲 속의 오두막에서 둘은 깊이 안게 되고, 서로의 이름도 모른 채 헤어지게 된다. 8개월 후, 서울. 핀란드에서의 시간을 설원이 보여 준 꿈이라 여기고 일상으로 돌아온 상민 앞에 거짓말처럼 기홍이 다시 나타나고 둘은 걷잡을 수 없는 끌림 속으로 빠져든다.",2016-02-25,115,"드라마, 로맨스",https://image.tmdb.org/t/p/w500/3k4gDtGX8RPCGMJHTbgRVOwKk10.jpg,6.7,2.2338,MOVIE
남산의 부장들,"1979년 10월 26일, 중앙정보부장 김규평이 대한민국 대통령을 암살한다. 이 사건의 40일전, 미국에서는 전 중앙정보부장 박용각이 청문회를 통해 전 세계에 정권의 실체를 고발하며 파란을 일으킨다. 혁명 동지의 배신으로 발칵 뒤집힌 청와대가 박용각의 처리를 명하자 김규평은 원만한 수습을 위해 직접 박용각을 만나 회유한다. 상황은 일단락되는 듯 보였지만 김규평은 맹목적인 충성으로 폭주하는 경호실장 곽상천과 2인자 경쟁을 벌이는 한편 실체를 가늠하기 힘든 대통령의 비밀조직에 압박을 느끼며 점차 불안에 휩싸인다.",2020-01-22,113,"드라마, 스릴러",https://image.tmdb.org/t/p/w500/eUMI51eeUxpS6wDNJoPEncAI9q5.jpg,7.101,3.6243,MOVIE
남영동1985,"전 국민의 숨소리까지 검열하는 군부 독재가 기승을 부리던 1985년 9월 4일, 민주화운동가 김종태는 가족들과 목욕탕을 다녀오던 길에 경찰에 연행된다. 예전부터 자주 경찰에 호출되었던 터라 큰 일은 없으리라 여겼던 그는 정체 모를 남자들의 손에 어딘가로 끌려간다. 눈이 가려진 채 도착한 곳은 남영동 대공분실. 경찰 공안수사당국이 ‘빨갱이’를 축출해낸다는 명목으로 소위 ‘공사’를 하던 고문실이었다. 그날부터 김종태는 온갖 고문으로 좁고 어두운 시멘트 바닥을 뒹굴며 거짓 진술서를 강요 받는다. 아무 양심의 가책 없이 잔혹한 고문을 일삼는 수사관들에게 굽히지 않고 진술을 거부하는 김종태. 하지만 ‘장의사’라 불리는 고문기술자 이두한이 등장하면서 그의 인생을 송두리째 뒤바꾸는 잔혹한 22일이 시작된다.",2012-11-22,106,"드라마, 역사, 스릴러",https://image.tmdb.org/t/p/w500/bXFc3p9Uw2i42M2EjqEbfZ8xM7k.jpg,7.313,1.1344,MOVIE
남자가 사랑할 때,"나이만 먹었을 뿐, 대책 없는 이 남자,  아직도 형 집에 얹혀 살며 조카한테 삥 뜯기는 이 남자,  빌려준 돈은 기필코 받아오는 이 남자,  목사라고 인정사정 봐 주지 않는 이 남자,  여자한테 다가갈 땐 바지부터 내리고 보는 막무가내 이 남자,  평생 사랑과는 거리가 멀었던 한 남자가 사랑에 눈 뜨다!  일생에 단 한번, 남자가 사랑할 때",2014-01-22,120,"드라마, 로맨스",https://image.tmdb.org/t/p/w500/gpTDJo5l3S6kMUcpBkfA1yGyheR.jpg,7.179,2.6589,MOVIE
남쪽으로 튀어,"못마땅한 건 안 하고, 할 말은 하는 이 시대의 갑, 최해갑 가족이 온다!  못마땅한 건 안하고, 할 말은 하며 살고 싶은 최해갑과 가족들. 너무 애쓰지 않아도, 남들과 달라도 잘 살수 있다고 믿는 그들은 행복을 찾아 남쪽 섬으로 떠난다. 그러나 평화로운 생활도 잠시, 섬을 뒤흔드는 뜻밖의 사건에 부딪히게 되는데...",2013-02-07,121,코미디,https://image.tmdb.org/t/p/w500/ik7bJ98hAF2CTLMaa1U7LF2NTwR.jpg,6.8,1.0319,MOVIE
남한산성,"1636년 인조 14년 병자호란. 청의 대군이 공격해오자 임금과 조정은 적을 피해 남한산성으로 숨어든다. 추위와 굶주림, 절대적인 군사적 열세 속 청군에 완전히 포위된 상황, 대신들의 의견 또한 첨예하게 맞선다. 순간의 치욕을 견디고 나라와 백성을 지켜야 한다는 이조판서 최명길과 청의 치욕스런 공격에 끝까지 맞서 싸워 대의를 지켜야 한다는 예조판서 김상헌. 그 사이에서 인조의 번민은 깊어지고, 청의 무리한 요구와 압박은 더욱 거세지는데...",2017-10-03,140,"전쟁, 드라마, 역사, 액션",https://image.tmdb.org/t/p/w500/iqvpNbgNuEnZfuuOsAIQWjdnLSZ.jpg,6.794,2.8548,MOVIE
내 남자의 로맨스,"모든 남성들에게는 공통된 소망이 있습니다. 세상이 남자 반, 미인 반이었으면 하는 거지요. 그러면 뒤로 자빠져도 미인 품일테니깐요. 모든 여성들에게는 공통된 고민이 있습니다. 내 남자에게 나보다 더 이쁘고 멋진 여자가 나타나면 어떻게 하나. 하~ 걱정되지만 나한테는 일어나지 않을 일이라구요? 글쎄요~ 정말 그럴까요? 내게도 그런 친구가 있었습니다. 현주, 그녀가 그랬습니다.",2004-07-16,112,코미디,https://image.tmdb.org/t/p/w500/18Sww2JgjA8vsiJCSQJMV3MF6q.jpg,5.7,1.1169,MOVIE
내 머리 속의 지우개,"수진은 유달리 건망증이 심하다. 편의점에 가면 산 물건과 지갑까지 놓고 나오기 일쑤다. 그 날도 어김없이 산 콜라와 지갑을 놓고 온 것을 깨닫고 다시 편의점에 들어선 순간 맞닥뜨린 남자. 그의 손엔 콜라가 들려있고, 콜라가 있어야 할 편의점 카운터는 비어있다. 덥수룩한 수염에 남루한 옷차림, 영락없는 부랑자다. 그가 자신의 콜라를 훔쳤다고 생각한 수진, 그의 손에 들린 콜라를 뺏어 단숨에 들이킨다. 게다가 트림까지. 보란 듯이 빈 캔을 돌려주고, 수진은 버스정류장으로 향한다. 하지만 버스에 탄 순간 또 지갑을 챙겨오지 않은 걸 깨닫는다. 다시 돌아간 편의점에서 직원은 수진을 보더니 지갑과 콜라를 내놓는다. 그제서야 자신의 실수를 깨닫는 수진. 그를 찾아보지만 이미 그는 없다.",2004-11-05,117,"드라마, 로맨스",https://image.tmdb.org/t/p/w500/jp7yohBgZcmRONuQhcp6Y9iDE0k.jpg,7.78,3.2639,MOVIE
내 사랑 내 곁에,"몸이 조금씩 마비되어가는 루게릭병을 앓고 있는 종우(김명민). 유일한 혈육인 어머니마저 돌아가시던 날, 종우는 어린 시절 한 동네에서 자란 장례지도사 지수(하지원)와 운명처럼 재회하고 사랑에 빠진다. 1년 뒤 결혼식을 올린 두 사람의 신혼보금자리는 바로 병원. 종우는 숟가락 하나 손에 쥐는 것도 힘겨운 처지지만 늘 곁을 지켜주는 아내 지수가 있어 어느 때보다 행복하고, 누구보다 투병의지가 강하다.",2009-09-24,121,"드라마, 로맨스",https://image.tmdb.org/t/p/w500/jZjejBfoblAbUJoiE6N8l4hlUkS.jpg,5.6,1.5228,MOVIE
내 생애 가장 아름다운 일주일,"각기 다른 여섯 커플의 사랑을 일주일이라는 한정된 시간 안에서 '다중스토리 구조'라는 형식을 통해 보여주는 영화. 임창정은 '지하철에서 물건을 팔며 어렵게 생활하지만 밝고 긍정적인 캐릭터'인 창후 역으로, 엄정화는 깐깐하고 도도한 정신과 의사로 분해 단순무식 과격하지만 여자에겐 쑥맥인 노총각 형사와 팽팽하고 아슬아슬한 사랑 줄다리기를, 주현은 '20년째 단관 극장을 운영하며 지내는 고집불통 구두쇠' 곽회장 역할을, 김수로는 어린 꼬마 연인과의 매우 색다른 사랑을 선보인다.",2005-10-07,129,"드라마, 로맨스, 코미디",https://image.tmdb.org/t/p/w500/b7q5jOj90WDCGixEhuYtumSQmOq.jpg,6.529,1.7843,MOVIE
내 심장을 쏴라,"경험이 말한다! “이 녀석은 피하라고!” 어린 시절의 트라우마 때문에 6년째 병원을 제집처럼 드나든, 누구보다 성실한 모범환자 ‘수명’. 하지만 움직이는 시한폭탄 ‘승민’과 엮이면서 그의 평화로운 병원라이프가 흔들리기 시작한다. 본능이 말한다! “이 녀석, 재미있겠다고!” 이유도 없이 강제로 병원에 갇히게 된 ‘승민’. 어떻게든 이 곳을 나가야만 하는 그는 같은 방 동기이자 동갑내기인 ‘수명’을 꼬드겨 탈출을 감행한다. 세상을 상대하러 나선 놈들! 모든 것을 내던진 청춘들의 위험한 탈출이 시작된다!",2015-01-28,102,드라마,https://image.tmdb.org/t/p/w500/80wmR2fsWgOmfgnnrSv2a7SxBa6.jpg,7.7,1.1861,MOVIE
내 아내의 모든 것,"예쁘고 사랑스러운 외모, 완벽한 요리 실력, 때론 섹시하기까지. 남들이 보기엔 모든 것을 갖춘 최고의 여자 정인. 하지만 입만 열면 쏟아내는 불평과 독설로 인해 남편 두현에겐 결혼생활 하루하루가 죽을 맛이다. 매일 수백 번씩 이혼을 결심하지만 아내가 무서워 이혼의 ‘이’자도 꺼내지 못하는 소심한 남편 두현. 그런 아내와 헤어질 방법은 단 하나뿐. 그녀가 먼저 두현을 떠나게 하는 것!  제발… 제 아내를 유혹해 주세요!  아내가 싫어하는 짓만 골라하며 소심한 반항을 해보지만 눈도 까딱 않는 정인으로 인해 두현은 절망에 빠진다. 하지만 어떤 여자든 사랑의 노예로 만들어 버리는 비범한 능력을 지녔다는 전설의 카사노바 성기를 만나 절호의 기회를 얻는 두현! 이제 은퇴를 선언하고 은둔의 삶을 선택한 그에게 두현은 카사노바 일생의 화룡점정을 위한 마지막 여자로 정인을 유혹해 달라고 부탁하는데…",2012-05-17,121,"코미디, 로맨스",https://image.tmdb.org/t/p/w500/mNS9UU8sAhBaffVVU9vPNs4MxvY.jpg,6.575,1.4967,MOVIE
내 여자친구를 소개합니다,"여순경 경진은 도망가던 소매치기를 현장에서 체포, 의기양양하게 파출소로 끌고 온다. 그러나, 수갑대신 이태리 타월에 묶여 끌려온 건, 소매치기범을 잡으려던 여학교 선생님, 고명우. 열받은 명우는 경진에게 정중한 사과를 요구하는데...  청소년 지도 단속을 위해 파출소로 찾아간 명우는 그곳에서 여순경 경진과 부딪히게 되고, 냅다 도망가려던 그는 또다시 수갑이 채워진 채 하루 종일 그녀의 파트너가 되고 만다. 수갑열쇠 분실 덕분에 하룻밤을 같이 지내게 된 경진과 명우는 그로 인해 더욱 가까워진다. 이제, 그녀가 출동하면 그도 출동을 하게 된다. 그녀를 지켜주기 위해서...다!  너무나 용감하여 가끔 무모한 행동을 하는 그녀가 걱정되기 때문. 그러나 명우는 매번 범죄현장에 휘말려 경진에게 구출 당하는 신세가 되어버리고 마는데...! 그러던 어느 날, 경진은 탈옥수와의 위험한 추격전을 벌이게 되고, 평소와 다른 불안감으로 명우 또한 경진을 찾아 그 현장으로 출동을 하게 된다. 용감무쌍 여순경을 지키기 위한 사랑스런 남자의 고군분투가 시작됩니다!",2004-06-03,123,"코미디, 로맨스, 드라마",https://image.tmdb.org/t/p/w500/hhfLf4pf6xtmbG2GrDmZ5evPUKE.jpg,7.132,2.1507,MOVIE
내가 살인범이다,"15년 전, 세상을 떠들썩하게 만들었던 연곡 연쇄살인 사건. 하지만 이 사건은 끝내 범인을 잡지 못한 채 공소시효가 끝난다.  사건 담당 형사 최형구는 범인을 잡지 못한 죄책감과 자신의 얼굴에 끔찍한 상처를 남기고 사라진 범인에 대한 분노로 15년 간 하루도 편히 잠들지 못한다.  그리고 2년 후, 자신을 연쇄 살인사건의 범인이라고 밝힌 이두석이 ‘내가 살인범이다’라는 자서전을 출간하고, 이 책은 단숨에 베스트셀러가 된다. 미남형 외모와 수려한 말솜씨로 스타가 된 이두석. 최형구는 알려지지 않은 마지막 미해결 실종사건을 파헤쳐 세상이 용서한 이두석을 어떻게든 잡아넣으려 하는데…  법이 용서한 연쇄살인범  공소시효는 끝났지만, 사건은 아직 끝나지 않았다!",2012-11-08,119,"액션, 스릴러",https://image.tmdb.org/t/p/w500/5s6B5o36cUSmmpc8UWseJ9zaQye.jpg,7.106,3.4255,MOVIE
내가 죽던 날,"태풍이 몰아치던 밤, 외딴섬 절벽 끝에서 유서 한 장만을 남긴 채 소녀가 사라진다. 오랜 공백 이후 복직을 앞둔 형사 현수는 범죄 사건의 주요 증인이었던 소녀의 실종을 자살로 종결 짓기 위해 그곳으로 향한다. 소녀의 보호를 담당하던 전직 형사, 연락이 두절된 가족, ​그리고 소녀를 마지막으로 목격한 마을 주민 순천댁을 만나 그녀의 행적을 추적해 나가던 현수는 소녀가 홀로 감내했을 고통에 가슴 아파한다. 수사가 진행될수록 자신의 모습과 닮아있는 소녀에게 점점 더 몰두하게 된 현수는 사건 이면에 감춰진 진실 앞에 한걸음 다가서게 되는데…",2020-11-12,116,"드라마, 범죄, 미스터리",https://image.tmdb.org/t/p/w500/ykxViw5mSBCm9z0LwsXRPfvyAC1.jpg,7,1.1079,MOVIE
내게 남은 사랑을,"가족을 돌볼 틈 없이 매일 회사 일에 치이는 대한민국 대표 가장, ‘김봉용’  자신을 부하처럼 부리는 상사 때문에  허구한 날 술을 마시는 것은 물론, 기사 노릇까지 하고 있다.  그의 속 사정을 알리 없는 아내 ‘화연’은 야속한 남편을 탓하기만 하고  질풍노도의 쌍둥이 ‘우주’와 ‘달님’은 그런 아빠와 매일 부딪치기만 한다.  그나마 늦둥이 ‘별님’의 사랑스러운 애교에 하루하루를 버티는데…  서로를 보지 못했던 가족이  비로소 서로를 보기 시작하며 전하는  내게 남은 사랑을…",2017-11-02,111,"가족, 드라마",https://image.tmdb.org/t/p/w500/l7t0Zx995JJ4qmkfLb2I4vt1Umk.jpg,8.5,0.8188,MOVIE
내부자들,"유력한 대통령 후보와 재벌 회장, 그들을 돕는 정치깡패 안상구. 뒷거래의 판을 짠 이는 대한민국 여론을 움직이는 유명 논설주간 이강희다. 더 큰 성공을 원한 안상구는 이들의 비자금 파일로 거래를 준비하다 발각되고, 이 일로 폐인이 되어 버려진다. 늘 승진을 눈 앞에 두고 주저 앉는 검사 우장훈는 마침내 대선을 앞둔 대대적인 비자금 조사의 저격수가 되는 기회를 잡는다. 그러나 비자금 파일을 가로챈 안상구 때문에 수사는 종결되고, 우장훈은 책임을 떠안고 좌천되고 마는데...",2015-11-19,130,"범죄, 드라마",https://image.tmdb.org/t/p/w500/zlFp1a9HXpbyDBaNoS1euprLbLs.jpg,7,2.3172,MOVIE
내 사랑 싸가지,"다방면으로 열과 성의를 다하는 편이나 공부에만 관심도, 자질도 없는 무늬만 고3 학생 하영. 백일 기념일에 연하 남친에게 채이고 돌아오던 하영의 발에 빈 콜라캔 하나가 채인다. 하영은 젖 먹던 힘까지 실어 뻥하고 내지르는데 그게 싸가지 명품족 형준의 차, 그것도 하필이면 외제차 렉서스에 맞을 줄이야! 하영은 300만원을 물어내라는 형준을 뒤로한 채 현장을 이탈, 뺑소니에 성공한다.  형준을 따돌리고 안도의 한숨을 쉬는 사이 형준에게서 걸려온 전화 한 통. 알고 보니 칠칠치 못한 하영이 지갑을 흘리고 간 것이었다. 학교까지 쫓아온 형준에게 하영은 몸으로 떼우기로 결심, 유효기간 100일의 노비문서에 서명한다. 이후 시도 때도 가리지 않는 형준의 호출이 시작되고 하영은 집청소, 쇼핑도우미, 레포트 작성과 세차, 잡심부름에 이르기까지 공부보다 더 못할 짓에 직면한다.",2004-01-16,95,"코미디, 로맨스",https://image.tmdb.org/t/p/w500/rdJ9OPoEz5bo16ZMlroisZWujdI.jpg,6.473,1.6138,MOVIE
내안의 그놈,"옥상에서 떨어진 고등학생 동현이 길을 가던 엘리트 아재 판수를 덮치면서 제대로 바뀐다!? 게다가 판수는 동현의 몸으로 첫사랑 미선과 존재도 몰랐던 딸 현정을 만나게 되는데… 대유잼의 향연, 넌 이미 웃고 있다!",2019-01-09,122,"판타지, 코미디, 액션",https://image.tmdb.org/t/p/w500/ofhf0Tn7hnBtboiUEuVj5IZyD3g.jpg,7.8,3.1558,MOVIE
냄새는 난다,"A young married couple is having a meal, facing each other in awkward silence. With removing packages stacked around the room, they finish their tasteless dinner together. The man feels a sudden burning discomfort in his stomach and soon a most nauseating fills the room.",2009-11-06,12,"드라마, 코미디",,0,0.6194,MOVIE
너는 결코 서둘지 말라,하나(20)의 생물학적 아버지인 철웅은 이십대 때 장래가 촉망되던 예술가였다고 하는데 그 이후로 소식이 없다. 하나는 이십대 시절의 철웅의 퍼포먼스 비디오를 보고 난 후 이십년이 지난 지금 그가 어떻게 살고 있는지 궁금하다. 철웅(45)은 이십대에 독일로 건너갔다가 세계를 떠돈 후 호주에 정착해서 살고 있다. 지금 그는 오랜 슬럼프를 겪고 있다. 그러던 어느 날 그에게 뜻밖의 사건 세 가지가 일어난다.,2018-11-29,84,,,0,0.9317,MOVIE
너는 펫,"고학력, 고수입에 먹히는 외모까지! 꽉 찬 나이와 욱하는 성격만 빼곤 무엇 하나 빠지지 않던 플래티넘 미스 은이는, 잘 나가던 국제부 기자에서 패션지 에디터로 발령이 나고 만다. 게다가 너무 잘난 여자는 부담스럽다며 애인에게까지 차이게 된 은이는 지금 폭발 직전이다!  “주인니임~! 잘 부탁드려요~ 왈!!”  까칠할대로 까칠해진 은이 앞에 어느 날 애처로운 모습으로 상자에 담긴 인호가 발견되고, 마치 길 잃은 강아지 마냥 안식처를 구하던 인호는 은이의 충실한 펫 모모가 되겠다며 막무가내 애교로 혼을 빼놓는다. 어떤 일이 있어도 주인님 전화는 꼭 받기, 피곤해서 돌아오면 반갑게 맞이하러 나가기, 택배 잘 받아 두기 등 완벽한 펫 모모와 함께 살면서 점점 길들여진 은이. 하지만 주인과 펫의 관계가 되어 행복한 동거 생활을 해나가던 두 사람 앞에 어느 날 은이의 첫사랑이 나타나면서 위기가 찾아 오는데…",2011-11-10,110,"코미디, 로맨스",https://image.tmdb.org/t/p/w500/uhyWO0SOEgN9NDfafkpJiqw2oRn.jpg,6.1,1.2385,MOVIE
너의 결혼식,"고3 여름, 전학생 승희를 보고 첫눈에 반한 우연. 승희를 졸졸 쫓아다닌 끝에 마침내 공식커플로 거듭나려던 그때! 잘 지내라는 전화 한 통만 남긴 채 승희는 사라져버리고, 우연의 첫사랑은 그렇게 막을 내리는 듯했다. 1년 뒤, 승희의 흔적을 쫓아 끈질긴 노력으로 같은 대학에 합격한 우연. 그런데 그의 앞을 가로막은 건… 다름 아닌 그녀의 남.자.친.구!",2018-08-22,110,"로맨스, 드라마",https://image.tmdb.org/t/p/w500/oOzH5nyyHMMDlwOAupnn4itIgCL.jpg,7.5,2.6422,MOVIE
널 기다리며,"15년 전, 내 눈 앞에서 아빠를 죽인 범인이 드디어 세상 밖으로 나왔다.  15년을 기다린 이유는 단 하나!  아빠를 죽인 범인을 쫓는 소녀 ‘희주’ 앞에 유사 패턴의 연쇄살인사건이 발생하고 15년을 기다린 희주의 계획은 전혀 예측하지 못한 새로운 국면을 맞이하게 되는데…  15년의 기다림, 7일간의 추적 그 놈을 잡기 위한 강렬한 추적이 시작된다!",2016-03-10,108,"범죄, 스릴러",https://image.tmdb.org/t/p/w500/9pfo2HYE2TtoJqnfSNJrelp74uT.jpg,7.135,3.4118,MOVIE
네모난원,"때는 민주화 요구가 들끓었던 1980년대. 고지식한 모범생 경민은 순수한 학구열에 불타 학생운동의 중심에 선 써클에 가입한다. 거기서 동갑내기 수정을 만난 경민은 한 눈에 그녀에게 반하고, 이미 운동권 중심으로 활약 중인 용호와 이론적으로 사사건건 부딪치며 열혈투사로 변신해 가는데...",2012-12-06,100,드라마,https://image.tmdb.org/t/p/w500/55ShvVwYqpy33d0aTpS28Jaryak.jpg,0,0.5746,MOVIE
노다지,"JANG Pi-non has squandered all his fortune and comes back to his family after 10 years of absence. Now, he dreams of working hard to make a good living. But the more he tries to live an honest life, the bigger his desire for gold grows.",2017-07-13,26,드라마,https://image.tmdb.org/t/p/w500/d7lJxfxWv3zUjym3ljT8plWDteB.jpg,0,1.3633,MOVIE
누구나 비밀은 있다,"재즈바의 매력적인 보컬리스트 셋째 미영은 자유연애주의자이다. 자신을 한결같이 사랑하는 물망초 남자, 상일이 있지만 순진한 남자는 끌리지 않는다. 어느 날, 재즈바에 손님으로 온 수현을 보고 그 준수한 외모와 깔끔한 매너에 반하게 된다. 이 남자, 딱 내 타입이다! 제대로 걸렸다!  사랑? 섹스? 궁금한 건 뭐든지 책에서 배우는 학구파 대학원생 둘째 선영. 스물 일곱, 아직 처녀다. 사랑은 벼락처럼 도둑처럼 갑자기 찾아 온다고 믿는 선영은 어느 날, 집으로 인사하러 온 동생의 애인 수현을 보는 순간, 벼락을 맞은 듯한 전율을 느낀다. 이 남자, 동생의 애인이지만 갖고 싶다!",2004-07-30,104,"코미디, 로맨스",https://image.tmdb.org/t/p/w500/kcsYLEqohdtO1ktcLiTjpNOfgd3.jpg,6.261,1.5906,MOVIE
누구의 딸도 아닌 해원,"대학생 해원은 학교 선생인 성준과의 비밀스런 관계를 정리하고 싶다. 내일 캐나다로 이민을 떠나는 엄마와 만나고 우울해진 해원은 오랜만에 성준을 다시 만난다. 그날 식당에서 우연히 같은 과 학생들을 마주치게 되고 두 사람의 관계가 알려지게 된다. 해원은 더 불안해지고, 성준은 둘이서 어디론가 도망을 가자는 극단적인 제안을 한다. 해원은 자주 꿈을 꾼다. 그녀의 꿈은 그녀의 깨어있는 삶과 비교가 될 것인데, 그 중 어느 것도 그녀의 삶이 아니라고 말할 수 없을 것이다.",2013-02-28,90,드라마,https://image.tmdb.org/t/p/w500/dMpJ0c5BOM5X94EJOWgt174P4tc.jpg,6.54,1.8897,MOVIE
눈길,"1944년 일제강점기 말, 가난하지만 씩씩한 종분과 부잣집 막내에 공부까지 잘하는 영애. 같은 마을에서 태어났지만 전혀 다른 운명을 타고난 두 소녀. 똑똑하고 예쁜 영애를 동경하던 종분은 일본으로 떠나게 된 영애를  부러워하며 어머니에게 자신도 일본에 보내달라고 떼를 쓴다. 어느 날, 어머니가 집을 비운 사이 남동생과 단 둘이 집을 지키던 종분은 느닷없이 집으로  들이닥친 일본군들의 손에 이끌려 낯선 열차에 몸을 싣게 된다. 영문도 모른 채 끌려온 종분은 자신 또래 아이들이 가득한 열차 안에서 두려움에 떨고, 그때 마침 일본으로 유학간 줄 알았던 영애가 열차 칸 안으로 던져진다. 이제는 같은 운명이 되어버린 두 소녀 앞에는 지옥 같은 전쟁이 펼쳐지고, 반드시 집에 돌아갈 거라 다짐하는 종분을 비웃듯 영애는 끔찍한 현실을 끝내기 위해 위험한 결심을 하는데…",2015-03-01,121,드라마,https://image.tmdb.org/t/p/w500/vEz3XjsvtZQBymP0QyLut5ZQ1IY.jpg,6.9,1.2617,MOVIE
눈에는 눈 이에는 이,"대낮 서울 도심 한복판 수 십억 현금 수송차량 강탈 사건에 이어 제주도 공항에서 밀수 금괴 600kg이 연기처럼 사라진다. 전설적인 형사 백반장의 이름을 사칭해 완전범죄를 성공시킨 범인은 바로 안현민! 분노한 백반장은 안현민을 집요하게 쫓지만 안현민은 번번히 백반장의 그물망을 빠져나간다. 승자를 알 수 없는 숨막히는 레이스가 계속되는 가운데, 위기에 몰린 안현민은 오히려 백반장 앞에 나타나 자신의 목숨을 포함한 뜻밖의 제안을 하는데...과연 이것은 기회인가, 함정인가?",2008-07-31,101,"액션, 범죄",https://image.tmdb.org/t/p/w500/vfbPkFvTfNWZjoTKOLXfnSNI8wQ.jpg,6.4,1.0038,MOVIE
늑대의 유혹,"어른들도 울리는, 그 녀석들의 트루 로맨스,  정한경, 상경하다.  성격과 외모에서 모두 ‘갓 상경’ 한 느낌을 풍기는 한경, 서울에서 엄마와 함께 살기 위해 말 그대로 ‘갓 상경’하여 강신고로 전학을 오는데...  원조 킹카 반해원, 정한경에게 꽂히다.  그러나 그녀의 서울 생활은 정신적, 신체적 충격의 연속이다. 버스를 타고 가는데 어떤 놈이 던진 실내화가 머리로 날아온다. 그런데 문제는 거기서 끝나지 않는다. 실내화를 던진 반해원이란 녀석이 예삿 녀석이 아니었던 것이다. 인근 학교의 여자애들을 구름처럼 몰고 다니는 원조 킹카 반해원은 허둥대는 한경의 안쓰럽고도 귀여운 모습에 반한다. 그리고 성격대로 저돌적으로 대시한다..  반해원, 정태성의 성질을 건드리다.  문제는 옆 학교 성권고의 짱 정태성도 바로 이 정한경을 찍었다는 사실이다. 수줍은 듯한 얼굴 뒤에 숨어있는 강한 주먹과 고집으로 뭉쳐진 태성. 자존심과 사랑을 모두 건 둘의 대결은 한치의 양보도 없는 싸움으로 번지게 되고,  그 녀석들의 트루 로맨스  그러나 태성은 한경을 사랑할래야 할 수 없는 운명적인 비밀이 있고, 이를 알지 못하는 한경은 둘 다에게 상처를 주지 않는 방법을 찾기 위해 고민에 고민을 거듭한다. 결국 한경 곁을 떠나는 태성, 그리고 뒤늦게 태성의 비밀을 알게 된 한경과 해원. 그 녀석들의 가슴 아프지만 밝은 모습이 어른들조차 울린다.",2004-07-23,113,"액션, 드라마, 로맨스",https://image.tmdb.org/t/p/w500/1V1WgPfpfA5TUzr5YjcDy0rgfLz.jpg,6.097,1.4914,MOVIE
늙은 자전거,"“내를 그냥 여기서 살게만 해주시면 됩니더~!”  어느 날, 당돌한 그 놈이 눈 앞에 나타났다!  괴팍하고 고약한 성격 탓에 반겨주는 이 없이 술과 낡은 자전거를 친구 삼아 살아가던 '강만'. 어느 날, 그의 앞에 수 년 전 집을 나간 아들 ‘길재’가 사고로 죽었다는 소식과 함께 손자 ‘풍도’가 나타난다. 하나뿐인 핏줄임이 분명함에도 ‘강만’은 제 핏줄이 아니라며 ‘풍도’를 강하게 거부한다. 당돌하기를 넘어서 뻔뻔하기까지 한 ‘풍도’는 울고불고 바닥에 드러누우며 결국 ‘강만’의 곁에 남는데 성공하는데… 하루도 조용할 날 없는 좌충우돌 사고뭉치 두 남자! 과연, ‘강만’과 ‘풍도’는 평범한(?) 가족이 될 수 있을까?  유아독존 손자 ‘풍도’ VS 괴팍한 장돌뱅이 할배 ‘강만’  까칠한 두 남자의 좌충우돌 가족 만들기 프로젝트!",2015-11-12,106,드라마,https://image.tmdb.org/t/p/w500/1mfLUvsr2KSJ1tty9LteSfFPn5D.jpg,8,0.927,MOVIE
님은 먼곳에,"가끔씩 동네 아주머니들 앞에서 노래 부르는 게 유일한 소일거리인 순이는 외아들 상길 하나만을 바라보고 사는 시어머니의 성화에 못 이겨 매달 군대 간 남편의 면회를 간다. 그러나 언제나 살가운 말 한마디 없는 남편 상길. 어느 날, 상길이 베트남 전에 자원해 갔다는 소식을 통보 받는다. 행방조차 알길 없는 남편을 찾아 베트남으로 떠나기를 결심한 순이. 베트남을 갈 수 있다는 말에 무작정 정만을 쫓아 위문공연단의 보컬로 합류하여 써니란 새 이름을 얻은 그녀는 화염과 총성이 가득한 베트남, 그 전쟁의 한복판에 뛰어드는데...",2008-07-23,126,"드라마, 전쟁, 음악",https://image.tmdb.org/t/p/w500/iOYGaYgs4lQR85D6FtHqm8XcGtu.jpg,6.2,1.7457,MOVIE
다만 악에서 구하소서,"태국에서 충격적인 납치사건이 발생하고 마지막 청부살인 미션을 끝낸 암살자 인남은 그것이 자신과 관계된 것임을 알게 된다. 인남은 곧바로 태국으로 향하고, 조력자 유이를 만나 사건을 쫓기 시작한다. 한편, 자신의 형제가 인남에게 암살당한 것을 알게 된 레이. 무자비한 복수를 계획한 레이는 인남을 추격하기 위해 태국으로 향하는데...",2020-08-05,108,"범죄, 액션, 드라마",https://image.tmdb.org/t/p/w500/xYnL0kA0V7aDvg8wupmWQbdgb9a.jpg,6.868,4.4684,MOVIE
다섯은 너무 많아,"Dong-kyu has a truly curious job: collecting proof to denounce the free distribution of plastic bags. In a take-away restaurant he is caught off-guard by Sinae, an employee who runs after him and hits him on the head. Dong-kyu comes to and pretends he's amnesic. Si-nae takes him to her home, marking the beginning of a strange company of five.",2005-11-25,80,,https://image.tmdb.org/t/p/w500/bPutWej16DrkpAfGeEGGUn0auB2.jpg,9,0.8513,MOVIE
다세포 소녀,"쾌락의 명문 무쓸모 고등학교. 회장(이용주)과 부회장(남호정)은 공인 SM커플로 타의 모범을 보이고, 사제가 사이 좋게 성병으로 조퇴하는 문란한 교풍을 자랑한다. 전교생이 쿨하고 섹시한 이 학교에도 그러나 뜬금없는 순정을 불태우며 교풍을 어지럽히는 별종들이 있었으니.  원조교제로 가족을 부양하는 효녀 가난을 등에 업은 소녀(김옥빈), 스위스에서 전학 온 럭셔리 꽃미남 안소니(박진우), 교내유일의 숫총각이자 왕따인 외눈박이(이켠)가 바로 그들.  가난을 등에 업은 소녀는 안소니에게 반해 빈티나게 신분을 뛰어넘는 사랑을 꿈꾸지만, 정작 안소니는 외눈박이의 아름다운 남동생 두눈박이(이은성)에게 필꽂혀 성 정체성의 혼란을 겪는다. 한편, 왕따 주제에 축구부 주장의 뜨거운 구애를 외면하고 있는 외눈박이는 교내 맘짱 도라지 소녀(김별)의 의미 없는 친절에 가슴이 두근거린다. 이 부적절한 짝사랑 시츄에이션은 점점 뜨거워지고... 몸도 마음도 10대, 아~ 청춘은 아름답구나!",2006-08-10,111,코미디,https://image.tmdb.org/t/p/w500/z8xO9MuNnScg55DJVUh36UoqBjx.jpg,5.083,1.1082,MOVIE
다우더,"엄마는 늘 낯선 사람이었다  사춘기 소녀 ‘산’에게 세상에서 가장 두려운 존재는 바로 엄마다. 엄마는 산의 주변을 그림자처럼 맴돌며 일거수일투족을 감시한다. 평범한 삶을 살고 싶어하는 산과 그녀를 누구보다 특별한 딸로 키우고 싶어하는 엄마 사이에서는 갈등이 끊이지 않는다. 시간이 흘러 성인이 된 산은 예상치 못한 임신을 통해 잊고 싶었던 엄마와의 아픈 기억들을 떠올리고, 태어나 처음 엄마와 정면으로 마주할 결심을 한다.",2014-11-06,84,드라마,https://image.tmdb.org/t/p/w500/sAChLVveechtk7jpNKfxpuaVI3L.jpg,6.8,0.9498,MOVIE
다찌마와 리: 악인이여 지옥행 급행열차를 타라,"1940년, 거대한 어둠의 조직이 점점 그 세력을 확장해가는 가운데. 최정예 특수요원들의 명단이 담긴 국가 일급 기밀문서와 여성 비밀요원 금연자가 작전 수행 중 바람처럼 사라진다. 일이 이쯤 되자, 임시정부의 수장들은 감춰두었던 마지막 비장의 병기를 꺼내 들기로 한다. 자신의 존재를 밝히지 않은 채, 정의를 위해 뜨거운 가슴으로 총구를 겨누는 남자! 바로, 다찌마와 리다!",2008-08-13,99,"액션, 모험, 코미디, 서부",https://image.tmdb.org/t/p/w500/sQZaTiBjX5Kz7Akqmtpi9beEiUY.jpg,5.857,1.275,MOVIE
단'ㅅ 패밀리 남바완,"현세를 살아가는 단군의 마지막 후예. 하지만 함부로 힘을 쓰면 안되는 금기로 인해 현실은 학교에서 빵셔틀 넘버원을 하고 있다. 피할 수 없으면 즐기라고... 참고 또 참을 바엔 셔틀계의 넘버원이 되길 작정하고 결국 남바완이 되었다.  그러나 지금은 가족과 사랑하는 사람을 지키기위해 금기를 깨야할 때.  하늘의 힘인 천부인을 빼앗으려는 각종 신들과 악신, 악마들과 그의 후예들로부터 홍익인간의 이념을 처절하게 몸소 실천하며 새롭게 신화를 써내려가는 단의 가족들의 이야기가 펼쳐진다.",2022-01-26,99,액션,https://image.tmdb.org/t/p/w500/1GkMxIFS4zECjLqkDcogN7V9csU.jpg,2.7,0.6264,MOVIE
달마야 놀자,"업소의 주도권을 놓고 일대 격전을 벌이던 재규 일당은 예상치 못한 기습으로, 더 이상 숨을 곳도 없이 보살펴 줄 조직의 힘도 끊긴 채 고립된다. 그들은 자비와 진리를 수행 중인 스님들이 살고 있는 절로 들어가 자리를 잡는다. 그 동안의 모든 일상을 뒤집는 느닷없는 이 인연은 고요했던 산사를 흔들기 시작한다. 막무가내로 들이닥친 재규 일당을 받아들여야만 하는 스님들은 약속한 일주일의 시간이 야속하기만 하고, 보스의 연락만을 기다리는 재규 일당의 심정도 편치만은 않다.  절 생활의 무료함과 초조함을 달래기 위한 재규 일당의 일과는 사사건건 스님들의 수행에 방해가 되고 이들을 내쫓고 평화를 찾기 위한 스님들의 눈물겨운 대책은 기상천외한 대결로 이어진다. 5판3승의 화려하고 긴박한 게임은 재규일당의 승리로 돌아가고 결국 암자에 더 머물러도 좋다는 허락을 받아낸다. 스님들과 똑같은 수도생활을 해야 한다는 조건을 달고 재정비에 들어가는 산사생활은 또 다른 국면에 접어든다. 참았던 감정이 폭발한 두 집단은 오고가는 맞짱과 몇 번의 덮치기 등으로 팽팽하게 대립한다. 일하지 않은 자는 먹지도 말라하니 말년 병장처럼 지내던 재규일당의 생활은 이등병 신참으로 추락하기에 이른다. 치사하고 처절하고 눈물나는 수행은 다시 시작되는데. 스님들은 과연 그들과 홀가분하게 '세이 굿바이'를 할 수 있을까?",2001-11-09,95,"액션, 코미디",https://image.tmdb.org/t/p/w500/5fmGsitJDQDF5NIU9ksa0iCpNOT.jpg,6.4,1.2205,MOVIE
"달콤, 살벌한 연인","대학 강사를 할 만큼 똑똑하고 젠틀한 남자 황대우. 하지만 그에게 결정적인 결점이 있었으니, 바로 여자와 연애에 대해 체질적으로 거부감을 갖고있어 제대로 된 연애를 한 번도 못해본 소심한 성격의 소유자라는 것. 그런 그가 나이 서른이 넘어가자 커플 들이 눈에 밟히고, 어느 날 침대를 옮기다 허리를 다친 후에 커진 외로움에 어쩔 줄을 몰라 한다.  대우는 친구 성식의 장난으로 얼떨결에 미나에게 데이트 신청을 하게 되고 그녀는 놀랍게도 그의 서툰 데이트신청을 받아들이는데.. 하지만 처음 사랑을 시작하는 대우의 표현과 행동들은 어설프기만 하고 미나는 그런 대우와의 만남에 마음이 상하지만 어느새 그만의 순수함에 빠져 둘은 열정적인 연애를 시작하게 되는데...  그런데 그녀, 수상하다?? 취미는 독서에 미술전공을 하고 있다던 미나!! 도스토예프스키의 도 모른다. 미술학도가 자신이 소장한 그림의 미술가 도 모른다?? 지적인 미나와 전혀 어울리지 않는 룸메이트, 어느 날 나타난 전혀 그녀와 어울리지 않는 옛 남자친구, 무거운 짐 가방을 들고 외출하는 날이면 어김없이 온몸에 흙을 묻히고 오는 그녀!! 그리고, 결정적 증거! 그녀의 본명은 ‘이미나’가 아닌 ‘이미자’다. 사랑이 깊어질 수록 그녀에 대한 의심은 늘어나고 갑작스럽게 들어난 미나의 정체에 대우는 갈등에 빠지는데..",2006-04-06,110,"드라마, 코미디, 범죄, 로맨스",https://image.tmdb.org/t/p/w500/qYFoLxfmjs3sOlOJ2Z8uO6E8bIj.jpg,5.536,1.2973,MOVIE
담보,"1993년 인천, 거칠고 까칠한 사채업자 두석과 종배는 떼인 돈 받으러 갔다가 얼떨결에 9살 승이를 담보로 맡게 된다. 뜻도 모른 채 담보가 된 승이와 승이 엄마의 사정으로 아이의 입양까지 책임지게 된 두석과 종배. 하지만 부잣집으로 간 줄 알았던 승이가 엉뚱한 곳에 있다는 것을 알게 된 두 사람은 승이를 데려와 돌보게 된다. 예고 없이 찾아온 아이에게 인생을 담보 잡힌 두석과 종배. 빚 때문에 아저씨들에게 맡겨진 담보 승이. 두석, 종배, 승이 세 사람은 어느덧 서로에게 특별한 존재가 되는데...",2020-09-29,113,"코미디, 드라마, 가족",https://image.tmdb.org/t/p/w500/b6clzuYNbizWFUtcpLBsp00zXNe.jpg,8.3,2.8539,MOVIE
"당신, 거기 있어줄래요","현재의 수현은 의료 봉사 활동 중 한 소녀의 생명을 구하고 소녀의 할아버지로부터 신비로운 10개의 알약을 답례로 받는다. 호기심에 알약을 삼킨 수현은 순간 잠에 빠져들고 다시 눈을 떴을 때, 30년 전 과거의 자신과 마주하게 된다. 오래된 연인 연아와 행복한 나날을 보내던 과거의 수현은 우연히 길에 쓰러진 남자를 돕게 된다. 남자는 본인이 30년 후의 수현이라 주장하고 황당해하던 과거의 수현은 그가 내미는 증거들을 보고 점차 혼란에 빠진다. 사랑했던 연아를 꼭 한 번 보고 싶었다는 현재 수현의 말에 과거 수현은 알 수 없는 불안감을 느끼고 이어 믿기 힘든 미래에 대해 알게 되는데...",2016-12-14,111,"드라마, 판타지",https://image.tmdb.org/t/p/w500/iilpspICckDIGwgm8MGufogWNDE.jpg,7.2,1.9552,MOVIE
당신의 부탁,2년 전 사고로 남편을 잃은 32살 효진(임수정)은  그녀의 절친한 친구인 미란(이상희)과 동네 작은 공부방을 하며 혼자 살아간다.  평범한 삶을 살아가던 효진 앞에 어느날 갑자기 죽은 남편의 아들인 16살 종욱(윤찬영)이 나타난다.  오갈 데가 없어진 종욱의 엄마가 되어달라는 당황스러운 부탁.  효진은 고민 끝에 피 한 방울 섞이지 않은 종욱의 엄마가 되기로 결심하는데…,2018-04-19,108,드라마,https://image.tmdb.org/t/p/w500/bLmgb4209D5NH8pV9eRAtb43O4s.jpg,6.692,1.563,MOVIE
당신자신과 당신의 것,"화가인 영수는 오늘 어머니가 위독하시다. 영수는 여자 친구인 민정이 어느 남자와 술을 마시다 크게 싸움을 했다는 말을 전해 듣는다. 그날 밤 그 일로 두 사람은 말다툼을 하고 민정은 당분간 서로 보지 말자며 나가버린다. 다음날부터 영수는 민정을 찾아다니지만 민정을 만날 수 없다. 그러는 사이, 그가 사는 연남동의 여기저기를 민정 혹은 민정을 꼭 닮은 여자들이 돌아다니면서 몇 명의 남자들을 만나고 있다. 영수는 민정을 찾아 헤매면서 자신과의 싸움을 벌이는데, 그게 세상하고 싸우는 것이나 마찬가지고, 민정 혹은 민정을 닮은 여자는 영수가 두렵게 상상하는 그녀의 모습을 그대로 닮은 채 “한번도 만나지 못한 그 좋은 남자”를 찾아 헤매고 있다. 둘이 다시 만나는 날, 두 사람은 어떤 식으로건 모든 싸움을 멈추는데, 그게 너무 좋아 믿기가 힘들 수 있다.",2016-11-10,86,"드라마, 코미디",https://image.tmdb.org/t/p/w500/75iY1wv4oIMzejnqCKHo10CCAqj.jpg,6.3,1.0294,MOVIE
대결,"취직은 진작에 포기한 달관력 99.9%의 취준생 풍호(이주승)는 리얼맞짱게임으로 용돈벌이나 하는 재미가 쏠쏠하다. 그러나 의협심 100%를 탑재한 형사 강호(이정진)는 동생 풍호가 한심할 따름이다. 현피에 의한 살인사건을 수사하던 강호는 뜻밖의 제안을 받고 현장으로 출동하지만 상대의 잔인한 수법에 속절없이 당하고 만다.  “어쩔 수 없어, 있는 놈이 계속 이기게 되어 있어.” 형의 복수를 위해 범인을 쫓던 풍호는 겉모습은 게임회사 CEO이지만 실상은 승부에 미친 게임중독자 한재희(오지호)를 찾아내고, 형을 대신한 복수의 한방을 준비하는데…",2016-09-22,97,액션,https://image.tmdb.org/t/p/w500/kYgnqlbvYvgwmyXQ3dDU4ZEFItl.jpg,5.7,0.9167,MOVIE
대무가,유아독존 신빨 대신 술빨로 버티는 40대 마성의 무당 마성준. 백발백중 1타 무당을 꿈꾸며 역술계를 평정한 30대 스타트업 무당 청담도령. 인생역전 갓생을 노리며 10주 완성 무당학원을 등록한 20대 취준생 무당 신남. 신빨 떨어진 무당들이 용하다 소문난 전설의 대무가 비트로 뭉쳤다!  그리고 그들을 이용해서 50억 원을 손에 넣으려는 이 구역 미친X 익수가 판을 벌리고 대무가 무당즈는 각자 일생일대의 한탕을 위해 비트에 몸을 맡긴 채 프리스타일 굿판 대결을 펼치는데…,2022-10-12,108,"드라마, 코미디",https://image.tmdb.org/t/p/w500/l34ut6hDQ39mHVnXUaXtJExXCfx.jpg,6.4,1.5975,MOVIE
대무가,유아독존 신빨 대신 술빨로 버티는 40대 마성의 무당 마성준. 백발백중 1타 무당을 꿈꾸며 역술계를 평정한 30대 스타트업 무당 청담도령. 인생역전 갓생을 노리며 10주 완성 무당학원을 등록한 20대 취준생 무당 신남. 신빨 떨어진 무당들이 용하다 소문난 전설의 대무가 비트로 뭉쳤다!  그리고 그들을 이용해서 50억 원을 손에 넣으려는 이 구역 미친X 익수가 판을 벌리고 대무가 무당즈는 각자 일생일대의 한탕을 위해 비트에 몸을 맡긴 채 프리스타일 굿판 대결을 펼치는데…,2022-10-12,108,"드라마, 코미디",https://image.tmdb.org/t/p/w500/l34ut6hDQ39mHVnXUaXtJExXCfx.jpg,6.4,1.5975,MOVIE
대배우,"아동극 ‘플란다스의 개’의 파트라슈 역할 전문으로 20년째 대학로를 지키고 있는 ‘성필’.  극단 생활을 함께했던 ‘설강식’이 국민배우로 승승장구하는 것을 보며 언젠가 자신도 대배우가 되리라 다짐한다.  하지만 여전히 대사 한마디 없는 개 역할에서 벗어나기 어렵고, 이제는 가족들마저 짐처럼 느껴지기 시작한다.  세계적인 깐느박 감독 작품 신인 배우 모집!  전세계가 인정한 대한민국 대표감독 ‘깐느박’. 그가 새영화 의 사제 역할로 뉴페이스를 찾고 있다.  '성필'에게는 자신의 연기를 만인 앞에 선보일 수 있는 절호의 찬스! ‘성필’은 일생일대의 메소드 연기를 준비하는데…",2016-03-30,108,코미디,https://image.tmdb.org/t/p/w500/pVemMFeTHB2PC1vVUJtEvGBSjAr.jpg,6.7,1.0063,MOVIE
대외비,"1992년 부산, 밑바닥 정치 인생을 끝내고 싶은 만년 국회의원 후보 해웅. 해웅은 이번 선거에서만큼은 금뱃지를 달 것이라 확신했지만, 정치판을 뒤흔드는 권력 실세 순태에게 버림받으며 지역구 공천에서 탈락한다. 순태에 의해 짜여진 선거판을 뒤집기 위해 부산 지역 재개발 계획이 담긴 대외비 문서를 입수한 해웅. 행동파 조폭 필도를 통해 선거 자금까지 마련한 해웅은 무소속으로 선거판에 뛰어들어 승승장구한다. 순태 역시 해웅이 가진 대외비 문서의 존재를 알게 되고, 점차 해웅의 숨통을 조여오는데…",2023-03-01,115,"범죄, 스릴러, 드라마",https://image.tmdb.org/t/p/w500/mTIAgYnOSS1q5RvEC7VlHddnMSy.jpg,6.074,2.6805,MOVIE
대장 김창수,"1896년 황해도 치하포, 청년 김창수가 일본인을 죽이고 체포된다. 그는 재판장에서 국모의 원수를 갚았을 뿐이라고 소리치지만 결국 사형 선고를 받고 인천 감옥소에 수감된다. 일본의 편에 선 감옥소장 강형식은 자신에게 굴복하지 않는 김창수를 갖은 고문으로 괴롭히고 죄수들마저 김창수에게 등을 돌린다.  하지만 그 곳은 그에게만 지옥이 아니었다. 못 배우고, 못 가졌다는 이유로 재판조차 받지 못한 채 억울한 옥살이를 하는 조선인들을 보며 김창수는 조금씩 현실에 눈을 뜨게 되고, 변화를 꿈꾸기 시작한다.  천하고 평범한 청년이 대장 김창수로 거듭나기까지  그의 모든 것을 바꿔놓은 625일의 이야기!",2017-10-19,115,"드라마, 역사, 액션",https://image.tmdb.org/t/p/w500/1iMA2VcQ9m8vV46CzAyzndGsCzT.jpg,7.333,1.3806,MOVIE
대호,"1925년, 조선 최고의 명포수로 이름을 떨치던 천만덕은 더 이상 총을 들지 않은 채, 지리산의 오두막에서 늦둥이 아들 석과 단둘이 살고 있다. 만덕의 어린 아들 석은 한 때 최고의 포수였지만 지금은 사냥에 나서지 않는 아버지에게 불만을 품는다.  한편, 마을은 지리산의 산군(山君)으로 두려움과 존경의 대상이자, 조선의 마지막 호랑이인 대호를 찾아 몰려든 일본군 때문에 술렁이고, 도포수 구경은 ‘대호’ 사냥에 열을 올린다.",2015-12-16,139,"액션, 역사, 모험, 드라마",https://image.tmdb.org/t/p/w500/dcaksJ3CYQV6ztYMfKixN1EJSRj.jpg,7.629,2.9491,MOVIE
댄싱퀸,"왕년의 신촌 마돈나 정화 앞에 댄스 가수가 될 수 있는 일생 일대의 기회가 찾아온다. 하지만 오랜 꿈을 향한 도전의 설렘도 잠시, 남편 정민은 ‘서울 시장 후보로 출마하게 되었다!’고 폭탄 선언을 한다. 서울 시장 후보의 부인과 화려한 댄싱퀸즈의 리더 사이에서 남편도 모르는 위험천만, 다이나믹한 이중생활이 시작되는데...",2012-01-18,124,"로맨스, 드라마, 코미디",https://image.tmdb.org/t/p/w500/h0jdTVnVYzofkmLTXyH73JMc0HX.jpg,6.2,1.3037,MOVIE
더 게임,"공원에서 사람들의 초상화를 그려주는 거리의 화가 민희도는 가난하지만 사랑하는 연인 은아와 함께라면 작은 일상마저 소중하다고 느끼는 평범한 청년. 어느 날, 그에게 정체불명의 전화가 걸려온다. 그리고 비밀스럽고 거대한 저택으로 초대된 그에게 금융계의 큰 손이라 불리는 강노식은 거액이 걸린 일생 일대의 내기를 제안한다. 그의 무모한 제안에 흔들리던 희도는 결국, 사랑하는 사람과 행복했던 자신의 평범한 일상을 지키기 위해 노식의 제안을 받아들이고 인생을 건 최대의 도박을 시작한다.",2008-01-31,116,"스릴러, 드라마",https://image.tmdb.org/t/p/w500/A7Y36qHIUqOK1R9nxkT4ZNaPVRw.jpg,5.697,1.7122,MOVIE
더 펜션,누구에게나 특별한 기억과 사연이 담긴 펜션이라는 하나의 공간에 방문한 주인공들이  특별한 사연의 낯선 인물과 만나면서 겪게 되는 각기 다른 4가지 이야기를 옴니버스 형식으로 담은 작품,2018-06-21,113,드라마,https://image.tmdb.org/t/p/w500/pOTArBrmNazebJvKtLd4DDzE0Sa.jpg,5,1.0152,MOVIE
더 폰,"2014년 5월 16일 서초동 주택가 살인사건 발생. 아내가 살해당한 지 1년 후, 그녀가 내게 전화를 걸어왔다! 모든 것을 되돌릴 단 한 번의 기회! 동호는 과거로부터 걸려온 전화를 통해 1년 전 그날을 바꿀 수 있는 기회를 얻게 되는데…  아내를 구하기 위한 사상 최악의 사투가 펼쳐진다!",2015-10-22,114,"스릴러, 액션, 미스터리",https://image.tmdb.org/t/p/w500/vmk6jN98rr1TcHubmR2ZefMI7bt.jpg,6.9,1.9398,MOVIE
더스트맨,"수시로 먼지 경보가 울리는 서울역. 이곳을 근거지로 노숙 생활을 하는 태산은 얼핏 보기에도 다른 노숙자와 달라 보인다. 그는 지하도나 비어 있는 가게 등에서 김씨 아저씨, 도준과 함께 가족처럼 생활한다. 태산은 어느 날 미술학도인 여성 모아를 알게 되고, 그와 함께 먼지가 쌓인 자동차 위에 그림을 그린다. 태산과 모아가 그린 ‘더스트 아트’ 작품은 소셜 미디어를 통해 널리 알려지게 된다. 자살을 시도한 듯 보이는 손목 상처와 간헐적으로 등장하는 이미지를 통해 우리는 태산이 과거 커다란 충격을 받았으며, 이를 여전히 극복하지 못하고 있다는 사실을 알게 된다. 그러던 태산은 우연히 그리게 된 먼지 그림을 통해 삶을 긍정하게 되고 트라우마에서 벗어나기 시작한다.",2021-04-07,92,드라마,https://image.tmdb.org/t/p/w500/8I9HuPOnfvdxbFw2a0yjiya7Ixm.jpg,5.5,1.085,MOVIE
덕구,"어린 손자와 살고 있는 일흔 살 덕구 할배는 자신에게 주어진 시간이 얼마 남지 않음을 알게 된다. 세상에 덩그러니 남겨질 두 아이들을 위해 할배는 자신을 대신할 사람을 찾아주기로 하고, 홀로 먼 길을 떠나 특별한 선물을 준비하는데...",2018-04-05,91,드라마,https://image.tmdb.org/t/p/w500/l92mJrWETmi0sTgbwNii16FkTmg.jpg,6.9,1.1293,MOVIE
덕수리 5형제,"만났다 하면, 물고 뜯고 싸우는 웬수 같은 5형제가 부모님의 부름으로 한자리에 모인다 하지만, 당연히 집에 있어야 할 부모님이 갑자기 사.라.졌.다?! 사라진 부모님을 찾아라! 웬수 같은 5형제의 합동수사작전! 행방불명 된 부모님을 찾기 위해 파출소에 신고도 해보지만 아무도 거들떠 보지 않고, 조용한 줄로만 알았던 덕수리 마을의 모든 것이 의심스러워지기 시작 하는데… 서로 힘을 합쳐 똘똘 뭉쳐도 모자랄 판에 눈만 마주치면 으르렁대는 5형제는 과연 제대로 된 수사작전을 펼쳐서 부모님을 찾아낼 수 있을까?",2014-12-04,102,"스릴러, 코미디",https://image.tmdb.org/t/p/w500/lasEa1dcCs2iwn4lEzldhqmaP0R.jpg,7.7,1.0518,MOVIE
덕혜옹주,"강제 국권피탈 이후, 이완용을 포함한 친일파들은 고종을 노골적으로 궁지에 몰아넣는다. 어느 날, 고종은 의문의 죽임을 당하고, 이완용의 수하인 한택수는 영친왕을 설득해 덕혜옹주를 일본에 강제로 유학 보내기로 한다. 어쩔 수 없이 일본으로 떠나게 된 덕혜옹주는 유모인 복순과 함께 새장에 갇힌 새 같은 삶을 살아간다. 매일같이 고국 땅을 그리워하며 살아가던 덕혜옹주 앞에  어린 시절 친구로 지냈던 장한이 나타나고,  영친왕 망명작전에 휘말리고 마는데...",2016-08-03,127,"액션, 드라마, 역사",https://image.tmdb.org/t/p/w500/x2O5VWZwP5aYByrw6OaHhnvxBMr.jpg,6.607,1.7339,MOVIE
데드 엔드,"조작방송으로 인해 지방으로 좌천당한 정PD 앞에 그를 다시 서울로 돌아가게 할 백 년 산삼이라는 촬영 소재가 나타난다. 전직 심마니였던 산삼 중개인 박사장, 조연출 상국과 함께 산 속 마을 미치리로 온 정 피디는, 촬영을 고사하는 어인마니(심마니) 순삼을 촬영에 합류시키기 위해 삼천 배를 올린다.  심마니 주범과 함께 산에 오른 촬영팀은 쉽게 산삼을 발견하지 못하는데..  조연출 상국은 주위를 배회하는 수상한 그림자를 감지하지만 누구도 그의 말을 귀담아 듣지 않는다. 촬영이 끝난 늦은 밤 미치리의 밤하늘에는 무당의 방울 소리가 불길하게 울린다.  백 년 산삼은 쉽게 모습을 드러내지 않고 촬영팀의 마음은 점점 초조해진다.  순삼의 의붓 딸 순이는 50년을 기다린 순삼의 소망을 이루기 위해 스스로 무녀의 길을 선택한다.  백 년 산삼에 가까워 질 수록 촬영팀은 하나씩 사라지고…  정PD는 카메라만 남은 두메산골에서 백 년 산삼 뒤에 가려진 진실을 마주한다.",2013-11-14,96,"스릴러, 미스터리",https://image.tmdb.org/t/p/w500/isWN4CaRaDtZuvkBROKGSvlNp1u.jpg,5,0.9385,MOVIE
도가니,"믿을 수 없지만, 한 청각장애인학교에서 실제 일어난 사건입니다. 2000년부터 5년간 청각장애아를 상대로 교장과 교사들이 비인간적인 성폭력과 학대를 저질렀습니다. 인정하고 싶지 않지만 이 이야기는 진실입니다. 이제 이 끔찍한 진실을 마주해야 할 시간입니다.",2011-09-22,124,드라마,https://image.tmdb.org/t/p/w500/pUfuy7mSXw0dohRPeWnrhoIJdOU.jpg,8.161,5.7822,MOVIE
도굴,"흙 맛만 봐도 보물을 찾아내는 타고난 천재 도굴꾼 강동구. 자칭 한국의 인디아나 존스로 불리는 고분벽화 도굴 전문가 존스 박사와 전설의 삽질 달인 삽다리를 만나 환상의 팀플레이를 자랑하며 위험천만하고도 짜릿한 도굴의 판을 키운다. 한편, 그의 재능을 알아본 고미술계 엘리트 큐레이터 윤실장은 강동구에게 매력적이면서도 위험한 거래를 제안하는데...",2020-11-04,115,"코미디, 모험, 범죄",https://image.tmdb.org/t/p/w500/sVOZNc9OibkzhdFLLMnoFpd1GVu.jpg,7.2,2.7342,MOVIE
도레미파솔라시도,"우스운 용가리 탈을 쓰고 놀이동산에서 알바를 하던 정원(차예련)은 자신의 탈을 쓴 모습을 놀리며 심기를 긁어 놓은 은규(장근석)에게 콜라를 들이부으며 복수를 한다. 그러던 어느 날, 옥상을 넘나들며 몰래 알바를 다니던 정원은 일주일 전 옆집으로 이사 온 은규에게 딱 걸리고, 은규가 지난 놀이동산에서 자신이 콜라를 부었던 녀석이라는 것을 알고 당황한다. 그 와중 몰래 알바를 다닌다는 사실을 부모님께 이르겠다는 은규의 협박에 못 이겨 일주일 동안 기타를 들어주기로 하는데… 정원은 매력적인 목소리와 자상함까지 갖춘 밴드 ""도레미파솔라시도""밴드의 리드 보컬인 은규에게 점차 호감을 느끼고 은규 역시 정원에게 좋은 감정이 생기면서 두 사람은 어느 새 연인 사이가 된다. 그렇게 아름다운 사랑이 싹틀 즈음, 연습실에 찾아간 정원은 그 곳에서 우연히 10년 전 서로 좋아했지만, 불미스러운 일로 사이가 멀어진 희원(정의철)을 다시 만나게 되고 그들의 과거의 비밀들이 하나 둘씩 밝혀지면서 은규, 희원, 정원의 갈들이 시작되는데…",2008-04-03,105,"로맨스, 드라마",https://image.tmdb.org/t/p/w500/bd6Cxzay5fBJbNSX7p39ZP4HbiW.jpg,6,1.0841,MOVIE
도마뱀,구름 한 점 없이 맑은 날. 학교로 향하는 조강 앞에 노란색 우비를 입은 소녀 아리가 나타난다. 아리를 본 순간 조강은 찌릿찌릿 전기가 통하는 것을 느끼고 신기하게도 둘은 같은 반 짝궁이 된다. 자신은 지구인이 아니라서 노란 우비를 입어야 저주를 막을 수 있다며 당돌하게 말하는 아리. 그런 아리가 무서운지 아이들은 피하기 바쁘지만 조강만은 그녀의 든든한 짝이 되어 준다.,2006-04-27,117,"로맨스, 드라마",https://image.tmdb.org/t/p/w500/Z9EXmkcuz9Rb9adRaXhLAbHrlq.jpg,6.8,1.1454,MOVIE
도어락,"오피스텔에 혼자 살고 있는 평범한 직장인 경민. 퇴근 후 집에 돌아온 경민은 원룸의 도어락 덮개가 열려있는 것을 발견한다. 불안한 마음에 도어락 비밀번호를 변경해보지만 그날 밤, 잠들기 전 문 밖에서 들리는 소리 '삐-삐-삐-삐- 잘못 누르셨습니다'  공포감에 휩싸인 경민은 경찰에 신고를 하지만 그들은 경민의 잦은 신고를 귀찮아 할 뿐, 대수롭지 않게 여긴다. 그리고 얼마 뒤, 경민의 원룸에서 낯선 사람의 침입 흔적과 함께 의문의 살인 사건이 발생하고 자신도 안전하지 않음을 직감한 경민은 직접 사건의 실체를 쫓게 되는데...",2018-12-05,102,"스릴러, 범죄, 미스터리",https://image.tmdb.org/t/p/w500/AbQGbP8QsUse2LuEh0zkWwU14Pq.jpg,7.432,2.6992,MOVIE
독,"부모의 유산을 처분하고 서울의 아파트로 이사 온 형국과 영애 부부 그리고 딸 미애. 곧 태어날 둘째와 새로운 사업까지 만사형통으로 세 식구는 달콤한 행복에 젖는다. 어느덧 이웃의 친절한 장로 부부와 가깝게 지내며 교회에도 나가지만 형국과 영애는 유독 딸 미애를 아끼는 장로의 노모가 불편하다. 그러던 어느 날, 장로의 노모가 세상을 떠나고 미애는 이상한 행동을 하기 시작하는데…",2009-08-20,115,공포,https://image.tmdb.org/t/p/w500/6qdlJr6nnmgwWpPs3UcfpNGTHJL.jpg,5,0.753,MOVIE
독전,"아시아 최대 마약 조직 산하에 있는 마약 제조 공장에서 의문의 폭발 사고가 발생한다. 목숨을 잃을 뻔했던 조직의 후견인 연옥은 배신감을 느끼고, 조직의 수장 이 선생을 오랫동안 쫓아왔던 형사 원호를 직접 찾아가 중요한 정보를 흘린다. 유일한 생존자였던 락은 조직으로부터 버림받은 후 원호의 수사에 적극적으로 협조하기로 한다. 두 사람은 이 선생과 거래를 할 예정이었던 진하림과 헌신적인 조직원 선창 사이를 오가며 이 선생의 실체에 조금씩 다가간다. 그리고 원호와 락 앞에 거물급 조직 인사 브라이언이 모습을 드러낸다.",2018-05-22,123,"범죄, 액션, 스릴러",https://image.tmdb.org/t/p/w500/uKrVg8dQUiXCR6Wf1yx573ElFT1.jpg,7.179,4.1274,MOVIE
돈,"오직 부자가 되고 싶은 꿈을 품고 여의도 증권가에 입성한 신입 주식 브로커 조일현. 빽도 줄도 없는, 수수료 O원의 그는 곧 해고 직전의 처지로 몰린다. 위기의 순간, 베일에 싸인 신화적인 작전 설계자 번호표를 만나게 되고, 막대한 이익을 챙길 수 있는 거래 참여를 제안 받는다. 위험한 제안을 받아들인 후 순식간에 큰 돈을 벌게 되는 일현. 승승장구하는 일현 앞에 번호표의 뒤를 쫓던 금융감독원의 사냥개 한지철이 나타나 그를 조여 오기 시작하는데…",2019-03-20,115,"범죄, 드라마",https://image.tmdb.org/t/p/w500/4aW4qAmWEmQjN3wWT9spMhjvM2B.jpg,6.71,1.8628,MOVIE
돈의 맛,"대한민국을 돈으로 지배하는 재벌 백씨 집안의 탐욕스러운 안주인 금옥. 돈에 중독되어 살아온 자신의 삶을 모욕적으로 느끼는 그녀의 남편 윤회장. 백씨 집안의 은밀한 뒷일을 도맡아 하며 돈 맛을 알아가는 비서 영작. 그런 영작에게 묘한 감정을 느끼며 다가가는 장녀 나미. 돈을 지배한, 돈에 지배된 그들의 얽히고 설킨 권력, 욕정, 집착의 관계들. 이 시대 최고의 맛! 돈의 맛에 중독된 대한민국 최상류층의 숨겨진 이야기가 공개된다.",2012-05-17,115,드라마,https://image.tmdb.org/t/p/w500/5wBYDAOVgPHGZzREG2mbVRzA3xv.jpg,5.5,2.6515,MOVIE
돈 텔 파파,"양아치 흉내를 내는 어리버리한 고삐리 철수, 담배불 입으로 끄기가 주특기인 애란과 우여곡절 끝에 ‘딱 하룻밤’을 보내게 된다. 그날 이후 애란에게는 소식이 없었고 1년 가까이 흐른 어느 날 그의 교실에 바구니하나가 퀵으로 배달된다. 바구니에 들어있던 것은 갓난 아기. 그날밤 애란이 철수의 아기를 가졌고 여고 화장실에서 출산한 것. 철수는 애란의 친구 순미를 찾아가 애란의 소재를 물어보지만, 미국으로 유학갔다는 소식을 듣고 돌아선다.",2004-09-03,102,"드라마, 코미디",https://image.tmdb.org/t/p/w500/aHke27RYPCmfILgR5WIW1nuMPda.jpg,4.2,1.0229,MOVIE
돌아와요 부산항애(愛),"엄마와의 마지막 약속을 지키고 싶었던 ‘태주’와  엄마 때문에 평생 죄책감에 시달린 ‘태성’,  그 둘의 삶은 처음부터 삐걱거리기 시작했고 성서에 등장하는 야곱과 에서 쌍둥이 형제처럼 서로 미워하다 결국 서로에게 결코 지울 수 없는 상처를 주고 서로 다른 길을 간다.  넌 좋은 놈 난 나쁜 놈… 그렇게 살자  20년 후,  태주는 서울 강남서의 경찰로  태성은 부산 최고의 유물밀반출 범죄조직 마립칸의 후계자로 서로 다른 길을 걷게 된다.  부산에서 발생한 일본 유물밀반출 사건을 조사하던 태주는  마립칸의 2인자인 태성과 다시 만나게 된다.  모든 걸 지키고 싶었다  세상에 거룩한 건 돈밖에 없다?!  돈이 거룩이고 돈이 의리인 태성…  그런 태성에게도 단 하나의 소중한 사람이 있다.  어릴 때부터 태성을 묵묵히 바라보는 그의 연인 찬미,  오직 찬미만을 바라보며 이 악물고 경찰로서 성공을 향해 달려왔던 태주.  그러나… 그들에게 죽도록 지키고 싶었던 충격적 진실이 밝혀진다.",2018-01-17,114,"범죄, 액션",https://image.tmdb.org/t/p/w500/3szLjJKhIelbgjIO9sY9KER8M8f.jpg,4.2,1.128,MOVIE
돌연변이,"약을 먹고 잠만 자면 30만원을 주는 생동성실험의 부작용으로 박구는 생선인간이 된다. 구는 일약 청년세대를 대표하는 상징이 되고, 생선인간 박구 신드롬이라는 사회현상으로까지 번진다. 그러나 제약회사의 음모로 구는 스타 생선에서 순식간에 죽일 놈의 생선으로 몰려 세상에서 퇴출당할 위기에 처하는데…",2015-09-14,92,"코미디, 드라마, SF",https://image.tmdb.org/t/p/w500/cvYLxlqoc9iTMHJik551CBI8SBe.jpg,6.2,1.0784,MOVIE
동갑내기 과외하기,"아버지의 실직으로 닭집 딸이 된 수완(김하늘 분), 대학 2학년인 그녀는 등록금을 위해 고액과외를 뛴다. 책상 밑으로 거울을 들이밀며 그녀의 치맛 속이나 궁금해 하는 골칫덩이들과의 험난한 대결, 불의를 참을 수 없는 그녀는 오늘도 과외 7일만에 짤리는 사고(?)를 치고 만다. 그러나 ""과외 없으면 등록금도 없다""를 외치는 엄마 등쌀에 또다시 과외전선으로 뛰어든 그녀, 마침내 막강 난적 지훈(권상우 분)을 만나게 된다.  벼락부자집 장남, 싸움꾼에, 학교 '짱'에, 고등학교를 2년 꿇은(?) 전적 화려한 동갑내기 제자 지훈... 첫 만남부터 반말은 기본이고 수업시간 내내 담배를 피워대는 지훈에게 질려버린 수완, 그만 두기엔 또 사고 치고 엄마 볼 면목이 없고 어떻게든 기선을 제압하려 두 팔 걷어 붙여 보지만 지훈의 적시타 한 방에 나가 떨어지고 만다. 그렇게 시작된 동갑내기 과외 수업, 그러나 그 둘 주변엔 심상찮은 사건들이 꼬리에 꼬리를 물기 시작하는데...",2003-01-30,110,"코미디, 로맨스",https://image.tmdb.org/t/p/w500/9MerPDkd32Xc8tw7pEhizPqSqzX.jpg,6.518,1.5349,MOVIE
동갑내기 과외하기 레슨 II,"짝사랑하는 남학생을 찾아 교환학생으로 한국에 온 재일교포 준꼬. 한국생활의 Sweet Home이 될 '게스트하우스 정(情)'! 친절한 주인아저씨, 맛있는 밥, 풀옵션 방까지 뭐하나 부족한 게 없다고 생각했지만... 손님유치에 혈안된 주인아저씨가 내어준 방은 실은 그집 아들이 쓰는 방! 사전통보도 못받고 자기방에 뻗어버린 주인집 아들 종만과 준꼬는 한국에서의 첫날밤부터 어이없는 '합방'을 하게 된다! 방을 빼려는 준꼬에게 주인아저씨는 아들방뿐만 아니라 토종한국인 종만의 일대일 한국어 과외지도까지 종합선물세트로 제공하며 준꼬를 붙잡는다. 두부 썰던 칼로 하나뿐인 아들을 협박하는 주인아저씨, 밀린 카드빚 때문에 억지로 한국어과외선생이 된 동갑내기 '종만', 외모는 꽃미남인데 배운 한국어라곤 확~ 깨는 반말뿐인 외국인 '조지', 틈만 나면 껄떡대는 '풍기'와 '문란'... 준꼬의 꿈많은 한국생활... 시작부터 심상치가 않다.  억지로 떠맡은 한국어과외가 귀찮은 종만, 서슬퍼런 아버지의 감시에 과외를 접을 수도 없고... 정반대로 한국어과외에 드높은 열성을 보이는 준꼬는 배운대로 전부 흡수하겠다는 일념으로 학구열을 불태운다. 그리하여 시작된 종만의 대충대충 야매과외! 무엇이든 가르쳐준대로 믿고 따라하는 준꼬에게 ""간장공장공장장은강공장장, 경찰청철창살은쌍철창살...""을 연습시키며 정작 자신은 그 시간에 술마시며 땡땡이치는 똥개훈련으로 시작, 한국에서 완전 먹어주는 인사말이라며 ""눈깔아 씹딱들아!""로 시작하는 온갖 비속어와 '욕'을 대책 없이 전수, 과외선생 잘못 만나 준꼬는 이미지 추락에 국제적 망신살만 뻗친다. 그러나 열공 과외모드에 돌입한 준꼬의 학구열은 그칠 줄 모르고, 무책임 과외와 비검증 실전 속에 점점 외국인 욕쟁이로 거듭나는 준꼬! 꿈 많던 준꼬의 한국생활...험악하고 험난하게 꼬여만 가는데...",2007-04-19,125,"코미디, 로맨스",https://image.tmdb.org/t/p/w500/vpyy12azrkbq7NH9PRZFKQYZuz4.jpg,6.048,1.3267,MOVIE
동네사람들,"여고생이 사라졌지만 너무나 평온한 시골의 한적한 마을, 기간제 교사로 새로 부임 온 외지 출신 체육교사 ‘기철(마동석)’은 동네 분위기가 심상치 않음을 감지한다. 실종된 여고생의 유일한 친구 '유진(김새론)'만이 친구가 납치된 거라 확신하여 사건을 쫓고, 의도치 않게 ‘유진’과 함께 사라진 소녀를 찾기 위해 나선 ‘기철’은 누군가에 의해 그녀의 흔적들이 사라지고 있다는 사실을 알게 되는데...",2018-11-07,99,"액션, 범죄, 스릴러, 미스터리",https://image.tmdb.org/t/p/w500/fL5OHCA7jXhvq4MOJAdVpJJzBF4.jpg,7.595,4.5952,MOVIE
동백,"3대째 국밥집을 운영하는 괴팍한 노인 순철. 하지만 불경기로 인해 식당의 존폐 위기가 찾아오고, 착하기만 한 아들과 철없는 손주는 도움이 되질 않는다. 그러던 어느 날, 식당에 한 낯선 손님이 방문한 후 거짓말 같은 일들이 벌어지는데…",2021-10-21,136,"가족, 드라마, 전쟁",https://image.tmdb.org/t/p/w500/cBVXRHBtwcxpz22c4Py2m9ZV3mq.jpg,6,0.7762,MOVIE
동주,"이름도, 언어도, 꿈도, 모든 것이 허락되지 않았던 일제강점기. 한 집에서 태어나고 자란 동갑내기 사촌지간 동주와 몽규. 시인을 꿈꾸는 청년 동주에게 신념을 위해 거침없이 행동하는 청년 몽규는 가장 가까운 벗이면서도, 넘기 힘든 산처럼 느껴진다. 창씨개명을 강요하는 혼란스러운 나라를 떠나 일본 유학 길에 오른 두 사람. 일본으로 건너간 뒤 몽규는 더욱 독립 운동에 매진하게 되고, 절망적인 순간에도 시를 쓰며 시대의 비극을 아파하던 동주와의 갈등은 점점 깊어진다. 어둠의 시대, 평생을 함께 한 친구이자 영원한 라이벌이었던 윤동주와 송몽규의 끝나지 않은 이야기가 지금 시작된다.",2016-02-17,110,"드라마, 역사",https://image.tmdb.org/t/p/w500/9h41fC92LWL3mk80zoHxIjVJL6I.jpg,7.8,1.0636,MOVIE
동해물과 백두산이,"흠 잡을 데 없는 엘리트 북한장교 최백두와 흠 잡을 데 너무 많은 제대말년 뺀질이 병사 림동해. 이 둘은 조선인민군 해군 제13전대 매봉산 기지에서 위대한 혁명과업 수행에 여념이 없었다. 화창한 어느 여름날 오후, 백두와 동해는 바닷가에 낚싯대를 드리운 채, 위가 마르고 닳도록 술을 들이 부으며 망중한을 즐기고 있었다. 바람은 솔솔 불고, 알딸딸하니 적당히 취기도 오르고, 백두와 동해는 기분좋게 잠이 든다. 눈을 떠보니 그들이 떠내려온 곳은 다름아닌 남한. 그것도 피서철의 동해안이었던 것이다. 과연 백두와 동해는 무사히 돌아갈 수 있을 것인가?",2003-12-31,104,코미디,https://image.tmdb.org/t/p/w500/bBWOPWaeYjzn2Y5pyH8reIkqYNI.jpg,6.3,1.0813,MOVIE
두 얼굴의 여친,"대학 7학년 백수에 돈 한푼 없어 남들이 먹다 남긴 과자부스러기를 주워먹는 찌질한 인생의 최고봉인 구창. 배가 고파 바닥에 떨어진 지갑에서 3천원을 꺼내 밥을 사먹다가 그것마저도 지갑주인인 ‘아니’에게 들켜버린다. 그날부터 계속 구창 앞에 나타나 엉뚱한 행동을 일삼는 ‘아니’. 구창의 역사적 면접 시험이 있던 날. ‘아니’는 구창에게 전화를 하고는 외친다. “미친년이라고 한번만 해줄래요. 미친년! 미친년!” 헤어진 남자친구를 잊지 못해 자꾸만 엉뚱한 사건을 만드는 그녀에게 태어나서 연애 한번 못해본 ‘구창’은 자꾸만 마음이 간다. 위로한답시고 키스모드로 들어가 구창의 생애 첫 키스가 이루어 질려는 찰라, ‘아니’는 갑자기 눈을 번쩍 뜨더니 키스도중 구창의 혀를 물고 늘어진다! 그리고는 외친다. “요 쒜끼! 쌍판을 확 갈아버릴라~” 자신이 ‘아니’ 몸 속에 있는 또 다른 인격인 ‘하니’라는 그녀. 불량배들과 1대 4로 붙어도 거뜬히 해치우고 툭하면 욕설을 날리는 그녀 때문에 ‘구창’의 얼굴엔 멍이 가실 날이 없다. 하지만 자신이 다중인격이라는 것을 모르는 ‘아니’는 구창의 멍든 얼굴을 보고는 어디서 다쳤냐며 되묻기만 해 구창은 당황스럽기만 하다. 이런 상황에도 불구하고 사랑스러운 ‘아니’에게 점점 빠지는 ‘구창’은 ‘하니’가 나왔을 때만 잠깐 참으면 마치 여자 둘을 한꺼번에 만나는 양다리 같다고 너스레를 떨기만 하고, 어느날 갑자기 드러나는 ‘아니’의 비밀에 또 다시 당황하고야 마는데… “그런거 있잖아요. 원래 내가 없었던 것 같은 느낌…오빤 그런 적 없었어요?” 재털이가 담배를 버리는 일 없이 평생 ‘아니’를 지켜주겠다고 맹세를 하는 구창. 그렇게 파란만장한 구창의 첫사랑이 시작된다.",2007-09-12,117,"코미디, 로맨스, 드라마",https://image.tmdb.org/t/p/w500/uzY4HgBLPVoqsyYu89kQNjuhUrk.jpg,6.5,1.1657,MOVIE
두개의 빛: 릴루미노,"시력을 차츰 잃어가고 있는 인수는 사진동호회에서 같은 시각장애를 가진 수영을 만난다. 잔뜩 움츠러든 자신과 달리 당당한 모습의 수영에게 호감을 느끼는 인수. 세 번의 출사, 다섯 번의 만남 속 그들은 서로의 빛이 될 수 있을까?",2017-12-21,31,"드라마, 로맨스",https://image.tmdb.org/t/p/w500/mNsrcvU2YchCSNJ3mj995lL0a70.jpg,7.978,1.0201,MOVIE
두근두근 내 인생,"한 때 헛발 왕자로 불리던 태권도 유망주 대수와 아이돌을 꿈꾸던 당찬 성격의 미라. 하지만 17살에 아이를 가져 불과 서른 셋의 나이에 16살 아들 아름이의 부모가 되어 있다.  남들보다 빨리 늙는 선천성 조로증인 아름이의 신체 나이는 여든 살. 어리고 철없는 부모지만 대수와 미라는 아름이와 씩씩하고 밝게 살아간다. 그러던 어느 날 그들의 사연이 세상에 알려지고, 하루하루 늙어가는 것이 전부였던 아름이에게 두근거리는 일들이 생기기 시작하는데...",2014-09-03,117,드라마,https://image.tmdb.org/t/p/w500/pUpWWJqTYWwtEWIjRVh8LRRp1JY.jpg,7.4,1.3884,MOVIE
두레소리,국립전통예술고등학교 3학년에 재학중인 판소리 전공 슬기와 경기민요 전공 아름은 세상에서 둘도 없는 단짝 친구 사이. 고3 여름방학. 남모를 부담과 불안감속에 방황하던 사고뭉치 두 녀석은 출석일수가 부족한 탓에 여름방학 특별수업에 참여하게 된다. 한 편 교육청으로부터 합창대회에 참가하라는 통보를 받은 학교는 새로 부임한 작곡가 출신 함선생에게 특별수업을 받는 아이들을 대상으로 합창부를 만들어 지도할 것을 요구한다. 그러나 서양음악전공인 함선생과 국악만 해온 아이들은 사사건건 부딪치기 일쑤! 과연 이들은 무사히 합창 공연을 마칠 수 있을까?,2012-05-10,108,드라마,https://image.tmdb.org/t/p/w500/imsZIa81jhA5SmdMZNb3YTpTwPX.jpg,0,0.8659,MOVIE
두사부일체,타고난 카리스마로 한국 조직사회에서 급부상하고있는 영동파 두목 계두식. 명동파를 접수하고 조직 수뇌부들과 처음으로 회의를 하게 된다. 큰 형님에게 떨어진 명령은 고등학교 졸업장. 수하 상두와 대가리는 두목을 학교로 보내기 위해 사립고교에 기부금 입학을 시키게 되는데...,2001-12-14,98,"액션, 코미디, 범죄",https://image.tmdb.org/t/p/w500/eKg1t2dkiO5cWv251sIytgEKLj0.jpg,6.2,1.7519,MOVIE
둠둠,자신에게 집착하는 엄마 때문에 전부였던 음악을 놓아버린 DJ 이나 길을 걷다 우연히 들려온 비트에 디제잉을 다시 하기로 결심하고 베를린에 갈 수 있는 오디션에 참가하는데...,2022-09-15,112,드라마,https://image.tmdb.org/t/p/w500/uFWgcJnC2cVqeUzHPSWwTU6YVh0.jpg,5,0.7262,MOVIE
디 워,"LA 도심 한복판에서 벌어진 의문의 대형 참사. 단서는 단 하나, 현장에서 발견된 정체불명의 비늘뿐. 사건을 취재하던 방송기자 이든은 어린 시절 잭에게 들었던 숨겨진 동양의 전설을 떠올리고. 여의주를 지닌 신비의 여인 세라와의 만남으로 인해 이무기의 전설이 현실로 다가오고 있음을 직감한다. 전설의 재현을 꿈꾸는 악한 이무기 부라퀴 무리들이 서서히 어둠으로 LA를 뒤덮는 가운데, 이들과 맞설 준비를 하는 이든과 세라. 모든 것을 뒤엎을 거대한 전쟁 앞에서 이들의 운명은 어떻게 될 것인가.",2007-08-01,92,"판타지, 드라마, 공포, 액션, 스릴러, SF",https://image.tmdb.org/t/p/w500/h252E4ZhETblM76j5KwbSZEv7id.jpg,4.6,3.8607,MOVIE
디바,"전세계가 주목하는 다이빙계의 디바 이영은 어느 날 동료이자 절친 수진과 함께 교통사고를 당한다. 사고 후 실종된 수진을 향한 이영의 애틋함과 달리 동료들은 수진에 대해 의문스러운 말들을 쏟아내고, 혼란스러운 와중에도 이영은 완벽한 실력을 되찾아야만 한다. 결국 최고를 지키고자 하는 강렬한 욕망과 수진의 진심에 대한 두려움은 이영을 점점 광기로 몰아넣는데...",2020-09-23,84,"미스터리, 스릴러",https://image.tmdb.org/t/p/w500/jQkMHzAT3lUjacDleVtSMrI0Vch.jpg,6.6,1.0553,MOVIE
딩동 챌린지,"Young-bi, who dances well and dreams of becoming an idol singer, Hae-yul, who dreams of becoming a star YouTuber, and Bora, an honor student who has just fallen in love for the first time, are friends of the same high school dance club. One day, they watch a video of a mission challenge where their wishes come true if they dance along in the video application ""Dingdong Challenge."" The three members who follow the mission dance in their own desires... As a result, death shadows begin to cast in front of them one after another.",2022-07-10,18,공포,https://image.tmdb.org/t/p/w500/bD9eXqpJTzltaz8vxQHH0sSPw1N.jpg,0,0.9668,MOVIE
뚝방전설,"온갖 욕설과 허풍으로 상대의 정신을 혼미하게 만드는 구강액션의 달인 유경로. 최선을 다해 싸움을 말리지만 부지불식간에 선빵을 날리는 원뻔치 3:1 기성현. 천하무적 암바 기술과 화려한 발차기로 상대를 제압, 모든 상황을 일순간에 마무리하는 카리스마 박정권. 이들은 일찍이 교내를 평정한 후, 학군을 넘어 뚝방까지 차례로 접수하며 급기야 노타치파를 결성하기에 이르는데. 훌륭한 건달이 되겠다는 포부를 안고 정권이 홀연히 자취를 감춘 지 어느덧 5년. 그들의 아지트 뚝방은 다시 뚝방파의 손에 들어가고 성현과 경로는 화려했던 과거를 뒤로한 채 하루하루를 살아간다. 노래방 최초의 남자 도우미로 화류계 생활을 하던 경로는 우연히 인생의 스승을 만나 교육계에 투신, 노래 교습소 강사로 아줌마들 사이 최고의 인기를 구가하고 있고, 만사에 심드렁하던 성현은 공부가 제일 쉽다는 진리를 터득하고 어엿한 의사로 환골탈태, 환자들의 엉덩이와 씨름하고 있다. 틈만 나면 잘 나가던 시절을 떠올리는 두 사람에게 현실은 맥없이 지루하기만 한데...",2006-09-07,94,"액션, 범죄",https://image.tmdb.org/t/p/w500/tKFL9v8Yrk3ORH6DdRqUHJfWqNq.jpg,5.1,1.0382,MOVIE
뜨거운 것이 좋아,"나이는 달라도… 일도, 사랑도, 연애도, 그것도! 뜨거운 것이 좋아! 인생에 우리 대신 심판을 해주는 사람이 있으면 좋겠건만, 언제나 그렇듯 선택은 자신의 몫! 오늘도 뜨겁게 고민하며 뜨겁게 살고 싶은 한 지붕 세 여자. 아미, 영미, 강애는 과연 어떤 선택을 하게 될까? 2008년, 뜨거운 Girl들의 선택이 궁금하다!",2008-01-17,110,"드라마, 로맨스",https://image.tmdb.org/t/p/w500/zLs1jxwUT5BMQ09fDf23t3uzv3g.jpg,5.4,1.0473,MOVIE
뜨거운 피,"부산 변두리 작은 포구 구암의 절대적인 주인 손영감, 그의 밑에서 수년간 수족으로 일해온 희수는 무엇 하나 이뤄낸 것 없이, 큰돈 한번 만져보지 못한 채 반복되는 건달 짓이 지긋지긋하다. 1993년, 범죄와의 전쟁 이후 새로운 구역을 집어삼키기 위해 물색중인 영도파 건달들은 아무도 관심 갖지 않는 구암에 눈독을 들이고, 영도파 에이스이자 희수의 오랜 친구 철진이 희수에게 은밀히 접근한다. 새로운 삶을 시작하려는 희수는 갈등하고, 조용하던 구암을 차지하려는 밑바닥 건달들의 치열한 생존 싸움이 시작되는데...",2022-03-23,119,"범죄, 액션, 스릴러",https://image.tmdb.org/t/p/w500/4c0jDc8NjTD07K8PeZbLRBb7zXL.jpg,6.318,2.0138,MOVIE
라듸오 데이즈,"제1화. 때는 바야흐로 1930년 일제강점기. 만사태평 천하제일 귀차니즘, 타고난 한량 PD 로이드가 있었으니.. 인생 다 귀찮아 죽겠는 그에게 오직 관심사는 당대 최고의 신여성이자 재즈가수인 ‘마리’뿐. 아~ 그러나 이 무슨 운명의 장난인가? ‘마리’는 ‘로이드’를 거들떠보지도 않는구나.  제2화. 할일 없고 낙 없는 우리의 ‘로이드’. 그의 운명을 바꿔 놓은 일생일대의 사건이 터졌으니.. 우연히 손에 넣은 시나리오가 그것이었던 것이다. 조선 최초의 라디오 드라마 ‘사랑의 불꽃’을 방송키로 결심한 ‘로이드’. 아~ 그러나 첫회부터 미스캐스팅! 실수연발! 애드립남발! 완전 방송사고 직전이구나!  제3화. 돌발 애드립 전문, 방송사고 다발 재즈가수 마리. 연기는 대충 액션은 오바, 푼수 기생 명월. 위기대처 능력 제로, 떠듬떠듬 아나운서 만철. 엔딩을 단 한번도 완성시켜 본적 없는 작가 노봉알. 거사를 꿈꾸는 의문의 소리효과 담당 요원 K. 위기일발 애드립의 귀재 천재사환 순덕.  아~ 드라마를 제대로 만들 수 있을지 참으로 의심스러운 구성이로다! 엉겁결에 모인 이들이 과연 일제의 감시를 뚫고 조선 최초의 라디오 드라마를 완성시킬 수 있을까~? 그것이 문제로다!",2008-01-31,111,코미디,https://image.tmdb.org/t/p/w500/gwBg1FevqC0ydLepleraITdFvop.jpg,6.4,0.9556,MOVIE
라라 선샤인,여성 성폭행과 복수를 소재로 시나리오 작업 중인 수진. 시간을 거슬러 보면 그녀에게도 매우 힘든 시간이 있었다. 수진의 시나리오 '라라 선샤인'은 그녀만의 세상이 된다.,2009-10-22,63,드라마,https://image.tmdb.org/t/p/w500/hnzGM73qSY1Ud5Qri3VfAjWTGdQ.jpg,0,0.8221,MOVIE
라스트 필름,"연극영화과 교수이자 영화감독인 ‘상민’은 학생들에게 영화를 가르치지만 정작 자신은 빚쟁이 때문에 학교에 텐트를 치고 사는 남루한 처지다. 돈 안되는 영화는 그만 두라는 주변의 만류와 죽음마저도 쉽지 않은 답답한 현실 속에 어느 날 갑자기 사채업자 ‘만복’이 나타나 자신의 이야기를 영화로 만들어주면 빚을 전부 갚아주겠다는 거래를 제안한다. 그 후 ‘상민’은 ‘만복’과 동행하며 꿈인지 현실인지 모를 일들을 경험하게 되는데...  가장 해보고 싶었던 어떤 것 ""라스트 필름""",2022-12-29,101,드라마,https://image.tmdb.org/t/p/w500/1iwzCXyvnqd5w5SyX1Pit9kiASE.jpg,5.5,0.9805,MOVIE
라이어,"택시업계 얼짱 타이틀 보유자 복병을 만나다!  인물 수려하고 성품 훌륭한 ‘모범’ 택시 운전사 정만철(주진모 분). 사랑에 목숨 거는 그는 현재 섹시한 정애(송선미 분), 청순한 명순(서영희 분)과 쌍방향 러브, 즉 ‘양다리’ 진행중이다. 그러던 어느 날, 그의 행복하던 일상이 악몽으로 돌변하는 사건이 발생했다. 엉겁결에 잡은 현상수배범 덕분에 사회적 관심을 한 몸에 받게 된 것이다. 시민 영웅을 취재하기 위해 몰려드는 매스컴, 범인과 그의 관계를 의심하는 경찰, 과연 그는 이중 생활이 발각되기 직전의 대위기를 어떻게 모면할 것인가?  상황은 악화일로! 누군가 날 좀 도와줘~  한 순간을 모면하기 위해 엉겁결에 내뱉은 거짓말을 수습하기 위해 지푸라기라도 잡는 심정으로 백수 동창 노상구(공형진 분)에게 도움을 청한 만철. 그러나 상구의 어설픈 어시스트는 불난 집에 기름 붓는 격이었으니... 각기 다른 이유로 만철을 의심하는 박형사(손현주 분)와 김기자(임현식 분)가 그를 밀착 마크하기 시작하면서 만철의 거짓말은 점점 돌이킬 수 없이 부풀어만 가는데...",2004-04-23,114,코미디,https://image.tmdb.org/t/p/w500/l2m2pqVFoH97qu1OrY6uKwuMzeg.jpg,6.2,1.1615,MOVIE
러브픽션,"완벽한 여인을 찾아 헤맨 나머지 31살 평생 제대로 된 연애 한번 해 보지 못한 소설가 구주월. 그런 그의 앞에 모든 게 완벽한 여인 희진이 나타난다. 첫 눈에 그녀의 포로가 되어 버린 주월은 모든 수단을 동원하여 희진을 자신의 여자로 만들기 위해 애쓴다. 그런 주월의 순수하고 귀여운 모습에 희진도 조금씩 마음을 열기 시작한다.  드디어 시작된 그녀와의 연애! 그녀를 위해서라면 목숨도 아깝지 않은 주월은 끓어오르는 사랑과 넘치는 창작열에 마냥 행복하기만 하다. 그러나 시간이 갈수록 그녀의 괴상한 취미, 남다른 식성, 인정하기 싫은 과거 등 완벽할 거라고만 생각했던 희진의 단점이 하나 둘씩 마음에 거슬리기 시작하는데...",2012-02-29,121,"코미디, 로맨스",https://image.tmdb.org/t/p/w500/lafycbbQnN3u98XbtTZjLWDJ318.jpg,6.6,1.6149,MOVIE
럭키,"냉혹한 킬러 형욱은 사건 처리 후 우연히 들른 목욕탕에서 비누를 밟고 넘어져 과거의 기억을 잃게 된다. 인기도, 삶의 의욕도 없어 죽기로 결심한 무명배우 재성은 신변 정리를 위해 들른 목욕탕에서 그런 형욱을 보게 되고, 자신과 그의 목욕탕 키를 바꿔 도망친다. 이후 형욱은 자신이 재성이라고 생각한 채, 배우로 성공하기 위해 노력하는데…",2016-10-13,112,"액션, 코미디, 범죄",https://image.tmdb.org/t/p/w500/32ZO0IREGvASVhb2XPnlYNgkCtX.jpg,7.168,2.5956,MOVIE
런닝맨,"한 때 ‘도망 전문가’로 명성을 날렸지만  이제 낮에는 카센터 직원, 밤에는 콜 전문 기사로 활동 중인 차종우. 어린 나이 ‘사고’를 쳐 얻은 18살 나이차 아들 기혁과는 관계가 소원한 철부지 아빠지만 아들과 단둘이 살만한 집을 마련하는 것이 유일한 꿈이다. 어느 날, 큰 돈을 주겠다던 대박 손님이 차 안에서 죽은 채 발견되는 사건이 발생하고, 본능적으로 현장에서 도망 친 종우는 하루아침에 살인 사건의 유력한 용의자가 된다. 아들에게 조차 의심받는 상황 속, 전국민이 주목하는 살인용의자가 된 종우는 경찰, 언론, 정체불명의 이들에게 쫓기게 된다. 주변 인물마저 목숨을 잃게 되자 더 이상 물러설 곳 없는 종우는 누명을 벗고 아들에게 부끄럽지 않은 아빠가 되기 위한 반격을 준비하는데...",2013-04-03,127,"액션, 모험, 코미디, 스릴러",https://image.tmdb.org/t/p/w500/2zlJ8KcC1obHK4ekcMCnYsDMrHK.jpg,6.309,2.1485,MOVIE
레드카펫,"섹드립의 황제 조감독 진환, 할리우드를 능가하는 19금 CG계의 감성변태 준수, 입사하자마자 감춰왔던 음란마귀의 본색을 드러낸 엘리트 출신 막내 대윤, 그리고 이들을 이끄는 19금계의 순정마초 감독 정우. 백전 백승 무적의 시스템으로 19금계의 흥행 불패 신화를 새로 쓰고 있는 영화 제작사 ‘꼴’사단에게 떨어진 미션! “TOP 여배우를 캐스팅하라!”  자타공인(?) 흥행여신 정은수를 전격 캐스팅한 어벤져스 군단은 은수와 함께 NEW 프로젝트를 시작한다. 하지만, 경력 10년 차 베테랑으로 여자에 대해서라면 더 이상 궁금할 것도 없었던 정우의 호기심을 제대로 자극한 은수 덕분에 시작부터 이들 사이엔 므흣야릇(?)한 썸의 분위기가 감지 되는데…",2014-10-23,117,"로맨스, 코미디",https://image.tmdb.org/t/p/w500/vX57D3zcZQPUuuVjkli3GU0BX5O.jpg,5.9,1.5093,MOVIE
레슬러,"과거 레슬링 국가대표였지만  특기는 살림, 취미는 아들 자랑, 남은 것은 주부 습진뿐인 프로 살림러 ‘귀보’(유해진). 그의 유일한 꿈은 촉망받는 레슬러 아들 ‘성웅’(김민재)이 금메달리스트가 되는 것이다. 오늘도 자신은 찬밥을 먹으며 아들에게는 따뜻한 아침밥을 챙겨주고  레슬링 체육관에서 아줌마들에게 신나게 에어로빅을 가르치던 ‘귀보’는  국가대표 선발전을 앞두고 훈련에 나가지 않겠다는 ‘성웅’의 청천벽력 같은 이야길 듣게 된다. 갑작스런 아들의 반항에 당황한 귀보. 설상가상으로 ‘엄마’(나문희)의 잔소리는 더욱 거세지고,  윗집 이웃이자 성웅의 소꿉친구 ‘가영’(이성경)은 귀보에게 엉뚱한 고백을 쏟아낸다. 거기에 소개팅으로 만난 의사 ‘도나’(황우슬혜)의 막무가내 대시까지. 평화롭던 일상이 순식간에 뒤집힌 귀보씨는 혼란에 빠지기 시작하는데...",2018-05-09,110,"코미디, 로맨스",https://image.tmdb.org/t/p/w500/rMKJxoQ2HyrKNxTq7qy4R7fqEXQ.jpg,6.7,1.3987,MOVIE
령,"첫 번째 기억 : 친구  어느 날 눈 떠보니 나는 사회학과 2학년 민지원으로 살고 있었다.  기억은 없지만, 행복해지고 싶었다.  그래서 민지원이라는 이름으로 살기로 했고, 그게 내가 할 수 있는 최선이었다.  그러나 어느 날, 유정이라는 친구가 찾아오면서 모든 것이 엉망이 되어버렸다.  나는 지금 혼란스럽다.  두 번째 기억 : 악몽  매일 밤 이상한 꿈을 꾼다. 낯선 공간, 낯선 사람들.  꿈 속의 나 역시 아무런 기억이 없다.  하지만 느낄 수 있다. 이건 악몽이다!  그 사람들은 누구고, 그 곳은 어딜까.  도대체 그들은 왜 나를 괴롭히는 걸까?  세 번째 기억 : 물  귀신이 보인다.  다른 사람 눈에는 보이지 않고 내 눈에만 보이는 그것. 그것은 귀신이라고 밖에 설명할 수 없다.  물에 흠뻑 젖은 여인이 나를 따라다니는 것만 같아 두렵다.  그녀는 지금도 어디선가 나를 보고 있는 건 아닐까?  그렇다면 왜 하필 나일까?  네 번째 기억 : 죽음  은서, 유정, 미경... 친구들이 모두 죽었다.  죽은 친구들 주변에는 정체불명의 물이 있었다. 경찰도 그녀들의 사인을 알 수 없다고 했다.  왜 실내에서 끔찍한 익사체의 모습으로 죽은 걸까?  다음은 내 차례가 아닐까? 참을 수 없이 무섭다.  머리 속이 너무나 복잡하다.  나는 이제 어떻게 해야 하는 걸까?  술래를 모른 채 숨바꼭질을 하고 있는 것만 같다.",2004-06-18,98,"스릴러, 공포",https://image.tmdb.org/t/p/w500/v910KprpT03amt5CZvhbNP9a3ao.jpg,6.007,1.1766,MOVIE
로맨틱 헤븐,"사랑하는 아내를 먼저 떠나 보낸 민규아내가 세상을 떠났다. 그리고, 아내가 마지막까지 꼭 안고 있던 빨간 가방도 사라졌다. 아내를 추억할 수 있는 일기, 수첩, 사진들도 함께 웃음마저도 잃어버렸다. 아내의 어떤 것도 남아 있지 않은 지금 이순간, 허전하기만 하다. 아직도 어딘가에 있을 것만 같은 그녀. 우선은 모든 추억이 담긴 그 빨간 가방을 찾아야만 한다. 암 투병 중인 엄마의 마지막 희망을 찾아나서는 미미이 세상 단 하나뿐인 엄마는 시한부 판정을 받고 골수기증을 기다리고 있다. 그러던 어느 날, 0.001%의 확률로 골수가 일치하는 사람을 찾는다. 그는 바로 애인을 죽이고 수배 중인 살인용의자. 하지만, 마지막 희망을 버리지 않고 경찰서 출퇴근과 잠복근무도 마다하지 않은 채 그 사람을 찾아 나선다. 평생 가슴에 묻어둔 할아버지의 첫사랑을 만나는 지욱항상 퍼지는 택시가 항상 불만이다. 모든 것을 잊어버려 할머니마저도 기억 못하는 할아버지도 불만이다. 하지만, 첫사랑 소녀의 이름만큼은 잊지 못하는 할아버지의 믿지 못할 이야기에 안타까운 마음만은 가득하다. 어느 날, 상상도 못한 곳에서 할아버지의 첫사랑을 만나게 되고, 둘의 마지막 만남을 꼭 이뤄주고 싶다.",2011-03-24,117,"로맨스, 드라마",https://image.tmdb.org/t/p/w500/nAMSC1Sosthww2PbGSsM0fE6uSq.jpg,6,1.1664,MOVIE
"로봇, 소리","10년전 실종된 딸, 포기하려는 순간 녀석이 나타났다!  2003년 대구, 해관(이성민)의 하나뿐인 딸 유주가 실종되는 사건이 벌어진다. 아무런 증거도 단서도 없이 사라진 딸의 흔적을 찾기 위해 해관은 10년 동안 전국을 찾아 헤맨다. 모두가 이제 그만 포기하라며 해관을 말리던 그때, 세상의 모든 소리를 기억하는 로봇 ‘소리’를 만난다.  “미친 소리 같겠지만,  이 녀석이 내 딸을 찾아줄 것 같습니다.”  해관은 목소리를 통해 대상의 위치를 추적할 수 있는 로봇의 특별한 능력을 감지하고 딸 유주를 찾기 위해 동행에 나선다. 사라진 딸을 찾을 수 있다는 마지막 희망을 안고 ‘소리’가 기억해내는 유주의 흔적에 한 걸음씩 가까워지는 둘. 한편, 사라진 로봇을 찾기 위해 해관과 ‘소리’를 향한 무리들의 감시망 역시 빠르게 조여오기 시작하는데… 과연 그들은 사라진 딸 유주를 찾을 수 있을까?",2016-01-27,117,"드라마, SF",https://image.tmdb.org/t/p/w500/2sAcfaBKW1ETstuLXXNkA9DAURI.jpg,6.7,1.2326,MOVIE
롱 리브 더 킹: 목포 영웅,"거대 조직의 보스로 거침 없이 살고 있는 장세출은 철거 용역으로 나간 재건설 반대 시위 현장에서 만난 강단 있는 변호사 강소현의 일침으로 그녀가 원하는 ‘좋은 사람’이 되기로 마음 먹는다. 모든 것을 내려놓고 새사람이 되기 위해 노력하던 장세출은 우연히 버스 추락 사고에서 온 몸으로 시민을 구하며 일약 목포 영웅으로 떠오르게 되고, 예기치 못한 사건으로 국회의원에 출마하게 된다. 발로 뛰며 점점 시민의 마음을 움직인 장세출의 입지가 높아지자, 목포에서 3선을 노리던 반대파 후보 최만수는 장세출을 눈엣가시로 여기고 그를 저지하기 위해 장세출의 라이벌 조직 보스 조광춘과 손을 잡고 음모를 계획하는데….",2019-06-19,118,"액션, 범죄, 코미디",https://image.tmdb.org/t/p/w500/afXCxF8OtebmfLB1NJIUWPM0ZxZ.jpg,6.5,1.737,MOVIE
롱디,"인디 밴드 연신굽신의 열렬한 팬에서 밴드의 보컬 태인과 연인으로 발전해 5년째 연애를 이어가는 도하와 연신굽신의 리더로 밴드를 지키며 뜨거운 이십 대를 지나왔지만 서른을 앞둔 지금, 꿈과 현실 사이 선택의 기로에 선 태인이 장거리 연애를 시작하게 되면서 새로운 국면에 접어드는 이야기.",2023-05-10,101,"로맨스, 코미디",https://image.tmdb.org/t/p/w500/fEos8O4ilPmeesnlgg7njW3roFl.jpg,6,0.8892,MOVIE
루시드 드림,"대기업 비리 전문 기자 대호는 3년 전 계획적으로 납치된 아들을 찾기 위해 '루시드 드림’을 이용,  과거의 기억으로 가 범인의 단서를 추적한다.  오른팔에 문신을 한 남자, 사진을 찍던 수상한 남자, 꿈마다 등장하는 의문의 인물까지!  베테랑 형사 방섭과 친구인 정신과 의사 소현의 도움으로  마침내 대호는 모든 단서가 지목하는 한 남자를 마주하게 되는데...",2017-02-22,101,"SF, 스릴러",https://image.tmdb.org/t/p/w500/aIEHU271nOo4WOpZ3vr1hGQOqpK.jpg,6.426,2.9915,MOVIE
리멤버,"뇌종양 말기, 80대 알츠하이머 환자인 한필주. 일제강점기 때 친일파들에게 가족을 모두 잃었다. 아내가 세상을 떠나자 필주는 60여 년을 계획해 온 복수를 감행하려고 한다. 그는 알바 중인 패밀리 레스토랑에서 절친이 된 20대 알바생 인규에게 일주일만 운전을 도와 달라 부탁한다. 이유도 모른 채 필주를 따라나선 인규는 첫 복수 현장의 CCTV에 노출되어 유력 용의자로 지목된다. 경찰은 수사망을 좁혀오고 사라져가는 기억과 싸우며 필주는 복수를 이어가는데…",2022-10-26,128,"스릴러, 액션, 드라마",https://image.tmdb.org/t/p/w500/mlO4jiKUm77l6l7XSGwjj0IzgL2.jpg,7.56,2.6955,MOVIE
리얼,"카지노 ‘시에스타’ 오픈을 앞둔 조직의 보스 장태영(김수현) 앞에  암흑가 대부 조원근(성동일)이 카지노의 소유권을 주장하며 나타난다.  조원근의 개입으로 카지노를 빼앗길 위기에 처한 장태영은  자금 문제를 해결하기 위해 투자자를 찾아 나선다.  어느 날, 이름뿐만 아니라 생김새마저 똑같은 의문의 투자자(김수현)가 나타나  자금은 물론 조원근까지 해결해주겠다는 제안을 한다.  의문의 투자자의 등장으로 조원근과 카지노를 차지하기 위한 전쟁이 시작되고  이들을 둘러 싼 거대한 비밀과 음모의 정체가 서서히 드러난다.  오직 진짜만이 모든 것을 갖는다!",2017-06-28,137,"액션, 범죄, 스릴러",https://image.tmdb.org/t/p/w500/9olCCHvaM8Oij0BxoOo00jcKmW.jpg,5.23,2.6475,MOVIE
리틀 포레스트,"서울에서 임용고시를 준비하던 혜원은 어느 겨울, 문득 짐을 챙겨 고향 미성리로 향한다. 집에 도착한 그녀가 가장 먼저 한 일은 꽝꽝 언 땅에 묻힌 배추를 꺼내 얼큰한 배춧국을 끓여먹는 것. 그날부터 혜원의 자급자족 농촌 라이프가 시작된다. 잠깐 쉬다가 금방 올라갈 거라고 믿었지만, 계절은 겨울로 시작해 봄, 여름, 가을을 거쳐 다시 겨울로 순환한다. 평생 마을을 떠나본 적 없는 그녀의 친구 은숙, 대기업에 다니다 귀촌해 농사꾼이 된 또 다른 친구 재하가 혜원과 함께다. 혜원은 친구들과 시간을 보내거나 직접 가꾼 작물로 요리를 해먹으며 지친 몸과 마음을 치유한다.",2018-02-28,103,드라마,https://image.tmdb.org/t/p/w500/adoiOpcuBUKeEqfzLqY47VBZN86.jpg,7.629,3.254,MOVIE
마녀,"10년 전 의문의 사고가 일어난 시설에서 홀로 탈출한 후 모든 기억을 잃은 자윤. 나이도, 이름도 모르는 자신을 거두고 키워준 노부부의 보살핌으로  씩씩하고 밝은 여고생으로 자라났다. 어려운 집안사정을 돕기 위해 상금이 걸린 오디션 프로그램에 출연한 자윤, 방송이 나간 직후부터 의문의 인물들이 그녀 앞에 나타난다. 자윤의 주변을 맴돌며 날카롭게 지켜보는 남자 귀공자, 그리고 과거 사고가 일어난 시점부터 사라진 아이를 찾던 닥터 백과 미스터 최까지 자신은 전혀 기억하지 못하는 그들의 등장으로, 자윤은 혼란에 휩싸이게 되는데...",2018-06-27,125,"액션, 드라마, SF",https://image.tmdb.org/t/p/w500/abWjmAyjSWqNo6C5ty3UZTZIYDz.jpg,7.917,9.321,MOVIE
마녀 2,"자윤이 사라진 뒤, 정체불명의 집단의 무차별 습격으로 마녀 프로젝트가 진행되고 있는 아크가 초토화된다. 그곳에서 홀로 살아남은 소녀는 생애 처음 세상 밖으로 발을 내딛고 우연히 만난 경희의 도움으로 농장에서 지내며 따뜻한 일상에 적응해간다. 한편, 소녀가 망실되자 행방을 쫓는 책임자 장과 마녀 프로젝트의 창시자 백총괄의 지령을 받고 제거에 나선 본사 요원 조현, 경희의 농장 소유권을 노리는 조직의 보스 용두와 상해에서 온 의문의 4인방까지 각기 다른 목적을 지닌 세력이 하나 둘 모여들기 시작하면서 소녀 안에 숨겨진 본성이 깨어나는데…",2022-06-15,137,"액션, 미스터리, 스릴러, SF",https://image.tmdb.org/t/p/w500/cah6iIYQBctvCmBjsKGb1NCiygr.jpg,7.438,9.6509,MOVIE
마녀의 관,chapter 1> 고골 원작의  VIY 를 영화화해야하는 젊은 영화감독 P는 오디션을 통해 뽑은 신인여배우가 어쩐지 불길하다. P는 그녀의 지나칠 정도로 완벽한 재능을 알 수 없는 이유로 자신에 대한 적개심이라고 해석하게 되는데...  chapter 2> 19세기 키예프의 신학생 호마는 들판에서 마녀를 만나 때려죽인다. 기구한 사연으로 영주의 딸 시신 옆에서 사흘 동안 기도문 낭독을 하게 된 호마. 호마는 이 젊은 아가씨의 시신이 마녀인 것을 알지만 기도문 낭독을 거부할 수 없다.  chapter 3> 오브리 밴드 뮤지션인 시각장애인 앙리박은 요즘 매우 행복하다. 젊은 연극인들을 소개받아서 밴드 일이 끝난 후 극단 음악 감독으로 활동하기 때문이다. 자신의 음악을 완벽하게 이해하고 사랑해주는 예술가 친구들을 얻은 앙리박. 그러나 그의 뒤를 미행한 룸메이트는 극단 연습실을 엿보다 소름끼치도록 무서운 비밀을 목격한다.,2008-10-01,120,"판타지, 공포",https://image.tmdb.org/t/p/w500/4EBZCFEw9KXwqHYCNqiIq5jztAL.jpg,0,1.2882,MOVIE
마담 뺑덕,"불미스러운 오해에 휘말려, 지방 소도시 문화센터의 문학 강사로 내려온 교수 학규는 퇴락한 놀이공원의 매표소 직원으로, 고여있는 일상에 신물 난 처녀 덕이와 걷잡을 수 없는 사랑에 빠진다. 그러나 학규는 복직이 되자마자 서울로 돌아가고 덕이는 버림 받는다. 8년 후, 학규는 작가로 명성을 얻지만 딸 청이는 엄마의 자살이 아버지 탓이라 여기며 반항하고, 학규는 눈이 멀어져 가는 병까지 걸린다. 모든 것을 잃을 위기에 처한 학규의 앞 집으로 이사 온 여자 세정. 눈이 거의 보이지 않는 학규가 세정이 8년 전 덕이라는 걸 모른 채 그녀에게 의지하는 사이, 청이 또한 그녀에게 집착하게 된다. 덕이 없이 아무것도 못하게 된 학규, 그리고 두 사람 사이를 눈치채고 위험한 질투를 시작하는 청이. 세 사람의 위태로운 관계의 한 가운데, 마침내 주도권을 쥔 덕이는 학규의 모든 것을 망가뜨리려고 하는데…",2014-10-02,111,"스릴러, 드라마, 로맨스",https://image.tmdb.org/t/p/w500/trvtnsNZjHwvB97RLQ3Nc5oncti.jpg,6.1,7.7933,MOVIE
마더,"읍내 약재상에서 일하며 아들과 단 둘이 사는 엄마. 그녀에게 아들 도준은 온 세상과 마찬가지다. 28세의 나이답지 않게 제 앞가림을 못 하는 어수룩한 아들  도준은 자잘한 사고를 치고 다니며 엄마의 애간장을 태운다. 어느 날, 한 소녀가 살해 당하고 어처구니없이 도준이 범인으로 몰린다. 아들을 구하기 위해 백방으로 뛰는 엄마. 하지만 경찰은 서둘러 사건을 종결 짓고 무능한 변호사는 돈만 밝힌다. 결국 아들을 구하기 위해 믿을 사람 하나 없이 범인을 찾아나선 엄마. 도준의 혐의가 굳어져 갈수록 엄마 또한 절박해져만 간다.",2009-05-28,128,"범죄, 드라마, 미스터리",https://image.tmdb.org/t/p/w500/lhxVHEkaOH51oazowpdCHJNLIBE.jpg,7.708,4.9496,MOVIE
마들렌,소설가를 꿈꾸는 국문학도 지석. 아르바이트로 신문배달을 시작한다. 길게 자란 머리를 자르기 위해 찾아간 헤어샵. 매력적인 여자가 자신의 이름을 부른다. 다름아닌 중학교 동창 희진. 헤어 디자이너를 꿈꾸던 그녀는 어린 나이에도 불구하고 수석 헤어 디자이너가 되어 있다. 당당하고 아름다운 그녀에게 지석은 호감을 느낀다. 희진 역시 때묻지 않고 순수한 그에게 끌리고. 몇 번의 우연한 만남이 이어지면서 둘은 가까워진다. 마침내 희진이 ‘한 달간의 연애’를 제안하는데...,2003-01-10,118,"로맨스, 드라마",https://image.tmdb.org/t/p/w500/lP9apJwM6KYddTSkhCaTJq6kz5h.jpg,5.4,1.0459,MOVIE
마린보이,인생 한 방을 꿈꾸다 억대의 도박 빚을 진 전직 국가대표 수영선수 천수는 국제적인 마약 비즈니스의 대부 강사장의 계획 아래 신종마약을 몸 안에 미션을 숨겨 바다 속을 헤엄쳐 운반하는 생존율0% '마린보이'로 훈련된다. 그들의 위험한 거래에 두 남자를 이용하려는 매력적인 여자 유리와 천수를 미끼로 강 사장을 잡으려는 마약 단속반 김반장이 예고 없이 뛰어들면서 한 치 앞을 알 수 없는 한판 승부가 시작되는데...,2009-02-05,118,"액션, 스릴러",https://image.tmdb.org/t/p/w500/ePwIkckrBQUXhIOsefwOpcyTAI9.jpg,5.5,1.0445,MOVIE
마법의 성,"남자가 채 모르는 남성의 모든 것 | 쏙쏙 바져드는 섹스 이야기! | 쉿! 절대 웃지 마세요 무지 심각한 야급니다!  훤칠한 키에 잘생긴 얼굴, 약사에 착하기까지 한 성빈(구본승 분)은 누가 봐도 일등 신랑감이다. 하지만 결혼을 한달 앞두고 약혼녀인 지혜(김지은 분)로부터 파혼을 당한다. 그 이유는 2년동안 사귀면서 지혜를 한번도 만족시키지 못했다는 것!  성빈은 자신의 콤플렉스인 59초의 벽을 허물기 위해 친구 정우(이주현 분)의 도움을 받기로 한다. 정우는 평상시에는 오이, 흥분하면 가지인 빅맨(홍록기 분)을 소개 시켜주지만 알고 보니 스몰맨이었다. 실수를 만회하듯 남자 중의 남자, 최고의 남자, 왕년에 흑인, 백인, 동양인 한꺼번에 세 명의 여자도 상대했다는 전직 장군을 소개 시켜준다. 하지만 장군 역시 조루증을 치료중인 도움이 안 되는 사람이었다.  정우는 성빈의 고민은 아랑곳하지 않고 중간에서 돈을 챙긴 것이었다. 자포자기 하듯 떠난 여행에서 성빈은 한 노인을 만나게 되고, 노인의 특별한 훈련을 받아 진정한 남녀의 관계를 깨닫게 된다. 그리고 지혜의 사랑을 얻어 결혼에 골인하게 되는데, 과연 비아그라 보다 강력한 노인의 가르침은 무엇이었을까?",2002-10-11,118,"드라마, 로맨스",https://image.tmdb.org/t/p/w500/a2gsP2QMkbHZpohu3ul5rELyHZS.jpg,4.083,1.2413,MOVIE
마스터,"화려한 언변, 사람을 현혹하는 재능, 정관계를 넘나드는 인맥으로 수만 명 회원들에게 사기를 치며 승승장구해 온 원네트워크 진회장. 반년간 그를 추적해 온 지능범죄수사팀장 김재명은 진회장의 최측근인 박장군을 압박한다. 원네트워크 전산실 위치와 진회장의 로비 장부를 넘기라는 것. 뛰어난 프로그래밍 실력과 명석한 두뇌로 원네트워크를 키워 온 브레인 박장군은 계획에 차질이 생긴 것을 감지하자 빠르게 머리를 굴리기 시작한다. 진회장은 물론 그의 뒤에 숨은 권력까지 모조리 잡기 위해 포위망을 좁혀가는 재명,  오히려 이 기회를 틈타 돈도 챙기고 경찰의 압박에서도 벗어날 계획을 세우는 장군. 하지만 진회장은 간부 중에 배신자가 있음을 눈치채고, 새로운 플랜을 가동하는데…",2016-12-21,143,"범죄, 액션",https://image.tmdb.org/t/p/w500/ebJHlPpLKi4giADhtLhYoV3hV6Q.jpg,6.927,1.6521,MOVIE
마약왕,"마약도 수출하면 애국이 되던 1970년대 대한민국, 하급 밀수업자였던 이두삼은 우연히 마약 밀수에 가담했다가 마약 제조와 유통 사업에 본능적으로 눈을 뜨게 되면서 사업에 뛰어든다. 뛰어난 눈썰미, 빠른 위기대처능력, 신이 내린 손재주로 단숨에 마약업을 장악한 이두삼. 사업적인 수완이 뛰어난 로비스트 김정아가 합류하면서 그가 만든 마약은 '메이드인 코리아'라는 브랜드를 달게 된다. 마침내 이두삼은 대한민국을 넘어 아시아까지 세력을 확장하며 백색 황금의 시대를 열게 된다 한편, 마약으로 인해 세상은 점점 불안해지기 시작하고 승승장구하는 이두삼을 주시하는 한 사람 김인구가 움직이기 시작하는데…",2018-12-19,139,"범죄, 액션, 드라마",https://image.tmdb.org/t/p/w500/vXqDNIp7CrUpkcBc8eMBtDPch4J.jpg,6.276,3.8577,MOVIE
마을금고 연쇄습격사건,"이제껏 나쁜 짓 한 번 한적 없는 배기로는 아픈 딸을 살리기 위해 은행을 털기로 결심 한다.  어설픈 가면, 후들거리는 다리, 과도 칼 하나 달랑 들고 은행에 들어서지만 아니나 다를까 착한 남자 배기로의 무모한 한탕 시도는 어설프기 짝이 없고, 잠시 후 들이닥친 진.짜. 은행강도에게 도리어 기선을 제압 당하고 만다. 설상가상 수상한 생수배달원까지 가세하고.. 금방 끝날줄 알았던 그의 계획은 예상 밖의 상황들로 꼬이기 시작한다.  글쎄, 무력진압은 안된다니까!!! 오늘따라 적극적인 구반장. 비리를 공모하던 은행 이사장의 죽음으로 구반장은 지금 당장 은행 속 비리문서를 빼내야만 하는 처지에 놓였다. 전문 금고털이범 도라이바를 생수배달원으로 가장시켜 긴급 투입하는데 하필이면 그 은행에 강도사건이 발생하고, 구반장의 상황도 난감하기 짝이 없다. 무력진압을 말리며 오늘따라 이상하게 적극적인 구반장은 급기야 강도들과 협상을 하겠다며 은행 안으로 들어간다.  서로 다른 속셈을 갖고 있지만 어느새 목표는 하나가 되어버린 사람들. 모.두.가. 털.어.야. 산.다.",2007-11-14,111,"코미디, 범죄",https://image.tmdb.org/t/p/w500/gN46VjPuzt6vwRAym52ZFtcQWba.jpg,5.8,1.3686,MOVIE
마이 뉴 파트너,경찰대학 수석 졸업에 인정이라고는 눈꼽만큼도 찾을 수 없는 냉혈한 강영준(조한선 분). 내사과 경위로 경찰 내에선 ‘경찰견’으로 통한다. 상대가 누가 되었든 집요하게 파고드는 그에게 드디어 사건은 걸려든다. 동료 형사의 비리 사건이 마약 유통망은 물론 경찰 내부와 깊게 연루되어있는 엄청난 사건임을 간파한 영준은 공조수사를 위해 그 누구도 원치 않는 부산으로 향한다.,2008-03-06,110,"액션, 코미디",https://image.tmdb.org/t/p/w500/rMq6c15yWcsNTfSUMug64l68bo5.jpg,5,0.6509,MOVIE
마이 블랙 미니드레스,"명문대 연영과 학생 유민, 혜지, 민희, 수진은 졸업만하면 영화의 주인공처럼 살 수 있을 것이라 믿는다. 하지만 쌓아놓은 스펙이라고는 그저 그런 몇 번의 연애와 클럽생활 뿐...현실의 벽에 부딪히고 만다. 같은 처지에 놓인 서로를 위로하며 지내던 중, 혜지가 스타덤에 오르게 되자 묘한 질투심이 생기면서 그들의 우정에도 금이 가기 시작하는데... 누구보다 눈부시게 살고 싶었던 그들에게 찾아온 인생의 20사춘기! 킬힐 보다 아찔하고 아메리카노 보다 씁쓸한 방황을 마치고 화려한 인생의 2막을 열 수 있을까?",2011-01-22,107,"드라마, 코미디",https://image.tmdb.org/t/p/w500/lBLLa9WQ0fFEzyNySIMLockwEuh.jpg,5.8,1.2721,MOVIE
마이 파더,친부모를 찾기 위해 주한미군으로 지원한 입양아 제임스 파커. 다섯 살 때 미국으로 입양된 그는 화목한 가정에서 건장한 청년으로 자랐지만 자신의 친부모를 찾고 싶은 마음만은 떨쳐버리지 못한다. 결국 주한미군으로 자원해 고국을 찾은 제임스는 카투사 친구의 도움으로 입양 전 잠시 머물렀던 춘천의 한 보육원을 찾아간다. 그곳에서 자신의 한국 이름이 공은철이란 사실을 알게 된 그는 TV프로그램에 출연해 친부모의 행방을 수소문한다.,2007-09-06,105,드라마,https://image.tmdb.org/t/p/w500/jcsCyiJyJOvhbOSMbwNH0lhr2hH.jpg,6.3,0.9764,MOVIE
마이웨이,"1938년 경성. 제 2의 손기정을 꿈꾸는 조선청년 준식과 일본 최고의 마라톤 대표선수 타츠오. 어린 시절부터 서로에게 강한 경쟁의식을 가진 두 청년은 각각 조선과 일본을 대표하는 세기의 라이벌로 성장한다. 그러던 어느 날, 준식은 예기치 못한 사건에 휘말려 일본군에 강제 징집되고 그로부터 1년 후, 일본군 대위가 된 타츠오와 운명적인 재회를 하게 된다. 2차 세계대전의 거대한 소용돌이에 던져진 두 청년은 중국과 소련, 독일을 거쳐 노르망디에 이르는 12,000Km의 끝나지 않는 전쟁을 겪으며 점차 서로의 희망이 되어가는데… 적으로 만나 서로의 희망이 된 조선과 일본의 두 청년 국적을 초월한 인간애의 드라마가 시작된다!",2011-12-21,137,"드라마, 액션, 역사, 전쟁",https://image.tmdb.org/t/p/w500/iMtEu7346RUV26OMwoqOPHrKERe.jpg,7.917,4.3766,MOVIE
마이 캡틴 김대출,"국보급 문화재가 사라졌다!  그 행방을 쫓고있던 냉철한 문화재 전문 도굴꾼 ‘대출’이  중요한 단서를 쥐고 있는 맹랑소녀 ‘지민’과 흡혈소년 ‘병오’를 만나게 된다. 날카로운 카리스마와 타고난 도굴꾼 대출,  이들이 결코 만만한 상대가 아님을 깨닫게 된다.  그 동안 눈빛만으로도 상대를 제압하던 대출에게도,  요 수상한 아이들은 도저히 권한 밖이다.  그렇다고 포기할 대출이 아니다. 어디로 튈지 모르는 이 아이들을 상대로  대출이 기이한 계획을 펼치기 시작한다.  이름하여 ‘문화재 관리국 특수 발굴 수사대’! 대출은 조수 임명장과 활동비 만원을 쥐어주며  아이들을 특수 수사 대원으로 임명하고는  시도 때도 없이 아이들을 구슬리고 윽박지르는 특수 수사 교육을 실시한다. 드디어 보물을 둘러싼 그들만의 은밀하고도 수상한 ‘작업’이 시작되고  이들은 예기치 못한 진짜 보물을 찾게 되는데…",2006-04-20,104,코미디,https://image.tmdb.org/t/p/w500/90FRJo7b4oRoI5cgTcJTV6grigh.jpg,5.8,1.011,MOVIE
마지막 선물,조직의 명령에 의해 살인을 저지르고 무기수가 된 태주(신현준). 그에게 오랜 친구이자 형사인 영우(허준호)가 찾아와 자신의 딸에게 간이식을 해달라고 요청한다. 그러나 영우로 인해 10일간의 귀휴를 받은 태주는 세희의 목숨은 상관없이 탈출만을 시도하는데…,2008-02-05,107,"드라마, 범죄",https://image.tmdb.org/t/p/w500/339Quwp4I3fomqJmnzLQkm7NZpq.jpg,6.3,0.8267,MOVIE
마파도 2,"여전히 한탕주의를 꿈꾸며 건수를 찾아다니는 충수는 재벌회장 박달구의 첫사랑 꽃님이 찾기라는 미션을 청탁받게 되고 박달구의 고향인 동백섬으로 향한다. 같은 배를 타게된 꽃미남 기영과 충수는 폭풍우에 휘말려 어느 외딴 섬에서 눈을 뜨게 되는데, 이런 젠장, 하필이면 또 마파도다!  그곳엔 여전히 엽기 할매 5총사가 사이좋게 살고 있고, 몇년만에 충수와 재회한 할매들은 간만에 찾아온 힘(?) 좋은 두 남자, 피똥싸게 부려먹기에 여념이 없는데. 더욱 강력하게, 더욱 교묘하게, 더욱 악랄하게 업그레이드 된 할매들의 빡센 노동착취를 피해 하루 빨리 꽃님이가 살고 있다는 동백섬으로 도망갈 궁리만 하던 충수, 어느날 동백섬이 마파도의 또다른 지명이라는 놀라운 사실을 알게 되고 다섯할매의 과거를 꼬치꼬치 캐묻는데. 조폭보다 더 무섭고, 남정네보다 더 험악한 할매5총사, 대체 청순가련 S라인 꽃님이는 누구? 충수는 겁나게(?) 어렵기만 한 꽃님이 찾기에 성공해, 1편에서 못이룬 인생역전의 꿈을 이룰 수 있을까? 그렇지만 오늘도 삽질로 하루가 간다.",2007-01-01,129,코미디,https://image.tmdb.org/t/p/w500/wkMmXZ4xryFpfEXabBHoM418Tah.jpg,5.2,1.2702,MOVIE
만남의 광장,"강원도 인적 드문 곳에 위치한 평화로운 마을 청솔리. 이 작은 마을 분교에 오랜만에 새로운 선생님이 부임할 예정이다. 하지만 이 곳에 부임하기로 한 진짜 선생님 장근(류승범)은 부임 도중 지뢰밭에서 때 아닌 노숙(?)생활을 시작하고, 우연히 마을을 지나던 ‘삼청교육대’ 출신의 공영탄(임창정)이 선생님으로 자리 잡는다. 답답할 정도로 대쪽 같은 성격에 매일 더하기 빼기만 가르치고, 선생님이라고 하기에는 뭔가 수상한 공영탄. 청솔리 마을 사람들은 이런 공영탄에게 점점 의심을 품기 시작하는데…",2007-08-15,107,코미디,https://image.tmdb.org/t/p/w500/6yUB2474sREiS9N9pxnSLJbPckI.jpg,6,1.5748,MOVIE
만약에 우리,"고향 가는 고속버스에 올라탄 은호와 휴학 후 어디론가 떠날 결심을 한 정원, 나란히 앉게 된 두 사람은 뜻밖의 인연을 맺는다. 서로의 꿈을 응원하며 의지하던 두 사람은 어느새 일상 깊숙이 스며들어 연인으로 발전한다. 웃고, 싸우고, 화해하며 세상을 다 가진 듯 뜨겁게 사랑하지만, 현실의 벽 앞에 두 사람은 결국 다른 길을 선택하게 된다. 그렇게 10년이 지난 후, 다시 마주한 순간 은호는 정원에게 오랫동안 묻어두었던 한마디를 꺼낸다.",2025-12-31,115,"로맨스, 드라마",https://image.tmdb.org/t/p/w500/3ajXIRwoTGvnlLWVPgZPrHgXIW.jpg,7.8,3.5581,MOVIE
말모이,"1940년대 우리말이 점점 사라져가고 있는 경성. 극장에서 해고된 후 아들 학비 때문에 가방을 훔치다 실패한 판수. 하필 면접 보러 간 조선어학회 대표가 가방 주인 정환이다. 사전 만드는데 전과자에다 까막눈이라니! 그러나 판수를 반기는 회원들에 밀려 정환은 읽고 쓰기를 떼는 조건으로 그를 받아들인다. 돈도 아닌 말을 대체 왜 모으나 싶었던 판수는 난생처음 글을 읽으며 우리말의 소중함에 눈뜨고, 정환 또한 전국의 말을 모으는 ‘말모이’에 힘을 보태는 판수를 통해 ‘우리’의 소중함에 눈뜬다. 얼마 남지 않은 시간, 바짝 조여오는 일제의 감시를 피해 ‘말모이’를 끝내야 하는데…",2019-01-09,135,"드라마, 코미디, 역사",https://image.tmdb.org/t/p/w500/bGFA0TYEjzsK2YL8IcodOIeCrhO.jpg,7.81,1.334,MOVIE
말아톤,"얼룩말과 초코파이를 좋아하는, 겉보기엔 또래 아이들과 다른 것 하나 없는 귀엽고 사랑스럽기만 한 초원. 어느날 초원이는 자폐증이라는 청천벽력같은 진단을 받게 되고, 엄마 경숙은 감당할 수 없는 현실 앞에 좌절한다. 그러나 경숙은 초원이가 달리기에만큼은 정상인보다도 월등한 능력을 가지고 있음을 발견하고, 달릴 때만큼은 남들과 다르지 않은 아들의 모습에 희망을 갖고 꾸준히 훈련시킨다.  시간이 흘러 어느덧 20살 청년이 된 초원. 그러나 지능은 여전히 5살 수준에 머물고 있다. 모르는 사람 앞에서 아무렇지도 않게 방귀를 뀌어대고, 동생에겐 마치 선생님 대하듯 깍듯이 존댓말을 쓰고, 음악만 나오면 아무데서나 특유의 막춤을 선보이기 일쑤이니, 어딜 가든 초원이가 있는 곳은 시끄러워지기 마련이다. 하는 짓이나 말투는 영락없는 5살 어린애이지만 어린 시절부터 꾸준히 해온 달리기 실력만큼은 여전히 최고인 초원. 경숙은 자신의 목표를 ‘초원의 마라톤 서브쓰리 달성’으로 정하고 아들의 훈련에만 매달린다...",2005-01-27,117,"드라마, 가족",https://image.tmdb.org/t/p/w500/acR9ItVZ1vgWClcCUiYtSFdvkkD.jpg,7.238,1.3417,MOVIE
말죽거리 잔혹사,"1978년 말죽거리의 봄, 현수는 강남의 정문고로 전학온다. 정문고는 선생 폭력 외에도 학생들간 세력다툼으로 악명높은 문제학교. 이소룡 열혈팬이라는 이유로 금새 죽고 못사는 친구가 된 모범생 현수와 학교짱 우식. 하교길 버스안에서 올리비아 핫세를 꼭 닮은 은주를 보고 동시에 반하는 현수와 우식. 하지만 은주는 다정한 현수보다 남자다운 우식에게 빠져든다.",2004-01-15,116,"로맨스, 드라마, 액션",https://image.tmdb.org/t/p/w500/9h0Pos3Ydu1TkO9vtFOs45osdLB.jpg,7.3,2.0088,MOVIE
말하는 건축가,"건축가 정기용은 대장암 판정 후, 자신의 건축세계를 담은 일민미술관 전시회 및 후배양성에 여전히 바쁘기 그지 없다. 무주공공프로젝트, 기적의 도서관 등 나눔의 미덕을 아는 공공건축의 대가이자 건축계의 이단아 故정기용은 마지막까지 사람과 자연을 향하는 건축을 알리고자 하지만, 시간은 얼마 남지 않는데…내가 사는 곳은 비록 월셋방일지라도, 모두가 사는 곳은 같이 나누는 것.그가 전하는 마지막 감동의 여정이 펼쳐진다.",2012-03-08,95,다큐멘터리,https://image.tmdb.org/t/p/w500/aTxQpjc7xpRSTrSrc2Sca1pbEJ5.jpg,9,1.1399,MOVIE
맹부삼천지교,"아들의 명문대 합격을 위해 완벽한 교육 환경을 찾아 이사하기를 세 번. 마침내 맹만수는 대한민국에서 내노라 하는 치마바람의 대가들이 거주하는 대치동 넘버원 아파트에 입주한다. 이미 그는 이전에 '전라도'에서 '서울 달동네 옥탑방'으로, 옥탑방에서 '앞에는 학교 뒤에는 산이 있는 아파트'로 교육 명당 찾아 이사짐 싸는 데는 달인이 되어있었던 터. 주변에 야밤에 술마시고 고성방가하는 이웃은 없는지, 시끄럽게 뛰어다니는 애들은 없는지, 꼼꼼하고 치밀하게 교육환경을 조사한 끝에 드디어 마음에 쏙 드는 교육 명당을 찾았다. 아니, 찾은 줄 알았다!  학업 향상에 도움이 된다는 모든 비법들을 따라 하며 아들 교육에 매진하던 맹만수, 목숨 걸고 이사온 대치동 넘버원 아파트에서 예상치 못한 이웃을 만났다. 모의고사 전국1등 학생이 산다던 앞집에 난데없이 수상쩍은 패거리들이 들락날락하니, 맹만수의 완벽한 교육 환경 만들기에 비상등이 켜졌다. 삼촌이면 그냥 얌전하게 삼촌일 것이지, 그 또한 만만치 않은 바지바람의 소유자라는데.. 강북고 전교1등이 만수의 자랑이고 삶의 희망이듯, 전국1등 현정이는 강두의 존재 이유다. 만수가 그를 쫓아내려고 치밀한 작전을 꾸몄지만, 강두는 미꾸라지 빠져나가듯 요리조리 피한다. 믿었던 아파트 주민들까지 점점 강두편을 들자, 위기감을 느낀 맹만수, 최강두에게 최후의 바지바람 대결을 요청하는데...",2004-03-26,117,코미디,https://image.tmdb.org/t/p/w500/lfKE79FgRhGG8uLLwqkecxXOuQu.jpg,6.3,1.3107,MOVIE
머니백,"가진 거라고는 몸뚱이뿐인 ‘민재’(김무열)는 엄마 수술비를 위해 보증금까지 털었지만,  이마저도 ‘양아치’(김민교)에게 모두 뺏기고 만다.  ‘양아치’는 사채업자 ‘백사장’(임원희)에게 뺏은 돈을 바치고,  이 돈은 고스란히 선거를 앞둔 ‘문의원’(전광렬)에게 돌아간다.  계속되는 적자 인생에 ‘백사장’은 ‘킬러’(이경영)를 고용해서 ‘문의원’을 처리할 계획을 세운다.  ‘백사장’은 도박장에서 저당 잡은 ‘최형사’(박희순)의 총을 ‘킬러’에게 배달하지만,  ‘택배기사’(오정세)가 실수로 ‘킬러’의 옆집 ‘민재’에게 맡기는데…  뺏고! 달리고! 쫓기는 ‘머니백’ 레이스가 시작된다!",2018-04-12,101,"범죄, 코미디, 액션",https://image.tmdb.org/t/p/w500/2gouU561RPpxuRuKhgK6vxU7ZlQ.jpg,6.25,1.5378,MOVIE
메이드 인 루프탑,"연인인 정민과 헤어지고 갈 데가 없어진 취준생 하늘은, 옥탑방에 사는 절친 봉식의 집에 얹혀살게 된다. 하이텐션+1인 방송 컨셉의 BJ로 일하는 봉식은 매력적인 직진남 민호로부터 구애를 받지만, 왠지 모르게 머뭇거리기만 한다. 하늘과 정민은 화해를 시도해 보지만 어긋나기만 하고, 의도치 않게 상처만 준다. 어느 날 정민이 교통사고를 당하고 하늘은 같이 키우던 고양이 아리를 데려와야 하는데……",2021-06-23,86,"드라마, 로맨스, 코미디",https://image.tmdb.org/t/p/w500/wsNITQPoUws8m8ZXuj16Za00c7B.jpg,6,1.201,MOVIE
메이드 인 차이나,"진실에 목숨을 건 남자, 진실을 숨겨야 사는 여자. 한국에 수출한 장어에서 수은이 검출돼 전량 폐기처분 당할 위기에 처한 중국인 ‘첸’(박기웅)은 쓰러진 아버지를 대신해 한국으로 밀입국한다. ‘첸’은 장어의 재검사 요청을 위해 무작정 식품안전처로 향하고, 그곳에서 검사관으로 일하는 ‘미’(한채아)와 만나게 된다. 국적도, 언어도 다른 두 사람 사이에 미묘한 기류가 흐르기 시작하고, 숨겨진 진실은 그들의 관계를 파국으로 치닫게 하는데…",2014-10-25,100,드라마,https://image.tmdb.org/t/p/w500/9OLR7N0CoHFDhoe3079Lp44KZln.jpg,5,1.0903,MOVIE
멜리스,"대학 시절 급격히 가세가 기울고 사회로부터 외면당한 뒤 철저히 자신을 숨긴 채 살아가던 ‘가인’. 어느 날 우연히 한때는 절친했던 여고동창 ‘은정’을 만난다.  화목한 가정, 안정된 직장까지 모든 것을 가진 친구에게 극도의 질투를 느끼는 그녀. 아무것도 가진 게 없는 자신의 모습에 초라함을 느끼고 서서히 자신이 ‘은정’이라는 망상에 사로잡히게 되는데…  마침내 ‘은정’의 삶을 송두리째 훔치려는 ‘가인’  그 잔혹한 계획의 최후는…?",2016-02-11,95,스릴러,https://image.tmdb.org/t/p/w500/yh4khOgt2F4NOOECu4rDfMGUap.jpg,4.6,0.7629,MOVIE
명당,"땅의 기운을 점쳐 인간의 운명을 바꿀 수 있는 천재 지관 박재상은 명당을 이용해 나라를 지배하려는 장동 김씨 가문의 계획을 막다 가족을 잃게 된다. 13년 후, 복수를 꿈꾸는 박재상 앞에 세상을 뒤집고 싶은 몰락한 왕족 흥선이 나타나 함께 장동 김씨 세력을 몰아낼 것을 제안한다. 뜻을 함께하여 김좌근 부자에게 접근한 박재상과 흥선은 두 명의 왕이 나올 천하명당의 존재를 알게 되고, 서로 다른 뜻을 품게 되는데…",2018-09-19,126,"드라마, 역사",https://image.tmdb.org/t/p/w500/fpFucJQ5eGlSE0v4PaZ2TOijxO5.jpg,7.2,1.2756,MOVIE
명량,"1597년 임진왜란 6년, 오랜 전쟁으로 인해 혼란이 극에 달한 조선. 무서운 속도로 한양으로 북상하는 왜군에 의해 국가존망의 위기에 처하자 누명을 쓰고 파면당했던 이순신 장군이 삼도수군통제사로 재임명된다. 하지만 그에게 남은 건 전의를 상실한 병사와 두려움에 가득 찬 백성, 그리고 12척의 배 뿐. 마지막 희망이었던 거북선마저 불타고 잔혹한 성격과 뛰어난 지략을 지닌 용병 구루지마가 왜군 수장으로 나서자 조선은 더욱 술렁인다. 330척에 달하는 왜군의 배가 속속 집결하고 모두가 패배를 직감하는 순간, 이순신 장군은 단 12척의 배를 이끌고 바다를 향해 나서는데...",2014-07-30,128,"전쟁, 액션, 드라마, 역사",https://image.tmdb.org/t/p/w500/fl3G8TprVzt4icbYyQKqdPmUfIO.jpg,6.993,3.0576,MOVIE
명왕성,"명문사립고 1등 유진이 학교 뒷산에서 사체로 발견되었다. 현장에 떨어진 핸드폰과 학생들의 증언으로 가장 유력한 용의자로 지목된 준. 그러나 이내 증거불충분으로 풀려난다. 유진이 이끌었던 비밀 스터디 그룹에 들어가기 위해 비윤리적인 입단 테스트로 고통받았던 준은 자신을 스터디 그룹의 일원으로 인정하지 않고 용의자로 몰아세운 멤버들을 찾아간다. 명문대 수시입학 축하파티를 앞둔 그들을 인질로 잡고, 우등생이란 가면 뒤에 숨겨진 추악한 본 모습을 하나씩 공개하면서 지금껏 외면해온 진실이 밝혀지는데…",2013-07-11,107,"드라마, 미스터리",https://image.tmdb.org/t/p/w500/ryGkF3jm44YietXGkc33ZuTQWV9.jpg,7.065,0.9642,MOVIE
모던 보이,"1937년 일제강점기, 조선총독부 1급 서기관 이해명(박해일)은 단짝친구 신스케(김남길)와 함께 놀러 간 비밀구락부에서 댄서로 등장한 여인 조난실(김혜수)에게 첫눈에 매혹된다. 온갖 방법을 동원한 끝에 꿈같은 연애를 시작하지만, 행복도 잠시. 난실이 싸준 도시락이 총독부에서 폭발하고, 그녀는 해명의 집을 털어 흔적도 없이 사라져버리고 만다. 난실을 찾아 경성을 헤매는 해명. 그가 알게 되는 사실은 그녀가 이름도 여럿, 직업도 여럿, 남자마저도 여럿인 정체가 묘연한 여인이라는 것! 밀려드는 위기감 속에서도 그녀를 향한 열망을 멈출 수 없는 해명. 걷잡을 수 없는 역사의 소용돌이 속으로 들어선 그는 또 어떤 놀라운 사건을 만나게 될 것인가!",2008-10-02,121,"전쟁, 로맨스, 드라마",https://image.tmdb.org/t/p/w500/2XOhg9w0tZtiIPCHzqErAyS48DM.jpg,6.8,1.0429,MOVIE
모럴센스,"할말은 하고 사는 홍보팀 사원 정지우. 부서 이동 후 모든 여직원의 관심을 받고 있는 잘생긴 대리 정지후. 이름만 비슷할 뿐 달라도 너무 다른 두 사람. 잘못 배송된 택배로, 지후의 절대 들키고 싶지 않은 성적 취향을 알게 된 지우는 점점 그에게 관심이 생기는데…",2022-02-11,118,"로맨스, 코미디",https://image.tmdb.org/t/p/w500/pDQOXcUs4hJvLlpkYn5VK0szzZF.jpg,6.752,3.9017,MOVIE
모범생,"여고생인 은별과 하늬는 전교1,2등을 다투는 학교에서 알아주는 모범생이다.  하늬는 반장이며 성적도 좋고,돈 많은 집안이고  아이들과의 친화력도 뛰어나 모두들 선망의 대상이다.  은별은 가난한 집안에 엄마랑 함께 살아가고 있다.  가난한 집안의 은별에게 하늬는 의지할수 있는 유일한 친구이다.  어느날,은별에게 시련이 닥치는데....  아이들은 잘못된 판단으로 인해 자신의 인생이  얼마나 끔찍하고 엉망진창으로 망가지게 될 것인지 모른다.  과연, 아이들은 구할수 있을건가?  가진 것에 대한 사회적 편견과 무관심이 불러온 한 소녀의 세상과  점점 멀어져야만 했던 슬픈 현실에서 부서지고 버려진 꿈들,짓밟힌 인생.  과연 아이들은 치유될 수 있을 것인가?  아이들은 다시 스스로의 자리에 돌아올 수 있을까?  진정 아이들을 받아줄 곳이 있을까?",2017-11-17,100,스릴러,https://image.tmdb.org/t/p/w500/Akt2MWAkgzpAzbc68mlFW5jRBLp.jpg,4,0.6379,MOVIE
목격자,"모두가 잠든 새벽, 비명소리를 듣고 베란다에 나간 상훈은 살인사건을 목격하게 된다. 신고를 하려던 순간, 손가락을 까딱거리며  자신의 아파트 층수를 세는 범인 태호와 눈이 마주치게 되는데…",2018-08-15,111,"스릴러, 범죄",https://image.tmdb.org/t/p/w500/g19rot2PyNKuldAD1IrMic1lYua.jpg,6.726,2.915,MOVIE
목숨 건 연애,"동네 사람 모두를 살인범으로 의심해 경찰은 물론 이웃들 사이에서도 이태원 민폐녀로 통하는 추리소설작가 한제인. 차기작 구성만 5년 째, 출판사에서도 포기 직전인 그녀는 이태원 연쇄살인사건을 모티브로 신작을 쓰기로 결심한다. 그러던 어느 날, 남다른 촉으로  위층에서 살인사건의 정황을 포착하게 되는데 경찰은 그녀의 말을 믿어주지 않는다. 이 참에 직접 살인범을 잡아 이태원 민폐녀에서 베스트셀러 작가로 명예회복을 결심한 제인. 이태원지구대 순경인 소꿉친구 설록환의 전폭적인 지원과 제인의 팬이자 날카로운 추리력까지 겸비한 정체불명의 매력남 제이슨의 도움을 얻어 본격적인 범인 추적에 나서는데…",2016-12-14,103,"로맨스, 스릴러, 코미디",https://image.tmdb.org/t/p/w500/wd2HYn9uYZPVORnjwMv0QwiFBZZ.jpg,6.9,1.4114,MOVIE
목포는 항구다,"아마추어 서울 형사 이수철은 성기파 내부의 마약루트를 알아내기 위해 목포조직에 잡입하면서 살얼음판을 걷는 것 같은 조직 체험을 하게 된다. 목포조직 성기파의 잠입을 시도하는 이수철.  첫 번째 관문 - 맨땅에 생매장 당하기. 백성기가 감방에서 모신 조태범 추천서 하나 달랑 들고 백성기를 찾아간 이수철. 추천서를 건네자마자 나오는 말 ""이 새끼 콱 파묻어 부러"" 그 둘 간에 무슨 사연이 있었길래...  두 번째 관문 - 인간 타종식. 이젠 내 방식대로 잠입하겠다는 불굴의 의지로 호시탐탐 기회를 노리고 있던 수철은 우연한 기회에 가오리파 일당이 백성기를 습격한다는 작전기밀을 입수하고 백성기에게 밀고하는데, 그 날 수철에게 떨어진 건 배신자라는 낙인과 함께 인간 타종식이 거행된다.  세 번째 관문 - 항구다방의 운짱. 배신자의 벌칙과 함께 그나마 공을 인정받아 성기파의 말단 조직원이 된 이수철. 그의 첫번째 임무는 오봉들을 실어 나르는 항구다방의 운짱. 조직내의 신분 상승을 UP시키기 위한 필살의 노력이 펼쳐진다.  네 번째 관문 - 권투시합 출전. 그런 그에게 한 줄기 광명이 비친 것이다. 보물선 탐사사업 유치를 위한 권투시합에 조직을 대표하는 권투선수로 발탁된 것. 6회전까지 버티지 못하고 주저앉으면 사시미 칼로 모가지를 확 따버린다는 협박에 이 악물고 버텨 극적인 KO승을 얻어낸 이수철은 결국 조직의 신데렐라로 떠오르게 된다.  이후, 백성기를 회장님이 아닌 형님이라고 부르게 된 이수철은 자기가 백성기를 잡으러 온 형사인지, 목포 건달 남기남인지 조차 헤깔리는 엉뚱한 상황이 벌어지는데... 이제 남은 임무는 마약밀매 증거를 입수하고 서울로 금의환향 하는 것! 남기남! 아니 이수철!. 그는 과연 백성기 조직을 정리하고 진정한 강력반 형사로 거듭날 수 있을 것인가?",2004-02-20,110,"코미디, 액션",https://image.tmdb.org/t/p/w500/nC4kD9NkjbR9jjRpwTEjY9PAFKG.jpg,5.5,1.3746,MOVIE
몬스터,"노점상을 하며 하나뿐인 동생과 살고 있는 '복순', 약간 모자라지만 제대로 건드리면 큰일나는 그녀는 동네에서 일명 '미친년'이라 불린다. 어느 날 그녀 앞에 나타난 냉혈 살인마 '태수'는 비밀을 감추기 위해 복순의 동생을 죽이게 된다. 동생의 복수를 위해 칼 한 자루 손에 든 채 그를 추격하는 복순, 그리고 살인을 마무리 하기 위해 집요하게 복순을 쫓는 태수.  포기를 모르는 두 괴물의 숨가쁜 추격이 시작된다!",2014-03-13,114,"스릴러, 드라마",https://image.tmdb.org/t/p/w500/wd8f6Ic5agwXjhp8E4Sk95nlg1R.jpg,6.604,2.031,MOVIE
못말리는 결혼,"전통 계승을 몸소 실천하는 풍수지리가 지만(임채무)의 외동딸 은호(유진)와 강남 큰손 럭셔리의 대표주자 말년(김수미)의 외아들 기백(하석진)이 운명 같은 사랑에 빠진다. 하지만 문제는 달라도 너무 다른 두 집안의 허락을 받아야 하는 것.  양쪽 부모님의 허락을 받기 위해 갖은 수단을 동원하지만 모두 실패로 끝나고, 두 사람의 상황은 급반전을 노리며 양가 부모의 만남을 주선해본다. 그러나 기름과 물 같은 그들의 신경전은 날이 갈수록 더욱 더 격해지고, 엎친 데 덮친 격으로 말년이 소유한 땅을 둘러싼 또 다른 악연이 모습을 드러내며 걷잡을 수 없는 상황으로 치닫는다. 이제 더 이상 기백과 은호의 만남을 두고 볼 수 없는 지만과 말년은 두 사람을 떼어놓기 위해 상상 할 수 없는 방해공작에 들어가고, 거기에 은호의 삼촌 지루(윤다훈)와 기백의 누나 애숙(안연홍)까지 가세해 사태는 점점 꼬여만 가는데. 달라도 너무 다른 두 집안의 못 말리는 사돈 맺기는 과연 성공할 수 있을까?",2007-05-10,115,코미디,https://image.tmdb.org/t/p/w500/5H0FUsQOjBx8X5IteHkhAvAC9eD.jpg,6.1,0.7542,MOVIE
몽정기,"용천 중학교 2학년 6반의 담임을 맡고 있던 노총각 공병철(이범수 분). 비록 지저분하고 고지식한 성격 탓에 ‘더티 테리우스’로 불리지만 아직 순수함을 간직한 더할 나위 없이 훌륭한 선생이다. 그런데 요즘, 동현을 비롯한 반 아이들의 상태가 심상치 않다. 알고 보니 남자라면 한번씩 겪고 지나가는 몽정기에 접어든 것. 자신도 겪은, 너무나 자연스런 현상임을 알기에 아이들의 엉뚱하고 황당한 행동을 그냥 웃어넘기던 병철이지만, 어느날 자신의 학급으로 파견된 싱그럽고 아리따운 여자 교생 유리(김선아 분)가 오고부터 상황은 달라진다.  유리가 등장하면서 가뜩이나 달아오른 몸이 더 달아오르기 시작하는 동현과 친구들은 성적 호기심의 대상이 꿈 속의 이름 모를 캔디에서 유리에게로 꽂히게 되고, 급기야 이들은 무모하고 황당한 행동으로 유리의 관심을 끌려 노력하는데. 하지만, 유리의 관심은 오로지 옛 스승이자 사춘기 시절 짝사랑의 대상이었던 공병철 뿐인데.",2002-11-06,94,"로맨스, 코미디",https://image.tmdb.org/t/p/w500/iNQaIZ47hUqo4ER3LEaI18cmaqa.jpg,5.438,1.2304,MOVIE
몽타주,"15년 전, 한 유괴범이 종적을 감춘다. 범인은 공소시효가 끝나기 5일전, 사건현장에 꽃 한 송이를 갖다 놓는다. 그로부터 며칠 후 15년 전 사건과 동일한 범죄가 되풀이 되고. 눈 앞에서 손녀를 잃어버린 할아버지, 15년 전 범인을 찾아 헤맨 엄마, 15년간 미제사건에 인생을 건 형사. 마침내 모두에게 결정적 순간이 찾아왔다.",2013-05-16,120,"스릴러, 드라마, 범죄, 미스터리",https://image.tmdb.org/t/p/w500/4c7F7FpIP4N2KCyUDZ6okREKLkq.jpg,7.279,3.0636,MOVIE
무뢰한,"범인을 잡기 위해선 어떤 수단이든 다 쓸 수 있는 형사 정재곤. 그는 사람을 죽이고 잠적한 박준길을 쫓고 있다. 그를 잡을 수 있는 유일한 실마리는 박준길의 애인인 김혜경. 재곤은 정체를 숨긴 채 혜경이 일하고 있는 단란주점 마카오의 영업상무로 들어간다. 하지만, 재곤은 준길을 잡기 위해 혜경 곁에 머무는 사이 퇴폐적이고 강해 보이는 술집 여자의 외면 뒤에 자리한 혜경의 외로움과 눈물, 순수함을 느낀다. 오직 범인을 잡는다는 목표에 중독되어 있었던 그는 자기 감정의 정체도 모른 채 마음이 흔들린다. 그리고 언제 연락이 올 지도 모르는 준길을 기다리던 혜경은, 자기 옆에 있어주는 그에게 마음을 열기 시작한다.",2015-05-15,118,"드라마, 범죄",https://image.tmdb.org/t/p/w500/3iaYivztstVlBxHVQBouHBQz2x9.jpg,6.5,1.446,MOVIE
무방비 도시,"국내 최고의 엘리트 형사들로 구성되어 각종 강력사건을 도맡아 처리하는 한국의 FBI, 광역수사대. 그 중에서도 최고의 검거율을 보이고 있는 광역수사대의 베테랑 형사 조대영에게 사건 조사 중이던 연쇄살인사건 대신 최근 기승을 부리고 있는 야쿠자와 연계된 기업형 소매치기 사건을 전담하라는 상부의 지시가 내려 온다. 왠지 소매치기 사건만은 맡고 싶지가 않은 대영. 그에게는 소매치기와 관련된 지울 수 없는 기억이 남아 있다.  화려한 외모와 신기에 가까운 손기술을 자랑하는 국제적인 기업형 소매치기 조직 삼성파의 리더 백장미. 그녀는 얼마 전 출소한 전설적인 소매치기의 대모 강만옥을 영입하여 조직을 확장하려 하지만 은퇴를 결심한 만옥을 설득하기는 쉽지가 않다.  소매치기 조직의 동태 파악을 위해 잠복 중이던 대영은 우연히 라이벌 소매치기 조직에게 쫓기던 장미를 구해주게 되고, 첫 눈에 서로의 매력에 끌리게 되는 두 사람. 한치 앞도 예측할 수 없는 둘의 위험한 만남은 그렇게 시작되는데...",2008-01-10,112,"액션, 범죄",https://image.tmdb.org/t/p/w500/b8ULTACcxC9dgjJZ4WSxngeBmBw.jpg,6.767,1.7165,MOVIE
무수단,"비무장지대에서 원인불명의 사망, 실종사건이 연이어 발생하자 남측에서는 특전대 엘리트 출신의 조진호 대위와 생화학 주특기 장교 신유화 중위를 각각 팀장, 부팀장으로 한 최정예 특임대를 구성해 24시간 내에 사건의 실체를 파악해 올 것을 명한다. 그러나 그곳에 들어선 순간 심상치 않은 흔적들이 발견되고, 대원들도 하나 둘씩 이상한 징후를 감지하기 시작하는데…",2016-03-03,87,"미스터리, 스릴러, 액션",https://image.tmdb.org/t/p/w500/8b9GvmA1kk63iXt4s3MONUznM7t.jpg,6,1.2155,MOVIE
무적자,"어릴 적 헤어진 형제 혁(주진모)과 철(김강우). 형 혁은 무기밀매조직의 보스로, 동생 철은 경찰로서 마주한다. 그 어떤 형제보다 서로를 위했던 두 형제는 이제 서로의 심장에 총을 겨누게 된 적으로 맞선다.  10년째 뜨거운 우정을 쌓으며 조직을 이끌어 가고 있는 쌍포 혁과 영춘(송승헌). 서로를 위해 목숨까지 바칠 수 있는 두 친구는 조직원이었던 태민(조한선)의 비열한 계략에 넘어가 많은 것을 잃게 된다. 조직에서 벗어나려는 혁, 조직을 검거하려는 철, 다시 한번 부활을 꿈꾸는 영춘. 깊은 상처와 오해로 어긋난 이들은 모든 것을 손에 쥐려는 태민의 음모에 휘말려 예상치 못한 결말로 치닫는데…",2010-09-16,124,"드라마, 액션, 스릴러",https://image.tmdb.org/t/p/w500/5DWhxS5GzDDIc9fLnptb9tKhT4o.jpg,6,1.626,MOVIE
묻지마 패밀리,"1. 사방에 적  810호... 사랑하는 그녀의 외도를 못 참고 그녀를 불사르려는 한 남자. 하지만 그에게는 지금 성냥이 없다!  801호... 두목의 등짝에 치명적 상처로 박힌 도라이바, 얼굴을 몰라 복수를 못하고 있는 어깨들의 분노가 끓어오른다.  802호... 프로패셔널 킬러인 그는 도라이바 연장 하나로 순식간에 뚫지만 아직 마무리는 하지 못했다.  813호... 상습적 불륜의 부인, 오늘도 요란벅쩍찌근하게 한 남자와 키스를 한다. 상습적으로 뒤쫒는 남편은 경찰을 대동하고 때를 기다린다.  네 방의 증오들이 기막힌 오해와 맞물려 상황은 엉뚱한 방향으로 치닫는데.  2. 내 나이키  1980년대 초반. 중학생 명진이는 개인 택시를 장만하는 게 꿈인 아빠와 개인택시 기사 마누라가 되는 것이 꿈인 엄마, 전교 일등이 소원인 큰형, 주먹으로 전교 일등을 해보는 게 꿈인 작은형, 예뻐지는 게 소원인 누나, 어여 죽는 게 소원인 할머니, 이렇게 7명의 대 식구들과 단란하게 살아간다.  그런 명진이의 꿈은 다름아닌 나이키 신발을 얻는 것. 과연 명진이를 비롯한 가족들은 각자 그들의 꿈을 이룰 수 있을까?  3. 교회누나  군복무 중인 영일은 휴가 마지막 날 교회 누나인 주희를 만나기로 한다. 영일은 자신이 군 입대 후 결혼한 그녀를 아직도 못 잊고 있다. 서로의 감정을 억누른 채 어색한 하루 데이트를 보내지만 시계바늘은 너무도 빨리 돌아간다. 귀대 열차에 몸을 실은 영일은 기차가 조금씩 움직이자 그 동안 참았던 사랑고백을 하고, 주희는 하염없이 눈물을 흘린다.  마지막, 기막힌 반전은 서서히 다가오는데...",2002-05-31,99,코미디,https://image.tmdb.org/t/p/w500/8QNJqp4yI58kyKqcmCLpyGHdmqT.jpg,6.667,0.951,MOVIE
물괴,"중종 22년, 거대한 물괴가 나타나 백성들을 공격하기 시작한다. 물괴와 마주친 백성들은 그 자리에서 잔인하게 죽임을 당하거나 살아남아도 역병에 걸려 끔찍한 고통 속에 결국 죽게 되고, 한양은 삽시간에 공포에 휩싸인다. 모든 것이 자신을 몰아세우는 영의정과 관료들의 계략이라 여긴 중종은 옛 내금위장 윤겸을 궁으로 불러들여 수색대를 조직한다. 윤겸과 오랜 세월을 함께한 성한과 외동딸 명, 그리고 왕이 보낸 허선전관이 그와 함께 한다. 물괴를 쫓던 윤겸과 수색대는 곧 실로 믿을 수 없는 거대한 비밀을 마주하게 되는데…",2018-09-12,105,"액션, 공포, 드라마, 판타지",https://image.tmdb.org/t/p/w500/mV0E3t1AtaYHlvM6HNOTJ1SmYjt.jpg,6.476,3.44,MOVIE
므이,"새로운 소재를 찾지 못해 고민하던 소설가 윤희는, 베트남에 있는 친구 서연으로부터 흥미로운 '므이'의 전설을 듣게 된다. 한동안 연락이 두절되었던 서연으로부터 들은 '므이'의 기묘한 전설과 비밀은 단번에 윤희의 마음을 사로 잡지만 왠지 모르게 서연을 만나러 가야 된다는 부담이 윤희를 망설이게 한다. 그러나, 서연이 계속적으로 보내오는 초상화에 대한 자료들은 결국 윤희의 마음을 뒤흔들고, 100여년 전부터 전해 내려오는 초상화의 비밀을 찾아, 오랫동안 만나지 못했던 친구 서연의 초대에 응하기 위해 베트남으로 항하게 되는데… 베트남에 도착한 윤희는 예전과 달리 화려하게 변한 서연의 모습에 적잖이 놀라지만, 오히려 서연은 당황하는 윤희를 반갑게 맞이한다. 그럴수록 과거 서연과의 서먹한 관계로 인해 어색하기만 한 윤희는 비밀의 초상화 므이의 자료수집에 더욱 집착하게 된다. 그러나 서연과 함께 '므이'의 비밀을 하나 둘씩 파헤칠수록 점점 주변의 상황은 이상하게 변하고 서연에게도 왠지 모를 사건들이 생긴다. 이제 그토록 윤희를 사로잡은 이국적인 베트남은 끔찍한 곳으로 변하고 초상화 '므이'의 비밀은 점점 미궁 속으로 빠져들게 되는데…",2007-07-25,93,"드라마, 공포, 미스터리, 스릴러",https://image.tmdb.org/t/p/w500/bEDf7nRcDWxs0Qo1jNpcu04qh01.jpg,5.4,1.4896,MOVIE
미나문방구,"잘나가던 공무원 강미나, 문방구 사장으로 직업 변경!  남들이 부러워하는 구청 공무원으로 잘 살고 있던 강미나.  하지만 갑작스레 아버지가 쓰러지면서 아버지가 운영하던 ‘미나문방구’를 억지로 떠맡게 된다.  이 참에 미나는 어릴 때부터 꼴도 보기 싫었던 문방구를 통째로 팔아버리려 하는데,  제집처럼 문방구를 드나드는 초딩 단골의 저항이 만만치 않다!  초딩 단골 절대 사절!  골칫덩어리 문방구 몽땅 팝니다!",2013-05-16,106,"드라마, 코미디",https://image.tmdb.org/t/p/w500/xlY0jXBmGJjT1Jl8wP6hvt4s3sA.jpg,6.3,1.3848,MOVIE
미녀는 괴로워,K-1이나 씨름판에 나가도 거뜬할 체격을 가졌지만 한 남자에게 사랑받고 싶은 여린 마음의 소유자 한나. 그녀에게 허락된 유일한 신의 선물은 천상의 목소리. 하지만 이마저도 섹시 미녀가수 '아미'의 목소리를 대신해주는 신세다. '아미'의 음반 프로듀서이자 자신의 음악성을 인정해준 유일한 사람 한상준을 남몰래 사랑하게 된 그녀는 드디어 꿈에 그리던 그의 생일파티에 초대받고 들뜬 마음으로 한껏 멋을 부리고 나타나는데...,2006-12-14,120,"드라마, 코미디, 로맨스",https://image.tmdb.org/t/p/w500/hXadaSx1LpT7Hv5dkGWD0SX7z7R.jpg,6.8,2.8838,MOVIE
미성년,"같은 학교 2학년 주리와 윤아가 학교 옥상에서 만났다. 최근 주리의 아빠 대원과 윤아의 엄마 미희 사이에 벌어진 일을 알게 된 두 사람. 이 상황이 커지는 것을 막고 싶은 주리는 어떻게든 엄마 영주 몰래 수습해보려 하지만 윤아는 어른들 일에는 관심 없다며 엮이지 않으려 한다. 그 때, 떨어진 주리의 핸드폰을 뺏어든 윤아는 영주의 전화를 받아 그 동안 감춰왔던 엄청난 비밀을 폭로해 버리고, 이를 본 주리는 멘붕에 빠지게 되는데…",2019-04-11,95,드라마,https://image.tmdb.org/t/p/w500/b9Aecthdwlo1xvzg2dp6lCruCcj.jpg,7.5,1.6369,MOVIE
미소,노작가는 자신의 작품을 플리마켓에 팔러 나왔다. 젊은 작가는 우연히 노작가의 그림을 보고 영감을 받는다. 새로운 작품을 완성한 젊은 작가는 갤러리스트를 만나지만 그녀는 젊은 작가를 홀대한다. 마침 갤러리에 방문한 인기작가는 젊은 작가의 그림을 보고 영감을 받는데…,2021-04-23,10,,https://image.tmdb.org/t/p/w500/l521wC0AWtZHmmFHu4x0bwOyTF1.jpg,0,0.6171,MOVIE
미스진은 예쁘다,"Beautiful Miss Jin tells the story of Soo Dong, a guard who monitors the pedestrian crossing at an isolated train station where passengers are few and time passes slowly. Soo Dong’s monotonous and uneventful life perks up when he meets three unusual passengers who inject some excitement into his sluggish existence.",2013-03-14,98,,,0,0.8477,MOVIE
미스터 주: 사라진 VIP,"국가정보국 에이스 요원 주태주. 특별한 VIP를 경호하던 임무를 수행 중, 갑작스러운 사고로 VIP는 사라지고 실수로 넘어진 후 온갖 동물들의 말까지 들리기 시작한다. 갑자기 이상한 행동을 하는 태주를 의심하는 민국장과 만식을 뒤로 하고, 태주는 군견 알리의 도움을 받아 VIP를 찾아 나서는데…",2020-01-22,114,"코미디, 액션, 판타지",https://image.tmdb.org/t/p/w500/gX4CKrsBeHBIp872aOFS6hNwsZB.jpg,7,2.3803,MOVIE
미쓰 와이프,"승소율 100% 잘 나가는 싱글 변호사 이연우. 뉴욕 본사 발령을 앞두고, 연우는 갑작스러운 교통사고를 당한다. 생사의 위기에 놓인 연우 앞에 나타난 수상한 남자 이소장, 그는 한 달간 다른 사람의 인생을 살면 다시 원래의 삶으로 돌려 보내주겠다고 제안한다. 하지만 제안을 수락한 그녀에게 찾아온 건 지나치게 자상한 남편과 애 둘 딸린 아줌마의 전쟁 같은 일상! 연우는 청천벽력 같은 인생반전으로 패닉에 빠지고, 남편 성환과 아이들은 영문도 모른 채 변해버린 아내, 엄마로 인해 당황하기 시작하는데…",2015-08-13,125,코미디,https://image.tmdb.org/t/p/w500/tfK1Ol56v0qsfa8Swbgu8FylLjL.jpg,7.4,1.6416,MOVIE
미쓰GO,"최악의 대인기피증에 시달리는 소심한 여인 천수로 (고현정 분), 수상한 수녀님의 심부름 한번에 500억짜리 범죄에 휘말린다. 어쩌다 만난 다섯 남자들 때문에 일명 '미쓰고'로 불리며 그녀의 인생이 뒤바뀌는데...",2012-06-20,115,"액션, 코미디",https://image.tmdb.org/t/p/w500/c0NpoPoKgrPjD4v5vz5ufgmrTrN.jpg,6.2,1.2028,MOVIE
미쓰백,"스스로를 지키려다 어린 나이에 전과자가 되어 외롭게 살아가던 백상아. 누구도 믿지 않고 아무것도 마음에 두지 않던 어느 날, 나이에 비해 작고 깡마른 몸, 홑겹 옷을 입은 채 가혹한 현실에서 탈출하려는 아이 지은을 만나게 된다. 왠지 자신과 닮은 듯한 아이 지은을 외면할 수 없는 상아는 지은을 구하기 위해 세상과 맞서기로 결심하는데…  “이런 나라도, 같이 갈래?”",2018-10-11,98,"드라마, 스릴러, 범죄",https://image.tmdb.org/t/p/w500/tc7yFafglAE6VoxYvnefGm8ExcA.jpg,7.4,2.4407,MOVIE
미씽: 사라진 여자,"이혼 후 육아와 생계를 혼자 책임져야 하는 워킹맘 지선은 헌신적으로 딸을 돌봐주는  보모 한매가 있어 늘 다행이라고 생각한다. 어느 날, 퇴근 후 집에 돌아온 지선은 보모 한매와 딸 다은이가 흔적도 없이 사라져 버린 것을 알게 된다. 지선은 뒤늦게 경찰과 가족에게 사실을 알리지만 아무도 그녀의 말을 믿지 않고, 오히려 양육권 소송 중 일으킨 자작극으로 의심한다.  결국 홀로 한매의 흔적을 추적하던 지선은 집 앞을 서성이는 정체불명의 남자와 주변 사람들의 이상한 증언들로 더욱 혼란에 빠지게 되고,  그녀의 실체에 가까워질수록 이름, 나이, 출신 등 모든 것이 거짓이었다는 충격적인 진실을 알게 되는데...",2016-11-30,100,"드라마, 미스터리, 스릴러",https://image.tmdb.org/t/p/w500/sfBmGPD4oCEiOe1UPBjjrd45Kng.jpg,6.75,1.5113,MOVIE
미안해 사랑해 고마워,오래 전 과거의 오해와 비밀을 풀어나가는 왕년의 챔피언 친구들 강칠과 종구의 뜨거운 고백. 까칠한 여배우 서정을 오랜 시간 항상 옆에서 지켜보며 10년째 짝사랑해온 매니저 태영의 용기 있는 고백. 자신의 딸을 죽인 범인의 딸과 마주해야 했던 형사 명환과 아빠가 돌아오기만을 손꼽아 기다렸던 은유의 진실된 고백. 소중한 사람을 지키는 데엔 이 세 마디면 충분합니다.,2015-10-28,115,드라마,https://image.tmdb.org/t/p/w500/nXY3hbU4F5iF1ZWz7u5xvJWBhjb.jpg,7,1.0612,MOVIE
미옥,"범죄조직을 재계 유력기업으로 키워낸 언더보스 ‘나현정’은 새로운 시작을 꿈꾸며 은퇴를 준비한다.  그녀를 위해서라면 어떤 일도 서슴지 않았던 조직의 해결사 ‘임상훈’은 그런 그녀를 이해하지 못한다.  한편, 법조계 라이징스타 ‘최대식’은 자신의 치명적인 약점을 붙잡은 ‘나현정’으로 인해 궁지에 몰리게 되고, ‘임상훈’을 이용해 악에 찬 복수를 준비한다.  걷잡을 수 없는 세 사람의 욕망은 점점 파국을 향해 치닫는데…",2017-11-09,91,"액션, 범죄",https://image.tmdb.org/t/p/w500/hNZVUesuTFMW5gd50waxIDtyh2u.jpg,5.983,1.2988,MOVIE
미인도,4대째 이어온 화원 가문의 막내딸이자 신묘한 그림솜씨로 오빠 신윤복에게 남몰래 대신 그림을 그려주던 7살 천재 윤정. 평범하던 그녀의 삶은 어느날 오빠의 자살로 인해 송두리째 뒤바뀐다. 그림을 위해 여자를 버리고 오빠 신윤복의 삶을 살게 된 것.  조선 최고의 화가 김홍도의 마음을 설레이게 할 만큼 빼어난 그림 실력을 가졌던 윤복은 자유롭고 과감한 사랑을 그려 조선 최초의 에로티시즘을 선보인다. 하지만 그의 '속화'는 음란하고 저급하다는 질타와 시기를 받는다.,2008-11-13,108,"드라마, 로맨스",https://image.tmdb.org/t/p/w500/szqTmxUrdf8WKOxjhoIGv2f2lcI.jpg,6.2,14.2913,MOVIE
민우씨 오는 날,"연희는 오늘도 연인인 민우가 돌아오기만을 간절히 기다린다. 어느 날, 연희를 찾아온 사람들은 내일 평양으로 출발할 예정이니 준비하라는 말을 전한다. 그가 살아있다고. 연희는 왜 그가 집으로 돌아오지 않았는지 영문도 모른 채 떨리는 마음으로 평양 행 버스에 오르는데…",2014-03-27,28,"로맨스, 드라마",https://image.tmdb.org/t/p/w500/iJQ7KoUrgLA5L2ZvoN6K5mE7CT4.jpg,7.2,1.1836,MOVIE
밀수,"1970년대, 바닷가에 인접한 작은 마을 군천엔 절친인 두 해녀 춘자와 진숙, 그리고 진숙의 동생이 살고 있다. 그들은 생계를 위해 항상 물 속에서 해산물들을 채집하는 일을 한다. 하지만 해변 근처에 공장들이 하나 둘 지어지면서, 해녀들의 생계에 곤란이 생기고 선원들은 생계를 위해서 밀수 일에 뛰어들게 된다. 그렇게 시작된 밀수업은 진숙의 가족이 감당하기 벅찰만큼 규모가 커지고 마을의 평화도 점차 깨지기 시작한다.",2023-07-26,129,"범죄, 액션",https://image.tmdb.org/t/p/w500/jC2LxPFC3UXenXK18iCJgfRPlrw.jpg,6.53,3.0968,MOVIE
밀애,"서른의 전업주부 미흔의 집에 찾아온 빨간 스웨터의 여자. 그녀가 입을 열어 미흔의 남편을 '오빠'라 부르기 시작했다. 그것은 단 몇마디로 미흔의 삶을 송두리째 빼앗는, 크리스마스 오후의 끔찍한 테러였다. 고요한 나비마을의 평화로움에 도취되어 미흔 가족은 마치 아무일이 없었던 것처럼 살고 있다. 그날밤 이후 원인을 알수 없는 두통에 시달리고 있던 미흔은, 아주 고통스럽게 자신의 아픔을 내쏟는다. 그렇지만 변한 것은 아무것도 없어 보인다. 그러다 인규를 만난다. 그는 근처 호숫가에서 낚시를 즐기고, 나머지 시간엔 물고기를 낚듯 여자를 만나 섹스를 즐기는 한적한 시골병원 의사이다. 뜨거운 햇빛이 내비치는 휴게소에 멍하니 앉아있던 미흔에게 날카로운 경적소리처럼 그를 일깨우는 낯선 목소리의 인규. 미흔은 온몸으로 그를 거부하지만, 동시에 온몸으로 그에게 빠져들고 있다. 삶이 무너졌다고 생각한 인생의 끝자락에서, 섹스는 하되, 절대로 사랑해서는 안되는 위험한 게임에 빠진 미흔. 그녀는 자신도 모르게 이 게임을 탐닉하고 있다",2002-11-07,112,"드라마, 스릴러",https://image.tmdb.org/t/p/w500/3OXOTR1MvCkcedcAbvY6yDxv7HY.jpg,5.029,1.9736,MOVIE
밀양,"신애는 교통사고로 죽어버린 남편의 고향 밀양으로 아들 준을 데리고 이사한다. 오는 길에 고장난 차를 고쳐주러 온 카센터 사장 종찬의 렉카를 타고 밀양으로 들어가는 세 사람. 신애는 남편의 고향에 덩그러니 정착한 모자를 측은하게 보는 사람들에게 애써 씩씩하게 군다. 종찬은 이 속모를 여자를 그날부터 졸졸 따른다. 살 집을 구해주고, 피아노 학원을 봐주고, 그녀를 따라 땅을 보러 다니며 그의 하루 일과는 시작된다. 늘 네댓 걸음 뒤에서, 부르면 다가서고 밀쳐내면 물러나면서.",2007-05-23,142,드라마,https://image.tmdb.org/t/p/w500/qdIKYTahcRgE87uEOE7XtSfIkRh.jpg,7.216,3.3331,MOVIE
밀정,"1920년대 일제강점기. 조선인 출신 일본경찰 이정출은 무장독립운동단체 의열단의 뒤를 캐라는 특명으로 의열단의 리더 김우진에게 접근하고, 두 사람은 서로의 정체와 의도를 알면서도 속내를 감춘 채 가까워진다. 출처를 알 수 없는 정보가 쌍방간에 새어나가고 누가 밀정인지 알 수 없는 가운데, 의열단은 일제의 주요 시설을 파괴할 폭탄을 경성으로 들여오기 위해, 그리고 일본 경찰은 그들을 쫓아 상해에 모인다. 서로를 이용하려는 암투와 회유, 교란 작전이 숨가쁘게 펼쳐지는 긴장감 속에서 폭탄을 실은 열차는 국경을 넘어 경성으로 향하는데...",2016-09-07,140,"액션, 스릴러, 역사",https://image.tmdb.org/t/p/w500/3OqkOFlXENLeIMLVBclGejpsaWd.jpg,7.195,3.3097,MOVIE
바다,"눈으로 세상을 볼 수는 없지만 보이지 않는 세상을 마음으로 바라보는 소년 태성은 어느 날, 혼자만의 여행을 떠나려다 격한 감정으로 운전을 하던 진이의 차에 치이게 된다. 놀란 진이는 병원에 데려가려 하지만 무슨 이유인지 태성은 병원 행을 마다하고 목적지까지 태워달라고만 한다. 함께 떠나려는 진이와 태성이 탄 차 앞으로 갑자기 뛰어든 수희! 삶에 절망해 자살하려던 헤비급 복서 수희는 다행히 목숨을 건지고 그들의 여행에 합류하게 된다. 우연히 모인 세 사람은 모두 한번도 ‘바다’에 가본적이 없다는 공통점을 발견하고 함께 ‘바다’로 향하는 여행을 떠나기로 하는데…  어딘가 조금 부족하지만 사랑스러운 그들의 좌충우돌 여행기가 지금부터 시작된다!",2011-09-01,98,드라마,https://image.tmdb.org/t/p/w500/xNCezmBERHheS5LirsykKAWOmOr.jpg,0,0.9873,MOVIE
바람,"엄한 가정에서 자랐지만 형과 누나와는 다르게 간지나는 학창시절을 보내고 싶었던 짱구는 집안에서 유일하게 명문고에 진학하지 못해 골치덩이가 된다. 광춘상고는 교사들의 폭력과 학생들간 세력 다툼으로 부산일대에서 알아주는 악명 높은 학교. 광춘의 조회시간은 학교의 명성을 증명이라도 하듯 쓸만한 후배 물색으로 시작된다. 짱구는 입학 첫 날 ‘불법써클’몬스터의 카리스마에 압도 당하고…  학교 안에서 벌어지는 약육강식의 세계를 알아갈 무렵, 학교폭력 가담을 이유로 짱구 일행은 유치장 신세를 지게 된다. 짱구는 가까스로 정학만은 면하지만 다시 돌아온 학교에서 교내 불법 서클 ‘몬스터’의 유혹이 기다리고 있었는데… 그렇게 몬스터의 후광을 업고 예쁜 여자 친구도 얻게 된 짱구, 쪽 팔리지 않고 싶었던 열여덟 짱구는 “바람”대로 폼 나는 학창시절을 보낼 수 있을까?",2009-11-26,107,"드라마, 액션",https://image.tmdb.org/t/p/w500/1tQllFOiI0i5K6IYDLLGXLWyPZu.jpg,6.5,1.2473,MOVIE
바람 바람 바람,"끝도 없이 사랑 받고 싶은 철부지 어른들이 온다.  20년 경력을 자랑하는 ‘바람’의 전설 석근은 SNS와 사랑에 빠진 여동생 미영의 남편 봉수를 ‘바람’의 세계로 인도한다. 하지만 세 사람 앞에 나타난 치명적인 매력의 소유자 제니의 등장으로 네 사람의 인생은 걷잡을 수 없이 꼬여만 가고.. 갈수록 환장, 들키면 끝장  뭘해도 외로운  어른들을 위한 코미디가 온다!",2018-04-05,100,코미디,https://image.tmdb.org/t/p/w500/qefZ91Q99uf9bwrMOE7bb16ks4N.jpg,6.7,1.4055,MOVIE
바람의 파이터,"한국인이 일본인을 위한 종처럼 여겨지던 일제시대, 소년 최배달은 머슴 범수를 통해 택견을 배우며 강한 파이터의 꿈을 키운다. 그러나 독립운동에 연류된 범수가 자취를 감추고 스승을 잃은 배달은 비행사가 되기 위해 일본으로 밀항하기에 이른다. 하지만 항공학교에서 그를 기다리는 것은 상상을 넘어선 차별 뿐. 조센징이라는 차별에 대한 분노로 교관을 때려 눕히는 배달. 그러나 맨 손의 그에게 사무라이의 후예인 가토 대위가 살기어린 진검을 겨누고, 배달은 칼날에 등을 보인 채 도주하고 마는데...",2004-08-12,120,"액션, 드라마",https://image.tmdb.org/t/p/w500/4cKV7IW1tiJ33Z14o5NDIDsTW5h.jpg,7.099,2.5811,MOVIE
바람피기 좋은 날,"언제나 무슨 일이 있어도 당황하지 않는 에브리데이 대담 명랑 유부녀 ‘이슬’(김혜수). 하늘이 두 쪽 나도 몸매의 라인과 본심은 절대 내보이지 않는 내숭 100단의 유부녀 ‘작은새’(윤진서)는 은밀한 대화(?)가 그리워 남편 몰래 바람을 피우기 시작한다.  그런 그녀들은 남성미 넘치고 저돌적인 증권맨 '여우두마리(이종혁)'와 개념무탑재 훈남 대딩 '대학생(이민기)'를 '비밀 애인'으로 만나고 있다. 밤이나 낮이나 꽁꽁 숨겨야 할 연애지만 금지된 만큼 더욱 뜨겁고, 알 거 다 아는 선수들인 만큼 예측불허(?)의 밀고 당기기도 몹시 즐겁기만 하다~.  푹 퍼진 일상에 통통 튀는 활력을 찾은 그녀들. 그러나 그녀들의 ‘제대로 바람 든 연애’는 세상 모든 태풍과 허리케인이 합쳐도 못 당할 소동을 몰고 오는데...",2007-02-08,103,"코미디, 로맨스",https://image.tmdb.org/t/p/w500/qkstvvE3kpzQZlMStu06SBws92J.jpg,5.147,1.7041,MOVIE
바보,"승룡이는 부모님께서 돌아가신 후 혼자 토스트 가게를 하며 동생 지인이를 지극정성으로 돌본다. 동생의 학교 앞 작은 토스트 가게에서 세상에서 가장 맛있는 토스트를 만들어 파는 승룡이는 지인이가 학교 가는 것을 지켜보는 것이 가장 큰 낙이다. 늘 행복하고, 웃는 얼굴을 하고 있는 승룡이는 매일 저녁이 되면, 동네가 한 눈에 보이는 토성에 올라 ‘작은 별’ 노래를 부르며 10년 전 유학간 짝사랑 지호를 기다린다.",2008-02-28,99,"코미디, 로맨스",https://image.tmdb.org/t/p/w500/6ybKuHd4KwvL31ZWQza26myNpKf.jpg,6.714,1.3445,MOVIE
바보야,"영하 10도의 살을 에는 추위는 아무런 문제가 되지 않았다. 2009년 2월, 몇 초간의 짧은 만남을 위해 약 40만 명의 사람들이 명동에 모인 단 하나의 이유. 믿음이 척박한 땅에서 최초의 추기경이 되었고, 누구도 나서지 않을 때 용기를 냈으며, 우리 곁을 떠나는 순간까지 기적 같은 사랑을 실천한 故 김수환 추기경. 한국사의 격동기 시절 종교를 넘어 사회의 가장 큰 어른, 약자들의 울타리, 마지막 대변인으로서의 삶을 살아간 '시대의 거인' 김수환… 그의 뜨거운 사랑이 스크린에서 되살아난다.",2011-04-21,73,다큐멘터리,https://image.tmdb.org/t/p/w500/tSNclOm4zkQafhn8yuV0lAm8AbU.jpg,8,0.6748,MOVIE
박수건달,"보스에게 신임 받고, 동생들에게 사랑 받는 엘리트 건달 광호. 남 부러울 것 없이 승승장구 하던 그의 건달 인생에 그 분이 태클을 걸었다?! 호시탐탐 광호를 밟을 기회만 노리던 태주의 칼에 맞고 순식간에 바뀐 운명선 때문에 낮에는 박수무당, 밤에는 건달의 투잡맨이 되어버린 광호! 하지만 존경하는 보스 가라사대, 쪽 팔리면 건달 아니라 안카나! 하루 아침에 부산을 휘어잡는 건달에서 조선 팔도 최고 ‘신빨’ 날리는 박수무당 되다!",2013-01-09,128,"코미디, 범죄",https://image.tmdb.org/t/p/w500/9NfnFEzUvayN9fEK0DixKr3ipEh.jpg,6.7,1.3582,MOVIE
박열,"1923년, 관동대지진 이후 퍼진 괴소문으로 6천여 명의 무고한 조선인이 학살된다. 사건을 은폐하기 위해, 관심을 돌릴 화젯거리가 필요했던 일본내각은 불령사를 조직해 항일운동을 하던 조선 청년 박열을 대역사건의 배후로 지목한다. 일본의 계략을 눈치챈 박열은 동지이자 연인인 가네코 후미코와 함께  일본 황태자 폭탄 암살 계획을 자백하고, 사형까지 무릅쓴 역사적인 재판을 시작하는데...",2017-06-28,129,"역사, 드라마",https://image.tmdb.org/t/p/w500/1fjBtHc5tERLVZGWsSiwvUVLErk.jpg,7.3,1.62,MOVIE
박쥐,"정체불명의 피를 수혈 받고 뱀파이어가 된 신부 상현. 피를 원하는 욕구와 신앙심 사이에서 갈등하던 그는 우연히 어린 시절 친구 강우와 그의 아내 태주를 만나면서 인간적 욕망에까지 눈뜨게 된다. 상현은 태주의 묘한 매력에 빠져 쾌락을 갈구하고 태주는 히스테리컬한 시어머니와 무능력한 남편에게 억눌렸던 욕망을 깨워준 상현에게 집착한다. 점점 더 대담해져만 가던 둘의 사랑은 급기야 상현이 뱀파이어라는 사실을 알게 된 태주가 자신의 남편을 죽이자고 제안하고, 상현이 제안을 받아들이면서 새로운 국면에 접어드는데...",2009-04-30,133,"드라마, 공포, 스릴러",https://image.tmdb.org/t/p/w500/2CoIYuNwGmdhsV5CM8jRJ2sAZKe.jpg,7.116,4.0535,MOVIE
박하사탕,"1999년 봄, 마흔 살이 된 영호는 가리봉 봉우회 야유회에 허름한 행색으로 나타난다. 20년 전 첫사랑 순임과 소풍을 왔던 그 곳에서, 그는 아무도 끼워 주지 않는 틈을 비집고 들어가 광기어린 행동을 보인다.  직업도 가족도 모두 잃고, 삶의 막장에 다다른 영호는 철로 위에서 '나 다시 돌아갈래'라고 절규한다. 영호의 절규는 기차의 기적소리를 뚫고 시간을 거슬러 올라간다. 사흘 전 봄, 94년 여름, 87년 봄, 84년 가을, 80년 5월, 그리고 마지막 79년 가을. 마침내, 영호는 스무 살 첫사랑 순임을 만난다.",2000-01-01,135,드라마,https://image.tmdb.org/t/p/w500/zxCr6MBF7BPr4r8RiYyuNps4DWN.jpg,7.506,3.3044,MOVIE
박화영,"박화영의 집에 모인 모두는 매일 라면을 먹고, 매번 담배를 피우고 동갑인 화영을 ‘엄마’라고 부른다. 화영에게는 단짝인 무명 연예인 친구 미정이 있다. 미정은 또래들의 우두머리인 남자친구 영재를 등에 업고 친구들 사이에서 여왕으로 군림한다. 화영을 이용하고 괴롭히는 영재는 화영과 미정, 둘의 사이가 마땅치 않다. 어느 날 화영의 집으로 들어온 또 한 명의 가출 소녀 세진은 영재와 심상치 않은 관계가 된다. 그리고 미정보다 먼저 그 사실을 알게 된 화영은 세진을 가만두고 볼 수가 없다.",2018-07-19,99,드라마,https://image.tmdb.org/t/p/w500/uItcLDNbg0UMeVLHIC2LZCJQXo.jpg,4.6,1.3205,MOVIE
반도,전대미문의 재난 이후 4년이 흐른 대한민국은 버려진 땅이 되어버렸다. 사람들은 고립된 섬이 된 반도에 갇혔고 누구의 생사도 확인할 수 없는 상황에서 정석은 피할 수 없는 미션을 받고 한국 땅에 다시 발을 들인다. 정석은 미지의 세계인 그곳에서 예상치 못한 습격을 받고 일촉즉발의 순간 ‘반도’의 생존자들을 만나게 된다.,2020-07-15,115,"공포, 액션, 스릴러, 모험",https://image.tmdb.org/t/p/w500/ew1lAU8yV66JbivBU1Zh4Wj4pOB.jpg,6.699,9.5648,MOVIE
반두비,"엄마는 애인 챙기느라, 친구들은 학원 다니느라 외톨이인 민서는 점점 자립형 날라리가 되어 가고 있는 여고생이다. 방학을 맞아 학원비를 벌려고 갖가지 알바를 해보지만 수입은 신통치 않고, 엄마의 애정행각이 맘에 들이 않아 수시로 가출도 감행한다. 그러던 어느 날, 우연히 버스에서 방글라데시 출신 이주노동자 카림의 지갑을 수중에 넣고, 발뺌하다가 그 까맣지만 잘생긴 순수청년 카림과 엉뚱하게 엮인다. 민서는 카림의 지갑을 은닉한 죄값을 치르겠다며 그의 소원을 하나 들어주겠다는 제안을 한다. 카림은 1초의 망설임 없이 부도를 내고 도망간 공장 사장에게 밀린 임금을 받아달라고 요구하고, 민서는 얼떨결에 카림의 시한부 ‘임금추심원’이 되는데...",2009-06-25,107,드라마,https://image.tmdb.org/t/p/w500/exlcvc94usVoKGaQOCCRgCK39Vz.jpg,6.2,1.0722,MOVIE
반드시 잡는다,30년 전 해결되지 못한 장기 미제사건과 동일한 수법으로 또 다시 살인이 시작된다. 동네를 꿰뚫고 있는 터줏대감 심덕수는  사건을 잘 아는 전직 형사 박평달과 의기투합해 범인을 잡으려 하는데… 발보다 빠른 촉과 감으로 반드시 놈을 잡아라!,2017-11-29,110,"스릴러, 범죄, 드라마, 미스터리",https://image.tmdb.org/t/p/w500/aywBkTRG36hsYwiLUSNTxY8vShy.jpg,6.683,2.4001,MOVIE
반창꼬,매일 목숨을 내놓고 사건 현장에 뛰어들지만 정작 자신의 아내를 구하지 못한 상처를 간직한 소방관 강일. 매번 제 멋대로 말하고 거침없이 행동하며 상처도 사랑도 없는 척하지만 단 한번의 실수로 위기에 처한 의사 미수. 우연한 기회에 미수가 119 구조대 의용대원으로 일하게 되면서 같은 구조대에 있는 강일에게 처음으로 마음을 열고 적극적으로 다가간다. 모든 방법을 동원해 강일에게 애정공세를 펼치는 미수. 그리고 그런 그녀에게 까칠함으로 일관하던 강일 역시 조금씩 마음을 열기 시작한다. 과연 그들은 서로의 상처에 반창꼬를 붙여 줄 수 있을까?,2012-12-19,120,"드라마, 로맨스, 코미디",https://image.tmdb.org/t/p/w500/vWfHD0ddfGsV6sv5QnGKY01OZJ.jpg,7.332,2.3767,MOVIE
발신제한,"은행센터장 성규는 아이들을 차에 태우고 출발한 평범한 출근길에 한 통의 발신번호 표시제한 전화를 받는다. 전화기 너머 의문의 목소리는 차에 폭탄이 설치되어 있고, 자리에서 일어날 경우 폭탄이 터진다고 경고한다. 대수롭지 않게 여기던 성규는 곧 동료의 차가 폭파되는 것을 바로 눈앞에서 목격하고, 졸지에 부산 도심 테러의 용의자가 되어 경찰의 추격을 받게 되는데…",2021-06-23,94,"액션, 범죄, 드라마, 스릴러",https://image.tmdb.org/t/p/w500/uGYnClpynAYQAzy3rQBPWpEkHf1.jpg,7.493,2.5024,MOVIE
방 안의 코끼리,"아찔한 해안 절벽에 매달린 여배우, 수입차 딜러, 그리고 정체 불명의 괴한. 언제 어떻게 추락할지 모르는 최악의 상황 속에서 살아남기 위한 세 남녀의 처절한 눈치게임이 시작되는데. SNS 계정을 통해 하룻밤 만남을 즐기는 직딩녀 인경. 한 번 만난 남자와는 두 번 다시 만나지 않던 그녀 앞에 한 남자가 나타나고, 그녀는 그를 다시 만나기 위해 찾아 나서는데. 의뢰인의 꿈속에 들어가 사건을 해결하는 비밀요원 지섭. 사건을 해결하던 어느 날 지섭은 갑작스러운 공격을 받기 시작하고, 마침내 그의 앞에 한 남자가 나타나는데...",2016-03-03,99,,https://image.tmdb.org/t/p/w500/rEm3K8yHxyc48NLXKWvpPNvX7Ef.jpg,5.5,1.1302,MOVIE
방황하는 칼날,"버려진 동네 목욕탕에서 싸늘한 시체로 발견된 여중생 수진. 아버지 상현은 하나뿐인 딸의 죽음 앞에 무력할 뿐이다. 그러던 어느 날 상현에게 범인의 정보를 담은 익명의 문자 한 통이 도착한다. 그리고 문자 속 주소대로 찾아간 그곳에서, 소년들에게 성폭행을 당하며 죽어가는 딸의 동영상을 보고 낄낄거리고 있는 철용을 발견한다. 순간, 이성을 잃고 우발적으로 철용을 죽인 상현은 또 다른 공범의 존재를 알게 된 후, 무작정 그를 찾아 나선다. 한편, 수진이 살인사건의 담당 형사 억관은 철용의 살해현장을 본 후, 상현이 범인임을 알아차리고 그를 추격하기 시작하는데…",2014-04-10,122,"액션, 범죄, 드라마",https://image.tmdb.org/t/p/w500/cXOdPhW9UmKbgCBJthxD94ondyj.jpg,7.071,1.3733,MOVIE
배우는 배우다,READY! 알아주는 사람은 없어도 마음껏 꿈꿀 수 있었던 단역. ACTION! 주연배우 못지 않은 연기력으로 단숨에 조연으로 등극한 신인. 그리고 단 한편의 영화로 폭발적인 인기를 얻으며 최정상에 올라선 주연. CUT! 다시 밑바닥 인생으로 걷잡을 수 없이 추락하는 배우... ‘배우 탄생’의 충격적인 뒷이야기가 공개된다!,2013-10-24,98,드라마,https://image.tmdb.org/t/p/w500/AiBVhhzpj8irXsdkdzS3DcmGO1d.jpg,6.9,1.2221,MOVIE
백두산,"대한민국 관측 역사상 최대 규모의 백두산 폭발 발생. 갑작스러운 재난에 한반도는 순식간에 아비규환이 되고, 남과 북 모두를 집어삼킬 추가 폭발이 예측된다. 사상 초유의 재난을 막기 위해 전유경은 백두산 폭발을 연구해 온 지질학 교수 강봉래의 이론에 따른 작전을 계획하고, 전역을 앞둔 특전사 EOD 대위 조인창이 남과 북의 운명이 걸린 비밀 작전에 투입된다. 작전의 키를 쥔 북한 무력부 소속 일급 자원 리준평과 접선에 성공한 인창. 하지만 준평은 속을 알 수 없는 행동으로 인창을 곤란하게 만든다. 한편, 인창이 북한에서 펼쳐지는 작전에 투입된 사실도 모른 채 서울에 홀로 남은 최지영은 재난에 맞서 살아남기 위해 고군분투하고 그 사이, 백두산 마지막 폭발까지의 시간은 점점 가까워 가는데…",2019-12-19,128,"액션, 모험, 스릴러",https://image.tmdb.org/t/p/w500/1n5q3XpEhCe7TnGHzsHs5pwVT8O.jpg,6.879,5.7449,MOVIE
백만장자의 첫사랑,"모처럼 학교에 갔다. 왜? 학교와 굿바이 하러! 학교 다니는 것도 지겹고, 경찰서 다니는 것도 귀찮다. 할아버지 유산 받는 날, 가볍게 박차고 나올 생각이었으니 하루 덜 채운들 무슨 상관! 진정한 백만장자가 되는 주민등록증을 받아들 내일이 기다려진다. 내일은 내 생애 최고의 날이다. 음화화홧!  오늘이면 수 천억이 내 껄 줄 알았다. 이런.... 그 밉살맞은 변호사가 언젠가는 내 발등에 도끼를 찍을 줄 알았다. 젠장. 그 산골엔 왜 가라는 거야? 그 학교는 왜 꼭 졸업해야 하는데? 할아버지! 왜 절 이렇게 골탕 먹이시는 겁니까!!! 도대체 왜!!!!!  이 놈의 구질구질한 산골. 그리고 이 자식들은 순진한 건지, 단순한 건지 도대체 정체들을 알 수가 없다. 교장에게 돈을 주고 퇴학만 시켜달래도 도무지 말이 씨도 안 먹힌다. 전학 첫 날부터 반장이라 잘난 체 하는 은환이란 계집애는 사사건건 태클을 건다. 그런데 이상하다. 언제부턴가 어이없게도 그 뻣뻣하고 멋대가리 없는 계집애만 보면 가슴이 두근거린다. 내가 왜 이러는 거지? 지금 당장 이 산골학교를 벗어나야 하는데... 유산에만 신경 써야 하는데...",2006-02-09,116,"드라마, 로맨스",https://image.tmdb.org/t/p/w500/wF7AFnIMhKa4RPqcEvFmT2dMdot.jpg,7.3,2.2146,MOVIE
버닝,유통회사 알바생 종수는 배달을 갔다가 어릴 적 같은 동네에서 살았던 친구 해미를 만난다. 종수는 해미에게서 아프리카 여행을 간 동안 자기가 키우는 고양이를 돌봐 달라는 부탁을 받는다. 여행에서 돌아온 해미는 아프리카에서 만난 벤이라는 정체불명의 남자를 종수에게 소개한다. 어느 날 벤은 해미와 함께 종수의 집으로 찾아와 자신의 비밀스러운 취미에 대해 고백한다. 그때부터 종수는 무서운 예감에 사로잡히게 되는데...,2018-05-17,148,"미스터리, 드라마, 스릴러",https://image.tmdb.org/t/p/w500/AlKlezuaJkP2lDEWbJxYv47GeDf.jpg,7.379,8.2507,MOVIE
버티고,"현기증 나는 고층빌딩 숲 사무실에서 매일을 위태롭게 버티고 있는 30대 직장인 서영, 안정적인 삶을 원하지만 현실은 속수무책으로 흔들거린다. 불안정한 계약직 생활, 비밀사내 연애 중인 연인 진수와의 불안한 관계, 밤마다 시달리는 엄마의 전화까지... 더 이상 버틸 수 없다고 느낀 그녀가 무너져내릴 때, 창 밖에서 로프에 매달린 채 그녀를 지켜보는 남자 관우를 마주하게 된다. “괜찮아요, 당신은 절대 떨어지지 않아요”",2019-10-17,114,"드라마, 로맨스",https://image.tmdb.org/t/p/w500/j2sVocnzKEJEfRrgginblEwpyIz.jpg,6.1,1.1515,MOVIE
번개맨,"사상 최강의 마왕에 맞서 조이랜드를 지켜라  꿈과 희망이 가득한 조이랜드를 호시탐탐 노리는 악당 잘난마왕은 조이랜드를 무너뜨리기 위해 번개맨의 초능력인 번개파워를 없애려는 계획을 세운다. 잘난마왕은 행동대장인 나잘난과 더잘난을 이용해 조이랜드 극장의 주인공이자 말괄량이 소녀 한나에게 최면을 걸고, 날고 싶은 한나의 꿈을 이용해 블랙홀에 빠트린다. 결국 한나를 구하려던 번개맨은 강력한 블랙홀로 인해 점점 번개파워를 잃어가는데...  과연 번개맨은 블랙홀에서 벗어나 위기에 빠진 조이랜드를 구해낼 수 있을까?",2016-02-11,72,,https://image.tmdb.org/t/p/w500/8JGYRtR1xhqo6sPGcqr0gNO7rXF.jpg,0,0.5984,MOVIE
번지점프를 하다,"1983년 여름. 첫 눈에 반하는 일 따위는 믿지 않는 국문학과 82학번 서인우(이병헌 분)는 적극적이고 사랑스런 여자 82학번 인태희(이은주 분)를 만난다. 자신의 우산 속에 당돌하게 뛰어들어온 여자 인태희. 비에 젖은 검은 머리, 아름다운 얼굴, 그리고 당돌한 말투까지 인우의 마음은 온통 그녀로 가득 차 버린다. 그녀의 존재로 가슴 설레여하고, 그 사람의 손이 닿은 물건이면 무엇이든 소중하게 간직하며 사랑은 무르익어 간다.",2001-02-03,101,"로맨스, 드라마",https://image.tmdb.org/t/p/w500/A2G9qtqMWKknghNMo7Rw90Xh2Cw.jpg,6.5,1.7009,MOVIE
범죄도시 4,"신종 마약 사건 3년 뒤, 괴물형사 마석도와 서울 광수대는 배달앱을 이용한 마약 판매 사건을 수사하던 중 수배 중인 앱 개발자가 필리핀에서 사망한 사건이 대규모 온라인 불법 도박 조직과 연관되어 있음을 알아낸다. 필리핀에 거점을 두고 납치, 감금, 폭행, 살인 등으로 대한민국 온라인 불법 도박 시장을 장악한 특수부대 용병 출신의 빌런 백창기와 한국에서 더 큰 판을 짜고 있는 IT업계 천재 CEO 장동철. 마석도는 더 커진 판을 잡기 위해 장이수에게 뜻밖의 협력을 제안하고 광역수사대는 물론, 사이버수사대까지 합류해 범죄를 소탕하기 시작하는데…",2024-04-24,109,"액션, 범죄, 스릴러",https://image.tmdb.org/t/p/w500/jucHQwnRSma1O9V2bM007e4eSd7.jpg,7.248,8.1805,MOVIE
범죄도시 2,"가리봉동 소탕작전으로부터 4년이 지난 2008년, 금천경찰서 강력반은 베트남으로 도주한 용의자를 인도받아 오라는 미션을 받는다. 그렇게 현지를 물색하던 마석도와 전일만은 용의자에게 미심쩍음을 느껴 추궁한 끝에, 악랄한 강해상의 존재를 알게 된다. 두 형사는 수사권이 없는 상황에도 한국과 베트남을 오가며 역대급 범죄를 저지르는 그를 잡겠다는 일념 하나로 호찌민 이곳저곳을 거침없이 누빈다.",2022-05-18,106,"액션, 범죄, 스릴러",https://image.tmdb.org/t/p/w500/9XkAF2pl2uliiuAORaWTgPmr6zG.jpg,7.327,8.0837,MOVIE
범죄와의 전쟁: 나쁜놈들 전성시대,"1982년 부산, 해고될 위기에 처한 비리 세관원 최익현은 순찰 중 적발한 히로뽕을 일본으로 밀수출하기 위해 부산 최대 조직의 젊은 보스 최형배와 손을 잡는다. 익현은 탁월한 임기응변과 특유의 친화력으로 형배의 신뢰를 얻는 데 성공한다. 주먹 넘버원 형배와 로비의 신 익현은 함께 힘을 합쳐 부산을 접수하기 시작하고, 나쁜 놈들의 전성시대가 펼쳐진다. 하지만 1990년 범죄와의 전쟁이 선포되자 조직의 의리는 금이 가고 배신이 시작된다. 살아남기 위해 벌이는 치열한 한판 승부, 최후에 웃는 자는 과연 누가 될 것인가?",2012-02-02,133,"범죄, 스릴러",https://image.tmdb.org/t/p/w500/4tJYmvn7VgDsrAYHgB3qebVWTut.jpg,6.891,3.6948,MOVIE
베스트셀러,"10여 년간 대한민국 최고의 베스트셀러 작가로 군림해온 백희수. 발표한 신작 소설이 한 공모전의 심사위원 당시 심사를 맡았던 작품을 표절했다는 혐의를 받게 된 희수는, 하루 아침에 사회적 명성을 잃고, 결혼생활마저 순탄하지 못하게 된다. 그리고 2년 동안 창작할 수 없는 지경에 빠져 있던 희수는 오랜 친구인 출판사 편집장의 권유로 화려한 재기를 꿈꾸며 딸 연희와 함께 시골의 외딴 별장으로 내려간다.  그들이 찾아간 별장. 그 곳은 굳게 잠겨 있는 2층의 구석방, 간헐적으로 집안 전체를 울리는 기괴한 진공소리, 작업실 천정에 점차 번져가는 검은 곰팡이 등 왠지 모를 섬뜩한 분위기를 풍기고 연희는 “언니”라고 불리는 정체를 알 수 없는 누군가와 대화를 하기 시작한다. 창작에 목말라 있던 희수는 점차 연희가 들려주는 별장에서 벌어졌던 섬뜩한 이야기에 집착하고, 결국 그 이야기를 소설로 완성시킨다. 그리고 다시 한번 베스트셀러 작가로 우뚝 서며 재기에 성공한다.  하지만 그 이야기조차 이미 10년 전 발표된 소설과 똑같은 내용임이 밝혀지게 되면서 그녀는 또 한번 표절논란의 중심에 서게 된다. 절대 표절일리 없다고 주장하는 희수는 별장에 있는 무언가가 자신에게 똑같은 글을 쓰게 했다고 믿고 표절혐의를 벗기 위해 다시 마을로 내려간다. 그리고 그 곳에서 자신의 소설과 별장을 둘러싼 미스터리한 사건과 마주치게 되는데… 이제 그녀는 감춰진 진실을 쫓아 필사적인 추적을 시작한다!",2010-04-15,117,"공포, 스릴러, 미스터리",https://image.tmdb.org/t/p/w500/l8rXtUerSc2e1q5oMWsKLzunqZN.jpg,5.944,1.5204,MOVIE
변산,"발렛 파킹, 편의점 아르바이트로 빡센 청춘을 보내지만, 쇼미더머니 6년 개근의 열정을 불태우는 무명 래퍼 학수 a.k.a 심뻑. 또 다시 예선 탈락을 맞이한 인생 최악의 순간, 한 통의 전화를 받고 잊고 싶었던 고향 변산으로 향한다. 짝사랑 선미의 꼼수에 제대로 낚여 고향에 강제로 소환된 학수. 징글징글하게 들러 붙는 옛 친구들로 인해 지우고 싶었던 흑역사는 하나, 둘 떠오르고 하루 빨리 고향을 뜨고 싶었던 학수는 예측 불허의 사건들을 겪으면서 인생 최대 위기를 맞이하게 되는데...",2018-07-04,123,"드라마, 음악",https://image.tmdb.org/t/p/w500/mfBXov6v9tg4KwgrxuzTvPKJwWm.jpg,7.2,1.3126,MOVIE
변신,사람의 모습으로 변신하는 악마가 우리 가족 안에 숨어들면서 기이하고 섬뜩한 사건들이 벌어진다. 서로 의심하고 증오하고 분노하는 가운데 구마 사제인 삼촌 중수가 예고없이 찾아오는데…,2019-08-21,113,"공포, 스릴러",https://image.tmdb.org/t/p/w500/3EphHAIU36cIeFxHAwjdET3ibDp.jpg,7.046,2.9589,MOVIE
변호인,1980년대 초 부산. 빽도 돈도 없고 가방끈도 짧은 세무 변호사 송우석. 부동산 등기부터 세금 자문까지 남들이 뭐라든 탁월한 사업수완으로 승승장구하며 부산에서 제일 잘나가고 돈 잘 버는 변호사로 이름을 날린다. 10대 건설 기업의 스카우트 제의까지 받으며 전국구 변호사 데뷔를 코 앞에 둔 송변. 하지만 우연히 7년 전 밥값 신세를 지며 정을 쌓은 국밥집 아들 진우가 뜻하지 않은 사건에 휘말려 재판을 앞두고 있다는 소식을 듣는다. 하지만 그곳에서 마주한 진우의 믿지 못할 모습에 충격을 받은 송변은 모두가 회피하기 바빴던 사건의 변호를 맡기로 결심하는데...,2013-12-18,127,"역사, 드라마",https://image.tmdb.org/t/p/w500/5tm4Rv24NYdGpuWzA6aF5h1qm0E.jpg,7.797,2.3778,MOVIE
보고타: 마지막 기회의 땅,더 나은 삶의 기회를 찾아 보고타로 이주한 한국인 청년. 콜롬비아 암시장에서 꽤 괜찮은 살길을 발견하는데. 이제 이곳에서 모든 위험을 무릅쓰고 성공의 기회를 잡으려 한다.,2024-12-31,106,"스릴러, 범죄, 드라마",https://image.tmdb.org/t/p/w500/Aw9HTT8Dyc8OXXFRWaknPtqjf1z.jpg,7,3.71,MOVIE
보스상륙작전,"월드컵이 끝나고, 대선이 다가오자 대선특수를 노리는 조폭들의 움직임이 심상치 않다. 특히 정계와 밀접한 무궁화파의 대부 와발은 MBA출시의 엘리트 조폭 독사를 앞세워 불법선거자금으로 정치로비를 추진 중에 있다.  조폭들의 심상치 않은 움직임을 파악한 검찰은 긴급회의를 열어 무궁화파의 독사가 최리라는 나가요가 일하는 룸싸롱을 배경으로 선거자금 로비를 진행하고 있다는 정보를 입수한 태훈은 검찰긴급회의에서 ""룸싸롱을 하나 차리죠""라는 기상천외한 발언으로 유래없는 검찰들의 비밀프로젝트가 시작된다.",2002-09-06,108,,https://image.tmdb.org/t/p/w500/gBhw96WpWj7qUl3sgXA9rcqPian.jpg,4.6,0.9289,MOVIE
보통사람,"열심히 범인 잡아 국가에 충성하는 강력계 형사이자 사랑하는 아내, 아들과 함께 2층 양옥집에서 번듯하게 살아보는 것이 소원인 평범한 가장 성진. 그날도 불철주야 범인 검거에 나섰던 성진은 우연히 검거한 수상한 용의자 태성이 대한민국 최초의 연쇄살인범일 수도 있다는 정황을 포착하게 되고, 이로 인해 안기부 실장 규남이 주도하는 은밀한 공작에 자신도 모르는 사이 깊숙이 가담하게 된다. 한편, 성진과는 가족과도 같은 막역한 사이인 자유일보 기자 재진은 취재 중 이 사건의 수상한 낌새를 눈치채고 성진에게 이쯤에서 손을 떼는 것이 좋겠다고 말하지만, 다리가 불편한 아들의 수술을 약속 받은 성진은 규남의 불편한 제안을 받아들이고 만다. 아버지로서 할 수 밖에 없었던 선택, 이것이 도리어 성진과 가족들을 더욱 위험에 빠트리고 그의 삶을 송두리째 흔들기 시작하는데…",2017-03-23,121,"범죄, 액션, 드라마, 미스터리",https://image.tmdb.org/t/p/w500/kuX4Gp9xV1AAYZ3BYGqo1uwtjF2.jpg,7.186,1.3036,MOVIE
복면달호,"내일의 락스타를 꿈꾸며 지방 나이트에서 열심히 샤우팅을 내지르던 봉달호와 그의 목소리에서 신이 내린 천상의 뽕필을 발견한큰소리 기획의 장사장의 잘못된 만남. 가수 데뷔라는 말에 이성상실, 앞뒤 안 보고 계약서에 도장을 찍어버린 후 달호의 인생은 완전 화려하게 꼬여 버렸다. 자신을 키워 줄 것이라 굳게 믿었던 큰소리 기획이 트로트 전문 음반 기획사였던 것이다. 결국 법적 사슬에 묶여 피할 수 없는 현실 앞에 어쩔 수 없이 트로트 가수로 거듭나기 위한 초강도의 스파르타 식 트레이닝에 들어간 봉달호. 이로써 큰소리 기획의 야심 찬 프로젝트가 시작되는데...",2007-02-14,114,"음악, 코미디",https://image.tmdb.org/t/p/w500/8POhpAaG7a5x0G0dXh16sepNM87.jpg,6.4,1.1477,MOVIE
복수는 나의 것,선천성 청각 장애인 류에게 누나는 유일한 가족이다. 신부전증을 앓고 있는 누나는 병이 악화되어 신장을 이식하지 않으면 얼마 살 수 없다는 진단을 받는다. 누나와 혈액형이 달라 이식 수술이 좌절된 류는 장기밀매단과 접촉해 자신의 신장과 전재산 천 만원을 넘겨주고 누나를 위한 신장을 받기로 하지만 모든 것이 사기로 드러난다. 누나에게 맞는 신장을 찾기 위해 돈이 필요한 류는 애인이자 운동권 학생인 영미의 말에 아이를 유괴한다. 착한 유괴라고 류를 설득해 동진의 딸을 유괴하지만 이 사실을 알게 된 류의 누이는 스스로 목숨을 끊고 우연한 사건으로 아이마저 죽게 되는데...,2002-03-29,120,"액션, 드라마, 스릴러",https://image.tmdb.org/t/p/w500/zrz5mJuXIhYGHBQndduUoT2JHvm.jpg,7.465,6.6328,MOVIE
복숭아나무,상현(조승우)과 동현(류덕환)은 특별한 쌍둥이 형제이다. 그들은 아버지의 보살핌 아래 바깥세상을 모른 채로 30년을 어두운 집 안에서 살아왔다. 순종적인 성격의 상현과는 달리 숨어 지내는 생활이 불만인 동현은 남몰래 책을 읽고 글을 쓰는 연습을 하며 소설가를 꿈꾼다. 아버지는 이런 동현을 위해 우연히 알게 된 삽화가를 꿈꾸며 놀이동산에서 캐리커처를 그리는 밝고 상냥한 승아(남상미)에게 아들을 도와 함께 책을 만들어 줄 것을 간청하는데…,2012-10-31,106,"로맨스, 드라마",https://image.tmdb.org/t/p/w500/4y8qQRx5YcwLZxkVcZzrvYangXa.jpg,6.5,0.7003,MOVIE
봄 여름 가을 겨울 그리고 봄,"만물이 생성하는 봄. 숲에서 잡은 개구리와 뱀, 물고기에게 돌을 매달아 괴롭히는 짓궂은 장난에 빠져 천진한 웃음을 터트리는 아이. 그 모습을 지켜보던 노승은 잠든 아이의 등에 돌을 묶어둔다. 잠에서 깬 아이가 울먹이며 힘들다고 하소연하자, 노승은 잘못을 되돌려놓지 못하면 평생의 업이 될 것이라 이른다. 아이가 자라 17세 소년이 되었을 때, 산사에 동갑내기 소녀가 요양하러 들어온다. 소년의 마음에 소녀를 향한 뜨거운 사랑이 차오르고, 노승도 그들의 사랑을 감지한다. 소녀가 떠난 후 더욱 깊어가는 사랑의 집착을 떨치지 못한 소년은 산사를 떠나고...",2003-09-19,103,드라마,https://image.tmdb.org/t/p/w500/kxldBREskmn4QKJyGzl7L5hDxdc.jpg,7.799,4.5613,MOVIE
봄날은 간다,"사운드 엔지니어 상우는 치매에 걸린 할머니와 젊은 시절 상처한 한 아버지, 고모와 함께 살고 있다. 어느 겨울 그는 지방 방송국 라디오 PD 은수를 만난다. 자연의 소리를 채집해 틀어주는 라디오 프로그램을 준비하는 은수는 상우와 녹음 여행을 떠난다. 자연스레 가까워지는 두 사람은 어느 날 은수의 아파트에서 밤을 보낸다. 너무 쉽게 사랑에 빠진 두 사람. 상우는 주체할 수 없을 정도로 그녀에게 빨려든다. 그러나 겨울에 만난 두 사람의 관계는 봄을 지나 여름을 맞이하면서 삐걱거린다.",2001-09-28,94,"드라마, 로맨스",https://image.tmdb.org/t/p/w500/roHCK9J7H4ck932STWE9CYVx2av.jpg,6.964,2.4384,MOVIE
봄이가도,"푸르스름한 이른 새벽, “우리 향이… 돌아올 수 있는 건가요?” 딸(김혜준)을 애타게 기다리는 엄마(전미선). 고요한 정적의 한낮, “가끔 헛것이 좀 보여요” 운 좋게 홀로 살아남은 이(유재명) 어수선한 분주함이 흐르는 저녁,  “밤낮없이 외로워서 우는 거래” 아내의 흔적에 허탈한 남자(전석호) 잊을 수 없는 그날 이후, 그리움의 시간을 보내던 이들에게 기적 같은 하루가 찾아 오는데…",2018-09-13,75,드라마,https://image.tmdb.org/t/p/w500/k7CUAsiULPzlY67Pmq0Z8VLcWiY.jpg,10,2.0443,MOVIE
봉오동 전투,"1919년 3.1운동 이후 봉오동 일대에서 독립군의 무장항쟁이 활발해진다. 일본은 신식 무기로 무장한 월강추격대를 필두로 독립군 토벌 작전을 시작하고, 독립군은 불리한 상황을 이겨내기 위해 봉오동 지형을 활용해 유인책을 펼치기로 한다. 항일대도를 휘두르는 비범한 칼솜씨의 해철과 발 빠른 독립군 1분대장 장하 그리고 해철의 오른팔이자 날쌘 저격수 병구는 일본군의 빗발치는 총탄과 포위망을 뚫고 죽음의 골짜기로 맹렬히 돌진한다. 계곡과 능선을 넘나들며 귀신같은 움직임과 예측할 수 없는 지략을 펼치는 독립군의 활약에 일본군은 당황하기 시작하는데...",2019-08-07,135,"역사, 액션, 전쟁",https://image.tmdb.org/t/p/w500/dLWvjT2yNpA0JVDI6OakgZVk44x.jpg,7.538,2.2173,MOVIE
봉이 김선달,"천재적 지략과 당대 최고의 뻔뻔함! 두둑한 배포에 수려한 외모까지 갖춘 희대의 천재사기꾼 김선달(유승호). 신출귀몰, 나타났다 하면 전설을 만들어 내는 김선달은 늘 인생 최고의 판을 기다린다.  그는 위장 전문 보원(고창석), 복채 강탈 전문 윤보살(라미란), 사기 꿈나무 견이(시우민)과 함께 온갖 기상천외한 사기 행각을 벌이며 조선 최고의 사기패로 조선 팔도에서 명성을 떨친다.  조선에서 가장 비싼 값에 거래된다는 담파고(담배) 탈취라는 새로운 판을 준비하던 그들은, 그 배후에 당대 최고의 권력가 성대련(조재현)이 있음을 알게 되고, 그를 속이기 위해 ‘주인 없는 대동강’을 미끼로 인생 최대의 판을 꾸미게 되는데…",2016-07-06,121,"역사, 코미디",https://image.tmdb.org/t/p/w500/ozl0ODYz3hHoPshYdXxsQkIAZE2.jpg,7.032,1.7718,MOVIE
부당거래,"온 국민을 충격으로 몰아넣은 연쇄 살인 사건. 계속된 검거 실패로 대통령이 직접 사건에 개입하고, 수사 중 용의자가 사망하는 사고가 발생하자 경찰청은 마지막 카드를 꺼내든다. 가짜 범인을 만들어 사건을 종결 짓는 것. 사건의 담당인 광역수사대 최철기는 승진을 보장해주겠다는 상부의 조건을 받아들이고 사건에 뛰어들게 된다. 그는 스폰서인 해동 장석구를 이용해 배우를 세우고 대국민을 상대로 한 이벤트를 완벽하게 마무리 짓는다. 한편 부동산 업계의 큰 손 태경 김회장으로부터 스폰을 받는 검사 주양은 최철기가 입찰 비리건으로 김회장을 구속시켰다는 사실에 분개해 그의 뒤를 캐기 시작하는데...",2010-10-28,119,"범죄, 스릴러",https://image.tmdb.org/t/p/w500/bcnPMgLfZr5d4VvfG1RYGMtBH9M.jpg,6.612,2.0223,MOVIE
부라더,"인디아나 존스를 꿈꾸며 유물발굴에 전 재산을 올인 하지만  현실은 늘어나는 빚과 쓸모 없는 장비뿐인 형 석봉. 가문을 대표하는 눈부신 외모와 명석한 두뇌로 잘 나가는 건설 회사에 다니지만 순간의 실수로 실직 위기에 처한 동생 주봉. 3년 만에 본가로 강제소환(?) 당한 형제는 사고로 오로라를 치게 된다. 사고 탓인지 원래 그런 건지, 알 수 없는 말과 돌발 행동으로 형제를 헉(!)하게 만드는 멘탈까지 묘(?)한 여자 오로라. 형제의 인생에 훅 들어온 그녀는 그들에게 엄청난 비밀을 알려주게 되고 오로라의 말에 혹한 석봉과 주봉에게 지긋지긋한 안동은 노다지로 보이기 시작 하는데…",2017-11-02,102,코미디,https://image.tmdb.org/t/p/w500/1D0HuIdKDV41fQKNn8yxJdfUljp.jpg,6.297,1.4785,MOVIE
부러진 화살,"대학 입시시험에 출제된 수학문제 오류를 지적한 뒤 부당하게 해고된 김경호 교수. 교수지위 확인소송에 패소하고 항소심마저 정당한 사유 없이 기각되자, 담당판사를 찾아가 공정한 재판을 요구하며 석궁으로 위협하기에 이른다. 격렬한 몸싸움, 담당판사의 피 묻은 셔츠, 복부 2cm의 자상, 부러진 화살을 수거했다는 증언… 곧이어 사건의 파장은 일파만파 퍼져나가고, 사법부는 김경호의 행위를 법치주의에 대한 도전이자 ‘테러’로 규정, 피의자를 엄중 처벌하겠다는 입장을 발표한다. 그러나 피의자 김경호가 실제로 화살을 쏜 일이 없다며 결백을 주장하면서, 속전속결로 진행될 것 같았던 재판은 난항을 거듭한다. 한 치의 양보도 없는 법정, 엇갈리는 진술! 결정적인 증거 ‘부러진 화살’은 행방이 묘연한데... 비타협 원칙을 고수하며 재판장에게도 독설을 서슴지 않는 김경호의 불같은 성격에 변호사들은 하나둘씩 변론을 포기하지만, 마지막으로 선임된 자칭 ‘양아치 변호사’ 박준의 등장으로 재판은 활기를 띠기 시작하는데... 상식 없는 세상에 원칙으로 맞서는 한 남자의 이야기가 시작된다!",2011-10-09,100,"드라마, 범죄",https://image.tmdb.org/t/p/w500/qaVDfDgYjRzU4nqTeMtRJmGmz5v.jpg,6.735,1.223,MOVIE
부산행,"별거 중인 펀드 매니저 석우는 소원해진 딸 수안의 생일 소원을 들어주기 위해 아내가 있는 부산행 KTX에 오른다. 이내 열차는 좀비의 침투와 감염으로 아수라장으로 변하고, 전국적 재난 뉴스를 차내에서 접한 승객들의 생존가능성은 유일하게 초기 대응에 성공한 도시 부산까지 살아남은 채 도착할 수 있느냐에 달리게 된다. 열차에 몸을 실은 석우와 딸 수안, 상화와 성경 커플, 고등학생 영국, 진희, 그리고 노숙자와 중년의 비즈니스맨 용석은 감염된 사람들의 공격을 피해 열차 안에서 사투를 벌인다.",2016-07-20,118,"액션, 공포, 스릴러, 모험",https://image.tmdb.org/t/p/w500/6XvEZVBFFjybvb1yQd1qfOC6F2S.jpg,7.748,24.1836,MOVIE
분노의 윤리학,"어느 날, 미모의 여대생이 살해된다. 그녀의 죽음을 계기로 그녀를 둘러싼 주변인들은 서로의 존재를 눈치 채게 된다. 여대생의 옆집에 살면서 그녀를 도청하는 경찰, 삼촌을 자임하던 잔인한 사채업자, 끝난 사랑을 받아들이지 못하고 스토킹하던 옛 애인, 아내 모르게 불륜을 저지르던 대학교수. 평소 누구보다 평범하고 점잖은 얼굴을 한 채 살아왔던 이들은 살인사건을 계기로 자신의 내면에 자리하고 있던 분노를 발견하고, 죽음의 책임을 서로에게 돌리기 시작한다. 이기적 욕망으로 자신을 가리고 서로를 응징하려 드는 네 남자는 이제 악질적으로 자신의 본색을 드러낸다. 자신만은 순결하다고 주장하는 네 사람 앞에 또 다른 여인이 나타난다. 살인보다 불륜이 더 참을 수 없는, 자존심을 다친 것이 무엇보다 불쾌하고 화가 난 여자는 묻는다. “잘못한 사람은 아무도 없네요?” 서로를 심판하겠다고 나선 이들이 만들어 낸 분노의 연쇄 고리 속에서 사건은 점점 예상하지 못한 방향으로 흘러 간다.",2013-02-21,110,"스릴러, 드라마",https://image.tmdb.org/t/p/w500/onOxyIwyk3PoH5eN13GXlmpfeUH.jpg,6,1.017,MOVIE
분신사바,"서울에서 전학 와 아이들에게 왕따를 당하던 유진. 괴롭힘에 못 견뎌 하던 유진은 어느 날 친구들에게 저주를 내리고픈 마음에 영혼을 부르는 죽음의 주문 '분신사바'를 외운다. 마음 속으로나마 '죽이고 싶을 만큼' 미웠던 친구들. 그러나 이 날 이후, 분신사바 주문은 현실이 되고  같은 반 친구들이 한명씩 죽어나간다. 마침, 이 학교로 새로 부임해온 미술교사 은주는 학교에서 벌어지는 일련의 사건들로 인해 불안해 하고, 그런 은주를 유독 유진만이 의심의 눈초리로 바라본다. 분신사바 주문 그 이후, 미술교사 은주 눈에만 존재하지 않는 29번 학생 인숙이 보이고 의문의 학생 인숙의 등장으로 인해 은주는 점점 공포감에 휩싸이게 된다. 엄청난 저주 속, 숨겨진 진실. 은주는 점차 저주의 실체에 맞닥뜨리게 되는데",2004-08-05,120,공포,https://image.tmdb.org/t/p/w500/rFjbkDeRl32cPCvAml8iyJNhs1N.jpg,6.141,1.3416,MOVIE
분장,"꿈은 멀고 하루는 길기만 한 무명의 연극 배우 송준.  미래가 보이지 않던 어느 날, 그는 세계적으로 유명한 성소수자 연극 에 주인공으로 발탁되어, 일약 스타덤에 오른다.  자신의 성정체성과는 다른 캐릭터를 연기하기 위해 송준은 성소수자 모임에 참석하고 클럽에 출입하는 등 역할을 위해 최선을 다한다.  그러나 미처 생각지 못한 사건으로 인해 그는 쉽게 마칠 수 없는 삶의 무대에 오르게 된다.",2017-09-27,103,드라마,https://image.tmdb.org/t/p/w500/6auuyKjbEmFf7Jaub1Uat1MqHuU.jpg,5,1.2741,MOVIE
불꽃처럼 나비처럼,"차가운 궁궐 생활과 시아버지와의 정치적 견해 차이로 하루도 안심할 수 없는 나날들을 보내던 자영은 자객 무명이 지켜주고 있음을 알게 되면서 따뜻함을 느끼게 된다. 하지만, 일본의 외압과 그로부터 조선을 지키기 위한 자영의 외교가 충돌하면서 그녀를 향한 무명의 사랑 또한 광풍의 역사 속으로 휩쓸리게 되는데…",2009-09-24,124,"드라마, 액션, 역사, 로맨스",https://image.tmdb.org/t/p/w500/l4vqWFGYWkWx6o1P4Zg5SzBMJ6J.jpg,6.089,1.7858,MOVIE
불한당: 나쁜 놈들의 세상,"범죄조직의 1인자를 노리는 재호와 세상 무서운 것 없는 패기 넘치는 신참 현수는 교도소에서 만나 서로에게 끌리고 끈끈한 의리를 다져간다. 출소 후, 함께 권력을 차지하기 위해 의기투합하던 중, 두 사람의 숨겨왔던 야망이 조금씩 드러나고, 서로에 대해 새로운 사실을 알게 되면서 그들의 관계는 흔들리기 시작하는데…",2017-05-17,120,"액션, 범죄, 미스터리",https://image.tmdb.org/t/p/w500/bW9tePApxcM2QmvOgeEfQippM2I.jpg,7.168,4.4808,MOVIE
뷰티 인사이드,"자고 일어나면 다른 사람이 되는 남자가 있다. 매일 국적, 성별, 나이를 넘나드는 남자, 우진은 정체를 드러내지 않고 가구 디자이너로서 살아왔다. 그러던 어느 날, 가구 판매점에서 이수라는 여자를 만난 우진은 처음 사랑이라는 감정을 느낀다. 항상 다른 모습으로 그녀를 지켜보던 우진은 이수에게 데이트 신청을 한다. 설레는 첫 데이트 이후 그는 잠을 자지 않고 모습을 유지하기 위해 노력한다. 우진은 며칠간 보통 사람 같은 행복한 시간을 보내지만, 결국 잠이 들어 다른 모습으로 변해버리고 만다. 그녀 곁을 맴돌던 우진은 용기를 내어 비밀을 밝히는데...",2015-08-20,127,"판타지, 로맨스",https://image.tmdb.org/t/p/w500/i0jsrn3Ex3lvXMOTblABr6AYy1v.jpg,7.7,2.7,MOVIE
브로커,"세탁소를 운영하지만 늘 빚에 시달리는 상현과 베이비 박스 시설에서 일하는 보육원 출신의 동수. 거센 비가 내리는 어느 날 밤, 그들은 베이비 박스에 놓인 한 아기를 몰래 데려간다. 하지만 이튿날, 생각지 못하게 엄마 소영이 아기 우성을 찾으러 돌아온다. 아기가 사라진 것을 안 소영이 경찰에 신고하려 하자 솔직하게 털어놓는 두 사람. 우성이를 잘 키울 적임자를 찾아 주기 위해서 그랬다는 변명이 기가 막히지만 소영은 우성이의 새 부모를 찾는 여정에 상현, 동수와 함께하기로 한다. 한편 이 모든 과정을 지켜본 형사 수진과 후배 이형사. 반 년째 이어온 수사를 마무리할 수 있는 결정적 증거를 포착하기 위해 이들의 뒤를 조용히 쫓는다.",2022-06-08,129,드라마,https://image.tmdb.org/t/p/w500/8pAoMLsA1h3z2uXvt353P5aScPO.jpg,7.157,4.6885,MOVIE
브로커,"세탁소를 운영하지만 늘 빚에 시달리는 상현과 베이비 박스 시설에서 일하는 보육원 출신의 동수. 거센 비가 내리는 어느 날 밤, 그들은 베이비 박스에 놓인 한 아기를 몰래 데려간다. 하지만 이튿날, 생각지 못하게 엄마 소영이 아기 우성을 찾으러 돌아온다. 아기가 사라진 것을 안 소영이 경찰에 신고하려 하자 솔직하게 털어놓는 두 사람. 우성이를 잘 키울 적임자를 찾아 주기 위해서 그랬다는 변명이 기가 막히지만 소영은 우성이의 새 부모를 찾는 여정에 상현, 동수와 함께하기로 한다. 한편 이 모든 과정을 지켜본 형사 수진과 후배 이형사. 반 년째 이어온 수사를 마무리할 수 있는 결정적 증거를 포착하기 위해 이들의 뒤를 조용히 쫓는다.",2022-06-08,129,드라마,https://image.tmdb.org/t/p/w500/8pAoMLsA1h3z2uXvt353P5aScPO.jpg,7.157,4.6885,MOVIE
브이아이피,"국정원과 CIA의 기획으로 북에서 온 VIP 김광일이 살인사건의 유력한 용의자로 지목된다. 본능적으로 그가 범인임을 직감한 경찰 채이도가 VIP를 뒤쫓지만 국정원 요원 박재혁의 비호로 번번이 용의선상에서 벗어난다. CIA와 국정원 간의 ‘기획 귀순자’를 둘러싼 알력 다툼, 경찰의 봐주기 수사부터 검찰과의 거래, 여기에 북한 정치 상황 지형도까지 얽히는데...",2017-08-23,128,"범죄, 스릴러, 액션",https://image.tmdb.org/t/p/w500/nAF51unFGuizy0dOnmn74VytRLt.jpg,7.698,5.8856,MOVIE
블랙머니,"일명 서울지검 ‘막프로’! 검찰 내에서 거침없이 막 나가는 문제적 검사로 이름을 날리는 양민혁은 자신이 조사를 담당한 피의자가 자살하는 사건으로 인해 하루 아침에 벼랑 끝에 내몰린다. 억울한 누명을 벗기 위해 내막을 파헤치던 그는 피의자가 대한은행 헐값 매각사건의 중요 증인이었음을 알게 된다. 근거는 의문의 팩스 5장! 자산가치 70조 은행이 1조 7천억원에 넘어간 희대의 사건 앞에서 양민혁 검사는 금융감독원, 대형 로펌, 해외펀드 회사가 뒤얽힌 거대한 금융 비리의 실체와 마주하게 되는데…",2019-11-13,113,"범죄, 드라마, 스릴러",https://image.tmdb.org/t/p/w500/3G0ebGwNXfckvAxxEmBOlLmVSOL.jpg,7.1,1.5112,MOVIE
비광,톱스타 부부 중구와 남미가 갑자기 나타난 중구의 딸 동주로 인해 파경을 맞은 뒤 8년 후 충격적인 사건에 휘말린 동주를 구하기 위해 마지막 남은 모든 것을 걸고 진실을 파헤치는 ‘미쓰백’ 이지원 감독의 찐한 가족 연대기,2026-09-02,110,"범죄, 드라마",https://image.tmdb.org/t/p/w500/4JpwwQLDIXOYt3YwRszR3rkcwtk.jpg,0,1.4011,MOVIE
비몽,"지나간 사랑에 아파하는 란. 몽유병 상태에서 진이 꾸는 꿈대로 행동하는 그녀. 헤어진 여자친구를 잊지 못하는 진의 꿈 때문에 자신의 의지와는 달리, 더 이상 만나고 싶지 않은 옛 애인을 찾아가게 되는 란에게 진이란 존재는 견딜 수 없는 악몽이다. 나는 당신에게로.. 지나간 사랑을 그리워하는 진. 생생했던 꿈 속의 사건현장을 찾아가 그곳에서 란을 만나고, 그녀가 자신이 꾸는 꿈대로 행동한다는 사실을 알게 된다. 란의 부탁에도 불구하고 스스로의 꿈을 컨트롤 할 수 없는 그. 그러나 그녀를 위해... 진은 한 가지를 약속하는데..",2008-10-09,95,"드라마, 미스터리, 판타지, 로맨스",https://image.tmdb.org/t/p/w500/7ItSxE9giyy20pzHAQMAtrpu4KI.jpg,6.595,1.216,MOVIE
비밀,"전국을 떠들썩하게 만든 연쇄 살인 사건, 극적으로 범인을 검거한 형사 '상원'(성동일)은 홀로 남겨진 살인자의 딸을 데려다 키운다.  그리고, 10년의 세월이 지난 후, 평온한 부녀 앞에 비밀을 쥔 의문의 남자 '철웅'(손호준)이 '정현'(김유정)의 선생님으로 나타나는데...",2015-10-15,102,"드라마, 미스터리",https://image.tmdb.org/t/p/w500/qlQ6lbw99j5wn6UZIdbJbNuT5Pc.jpg,5.8,1.6198,MOVIE
비밀애,"결혼 2개월만에 불의의 사고로 혼수상태에 빠진 남편 진우를 간호하는 연이의 일상은 시든 꽃처럼 무미건조하기만 하다. 그러던 어느 날, 오랜 외국 생활을 마치고 진우의 동생 진호가 귀국한다. 진우와 꼭 닮은 얼굴, 꼭 닮은 목소리... 모든 것이 진우와 같은 진호의 모습에 연이는 혼란스러운 가운데 미묘한 떨림을 느낀다. 진호 역시 생기를 잃은 채 살아가는 연이를 보며 어느새 연민 이상이 되어버린 자신의 감정을 숨기지 않는다. 결국 서로에 대한 이끌림을 감출 수 없던 그들의 위험한 사랑이 시작된다. 하지만 그들의 위태로운 사랑도 잠시. 혼수상태에 빠져있던 진우가 기적적으로 깨어나면서 세 사람의 사랑은 파국으로 치닫기 시작하는데...",2010-03-25,111,"드라마, 로맨스",https://image.tmdb.org/t/p/w500/pTL9Z1EaOpgXSA8HvZX8gtHIlBN.jpg,5.211,2.7165,MOVIE
비와 당신의 이야기,"뚜렷한 꿈도 목표도 없이 지루한 삼수 생활을 이어가던 영호, 오랫동안 간직해온 기억 속 친구를 떠올리고 무작정 편지를 보낸다. 자신의 꿈은 찾지 못한 채 엄마와 함께 오래된 책방을 운영하는 소희는 언니 소연에게 도착한 영호의 편지를 받게 된다. 소희는 아픈 언니를 대신해 답장을 보내고 두 사람은 편지를 이어 나가는데...",2021-04-28,117,"로맨스, 드라마",https://image.tmdb.org/t/p/w500/8iJG3qDH3rGUr6EpwOUGkN1ZJqL.jpg,5.913,2.4691,MOVIE
비천무,"몽고가 지배하던 중국 원나라 말엽, 몽고인 한족, 고려우민이 민족간 애증과 갈등을 겪으며 군웅할거하는 격동기를 살아간다. 이제, 이야기는 1343년 봄, 중국 하북성 산매현에서 시작된다. 진하(신현준 분)는 함께 살던 삼촌 곽정으로부터 비천신기를 연마하고, 자객의 습격을 받고 죽어가는 곽정으로부터 부모의 억울한 죽음과 뜻밖의 출생의 비밀을 듣는다.  설리(김희선 분)가 있는 소홍땅으로 향하는 진하, 자객의 위협으로부터 목숨을 구해준 준광(정진영 분)이라는 잊을수 없는 은인을 만나게 되고 둘은 강호의 우정을 키운다. 보름달이 둥글게 뜬 날 진하는 설리와의 약속을 지키기 위해 우화정으로 향하나, 설리는 집안의 강요로 다른 남자와 정혼을 약속해 놓은 몸. 그 남자는 다름아닌 준광! 원나라 황실의 총애를 받는 한족 출신 재력가의 아들. 우화정에서 안타까운 만남을 가진 두 사람, 서리의 이복 오빠 라이(장동직 분)의 도움으로 둘만의 깊은 사랑을 확인할 도피처로 향한다.  준광은 둘을 추적하고, 분노한 타루가(김학철 분)는 두 사람의 은신처를 습격, 진하는 타루가의 화살에 밪고 절벽에 떨어진다. 고려인의 도움으로 기적적으로 희생한 진하. 반원 세력을 제거하는 '자하랑'이라는 청부자객으로 다시 태어난다. 분노의 칼을 휘두르며 타루가, 준과의 집안을 아수라장을 만들고 그 곳에서 설리와 재회하지만 그들 사이엔 이미 깊은 세월의 강이 놓여 있는데...",2000-07-01,125,"드라마, 액션, 판타지",https://image.tmdb.org/t/p/w500/naN4H4Thc5OoPPSCoFnZYRnLkBb.jpg,6.5,2.022,MOVIE
빅매치,"액션은 특급! 질주는 본능! 유머는 옵션!  천재 악당 ‘에이스’(신하균)로부터 납치된 형(이성민)을 구하기 위한 불굴의 파이터 ‘익호’(이정재)의 초특급 무한 질주가 시작된다!  유치장 탈출부터 거대 도박장, 상암 경기장, 서울역에 이르기까지 도심 전체를 무대로 멈추지 않는 질주. 게임의 룰은 단 하나, 멈추면 죽는다. 일생일대 목숨을 건 빅매치가 시작된다!  도심 전체를 무대로 천재 악당(신하균)으로부터 형을 구하기 위한 ‘익호’(이정재)의 무한질주를 그린 초특급 오락액션",2014-11-26,112,"코미디, 액션, 스릴러",https://image.tmdb.org/t/p/w500/uxqF36Tbt6xLVRMUkYg0EXhPMVX.jpg,6.9,2.4722,MOVIE
"빗자루, 금붕어 되다","신림동 고시촌의 허름한 고시원에서 홀로 살아가는 50대의 장필. 가난하지만 착한 장필은 같은 고시원에 사는 청년에게 돈을 빌려주지만 그에게 일자리까지 빼앗기고, 동네 골목에서 만난 여자에게 사기까지 당한다. 일상을 연명하는 것에 위기를 느낀 장씨는 우발적인 살인을 저지르고 심한 자의식에 빠진다.",2010-09-30,79,드라마,https://image.tmdb.org/t/p/w500/zpfrOZx19qQYDYCtHtAg4O5PN83.jpg,0,0.5902,MOVIE
뺑반,"경찰 내 최고 엘리트 조직 내사과 소속 경위 은시연. 조직에서 유일하게 믿고 따르는 윤과장과 함께 F1 레이서 출신의 사업가 정재철을 잡기 위해 수사망을 조여가던 시연은 무리한 강압 수사를 벌였다는 오명을 쓰고 뺑소니 전담반으로 좌천된다. 알고 보면 경찰대 수석 출신, 만삭의 리더 우계장과 차에 대한 천부적 감각을 지닌 에이스 순경 서민재. 팀원은 고작 단 두 명, 매뉴얼도 인력도 시간도 없지만 뺑소니 잡는 실력만큼은 최고인 뺑반. 계속해서 재철을 예의주시하던 시연은 뺑반이 수사 중인 미해결 뺑소니 사건의 유력한 용의자가 재철임을 알게 된다. 뺑소니 친 놈은 끝까지 쫓는 뺑반 에이스 민재와 온갖 비리를 일삼는 재철을 잡기 위해 모든 것을 건 시연. 하나의 목표를 향해 힘을 합친 그들의 팀플레이가 시작되는 가운데 방법을 가리지 않고 수사망을 빠져 나가려는 통제불능 스피드광 재철의 반격 역시 점점 과감해지는데…!",2019-01-30,133,"범죄, 액션",https://image.tmdb.org/t/p/w500/y2W0cka8Akp7uJ5ykCwaoz2RnWz.jpg,7.2,1.9155,MOVIE
사냥,"대규모 탄광 붕괴 사고가 일어난 무진의 외딴 산. 이상한 것이 출몰한다는 소문 때문에 아무도 찾지 않는 그 곳에서 거대한 금맥이 발견된다. 금맥이 발견되었다는 정보를 은밀히 입수한 동근은 수상한 엽사들을 이끌고 산에 오른다. 인생 역전을 맞이한 기쁨도 잠시 땅주인 노파가 그들을 막아서고, 실랑이 끝에 노파가 절벽 아래로 떨어지고 만다. 한편 탄광 붕괴 사고의 유일한 생존자 기성은 산사태 때문에 출입이 불가하다던 산에서 수상한 남자들을 발견하고 뒤쫓다 보지 말아야 할 것을 목격하고 만다. 이 때 사고로 잃은 동료의 딸 양순마저 우연히 산 속에 들어갔다 함께 쫓기게 된다. 금을 차지하려는 엽사 무리와 소중한 것을 지켜야 하는 사냥꾼, 출구 없는 산 속에서 목숨을 건 16시간의 추격이 시작된다!",2016-06-29,93,"액션, 스릴러",https://image.tmdb.org/t/p/w500/vLATKyPeQwJzw2k7K84v5x2QQUS.jpg,5.3,1.1244,MOVIE
사도,재위기간 내내 왕위계승 정통성 논란에 시달린 영조는 학문과 예법에 있어 완벽한 왕이 되기 위해 끊임없는 노력을 기울인다. 뒤늦게 얻은 귀한 아들 세자만은 모두에게 인정받는 왕이 되길 바랐지만 기대와 달리 어긋나는 세자에게 실망하게 된다. 어린 시절 남다른 총명함으로 아버지 영조의 기쁨이 된 아들. 아버지와 달리 예술과 무예에 뛰어나고 자유분방한 기질을 지닌 사도는 영조의 바람대로 완벽한 세자가 되고 싶었지만 자신의 진심을 몰라주고 다그치기만 하는 아버지를 점점 원망하게 된다.,2015-09-16,125,"드라마, 역사",https://image.tmdb.org/t/p/w500/pIK6udUnww0tLE0yxhO6B6ZcaIV.jpg,7.073,1.7849,MOVIE
사라진 밤,"아내를 살해하고 완전범죄를 계획한 남편. 몇 시간 후, 국과수 사체보관실에서 그녀의 시체가 흔적도 없이 사라진다. 그리고 남편에게 도착한 문자 한 통. “우리의 비밀을 묻은 곳에서 기다릴게” 남편을 의심하기 시작한 형사와  이 모든 것이 아내의 계획이라고 주장하는 남편. 그녀는 정말 죽은 걸까? 사라진 걸까?",2018-03-07,101,"스릴러, 범죄, 미스터리",https://image.tmdb.org/t/p/w500/umtfX1P3bzgl9fOSQL64DRY6juT.jpg,7.429,3.3857,MOVIE
사라진 시간,"한적한 소도시의 시골마을, 외지인 부부가 의문의 화재 사고로 사망하는 사건이 발생한다. 사건 수사를 담당하게 된 형구는 마을 사람들의 수상한 낌새를 눈치채고 단서를 추적하던 중, 하루 아침에 자신의 삶이 송두리째 뒤바뀌는 충격적인 상황에 빠지게 된다. 집도, 가족도, 직업도 내가 알던 모든 것이 사라졌다. 과연 그는 자신의 삶을 되찾을 수 있을 것인가.",2020-06-18,105,"드라마, 미스터리",https://image.tmdb.org/t/p/w500/qFVniej6LEWknsxiQgOqzLdB7nc.jpg,6,1.1454,MOVIE
사랑,"평범하게 꼭 남들만큼만 살고 싶었던 남자, 채인호. 평생 지켜주겠다는 첫사랑 그녀를 향한, 열 일곱의 수줍은 맹세를 지키기 위해 악랄한 건달 치권의 목에 칼을 꽂았다. 7년 후, 버릴 수 없는 그 여자는 가질 수 없는 사랑이 되어 나타나고... 지독하게 조여 오는 운명을 상대로 한, 거친 남자의 뜨거운 삶이 시작된다!",2007-09-19,104,"액션, 드라마",https://image.tmdb.org/t/p/w500/nXCuroWzzirrr3QcV5UCLwCRS3y.jpg,6.7,2.0656,MOVIE
사랑은 없다,"40대 가장인 동하는 오랜 시간 대표작을 내지 못한, 과거의 영광 속에 사는 영화배우기도 하다. 어느 날 그런 동하에게 한 통의 전화가 걸려오고, 이를 기점으로 그를 흔드는 작은 바람이 시작된다. 덕분에 그는 그간 잊고 살던 설렘이란 감정을 흔들어 깨우게 되고, 이때부터 자신만의 작은 세상을 만드는 일에 열중한다. 하지만 이내 이런 설렘과 직면한 현실은 결코 온건하게 타협할 수 없다는 것을 알고 괴로워하는데…  이런 그에게 실로 오랜만에 영화 출연 제의가 들어온다.",2017-03-09,86,"드라마, 로맨스",https://image.tmdb.org/t/p/w500/pFUskY2P0HUC8wzUExZM4MobX9M.jpg,4,0.9888,MOVIE
사랑을 놓치다,"10년 전, 사귀던 여자친구에게 차이고 힘들어하는 우재를 위로해주며 아픈 가슴으로 지켜보는 친구, 연수. 도망가듯 군대로 떠나버린 우재는 면회를 온 연수를 보고 처음으로 친구 이상의 감정을 느끼지만 표현하지 않는다. 한편 연수는 자신을 친구로만 생각하는 우재를 잊어버리기로 하는데… 10년 후 우연히 재외한 후 이루지 못했던 사랑을 조심스레 시작해 보려는 그들의 잔잔한 로맨스가 담긴 영화.",2006-01-26,118,"드라마, 로맨스",https://image.tmdb.org/t/p/w500/pHIdRT5EVBCgUZVLLhbTlFqiExE.jpg,6.364,1.1524,MOVIE
사랑의 고고학,"만난 지 8시간 만에 사랑에 빠진 영실과 인식. 인식은 그런 영실을 자유로운 영혼이라 확신하며 어떠한 상황에서도 함께할 것이라는 약속을 받아낸다. 시간이 지날수록 영실에 대한 인식의 집착은 심해지고, 영실은 뒤틀린 관계 속에서도 인식과의 약속을 지키고자 한다. 하지만 영실의 노력에도 헤어진 두 사람. 8년 동안의 불온했던 과거의 굴레에서 벗어나 영실은 자신의 사랑에 대해 정면으로 응시할 준비를 시작한다.",2023-04-12,162,"로맨스, 드라마",https://image.tmdb.org/t/p/w500/5sQss4mYJa0oONrHUn03SqeVHEx.jpg,7,1.3582,MOVIE
사랑하기 때문에,"사랑하는 그녀에게 고백하러 가던 날,  갑작스러운 사고로 사랑에 서툰 사람들의 몸에  들어갈 수 있는 뜻밖의 능력을 가지게 된  작곡가 이형. 여고생 K양을 시작으로 이혼위기 P씨, 모태솔로 노총각 Y씨  첫사랑만 찾는 치매할머니 K씨까지!  유일하게 자신의 비밀을 알아챈 4차원 소녀  스컬리)의 도움으로 인생 최대의 위기를 기회로 바꿔보기로 한다.  이형은 과연 인생 최고의 순간을 맞이할 수 있을 것인가?",2017-01-04,110,"드라마, 판타지, 로맨스",https://image.tmdb.org/t/p/w500/rmfmjn7OXP9ZVNrNu02ghqgqUb3.jpg,7,1.4711,MOVIE
"사랑하니까, 괜찮아","열아홉, 상큼발랄 두근후회제로의 사랑이 목표인 순정남,  추억제로의 사랑이 소망인 시한부 명랑녀,  그들의 행복한 인사...'사랑하니까, 괜찮아'  사랑으로 통하는 그와 그녀  젊으니까, 괜찮아  고교축제. 재주꾼 민혁은 춤추랴 노래하랴 정신이 없다. 그러나 그의 운명은 무대가 아니라 화장실이었으니. 여자화장실이 만원이라며 남자 화장실로 찾아온 당찬 여고생 미현에게 마음을 빼앗긴 것. 그날부터 미현을 향한 민혁의 대쉬가 시작된다. 몰래 밤길 따라다니며 지켜주기, 별빛 아래 기습키스하기, 사물함 가득 장미꽃 채워주기, 눈 내린 다음날 아침 그녀 집 앞에 길 만들어주기 등 민혁의 순정은 시간과 장소를 가리지 않는다. 그러나 미현은 따뜻한 눈빛을 보내면서도 좀처럼 마음을 열지 않는다. 그리고 어느날 갑자기 떠나간다. '안녕, 미안해!' 한 마디를 남긴 채...  눈물로 젖어드는 얼마 남지 않은 사랑  슬프지만, 괜찮아  운명의 사랑이라 믿었는데 사라진 미현. 그녀 역시 자신을 좋아한다 느꼈는데 혼자가 되어버린 민혁. 이유를 모르기에 더욱 아픈 실연으로 상처받는다. 그리고 2년 뒤 예전의 밝은 미소도 잃어버린 채, 무뚝뚝한 청년으로 변해버린 민혁. 그런 그의 앞에 그녀가 거짓말처럼 돌아온다. 그리고 말한다. ""나 죽는대...곧 죽을 여자랑 연애 안 할래?""  ... 당신이라면, 어떻게 대답하시겠어요?  두근 첫사랑과 저릿저릿 가슴뭉클 연애담",2006-08-17,111,"드라마, 로맨스",https://image.tmdb.org/t/p/w500/4ybPk03gRSU6ZgNBTgT6mEO4gyk.jpg,5.4,1.5229,MOVIE
사랑해! 진영아,"철없고, 돈없고, 빽없는 대한민국 평균의 흔한여자 김.진.영. 서른 살 그녀에게도 쨍하고 해뜰날이 오기는 올까? 시나리오로 돈 벌어본 적 없는 무늬만 시나리오 작가 김.진.영. 일찍이 좀비에 꽂혀 주구장창 좀비영화 시나리오만 쓰다 연애는커녕 키스 한 번 못 해보고 인생 서른을 맞았으니! 오호통재라ㅠㅠ 잘나가는 이복동생 자영 집에 얹혀살면서, 온갖 구박과 눈칫밥을 얻어 먹던 어느 날, 오마이갓~~ 진영 앞에 유명 영화감독 황태일이 나타난다. 사..",2013-11-07,102,"드라마, 로맨스",https://image.tmdb.org/t/p/w500/1gge4fVI7g6orVrnnZk6dxEdMON.jpg,5,0.9187,MOVIE
사바하,"신흥 종교 비리를 찾아내는 종교문제연구소 박목사. 최근 사슴동산이라는 새로운 종교 단체를 조사 중이다. 영월 터널에서 여중생이 사체로 발견되는 사건이 발생하고 이를 쫓던 경찰과 우연히 사슴동산에서 마주친 박목사는 이번 건이 심상치 않음을 직감한다. 터널 사건 유력 용의자의 자살, 그리고 실체를 알 수 없는 정비공 나한과 16년 전 태어난 쌍둥이 동생 금화의 존재까지, 사슴동산에 대해 파고들수록 박목사는 점점 더 많은 미스터리와 마주하게 되는데…",2019-02-20,122,"공포, 미스터리, 스릴러, 범죄",https://image.tmdb.org/t/p/w500/9NvqPjMwjQ2hGwSEXcZ1VZ4mqVS.jpg,6.722,3.682,MOVIE
사생결단,"3만명의 고객이 우글거리는 황금 구역을 관리하는 마약 중간 판매상 이상도는 최고급 오피스텔에서 살며 폼나게 즐기는 인생이다. 그러나 마약계 거물 장철을 잡겠다는 집념에 사로잡힌 미치광이 형사 도경장 경장에게 약점을 잡히면서 잘나가던 상도의 인생에 브레이크가 걸린다. 결국 도경장의 협박에 못 이겨 함정수사에 협조한 상도. 그러나 도경장은 함정수사가 실패로 돌아가자 대신 상도를 감옥에 넣어버린다.  장철의 행방이 손에 잡힐 듯 가까워지자 도경장은 출소한 상도를 다시 찾는다. 뒤를 봐줄테니 다시 한 번 손을 잡자고 청하는 도경장. 그러나 이미 도경장 때문에 감옥에서 8개월을 보낸 상도는 호락호락 넘어오지 않는다. 도경장의 비호 아래 칼부림을 벌여 잃었던 영업구역을 되찾은데 이어 도경장에게 거액의 사업 자금까지 뜯어낸 상도. 결국 장철의 조직에 들어가 자유롭게 장사하는 것을 도경장이 눈감아 주는 대가로 정보를 넘겨주기로 한다.  장철에게 최고 형량을 받게 하기 위해서 마약 유통의 핵심인 제조 현장을 덮쳐야만 하는 도경장. 그러나 장사에 눈이 팔린 상도가 3개월이 지나도 아무런 정보를 넘겨주지 않자 그의 분노는 극에 달한다. 자신을 보호해 주겠다는 도경장의 각서를 받아낸 후에야 제조 교수의 행방을 알려주는 상도. 한편 도경장이 장철과 교수가 만나는 현장을 덮치기 위해 잠복근무에 들어간 사이 상도는 천문학적 액수에 달하는 장철의 마약을 빼돌린다.  그러나 장철과 교수가 만나는 현장을 덮친 도경장은 뜻밖의 존재와 부딪히고, 장철의 몰락을 틈타 단숨에 전국을 장악하려던 상도의 야망 역시 예상 밖의 장애물을 만나게 된다. 각자의 먹이를 향해 이빨을 드러내고 달려들던 두 남자의 ‘사생결단’은 결국 예상치 못했던 최후를 향해 달려가는데...",2006-04-27,116,"액션, 범죄, 스릴러",https://image.tmdb.org/t/p/w500/hsxx2rRLYoqlrBdze94OIQW1bAU.jpg,6.21,1.5935,MOVIE
탈출: 프로젝트 사일런스,한치 앞도 구분할 수 없는 짙은 안개 속 붕괴 직전의 공항대교에 고립된 사람들이 그 안에 도사리고 있는 예기치 못한 위협으로부터 살아남기 위해 고군분투하는 이야기.,2024-07-11,96,"스릴러, 액션, 공포, SF, 모험",https://image.tmdb.org/t/p/w500/rXuSca6qEb4xPrSRT7XRzYCFbZB.jpg,6.851,4.1656,MOVIE
사자,"어린 시절 아버지의 갑작스런 죽음으로 신의 존재를 부정하고 자기 자신만 믿기로 한 용후. 세월이 흘러 세계 격투기 챔피언이 된 용후는 어느 날 자신의 손바닥에 생긴 성흔을 발견한다. 고통스런 성흔을 없애기 위해 안 신부를 찾아간 용후는 구마 의식 중인 안 신부를 만나고, 위기에 처한 안신부를 자신의 성흔과 격투기 실력으로 구하게 된다. 용후는 자신의 능력을 부인하면서도, 점차 성흔의 힘을 알게 되고, 안신부와의 유대감도 조금씩 깊어지며, 구마동행을 하게 된다. 사악한 절대 악 ‘지신’은 안 신부와 용후가 구마했던 민주를 결국 죽이고, 앞으로도 더 많은 사람들을 이용하며 사람들을 죽일 계획을 세운다. 안신부와 용후는 지신을 처단하려 하지만, 안신부는 지신의 공격을 받고 죽을 위기에 처하고, 용후는 거부하던 신의 힘을 받아들이고 지신과 맞서는데…",2019-07-31,129,"액션, 공포, 스릴러",https://image.tmdb.org/t/p/w500/mIYX1mfBqX9SsDB6k10AFAiRp2Z.jpg,6.717,2.3875,MOVIE
살아남은 아이,"아들 은찬을 잃은 성철과 미숙은 아들이 목숨을 걸고 구한 아이 기현과 우연히 마주친다.  슬픔에 빠져있던 성철과 미숙은 기현을 통해 상실감을 견뎌내고,  기댈 곳 없던 기현 역시 성철과 미숙에게 마음을 열어간다.  그러던 어느 날, 기현의 예상치 못한 고백은 세 사람의 관계를 뒤흔든다.",2018-08-30,124,드라마,https://image.tmdb.org/t/p/w500/tKarxPD0jvXxzSTvkSuuW8tj0fj.jpg,7.7,1.0266,MOVIE
살인의뢰,"놈을 잡은 날, 내 여동생이 사라졌다.  강력계 촉귀신이자 베테랑 형사인 태수는 어느 날 우연히 뺑소니범 조강천을 잡게 된다. 하지만 단순 뺑소니범이라고 생각했던 조강천의 차에서 수많은 혈흔과 머리카락이 발견되고, 그가 전국을 들썩이게 한 동남부 연쇄실종사건의 범인이라는 사실이 밝혀진다. 범인을 잡고 실종사건이 결국 연쇄 살인사건이라는 것이 드러나며 수사는 급물살을 탄다. 그러던 중 강천의 마지막 범행 대상이 태수의 여동생 수경으로 밝혀져 태수는 충격에 휩싸인다. 태수는 강천에게 수경의 행방을 묻지만, 강천은 찾아보라는 말만 남긴 채 입을 다문다. 그리고 강천에게 아내를 잃은 또 다른 남자 승현은 슬픔과 분노를 견디지 못한 나머지 홀연히 사라져버린다.  그 후로 3년, 조폭 살인사건을 조사하던 태수는 누군가 감옥 안의 강천을 표적으로 하고 있음을 알게 된다. 사형선고를 받은 강천을 죽이려는 자는 도대체 누구인가. 표적이 된 강천을 지킬 수도, 죽일 수도 없는 태수, 그의 앞에 사라졌던 승현이 다시 나타난다.",2015-03-12,102,"범죄, 드라마, 스릴러",https://image.tmdb.org/t/p/w500/i8JExMArmqnFNyv2NGxcg4zGHaU.jpg,5.7,1.7263,MOVIE
살인자의 기억법,"예전에는 연쇄살인범이었지만 지금은 알츠하이머에 걸린 병수. 우연히 접촉사고로 만나게 된 남자 태주에게서 자신과 같은 눈빛을 발견하고 그 역시 살인자임을 직감한다. 병수는 경찰에 그를 연쇄살인범으로 신고하지만 태주가 그 경찰이었고, 아무도 병수의 말을 믿지 않는다. 태주는 은희 곁을 맴돌며 계속 병수의 주변을 떠나지 않고, 병수는 혼자 태주를 잡기 위해 필사적으로 기록하고 쫓지만 기억은 자꾸 끊기고, 오히려 살인 습관들이 되살아나며 병수는 망상과 실제 사이에서 혼란스러워진다.  다시 시작된 연쇄 살인사건, 놈의 짓이 맞을까!",2017-09-07,118,"범죄, 미스터리, 스릴러",https://image.tmdb.org/t/p/w500/eyP0BWOCtD1RPwD92Agr9jxz8fX.jpg,7.416,3.3338,MOVIE
삼촌,"심리적 외상으로 침대 밖을 벗어날 수 없는 19세 소녀 잎새의 삶은 식물 그 자체이다. 하루하루를 지옥이란 일상 속에 살아가던 그녀의 집에 어느 날, 낯선 사내가 찾아온다. 자신을 삼촌이라 밝히는 그의 존재가 새로운 보호자일지, 또 다른 포식자인지 알 수 없는 잎새. 먹고 먹히는 생태계 속에서 식물과도 같은 존재인 잎새는 과연 침대 밖을 벗어날 수 있을까…",2019-11-28,99,"드라마, 스릴러, 미스터리",https://image.tmdb.org/t/p/w500/dz9eGLATH0Fcb3QbkYkC1GvIEPv.jpg,6,1.8455,MOVIE
상류사회,학생들에게 인기와 존경을 동시에 받는 경제학 교수 태준은 우연한 기회를 통해 촉망받는 정치 신인으로 국회의원 선거에 출마하게 된다. 한편 그의 아내이자 미래미술관의 부관장 수연은 재개관전을 통해 관장 자리에 오르려 한다. 그러나 수연의 미술품 거래와 태준의 선거 출마 뒤에 미래그룹과 민국당의 어두운 거래가 있었다는 것이 밝혀지고 두 사람은 완벽한 상류사회 입성을 눈앞에 두고 위기에 처한다. 이 기회를 절대 놓칠 수 없는 태준과 수연 부부는 민국당과 미래그룹에게 새로운 거래를 제안하게 되는데...,2018-08-29,120,드라마,https://image.tmdb.org/t/p/w500/6feljyK0fBrDDN6R2g61sSBJy2o.jpg,5.508,3.9464,MOVIE
상사부일체,"드디어 대학교 졸업장을 따고 강남을 맡게 된 계두식. 조직의 구조를 글로벌 하게 만들라는 큰형님 하명에 따라 ‘대기업 벤치마킹 프로젝트’를 강행하게 된다. 조직원 중 한 명을 대기업에 입사 시켜야 하는 것. 이에 모든 조직원들은 유일한 4년제 대학졸업자 두식을 연호하는데...  대기업에 위장 입사한 두식, 그러나 부서 배정의 오류로 기대했던 기획실이 아닌 보험영업을 맡는다. 졸지에 FC(Financial Consultant)가 된 것, 이러한 두식을 도와 상두와 대가리는 조직원을 동원, 창립 이후 사상 유례없는 첫 달500건이라는 경이로운 실적을 올리고, 보험왕이 된 두식은 겨우 회장의 특별 지시로 기획실에 입성한다. 한편, 친하게 지내던 만년대리 김대리와 입사동기 수정에 대한 박소장의 횡포는 더욱 심해지고, 결국 김대리는 구조조정을 당한다.",2007-09-20,125,"코미디, 액션",https://image.tmdb.org/t/p/w500/e92XzEzc7zVoVM7q2JyC4NlKt4y.jpg,4.4,1.3658,MOVIE
상의원,"30년 동안 왕실의 옷을 지어온 상의원의 어침장 조돌석은 이제 6개월만 채우면 곧 양반이 된다.어느 날 왕의 면복을 손보던 왕비와 그녀의 시종들은 실수로 면복을 불태우게 된다. 궐 밖에서 옷 잘 짓기로 소문난 이공진은 급하게 옷 짓는 사람이 필요했던 왕비의 청으로 입궐하여 하루 만에 완벽하게 왕의 옷을 지어 올린다. 돌석은 처음에는 기생들의 옷이나 만드는 천한 사내라고 생각하며 공진을 무시하나 자신을 곧잘 따르는 공진에게 점차 마음을 열게 되고, 그의 천재성에 묘한 질투심도 느낀다. 왕과 왕비를 사로잡은 공진의 옷들은 조선 전체의 유행을 일으키는 한편, 청나라 사신을 위한 대형 진연을 앞두고 모두들 자신의 운명을 바꿀 최고의 옷을 만들기 시작하는데…",2014-12-24,127,"드라마, 역사",https://image.tmdb.org/t/p/w500/jmjnH0VKsqsDPXETyYyRocoYFJ7.jpg,7.1,1.5431,MOVIE
새벽,"새들은 꼬박 쉬지 않고 벽을 넘기 위해서 날갯짓을 했다'. '벽을 넘는 합격'이라는 목표를 향해, 언론고시 장수생인 지수와 초년생 선영이 함께 스터디를 한다.",2018-06-07,29,드라마,https://image.tmdb.org/t/p/w500/dXspLKrf8szlwwgiQbOJ4ECcbQL.jpg,0,0.495,MOVIE
색즉시공 시즌 2,"'색'에 굶주린 법대생. 남들 다 부러워하는 여친이 있음 뭘 해. 주야장천 키스만 입술 부르트게 하는데! 고시 준비도 막막, 색의 실천도 막막하던 차에 엄청난 라이벌까지 맞이하다니. 이제 여친이랑 진도 빼기는커녕 여친을 잃을 위기? 캠퍼스는 불철주야 끓어오르는 열기와 함께 오늘도 ‘색’을 실천하며 나날이 건강(?)해 지고 있다. 밤마다 모텔행의 실랑이가 벌어지고, 잠 못 이루는 기숙사에선 예측 불가능한 실험들이 난무하는데...",2007-12-12,115,"로맨스, 코미디",https://image.tmdb.org/t/p/w500/7CXkBFZvQ6kKeiDJeUQOZRyLHMl.jpg,5.6,3.199,MOVIE
샘,"교통사고 후유증으로 타인의 얼굴을 알아보지 못하는 ‘두상’은  어릴 적 비 오던 날, 우산을 씌워준 그녀, 첫사랑 ‘샘’을 잊지 못한다.  서울로 무작정 상경해 친구의 집에 머물며 ‘샘’을 찾던 두상은  첫사랑으로 보이는 그녀로부터 뺑소니를 당한다.  그리고, 친구의 룸메이트 또한 그토록 그리워하던 ‘샘’인 것만 같고  우연히 거리에서 만난 여자의 향기 또한 ‘샘’이 분명하다!  그녀인 듯 그녀 아닌 그녀 같은 너, 샘  과연, 첫사랑 ‘샘’을 찾을 수 있을까?",2018-11-29,107,드라마,https://image.tmdb.org/t/p/w500/iej4dQLtkVpP3J5qBjKQFiMC5UI.jpg,6,0.8523,MOVIE
생각이 나서,"After being split up, the photographer Hyunwoo can't overcome the pain recollecting the memories with Taegyu, the model. He tries to forget Taegyu, but it is not easy for him.",2018-02-08,24,"로맨스, 드라마",https://image.tmdb.org/t/p/w500/fKuYLYmXNiBPTqLoSyHrN3gjEbZ.jpg,9,1.097,MOVIE
생일,"세상을 먼저 떠난 아들 수호에 대한 그리움을 안고 살아가는 정일과 순남의 가족. 어김없이 올해도 아들의 생일이 돌아오고, 가족들의 그리움은 더욱 커져만 간다. 수호가 없는 수호의 생일. 가족과 친구들은 함께 모여 서로가 간직했던 특별한 기억을 선물하기로 하는데...",2019-04-03,120,드라마,https://image.tmdb.org/t/p/w500/qrLLjnPAqP4nrYW7mX0clSUptiW.jpg,8.1,1.1862,MOVIE
생활의 발견,"연극계에서 제법 알려진 배우 경수. 잘 아는 감독만 믿고 영화에 출연했는데 흥행이 시원치 않다. 런닝 개런티를 부득부득 우겨 받아내는데 딸랑 100만원에, 약속했던 차기작 캐스팅은 날아가 버렸다. 글을 쓰는 선배를 찾아 춘천으로 내려간 경수는 자신의 팬이라는 명숙을 만난다. 무용가인 그녀는 얼굴도 예쁘고 몸매도 근사하다. 함께 술을 마시다가 그녀는 갑작스레 경수에게 호감을 표시하고 둘의 사이는 얼떨결에 급진전한다. 그러나 사실 그녀는 선배가 남 몰래 좋아하던 여인인데...",2002-03-22,115,드라마,https://image.tmdb.org/t/p/w500/eM0SgqikzVMqAwhdelom9HKqbcT.jpg,6.68,1.7054,MOVIE
서양골동양과자점 앤티크,"단 것은 질색하면서 손님이 대부분 여자라는 이유만으로 케이크 가게를 차린 엉뚱한 사장 진혁. 한적한 주택가 골목길에 자리잡은 서양골동품점을 개조해, 몇 백만 원짜리 앤틱 식기에 케이크를 담아 내오고 새벽 2시까지 영업을 하는 별난 케이크숍 ‘앤티크’를 오픈하고 업계 최고라 불리는 파티쉐 선우까지 영입한다. 그런데 선우는 하필이면 고교시절 진혁에게 사랑을 고백해왔던 껄끄러운 동창생! 거기다 누구나 첫눈에 반하게 만드는 ‘마성의 게이’로 끊임없이 남자 문제를 일으키는 통에 몇 달째 직원조차 구하기 힘들다. 결국 선우의 케이크 맛에 홀딱 반한 케이크광 기범이 주방 보조이자 견습생으로 들어오고, 진혁을 도련님이라고 부르며 그림자처럼 따라다니는 보디가드 수영이 서빙을 맡게 된다. 마침내 본격적인 영업을 시작한 앤티크는 잘생긴 남자들만 모인 케이크숍으로 입소문이 나면서 연일 성업이다. 그런데 이 네 남자, 멀끔한 겉모습들과는 달리 무언가 수상하다! 남자들과는 거침없이 복잡한 연애를 즐기는 마성의 게이 선우가 어찌된 일인지 여자 앞에만 서면 벌벌 떠는 심각한 여성공포증이 있고, 곱상한 외모와는 정반대로 거친 성격의 기범은 알고 보니 최연소 동양챔피언이었던 전직 복서로 밝혀지고, 몸짱 보디가드 수영은 허우대가 무색한 사고뭉치로 오히려 늘 진혁의 보살핌을 받고 있다. 가장 의뭉스런 일은 수다쟁이 호색한 진혁이 가족만 나타나면 품행 방정한 재벌 2세 도련님으로 돌변하는 것인데…! 겉만 보곤 도저히 알 수 없는 알쏭달쏭 네 남자, 다들 무슨 사연일까?",2008-11-13,109,"코미디, 드라마, 로맨스",https://image.tmdb.org/t/p/w500/7qDdIZbuplDPNI0rLZaoY3xYlx3.jpg,6.265,1.8524,MOVIE
서울대작전,"1988년 서울올림픽을 앞두고, 드라이버와 정비 전문가 등이 모인 팀이 특수 위장 작전에 투입된다. 작전의 목표는 대규모 돈세탁 조직의 실체를 밝히고 와해하는 것. VIP 비자금 수사 작전에 투입된 상계동 슈프림팀의 쾌속 질주를 담은 카체이싱 액션 블록버스터",2022-08-26,140,"액션, 범죄, 코미디",https://image.tmdb.org/t/p/w500/zukuy8slSFF1OpokjGtGwuMcAQV.jpg,6.528,4.902,MOVIE
서울의 봄,"박 대통령의 암살 이후, 계엄령이 선포된다. 국군보안사령관 전두광과 그를 따르는 장교들에 의해 쿠데타가 일어나고 군대가 정치적 행동을 해선 안된다고 믿는 완고한 군인인, 수도방위사령관 이태신은 전두광을 막기 위해 그와 맞서기로 한다. 그들의 갈등이 점차 심화되고, 대혼란 속에서 모두가 갈망하던 서울의 봄은 예상치 못한 방향으로 흘러간다.",2023-11-22,141,"드라마, 스릴러, 액션, 전쟁, 역사, 범죄",https://image.tmdb.org/t/p/w500/ukVVnY9ovwl78WE5KndcpA6SnAm.jpg,7.576,6.1879,MOVIE
서울이 보이냐,"1970년대 어느 날, 이 섬에 날아온 한 장의 초대장. 그것은 서울 과자공장으로 신도분교 전교생 12명을 초대한다는 것. 그 소식에 가장 먼 곳이 읍내인줄 알았던 아이들의 가슴이 두근두근 뛰기 시작한다. 하지만 마을 어른들은 `먹고 살기도 바쁜 섬에서 뭔 놈의 수학여행`이냐며 보내 줄 생각은 안하고 구박만 하고... 아이들은 자신들의 힘으로 수학여행 가기로 결심한다. 하지만 바지락은 열심히 캐도 팔리지는 않고, 아이스께끼는 팔려 하면 비가 내린다. 왠지 수학여행 가는 길은 점점 멀어지는 것 같은데...",2008-05-08,84,드라마,https://image.tmdb.org/t/p/w500/5fd4Vx8GEcSnbIXdeLcM0Xh8GjV.jpg,6.7,1.0069,MOVIE
선물,"창업준비생 하늘과 보라는 불철주야 도전했던 소방용 열화상 카메라 개발에 실패하고 밀린 월세에 작업실까지 빼야 할 상황이 다가오자 조금씩 삐걱대기 시작한다. 모든 것이 한계에 부딪힌 순간, 그들의 작업실 한가운데 수상한 남자가 나타나 여기가 자신의 공장이라고 우기기 시작하는데…",2019-10-17,43,코미디,https://image.tmdb.org/t/p/w500/lUEzr9DZxgygtQIzmDHM3uWIUbK.jpg,7.7,1.0087,MOVIE
선샤인 패밀리,서울지사에서 5년간 일하던 필리핀인 똔과 그의 가족은 이제 2주 후면 고국으로 돌아간다. 여느 때처럼 자신의 차로 귀가하던 그는 폭우 속에 한 여성을 치고 당황한 나머지 뺑소니를 하게 된다. 집에 돌아온 똔은 자수를 결심하지만 그의 아내 쏘냐는 낯선 이국 땅의 감옥에 남편을 보낼 수 없다며 자수를 막고 이 최악의 위기를 넘길 묘책을 찾기 시작하는데...,2019-06-05,85,드라마,https://image.tmdb.org/t/p/w500/Rs5pa1BXbdBd6FhyyHYFquCrDK.jpg,7,0.8942,MOVIE
설계,"전화 한 통화로 수천억이 오고 가는 냉혹한 사채시장!  그 속에서 가장 치밀하고 잔혹한 ‘설계’가 시작된다!  세상에 제일 독한 사채업자로 알려진 그녀 세희.  너무나 악랄한 방법으로 돈을 빌려간 사람에게서 돈을 뜯고, 돈을 위해서라면 남자를 유혹 그 집안을 파탄 내고 남자를 폐인으로 만들고, 돈을 갚으려는 사람에게서도 담보로 걸린 물건이 좋으면, 갖은 핑계로 돈을 못 갚게 하거나 다른 모사를 꾸며 물건을 자기 소유로 돌리는 악독한 그녀.  그런 그녀 곁에 두 남자가 있다. 한 명은 그녀의 돈 줄과 그녀의 사업 뒷 배경이 되 주었던 인호,  한 명은 그녀의 모든 사랑을 받는 지극히 평범한 사내 연우.  하지만, 자신의 심복인 민영에게 이 두 사람을 모두 빼앗기게 되고 세상의 모든 일에는 그만큼의 댓가가 따른다는 것을 뒤 늦게 알게 되는데...",2014-09-18,96,스릴러,https://image.tmdb.org/t/p/w500/6PxSABIjMyjERHeVx0dSoFA7ZvM.jpg,3,1.1739,MOVIE
섬. 사라진 사람들,"염전노예사건 제보를 받은 공정뉴스TV 기자 혜리는 카메라기자 석훈과 사건이 일어난 '섬'으로 잠입 취재를 떠난다. 다큐멘터리 촬영으로 위장해 '섬' 사람들에게 접근해보지만 그들은 쉽게 입을 열지 않는데...  '섬'에서 일어난 의문의 집단살인사건! 1명은 혼수상태, 3명은 행방불명?  취재 도중 '섬'에서 일어난 집단 살인사건에 얽힌 혜리는 혼수상태에 빠지고 염전주인과 아들, 인부 상호는 행방불명이다. 미디어와 대중의 논란이 가속화되자 서둘러 수사는 종결된다. 그로부터 5개월 후, 유일한 목격자이자 생존자인 혜리가 깨어나는데...",2016-03-03,88,"범죄, 스릴러",https://image.tmdb.org/t/p/w500/8L9JpPazQ2DLI88s9a76jUKMx5I.jpg,8.077,0.9059,MOVIE
성난 변호사,"두뇌 상위 1%, 승소확률 100%의 에이스 변호사 변호성. 대형 소송을 성공적으로 마무리 짓고 승승장구하는 그에게 새로운 의뢰가 들어온다. 바로 시체도 증거도 없는 신촌 여대생 살인 사건의 유력 용의자를 변호하는 것! 좀처럼 풀리지 않는 사건이지만 그의 두뇌는 빠르게 움직이기 시작하고, 파트너 박사무장과 함께 사건 현장에서 용의자의 혐의를 벗길 결정적 증거를 확보한다. 재판 당일, 사사건건 부딪히는 후배 검사 진선민의 반론에 맞서 조목조목 반박하는 변변. 언제나 그렇듯 승리를 확신하는 순간! 용의자가 자신이 피해자를 살해했다고 자백한다. 갑작스런 자백에 판세는 뒤바뀌고, 변변은 승소를 위해 증거를 조작했다는 의혹과 함께 인생 최대의 위기를 맞게 되는데…",2015-10-08,117,"스릴러, 액션",https://image.tmdb.org/t/p/w500/249ZtS8tcbl0EJ4DamFvw5vMDhq.jpg,7.171,1.2277,MOVIE
성난황소,"거칠었던 과거를 벗어나 수산시장에서 건어물 유통을 하며 건실하게 살던 동철. 어느 날 아내 지수가 납치되고, 경찰에 신고를 하지만 그녀의 행방은 묘연하기만 하다. 그리고 동철에게 걸려 온 납치범의 전화. 오히려 지수를 납치한 대가로 거액의 돈을 동철에게 주겠다는 파격 제안을 하고, 이에 폭발한 동철은 지수를 구하기 위해 움직이기 시작하는데…",2018-11-22,116,"범죄, 액션, 스릴러, 코미디",https://image.tmdb.org/t/p/w500/xiVHlQ4aUyeQQFngyGEounzcYlX.jpg,7.637,5.1699,MOVIE
성냥팔이 소녀의 재림,"게임에 미쳐 살면서 게임방 아르바이트생 희미를 짝사랑하는 중국집 배달부 주. 하지만 희미는 별 볼일 없는 그에게 눈길조차 주지 않는다. 늦은 밤, 주는 거리에서 희미를 닮은 성냥팔이 소녀를 만나 라이터 하나를 산다. 주는 무심코 라이터에 적힌 전화번호를 누른다. 그리고 들려오는 목소리. ""성냥팔이 소녀의 재림에 접속하시겠습니까?"" ""까짓 거 한번 해보지, 뭐"" 게임 접속을 안내하는 목소리. 게임의 목적은 성냥팔이 소녀를 구하고 그녀의 사랑을 얻는 것이다.  사랑을 얻는다는 말에 일단 게임 속으로 들어간 주. 하지만 거기엔 만만찮은 놈들이 기다리고 있었다. 주는 한패가 된 레즈비언 여전사 라라와 함께 이 무지막지한 패거리들에 맞서 한바탕 액션 활극을 펼친다. 그리 잘 싸우진 못했지만 오직 깡다구 하나로 간신히 성냥팔이 소녀가 있는 시스템까지 이르게 된 주는 성냥팔이 소녀를 가두는 시스템과 한판 대결을 펼친다.  ""경고! 시스템에 도전하는 자는 바이러스로 간주되어 제거대상이 된다"" 하지만 이미 주에게 그런 경고 따윈 들리지 않는다. 성냥팔이 소녀를 구하기 위해 그리고 그녀의 사랑을 얻기 위해, 그리고 그녀에게 행복을 돌려주기 위해! 주는 성냥팔이 소녀가 갇힌 시스템을 향해 무모하고도 불가능한 마지막 싸움을 시작한다!",2002-09-13,125,"액션, 코미디, SF",https://image.tmdb.org/t/p/w500/i1vhPWzAVBn44VEDUK1blTP15YA.jpg,5.147,1.3969,MOVIE
세계일주,"학교에서는 전교 1등, 집에서는 동생 뒷바라지하기 바쁜 9살 잔소리 대마왕 누나 ‘지호’. 세상물정을 너무 빨리 알아버린 천방지축 7살 동생 ‘선호’. 그런데 두 남매에게 청천벽력 같은 소식이 날아온다. 남들과는 좀 다르지만 어느 부모보다 남매를 사랑하는 아빠가 큰 위기에 처했다는 것! 아빠를 구하기 위해 4호선 상록수역에서 3호선 홍제역까지 남매들의 험난한 여행이 시작된다. 지갑도 잃어버리고, 동네 깡패가 따라 붙고, 배고파 죽겠는데 노숙자들한테 잡혀 죽을 뻔까지 하고, 도대체 얼마나 더 가야 하는 거야?!!  정글의 법칙보다 험난하고 세계일주만큼 머나먼 대 모험!  과연 지호와 선호는 무사히 도착해 아빠를 만날 수 있을까?",2015-03-26,91,코미디,https://image.tmdb.org/t/p/w500/3WMKmZjz1DsZWcIMnlcXqqOwTBY.jpg,7,1.0629,MOVIE
세상의 끝,"It is perceived rather too late that the planet has been dying for a long time. Among the people of the world that are showing surprising calmness after the announcement that the Earth has only one year of life left, a brother and a sister await ‘the end of the world.’ This work makes viewers re-evaluate everyday life by destroying the assumption that tomorrow will always exist.",2007-01-01,0,"스릴러, 드라마",,0,0.9156,MOVIE
소공녀,"하루 한 잔의 위스키와 한 모금의 담배 그리고 사랑하는 남자친구만 있다면 더 바라는 것이 없는 3년 차 프로 가사도우미 미소. 새해가 되자 집세도 오르고 담배와 위스키 가격마저 올랐지만 일당은 여전히 그대로다. 좋아하는 것들이 비싸지는 세상에서 포기한 건 단 하나, 바로 ‘집’. 집만 없을 뿐 일도 사랑도 자신만의 방식대로 살아가는 사랑스러운 현대판 소공녀 미소의 도시 하루살이가 시작된다!",2018-03-15,104,"드라마, 로맨스",https://image.tmdb.org/t/p/w500/wOHA475h4iV1dXgDhoYHXdcnSSo.jpg,7.527,1.4215,MOVIE
"소년, 천국에 가다","미혼모의 아들로 태어나 미혼모와 결혼하는 게 꿈이 되어버린 별난 13살 네모. 엄마의 급작스런 죽음 이후 엄마가 운영하던 시계방 자리에 새로 들어온 것은 만화방. 서울서 부자는 어린 아들 기철과 단 둘이 사는 미혼모이다. 미혼모가 운영하던 시계방 자리에 이사온 또 다른 미혼모. 네모는 부자가 자신의 운명의 상대라고 느낀다. 네모는 부자에게 청혼한다. 부자와 기철과 영화를 보러 극장에 간 네모. 극장에 불이 나고 기철이 빠져 나오지 못하자 네모는 불구덩이 극장 안으로 뛰어들어간다. 기철은 극적으로 구출되지만, 네모는 행방불명이 되고 만다. 네모가 정신을 차린 곳은 아름답게 펼쳐진 수풀 속. 낯선 두 남자가 서로 티격태격하고 있다. 네모는 천국에 너무 일찍 오고 말았다. 80년이나 일찍 오고 말았다.  20일 후, 집에서 눈을 뜬 네모. 하지만 네모는 더 이상 13살 소년 네모가 아니다. 33살 어른이 되어버린 네모. 천국에 너무 일찍 갔지만 되돌릴 수는 없는 천국의 법.네모는 저승사자와 거래를 했다. 하루를 일년처럼.... 이제 네모에게는 60년 같은 60일이 남았다. 크리스마스까지만 살 수 있는 네모는 부자와 짧은 사랑을 시작하는데...",2005-11-11,114,"드라마, 로맨스",https://image.tmdb.org/t/p/w500/6uQs8BQ5z7ckWSujXbxutGjlkIp.jpg,7.3,1.0715,MOVIE
소년들,"1999년 시골 소읍의 한 슈퍼마켓에 강도 치사 사건이 벌어진다. 경찰은 세 명의 소년들을 진범으로 지목, 빠르게 수사를 종결한다. 얼마 뒤 새로 부임한 황준철 반장은 경찰 고위직 최우성과 무리들이 성과를 앞세워 이 사건을 조작했다는 확신을 갖게 된다. 그는 특유의 끈질기고 강직한 수사력으로 재수사와 재심을 시도한다.",2023-11-01,124,"드라마, 범죄",https://image.tmdb.org/t/p/w500/9qkLjxBt7jmZiv2wiO2XOfM9Qi1.jpg,6.154,1.1443,MOVIE
소름,"곧 헐릴 낡은 아파트에 이삿짐이 도착한다. 미금 아파트 504호에 새로 입주한 청년의 이름은 용현. 그는 30년 전 504호에서 벌어진 끔찍한 사건을 모른다. 옆집 여자와 눈이 맞은 사내가 부인을 죽이고 갓난 아이를 버려둔 채 도망쳤다는 과거사를 지금 알고 있는 사람은 많지 않다. 게다가 504호에선 얼마 전 소설가 광태가 화재로 목숨을 잃었다.  왠지 불길한 이곳에서 용현은 남편에게 구타당하는 여자 선영을 알게 된다. 510호에 살며 편의점에서 아르바이트를 하는 그녀는 용현이 자신을 도와줄 수 있으리라 직감한다. 그러던 어느 날 용현이 택시영업을 마치고 돌아온 새벽, 선영은 머리에 피를 흘리며 쓰러진 남편 시체를 보여준다. 용현은 선영을 도와 시체를 묻고 둘은 더 가까워진다. 그러나 504호에 깃든 저주는 여기서 멈추지 않는다. 505호에 사는 소설가가 용현에게 말한다. 30년 전 그곳에서 죽은 여인의 시체는 아직 발견되지 않았다고. 등장인물들은 그들도 의식하지 못한 사이 조금씩 광기에 휩싸인다.",2001-08-04,112,"공포, 드라마, 스릴러",https://image.tmdb.org/t/p/w500/8uid2eEb133IrI4E4z5Y7apV8aZ.jpg,5.634,1.0949,MOVIE
소리꾼,"조선 영조 10년, 정치적 갈등이 끊이지 않아 정국이 어수선한 시기. 사라진 아내 간난을 찾아 나선 재주 많은 소리꾼 학규. 소리꾼을 필두로 하나 둘 뭉친 광대패의 흥이 넘치는 조선팔도 유랑이 시작된다. 길 위에서 만난 피폐해진 조선! 민심을 울리는 학규의 노래는 시작되고, 소리는 세상을 바꾼다.",2020-07-01,118,"역사, 드라마",https://image.tmdb.org/t/p/w500/uEHZmC2VXLYdVGl7UPdTmqYTGbX.jpg,6.3,1.338,MOVIE
소셜포비아,"전국민을 떠들썩하게 한 군인의 자살 소식에 남긴 악플로 네티즌들의 분노를 사며 실시간 이슈에 오른 레나. 여기에 경찰지망생 지웅과 용민은 인기 BJ 양게가 생중계하는 현피 원정대에 참여한다. 하지만 현피 당일 날 레나는 싸늘한 시체로 발견되고, 비난의 화살은 순식간에 이들에게로 향한다. 경찰 시험에 불리한 기록이 남게 될까 불안한 지웅과 용민은 레나의 죽음에 의혹을 제기하는데…",2015-03-12,102,"스릴러, 미스터리, 드라마",https://image.tmdb.org/t/p/w500/zx1uiFu3ZHzHCwbPHCE1vrW5Rbd.jpg,7.4,3.3695,MOVIE
속물들,"애인 김형중(심희섭)과 동거중인 미술작가 선우정(유다인)은 동료 작가의 작품을 베끼다시피 모사한 작품에 떡하니 [표절1, 2, 3, 4...]란 제목을 붙여놓고 '차용미술’이란 말로 포장해 팔아먹고 산다. 원작자들로부터 소송이 끊이지 않는 그녀에게 큐레이터 서진호(송재림)는 촉망받는 작가들만 참여한다는 유민 미술관 특별전을 제안하며 잠자리까지 갖는다. 이런 우정 앞에 고등학교 동창 탁소영(옥자연)이 나타난다. 소영은 우정의 양다리 비밀을 빌미로 우정의 애인을 꼬셔주겠다는 제안을 하고, 세 사람의 이상한 동거가 시작된다. 한편, 형중은 이 사실을 덮어둔 채 유민 미술관 팀장으로 들어가 선우정, 서진호를 압박한다. 원하는 속내를 감춘 네 사람, 그리고 총감독 유지현(유재명)까지 유민 미술관에 모여들며 날카로운 신경전을 펼치게 되는데...",2019-12-12,108,"드라마, 범죄",https://image.tmdb.org/t/p/w500/5okLqIkP8mYW9bPIdfMV7OJRyvf.jpg,6,1.0733,MOVIE
손님,"1950년대의 어느 날, 떠돌이 악사 우룡과 영남 부자는 서울로 가던 길에 우연히 지도에도 나오지 않는 산골 마을에 들어선다. 시끄러운 바깥세상과 달리 촌장의 강력한 지도 아래 모든 게 평화롭고 풍족한 마을이지만 단 하나, 시도 때도 없이 출몰하는 쥐떼들이 골칫거리다. 마을의 골칫거리인 쥐떼를 쫓아주면 목숨보다 소중한 아들, 영남이의 폐병을 고칠 목돈을 준다는 약속을 믿고 우룡은 피리를 불어 쥐떼를 쫓아낸다. 하지만 그 날 이후, 마을의 비밀이 하나씩 드러나기 시작하면서 우룡과 마을 사람들은 설명할 수 없는 이상한 사건에 휘말리게 되는데...  부르지 않은 손님이 온 그 날 이후, 너희들은 어떻게 될까?",2015-07-09,107,"공포, 미스터리, 스릴러",https://image.tmdb.org/t/p/w500/hKPXEVJNdWG0dvZasRfT54GmrBl.jpg,7.149,1.4331,MOVIE
송가인 더 드라마,"트로트 신화를 쓴 송가인의 단독 콘서트!  떨리는 그 순간, 그녀의 진짜 이야기가 펼쳐진다!  대한민국 트로트 신드롬의 주역, 차세대 트롯 스타를 찾기 위한 오디션 프로그램  [내일은 미스트롯] ‘진’ 송가인의 단독 콘서트!  송가인이 말하는 4200여 명의 팬들과 함께 한 뜨거웠던 그 순간.  스크린에서 펼쳐지는 그날의 생생한 감동!",2021-02-11,83,"다큐멘터리, 음악",https://image.tmdb.org/t/p/w500/1imL50aewT4ZPpR3Vci6ghJjnlH.jpg,6,0.9142,MOVIE
송환,"1992년 봄, 나(김동원)은 출소 후 갈 곳이 없던 비전향장기수 조창손, 김석형을 내가 살던 동네인 봉천동에 데려오는 일을 부탁받는다. 나는 그들이 북에서 내려온 간첩이라는 사실에 낯설음과 호기심을 갖고 첫 대면을 하게 된다. 한 동네에 살면서 난, 특히 정이 많은 조창손과 가까워지고 이들의 일상을 꾸준히 카메라에 담게 된다. 하지만, 내 아이들을 손자처럼 귀여워하는 모습에 정을 느끼는 한편 야유회에서 거침없이 ‘김일성 찬가’를 부르는 모습에선 여전한 거부감을 확인하기도 한다. 얼마 후 조창손은 고문에 못 이겨 먼저 전향한 동료 진태윤, 김영식을 만나게 되는데, 이들 전향자들에게는 떳떳치 못한 자괴감이 깊게 배어있음을 확인하게 된다. 난 이들의 송환 운동에 도움이 되고자 장기수들의 북쪽 가족을 촬영할 계획을 세운다. 하지만 입국 절차가 무산되고 되려 허가 없이 영화 제작을 했다는 이유로 체포되는데, 대신 이 사건을 계기로 장기수 할아버지들과 나의 친밀감은 두터워지게 된다. 1999년부터 본격적인 송환 운동이 시작되고 2000년 6.15 남북공동선언과 함께 송환 운동은 급물살을 탄다. 송환이 현실이 되자 남쪽이 고향인 장기수들, 옥중에서 전향을 하여 북으로 갈 요건이 안 되는 이들, 결혼을 발표하여 동료들의 비난을 받는 이에 이르기까지 크고 작은 갈등 상황이 빚어진다. 송환을 앞두고 조창손은 30년 전 체포되었던 울산을 찾아가 죽은 동료의 넋을 달래고 그의 가족에게 전해 줄 흙 한 줌을 퍼 간다. 그리고, 비전향장기수 63명은 2000년 9월 2일 북으로 송환된다. 이제는 자료 화면들을 통해서만 만날 수 있는 그들. 나는 아직도 국가보안법 위반혐의로 그들을 만나러 갈 수 없고, 오랜 고문에 쇠하고 연세도 많은 그들 또한 더 이상 남측과 교류하지 못한 채 돌아가실지도 모른다. 우리는 다시 만날 수 있을까?",2004-03-19,149,다큐멘터리,https://image.tmdb.org/t/p/w500/cVFNqQ0FQQHAXf3r1w1aKQMl9oq.jpg,6.444,1.3616,MOVIE
쇠파리,"구청에서 근무하는 '해욱'(김진우)은 '수경'(이연두)과 결혼을 앞두고 있다. 소박하지만 행복했던 그의 일상은 아버지와 누나가 '서우SPR'이란 불법 금융 다단계 회사에 속아 큰 피해를 입게 되면서 차츰 무너져간다. 해욱은 피해자 모임을 찾아가며 사건 해결을 위해 노력하지만, 진전 없이 제자리걸음이다. 결국 아무 것도 해결되지 않은 이 사건은 피의자인 주회장의 거짓 죽음 소식으로 일단락 될 위기에 놓이는데... 더 이상 잃을 것 없는 해욱은 그를 찾기 위해 베트남 비행기에 몸을 싣는다.",2017-05-25,111,"드라마, 범죄",https://image.tmdb.org/t/p/w500/uNESmuFEhNWmF42xjS67Ac9xmgF.jpg,6,0.753,MOVIE
쇼쇼쇼,"1977년 서울 변두리. 반항적이지만 순수한 마음을 가진 산해, 좌충우돌형 연탄집 아들 상철, 군인을 아버지로 두었지만 소심한 성격의 동룡은 둘째가라면 서러울 정도로 절친한 짝패들. 비전이라곤 눈곱만큼도 없던 이들에게 어느날 천금같은 기회가 찾아온다. 바로 같은 동네 양아치들과 벌인 노름판에서 술집가게 문서를 얻게 된 것. 그러나 그 술집은 거미줄만 가득 찬 낡고 허름한 미친 여자가 사는 것이였다. 이대로 주저앉을 수 없는일. 동룡의 제안으로 이들은 허름한 선술집을 대한민국 최초의 칵테일 바로 변모시키기로 결심한다. 하지만 칵테일 바는 당시 최고의 유행을 자랑하던 고고장에 밀려 파리만 들끓고 손님이라곤 막걸리만 찾는 동네아저씨들뿐인데....",2003-02-28,105,"드라마, 코미디",https://image.tmdb.org/t/p/w500/xKcqu7Z5Q4dFJDpQRCuNT7yXgs.jpg,8,0.9222,MOVIE
수,"경찰과 암흑가가 모두 주목하는 최고의 청부살인자이자, 자신을 길러준 송인 외에 누구에게도 얼굴을 드러내지 않은 채 해결사 수로 불리는 태수. 그의 삶의 목표는 단 하나, 19년 전 배고픔을 못 이겨 마약 조직의 돈을 훔치다 자신 대신 붙잡혀 그대로 헤어져버린 쌍둥이 동생 태진을 만나는 것. 그러나 마침내 동생을 만나는 날, 태진은 그의 눈 앞에서 머리에 총을 맞고 즉사한다.  태수는 정체를 알 수 없는 범인을 잡기 위해 동생의 신분으로 위장하지만 태진은 자신을 쫓는 경찰의 신분. 태진의 약혼자이자 여형사인 미나와 태수에게 동료를 잃은 형사 남달구의 의심 속에서 태진의 살해범이 정체를 드러내기를 기다리던 태수는 동생 태진의 죽음 뒤에 19년 전 태수와 태진을 헤어지게 만들었던 장본인인 마약 조직의 보스 구양원이 있다는 것 알게 되고 마침내 그 만의 피보다 진한 복수를 시작하는데...",2007-03-22,122,"액션, 드라마, 스릴러",https://image.tmdb.org/t/p/w500/hUQmfcaAX9Gw2LAkfvGWylx8gZU.jpg,6.5,0.9,MOVIE
수상한 고객들,"한때는 야구왕을 꿈꾸던, 업계 최고의 안하무인 보험왕 배병우. 어느 날 고객의 자살방조혐의로 인생 최대 위기에 처한 그는 몇 년 전, 고객들과의 찜찜한 계약을 떠올리고 그들을 찾아 나선다. 우울모드 기러기 아빠 오부장과 까칠한 소녀가장 소연, 입만 열면 욕설을 내뱉는 꽃거지 청년 영탁과 애 넷 딸린 억척 과부 복순까지. 방심하다간 한 순간에 한강물로 뛰어들 기세인 그들의 생명을 연장하기 위해 병우는 온갖 감언이설과 허세를 총동원, 고군분투 한다. 불순한 의도로 접근했지만, 예상치 못했던 그들의 순수함과 가족애에 점점 감화되는 병우. 수상한 고객들을 위한 그의 A/S는 과연 성공할 수 있을 것인가?",2011-04-14,124,"코미디, 드라마",https://image.tmdb.org/t/p/w500/yjmqZvijPbXsNZH6OIApPVM5tvW.jpg,6.7,1.3769,MOVIE
수상한 그녀,"아들 자랑이 유일한 낙인 욕쟁이 칠순 할매 오말순은 어느 날, 가족들이 자신을 요양원으로 독립(?)시키려 한다는 청천벽력 같은 사실을 알게 된다. 뒤숭숭한 마음을 안고 밤길을 방황하던 할매 말순은 오묘한 불빛에 이끌려 ‘청춘 사진관’으로 들어간다. 난생 처음 곱게 꽃단장을 하고 영정사진을 찍고 나오는 길, 그녀는 버스 차창 밖에 비친 자신의 얼굴을 보고 경악을 금치 못한다. 오드리 헵번처럼 뽀얀 피부, 날렵한 몸매... 주름진 할매에서 탱탱한 꽃처녀의 몸으로 돌아간 것! 아무도 알아보지 못하는 자신의 젊은 모습에 그녀는 스무살 ‘오두리’가 되어 빛나는 전성기를 즐겨 보기로 마음 먹는데...",2014-01-22,124,"드라마, 코미디, 음악",https://image.tmdb.org/t/p/w500/tmY4b9sO8KDszQCvPKiKYJSNaqe.jpg,7.3,2.2331,MOVIE
수색자,"억울하게 죽은 영혼들의 무덤 DMZ 어두운 밤 총성이 울린 후 파견 나온 교육장교가 사망하는 사건이 일어난다. 같은 시각 출입통제구역 DMZ로 탈영병이 도주하는 일이 발생하고 3소대는 DMZ 수색 작전에 긴급 투입된다. 그곳에서 대원들은 탈영병도, 수색 대원도 아닌 정체불명의 병사를 목격한다. 그리고 알 수 없는 죽음의 릴레이가 시작되는데...",2021-09-29,110,스릴러,https://image.tmdb.org/t/p/w500/mwwWdRHgNIbCC2bw4ehJV6gnDLx.jpg,5.4,0.9586,MOVIE
숙명,"운명으로 결합되어 어둠의 세계를 휩쓸던 네 친구, 카지노 습격사건이 배신으로 어긋난 후 숙명은 그들을 적으로 만들었다. 이제, 서로의 심장을 겨누게 된 그들의 피할 수 없는 싸움이 시작된다  운명으로 결합된 네 친구의 빗나간 욕망, 어긋난 우정. 최강의 팀플레이를 자랑하며 어둠의 세계를 휩쓸던 네 친구 우민, 철중, 도완, 영환. 뜨겁게 뭉쳤을 때, 그들은 최강이었다. 네 친구들은 각자의 새로운 출발을 위해 계획했던 카지노 습격사건에서 완벽하게 돈가방 탈취에 성공하는 듯 했다. 철중의 믿을 수 없는 배신이 상황을 역전시켜버리기 전까지는!  믿을 수 없는 배신, 그리고 오해… 그들은 적이 되었다. 돌이킬 수 없다면, 이번엔 끝을 본다! 철중의 배신으로 어긋나버린 모든 상황에 분노를 느끼는 우민. 차가운 세상에서 성공하기 위해 친구들을 배신하고 자신의 욕망을 채운 철중. 재기를 꿈꾸는 도완과 늘 뒤에서 조용히 친구들을 챙기는 영환. 그리고 네 남자의 운명의 소용돌이 속에 휘말려버린 우민의 여자 은영까지. 이들 사이에서는 끊임없는 오해가 오해를 부르고, 그들의 운명은 돌이킬 수 없이 엇나가게 된다. 그리고, 그들은 서로 다른 목적을 가지고 이 바닥 최대규모의 항만 밀거래 현장에서 맞부딪치는데…",2008-03-20,123,"액션, 스릴러, 범죄",https://image.tmdb.org/t/p/w500/iOUayjScSmdOqoZmn7lfd0CluX.jpg,5.7,1.1081,MOVIE
순수의 시대,"1398년, 태조 이성계는 제 손에 피를 묻혀 개국을 일군 왕자 이방원이 아닌 어린 막내 아들을 정도전의 비호 하에 세자로 책봉하고, 왕좌와 권력을 둘러 싼 핏빛 싸움이 예고된다. 한편, 정도전의 사위이자 태조의 사위 진을 아들로 둔 장군 김민재는 북의 여진족과 남의 왜구로부터 끊임없이 위태로운 조선의 국경선을 지켜낸 공로로 군 총사령관이 된다. 왕이 될 수 없었던 왕자 이방원, 여진족 어미 소생으로 정도전의 개로 불린 민재와 그의 친자가 아니라는 비밀 속에 쾌락만을 쫓는 부마 진. 민재는 어미를 닮은 모습의 기녀 가희에게서 난생 처음 지키고 싶은 제 것을 발견한다. 하지만 그의 최초의 반역, 야망의 시대를 거스르는 그의 순수는 난세의 한 가운데 선 세 남자와 막 태어난 왕국 조선의 운명을 바꿀 피 바람을 불러온다.",2015-03-05,113,"로맨스, 드라마, 역사",https://image.tmdb.org/t/p/w500/rtNhTmR2sfl9PUqCHxAyzFNinG0.jpg,6.8,2.5298,MOVIE
순정,"라디오 DJ ‘형준’은 어느 날, 생방송 중에 도착한 낯익은 이름의 편지 한 통에 당혹스러움을 감추지 못한다. 사연을 보낸 이는 바로 23년 전 가슴 한 켠에 묻어두었던 첫사랑의 이름 ‘정수옥’. 그녀의 손글씨로 정성스레 쓰인 노트를 보며 형준은 잊고 지냈던 23년 전의 기억들이 되살아나기 시작하는데… 1991년, 여름방학을 맞아 ‘수옥’이 기다리고 있는 고향 섬마을에 모인 ‘범실’과 친구들.  다섯이어야 오롯이 하나가 되는 이들은 함께여서 더욱 빛나는 시간들로 여름날의 추억을 쌓아간다.  그리고, ‘수옥’이 원하는 것이라면 뭐든지 해주고 싶은 ‘범실’의 마음… 열일곱 ‘범실’과 ‘수옥’에게 잊을 수 없는 특별한 순간이 찾아온다!  과거와 현재를 넘나드는 단 하나의 첫사랑! 그 해 여름, 아련한 추억 속으로 음악비행이 시작된다!",2016-02-24,113,"드라마, 로맨스",https://image.tmdb.org/t/p/w500/kiZSv7nLG9YKpV2yv1itviuwZmn.jpg,7.957,1.7791,MOVIE
순정,"라디오 DJ ‘형준’은 어느 날, 생방송 중에 도착한 낯익은 이름의 편지 한 통에 당혹스러움을 감추지 못한다. 사연을 보낸 이는 바로 23년 전 가슴 한 켠에 묻어두었던 첫사랑의 이름 ‘정수옥’. 그녀의 손글씨로 정성스레 쓰인 노트를 보며 형준은 잊고 지냈던 23년 전의 기억들이 되살아나기 시작하는데… 1991년, 여름방학을 맞아 ‘수옥’이 기다리고 있는 고향 섬마을에 모인 ‘범실’과 친구들.  다섯이어야 오롯이 하나가 되는 이들은 함께여서 더욱 빛나는 시간들로 여름날의 추억을 쌓아간다.  그리고, ‘수옥’이 원하는 것이라면 뭐든지 해주고 싶은 ‘범실’의 마음… 열일곱 ‘범실’과 ‘수옥’에게 잊을 수 없는 특별한 순간이 찾아온다!  과거와 현재를 넘나드는 단 하나의 첫사랑! 그 해 여름, 아련한 추억 속으로 음악비행이 시작된다!",2016-02-24,113,"드라마, 로맨스",https://image.tmdb.org/t/p/w500/kiZSv7nLG9YKpV2yv1itviuwZmn.jpg,7.957,1.7791,MOVIE
순정만화,"연애 전략과는 거리가 먼 수줍은 서른 살 연우, 연애 경험이 전혀 없는 터프한 여고생 수영. 새로운 연애를 시작할 용기가 없는 스물아홉 하경, 짝사랑 때문에 애타는 연하남 강숙. 예상하지 못한 순간, 상상도 못한 상대에게 빠져버린 네 남녀가 만들어가는 서툴러서 더욱 특별한 연애 이야기.",2008-11-27,113,"코미디, 드라마",https://image.tmdb.org/t/p/w500/xjMcouzckFIVjkXJ18UjaBtBmzs.jpg,6.9,1.7943,MOVIE
숨,"죽음이 얼마 남지 않은 사형수 장진은 날카로운 송곳으로 자신의 목을 찔러 자살을 시도한다. 죽음을 앞당기려는 그의 노력에도 불구하고 결국 목소리만 잃은 채 다시 교도소로 돌아온다. 돌아온 그곳에서 기다리는 것은 그를 사랑하는 어린 죄수. 하지만 장진에게 이 생에 남아있는 미련은 아무것도 없다.  부족함이 없어 보이는 연의 삶은 남편의 외도를 알게 되면서 어긋나기 시작한다. 우연히 TV에서 사형수 장진의 뉴스를 본 연은 그에게 묘한 연민의 정을 느끼고 그를 만나기 위해 교도소로 향한다. 자신이 어린 시절 경험했던 죽음의 순간을 사형수 장진에게 털어놓으며 닫아 두었던 마음의 문을 열게 되는데....  연은 장진을 위해 해줄 수 있는 것을 찾고, 사계절을 선물하기로 마음 먹는다. 죽음 외에는 가진 것이 없던 장진에게 삶의 온기를 다시 불어 넣어주는 연. 계속되는 만남을 통해 둘은 단순한 욕망 이상의 감정을 갖게 되지만 연의 남편은 두 사람의 관계를 알아채고 이들의 사랑을 막기 시작한다.",2007-04-26,84,"범죄, 드라마",https://image.tmdb.org/t/p/w500/cCsNLAeMKTe22YhFfbDXdqiloZT.jpg,6.7,1.5938,MOVIE
숫호구,"우리 모두는…  누군가의 호구였다?  서른 살이 되도록 제대로 된 연애 한 번, 사랑 한 번 못해본 욕구불만 청년 숫호구 ‘원준’은 열등감으로 가득 차 있다. 또래 친구들은 다 하는 번듯한 직장생활, 연애, 결혼도 원준은 쉽게 할 수가 없다.  그러던 어느 날 정체불명의 생명공학 박사가 진행한 비밀 생체실험으로 인해 자신이 직접 들어가 마음껏 조종할 수 있는 완벽한 몸매와 얼굴(?)의 슈퍼 섹시 아바타를 갖게 된다.  원준은 그 동안 누려보지 못했던 쾌락을 맘껏 누릴 수 있게 되고 기존의 자신의 삶과는 전혀 다른 삶을 살게 된다. 그러던 중 동네 헌 책방의 신입 아르바이트생 ‘지나’를 보고 사랑에 빠지게 되지만, 그녀는 원준의 본 모습이 아닌 아바타의 모습을 사랑하게 되는데…",2014-08-07,80,코미디,https://image.tmdb.org/t/p/w500/8jvD1ifQyEHu5meEuGqpzwk6nZ8.jpg,6,1.0965,MOVIE
슈퍼맨이었던 사나이,"3년째 방송프로덕션에서 신파 ‘휴먼다큐’를 찍고 있는 송수정PD. 억지 눈물과 감동으로 동정심에 호소하는 프로그램에 신물이 난 그녀는 차라리 ‘동정심 없는 아프리카 사자’를 찍겠다며 밀린 월급 대신 회사 카메라를 챙겨 나온다. 그러나, 난데없이 아프리카 촬영은 취소가 되고, 엎친 데 덮친 격으로 카메라까지 날치기 당한 순간, 어디선가 나타난 하와이언 셔츠의 남자가 도둑을 쫓아 카메라를 되찾아준다. 그는 악당이 머리 속에 넣은 크립토나이트 때문에 현재는 초능력을 쓸 수 없다는, 자칭 슈퍼맨이라고 주장하는 사나이.",2008-01-31,102,"코미디, 드라마, 로맨스",https://image.tmdb.org/t/p/w500/sE76pt0BpmAYvTi9pLjD3ymkZjR.jpg,7.352,1.7609,MOVIE
슈퍼스타 감사용,"키 170cm. 몸무게 70kg. 작은 손. 게다가 왼손잡이. 애초부터 투수가 될 수 없었던 야구 선수 감사용 이야기.  1982년 프로야구 원년. 감사용은 팀에 왼손 투수가 없다는 이유 하나로 '삼미 슈퍼스타즈'의 투수가 된다. 이름과는 달리 스타 선수 한명 없는 삼미는 개막하자마자 꼴찌팀이라는 불명예를 안게 되고, 사용 역시 선발 등판 한번 하지 못하고 '패전 처리 전문 투수'로 낙인 찍힌다. 팀에 패색이 짙어지면 시도 때도 없이 나가는 마무리 투수.  상대팀은 감사용이 나오면 감사해 했다.  그러던 중,  사용에게도 일생일대의 기회가 찾아온다. 최강 팀 OB 베어스, 그것도 OB의 간판스타 박철순의 20연승을 눈앞에 둔 경기. 삼미의 투수진은 누가 봐도 질게 뻔한 경기의 등판을 서로 미루고  급기야 기회는 감사용에게 넘어온다.  생애 처음이자 마지막이었던 선발 등판.  딱 한번만.. 이겨보고 싶었던  감사용의 꿈은 과연 이루어질 수 있을까?",2004-09-17,115,"코미디, 드라마",https://image.tmdb.org/t/p/w500/9S9h1K8A8xq3YrHw7xVz9GVgR2Q.jpg,6.25,0.9015,MOVIE
스윙키즈,"새로 부임해 온 소장은 수용소의 대외적 이미지 메이킹을 위해 전쟁 포로들로 댄스단을 결성하는 프로젝트를 계획한다. 수용소 내 최고 트러블메이커 로기수, 무려 4개 국어가 가능한 무허가 통역사 양판래, 잃어버린 아내를 찾기 위해 유명해져야 하는 사랑꾼 강병삼, 반전 댄스실력 갖춘 영양실조 춤꾼 샤오팡, 그리고 이들의 리더, 전직 브로드웨이 탭댄서 잭슨까지 우여곡절 끝에 한 자리에 모인 그들의 이름은 스윙키즈. 각기 다른 사연을 갖고 춤을 추게 된 그들에게 첫 데뷔 무대가 다가오지만, 국적, 언어, 이념, 춤 실력, 모든 것이 다른 오합지졸 댄스단의 앞날은 캄캄하기만 한데…",2018-12-19,133,"드라마, 전쟁",https://image.tmdb.org/t/p/w500/yjG6G1Mn9M2ZoAW9oAav7ZxCyW8.jpg,8.033,1.7776,MOVIE
스파이,"대한민국 최고의 스파이 김철수. 하지만 마누라 영희 앞에만 서면 쩔쩔 매는 대한민국의 평범한 남편이기도 하다. 아무도 모르게 나랏일을 하는 탓에, 출장을 밥 먹듯이 하는 철수. 하필이면 2세를 만들기 위해 받아 놓은 D-day에 의문의 테러가 발생해, 진상 파악을 위한 태국 출장 명령을 받게 된다. 위험천만한 작전지를 종횡무진하는 철수. 그런데, 그 곳에서 철수의 레이더망에 들어온 건 다름 아닌 마.누.라! 심지어 그녀는 모든 작전지마다 위험하게 잘생긴 의문의 사나이와 함께 나타나 철수의 애간장을 태운다. 한편, 남편의 정체를 모르는 스튜어디스 영희는 그런 남편 때문에 폭발 직전! 홧김에 비행 스케줄을 바꿔 태국으로 간다. 그곳에서 우연히 만난 꽃미남 라이언과 달콤한 시간을 보내며 철수의 전화도 받지 않고 핑크빛 환상에 빠지는데…",2013-09-05,121,"액션, 코미디",https://image.tmdb.org/t/p/w500/fvCU7Uscg5EZuR7G260vzGviXgF.jpg,5.968,1.6282,MOVIE
스플릿,"과거 볼링계의 전설이라 불리며 이름을 날리던 '철종'은 불운의 사고로 모든 것을 잃고 낮에는 가짜석유 판매원, 밤에는 도박볼링판에서 선수로 뛰며 별 볼일 없는 인생을 살아간다. 그러던 어느 날, 자신만의 세계에 빠져 살지만 볼링만큼은 천재적인 능력을 갖고 있는 ‘영훈’을 우연히 만난 후, ‘철종’은 ‘영훈’을 자신의 파트너로 끌어들이게 된다. ‘철종’의 조력자이자 도박판의 브로커 ‘희진’의 주도 아래 드디어 큰 판이 벌어지게 되고, ‘철종’과 끈질긴 악연의 ‘두꺼비’까지 가세해 치열한 승부가 시작 되는데…",2016-11-09,121,드라마,https://image.tmdb.org/t/p/w500/m0Esp1eKDNXmK45BnO0m6uMaPZe.jpg,6.8,0.9397,MOVIE
슬로우 비디오,남들이 못 보는 찰나의 순간까지 볼 수 있는 남자 여장부. 독특한 시력으로 놀림 받던 어린 시절을 뒤로 하고  뛰어난 순간포착 능력을 인정 받아 CCTV 관제센터 에이스로 떠오르게 된다. CCTV 너머 하루 종일 지켜보며 우리의 일상에 느닷없이 찾아오는 이 남자!,2014-10-02,105,"코미디, 드라마",https://image.tmdb.org/t/p/w500/zPxNyV7jpoJWYiXNFQqrXPtcJCJ.jpg,7,0.9614,MOVIE
시,"한강을 끼고 있는 경기도의 어느 작은 도시, 낡은 서민 아파트에서 중학교에 다니는 손자와 함께 살아가는 미자. 그녀는 꽃 장식 모자부터 화사한 의상까지 치장하는 것을 좋아하고 호기심도 많은 엉뚱한 캐릭터다  미자는 어느 날 동네 문화원에서 우연히 시 강좌를 수강하게 되며 난생 처음으로 시를 쓰게 된다. 시상을 찾기 위해 그 동안 무심히 지나쳤던 일상을 주시하며 아름다움을 찾으려 하는 미자. 지금까지 봐왔던 모든 것들이 마치 처음 보는 것 같아 소녀처럼 설렌다. 그러나, 그녀에게 예기치 못한 사건이 찾아오면서 세상이 자신의 생각처럼 아름답지만은 않다는 것을 알게 되는데…",2010-05-13,139,드라마,https://image.tmdb.org/t/p/w500/7sKXNd9WXzrncgMEGNpegl1Y2M8.jpg,7.6,2.7676,MOVIE
시동,"학교도 싫고 집도 싫고 공부는 더더욱 싫다며 엄마에게 1일 1강스파이크를 버는 반항아 택일. 절친 상필이 빨리 돈을 벌고 싶다며 사회로 뛰어들 때, 무작정 집을 뛰쳐나간 택일은 우연히 찾은 장풍반점에서 남다른 포스의 주방장 거석이형을 만나게 된다. 강렬한 첫 인사를 나누자마자 인생 최대 적수가 된 거석이형과 택일. 세상 무서울 것 없던 택일은 장풍반점에서 상상도 못한 이들을 만나 진짜 세상을 맛보게 되는데…",2019-12-18,101,"드라마, 액션, 코미디",https://image.tmdb.org/t/p/w500/1dUOkOcMoxzXsCELIMVL9aie2BS.jpg,6.9,2.0789,MOVIE
시민덕희,"세탁소 화재로 인해 대출상품을 알아보던 생활력 만렙 덕희에게 어느 날, 거래은행의 손대리가 합리적인 대출상품을 제안하겠다며 전화를 걸어온다. 대출에 필요하다며 이런저런 수수료를 요구한 손대리에게 돈을 보낸 덕희는 이 모든 과정이 보이스피싱이었음을 뒤늦게 인지하고 충격에 빠진다. 전 재산을 잃고 아이들과 거리로 나앉게 생긴 덕희에게 어느 날 손대리가 다시 전화를 걸어오는데… 이번엔 살려달라는 전화다! 경찰도 포기한 사건, 덕희는 손대리도 구출하고 잃어버린 돈도 찾겠다는 일념으로 필살기 하나씩 장착한 직장 동료들과 함께 중국 칭다오로 직접 날아간다.",2024-01-24,113,"코미디, 범죄",https://image.tmdb.org/t/p/w500/hu4nI6znjpdLqcq2SLfLRc3CJOQ.jpg,7.514,1.6387,MOVIE
시실리 2km,"수백억에 이르는 조직의 다이아몬드를 가로챈 석태는 도주중 교통사고로 시골마을 시실리에 묵게된다. 그런데 다이아몬드를 확인하러 들어간 화장실에서 어이없이 낙상해 의식을 잃은 석태를 본 주민들은 석태가 죽었다고만 생각하고 살인 누명을 쓸까 두려워 석태를 어딘가에 묻기로 결의한다.  한편, 석태의 배신에 지구를 뒤져서라도 석태와 다이아몬드를 회수하고야 말겠다는 일념으로 석태를 쫓던 양이는 휴대폰 위치 추적으로 겨우겨우 시실리에 당도하게 되는데...",2004-08-13,109,"코미디, 공포",https://image.tmdb.org/t/p/w500/tIkhKin7E0b575TnXBsJOAGZAba.jpg,7.2,2.1153,MOVIE
시월애,단역 전문 성우 은주는 1년간 살던 바닷가의 집 일마레를 떠나며 우편함 안에 다음 주인에게 보내는 편지를 남긴다. 그러나 그 편지는 시간을 거슬러 은주보다 먼저 일마레에 살았던 건축가 성현에게 전달된다. 편지를 통해 서로의 아픔을 나누는 사이 급기야 성현은 자신을 알지 못하는 과거의 은주를 사랑하게 된다. 그러나 미래의 은주는 헤어진 애인을 잊지 못하고 과거의 성현에게 자신과 그가 헤어지지 않도록 도와 달라고 부탁한다. 미래의 은주는 성현과 만나기로 한 바닷가로 가지만 성현은 나오지 않는다. 그리고 은주를 사랑하게 된 성현은 그녀의 부탁을 들어주러 가지만 은주는 성현이 자신의 부탁 때문에 사고를 당함을 알게 되고 사고를 막기 위해 성현에게 편지를 보낸다. 그가 늦지 않게 그 편지를 받기를 간절히 바라면서...,2000-09-09,91,"드라마, 로맨스, 판타지",https://image.tmdb.org/t/p/w500/gyC6BbXyj0SqJpR9aMnv6GaThNh.jpg,7.4,2.6236,MOVIE
식객,"대한민국 최고의 음식 맛을 자랑하는 운암정의 대를 잇기 위해 제자들 중 단 한 명의 요리사를 선출하는 자리. 음식에 마음을 담는 천재 요리사 성찬과 승리를 위해 물불을 가리지 않는 야심가 봉주는 후계자 자리를 놓고 대결을 펼친다. 요리대결의 과제는 황복회! 두 요리사의 실력은 우열을 가리기 힘들 정도로 맛과 모양이 뛰어난 최상급의 요리지만, 성찬의 요리를 먹은 심사위원들이 갑자기 복어 독에 중독되어 하나 둘씩 쓰러진다. 이 모습에 당황하는 성찬과 옆에서 회심의 미소를 짓고 있는 봉주. 결국, 운암정의 후계자는 봉주의 몫으로 돌아가게 되는데..  숙명적 라이벌. 그들의 현란한 손놀림이 다시 시작된다!  그리고 5년 후, 조선시대 최고의 요리사인 대령숙수의 칼이 발견되고 그의 적통을 찾는 요리대회가 열리게 된다. 5년 전 실수로 요리에서 손을 뗀 천재요리사 성찬은 요리대회를 취재하는 열혈VJ 진수의 끊임없는 권유와 숙명적 라이벌인 봉주의 등장으로 요리 대회 참가를 결심하고, 현존하는 최고의 요리사 자리를 놓고 다시 만난 성찬과 봉주. 그리고 이 둘의 팽팽한 대결을 지켜보는 진수. 천재 요리사 성찬을 넘어 대령숙수의 적통을 차지하려는 야심가 봉주와 그의 강력한 방해공작에도 불구하고 자신의 실력을 발휘하는 성찬은 드디어 결선에서 맞서게 되는데.. 과연 현존하는 최고의 요리사는 누가 될 것인가...",2007-10-31,113,"드라마, 코미디",https://image.tmdb.org/t/p/w500/wGpNUB0IsvrhHBALTjJzapMePfP.jpg,5.955,1.3343,MOVIE
식객: 김치전쟁,"대령숙수의 칼을 얻은 후 스포트라이트를 뒤로 한 채 여전히 트럭을 몰고 전국을 누비는 성찬. 친어머니같은 수향이 운영하는 춘양각을 찾은 성찬은 수향의 친딸이자 세계적 쉐프 배장은이 귀국해 춘양각을 없애려 한다는 사실을 알게 된다. 춘양각을 지키기 위해 성찬은 김치대회에 참가하기로 하는데... 김치대회에서 맞붙게 된 두 천재식객, 춘양각을 둘러싼 숙명적 대결이 시작된다!",2010-01-28,119,코미디,https://image.tmdb.org/t/p/w500/l7ZrseQFMeBDNvsQn6LL5EF3R6F.jpg,6.6,1.6227,MOVIE
신 전래동화,"이 시대의 흥부와 놀부, 심청이들은 여전히 존재한다. 강남 8학군 출신에 아쉬울 것 없던 부잣집 아들 흥부.하지만 탄탄대로 같았던 그의 삶은 아버지의 죽음과 함께 모든 것이 변했다.평소 자신을 눈엣가시로 여기던 의붓형 놀부가 자신이 군대에 가있던 사이 부친의 재산을 몽땅 독차지하고는 제대한 흥부를 내쫓아버린 것. 엎친 데 덮친 격으로 평생을 함께하자고 약속했던 약혼녀 심청이 마저 고무신을 거꾸로 신었다. 감당하기 힘든 불행이 한꺼번에 닥쳐오니 포기도 빨라진 흥부. 아픔을 느낄 새도 없이 현실을 받아들이고 택시 기사일을 하며 근근히 삶을 이어간다. 그러던 중 심청이는 그녀의 아버지 치료비를 위해 놀부에게 빚을 지고 놀부가 운영하는 룸싸롱 '인당수'에서 일한다는 사실을 알게 된다.함께 자랐기에 놀부의 악덕함을 익히 알았지만심청마저 이용하는 놀부의 횡포에 흥부는 복수를 다짐하는데...",2018-04-25,83,코미디,https://image.tmdb.org/t/p/w500/giDfurrwYIIFuiVmPAGn54nY7Ah.jpg,4,0.8101,MOVIE
신과함께-인과 연,"천 년 동안 48명의 망자를 환생시킨 저승 삼차사, 한 명만 더 환생시키면 그들도 새로운 삶을 얻을 수 있다. 하지만 강림은 원귀였던 수홍을 자신들의 마지막 귀인으로 정한다. 저승법 상 원귀는 소멸되어야하나 염라대왕은 새로운 조건을 내걸며 강림의 제안을 수락한다. 염라의 조건은 성주신이 버티고 있어 저승 차사들이 가는 족족 실패하는 허춘삼 노인을 수홍의 재판이 끝나기 전까지 저승으로 데려오는 것. 허춘삼을 데리러 이승으로 내려간 해원맥과 덕춘, 하지만 성주신의 막강한 힘 앞에 속수무책으로 당하기만 하는데...",2018-08-01,141,"액션, 모험, 판타지, 스릴러",https://image.tmdb.org/t/p/w500/2ETx0U2Q5gUHtPJZiQ3hakTqyaR.jpg,8.052,5.9395,MOVIE
신과함께-죄와 벌,"살인, 나태, 거짓, 불의, 배신, 폭력, 천륜 7개의 지옥에서 7번의 재판을 무사히 통과한 망자만이 환생하여 새로운 삶을 시작할 수 있다. 화재 사고 현장에서 여자아이를 구하고 죽음을 맞이한 소방관 자홍, 그의 앞에 저승차사 해원맥과 덕춘이 나타난다. 자신의 죽음이 아직 믿기지도 않는데 덕춘은 정의로운 망자이자 귀인이라며 그를 치켜세운다. 저승으로 가는 입구, 초군문에서 그를 기다리는 또 한 명의 차사 강림, 그는 차사들의 리더이자 앞으로 자홍이 겪어야 할 7개의 재판에서 변호를 맡아줄 변호사이기도 하다. 염라대왕에게 천년 동안 49명의 망자를 환생시키면 자신들 역시 인간으로 환생시켜 주겠다는 약속을 받은 삼차사들, 그들은 자신들이 변호하고 호위해야 하는 48번째 망자이자 19년 만에 나타난 의로운 귀인 자홍의 환생을 확신하지만, 각 지옥에서 자홍의 과거가 하나 둘씩 드러나면서 예상치 못한 고난과 맞닥뜨리는데…",2017-12-20,139,"액션, 모험, 드라마, 판타지, 스릴러",https://image.tmdb.org/t/p/w500/z54zrEXAKd5u1SCPNOIAKgvGXte.jpg,8.062,6.8785,MOVIE
신기전,"1448년, 세종 30년. 조선의 새로운 화기 개발을 두려워 한 명 황실은 극비리에 화포연구소를 습격하고 연구소 도감 ‘해산’은 신기전 개발의 모든 것이 담긴 ‘총통등록’과 함께 외동딸 ‘홍리’를 피신시키고 완성 직전의 ‘신기전’과 함께 자폭한다. 계획이 실패로 돌아가자 명은 대규모 사신단으로 위장한 무장세력을 급파해 사라진 ‘총통등록’과 ‘홍리’를 찾기 시작하는데…",2008-09-04,134,"액션, 모험, 역사",https://image.tmdb.org/t/p/w500/863GjRsIE2YRfom07WkTbCeDfny.jpg,6.407,1.2937,MOVIE
신라의 달밤,"십년전, 전설적인 고교 짱 최기동(차승원 분)과 소심한 모범생 박영준(이성재 분)은 경주 지역으로 수학여행을 떠난다. 그리고 휘엉청 달이 밝은 운명의 그날 밤, 두 사람은 평생 잊을 수 없는 사건을 겪게 되고, 우연히 10년만에 경주에서 맞딱드린 기동과 영준. 고교시절 ‘전설의 짱’ 최기동은 다혈질 체육선생이 되어 있고, 소심한 모범생 ‘왕따’ 박영준은 엘리트 깡패가 되어 나타난다. 그 옛날의 전설적인 사건을 되새기며 반갑게 악수하는 그들의 양손에는 어느덧 힘이 들어가기 시작한다.  그녀는 홀연히 나타났다. 슬픈 눈으로 우는가 하면 어느덧 그 눈으로 웃음 짓는 민주란! 그녀가 깡패같지 않은 깡패와 선생같지 않은 선생사이에서 관심 갖는 남자라고는 오로지 철부지 남동생 민주섭!(이종수 분) 영준의 후계자가 되고 싶은 주섭이는 기동 학교의 소문난 문제아. 과연 깡패와 선생 중 그들의 어떤 사랑법이 주란의 마음을 차지할 수 있을 것인가? 영준을 노리는 일당에게 주란이 납치 당하는 사건이 일어나고 설상가상으로 영준의 조직이 붕괴되는 곤경에 몰리는데 홀연단신으로 적지에 떨어진 영준과 사랑과 우정사이에서 갈등하는 기동. 그리고 이들을 바라보는 한 여자 민주란 과연 이들과 경주의 미래는 어떻게 전개 될 것인가.",2001-06-23,119,"코미디, 드라마",https://image.tmdb.org/t/p/w500/4Dg9CBPn3uXE5pWFlideHCfPFIp.jpg,6,1.1806,MOVIE
신부수업,"여름만 지나면 신부수업 완성!...그러나!! 순풍에 돛 단 듯 착착진행 중인 일등급 신학생 규식(권상우)의 신부수업. 한달만 지나면 고대하던 신부서품이다. ""성모님 이제 정말 얼마 안 남았어요..."" 감격도 잠시, 교황이 성축한 귀한 '성작'을 깨뜨리는 대형사고를 친 규식은 날라리 신학생 선달과 함께 치욕스런 '영성강화훈련'의 주인공이 된다!  시한폭탄 같은 그녀에게 첫 키스를 빼앗기다니! '영성강화훈련'을 명 받은 곳은 변두리 작은 성당. 그러나 성경책보다 연장을 가까이 하는 이상한 남신부(김인문), 미저리 같은 김수녀(김선화), 말썽꾸러기 동네 꼬마 녀석들까지 뭔가 조짐이 안 좋은데.. 다음날 아침 경건한 마음으로 새벽기도를 드리던 규식 앞에 상상치도 못한 사건이 벌어진다. 술 취해 잠든 여자를 쫓으려다 그만... 첫 입술을 빼앗기게 된 것!",2004-08-05,109,"코미디, 로맨스",https://image.tmdb.org/t/p/w500/3MBPoJZ7Arw4Gk7MZM1Lafm4j55.jpg,6.5,1.3469,MOVIE
신의 한 수: 귀수편,바둑으로 모든 것을 잃은 아이 귀수. 유일하게 기대던 스승 허일도마저 잃고 홀로 살아남아 세상을 향한 복수를 계획한다. 운명의 선택은 신의 놀음판에 있다. 자신을 사지로 내몬 냉혹한 내기바둑판으로 뛰어든 귀수는 전국을 돌아다니며 귀신 같이 바둑을 두는 자들과 대결을 펼치는데… 사활을 건 대결! 신의 한 수를 다시 두시겠습니까?,2019-11-07,106,"범죄, 액션",https://image.tmdb.org/t/p/w500/205K07RJ2e7cscv794tGPRTU8uR.jpg,7,1.8383,MOVIE
신이 보낸 사람,"1급 정치범으로 아내와 함께 수용소에 끌려갔던 철호(김인권 분). 자신의 목숨은 건졌지만 아내를 잃고, 혼자 살아남은 것에 대한 죄의식을 떨쳐 내지 못한다. 2년 만에 고향 땅으로 돌아온 철호는 죽은 아내와의 마지막 약속을 지키기 위해 마을 사람들을 데리고 남조선으로의 탈북을 결심한다. 하지만 탈북을 준비하던 중 철호는 1급 정치범으로 또 다시 고발당하게 되고, 자유를 찾아 탈북을 결심하게 된 마을 사람들 역시 국경경비대에 잡혀갈까 두려움에 떨게 된다. 설상 가상으로 마을 사람들을 원조 해주던 중국 선교사와의 연락도 두절되면서 준비해오던 탈북 계획에 차질이 생기게 되는데…",2014-02-13,112,드라마,https://image.tmdb.org/t/p/w500/bNgquNM3xmzf8u5nHFSOySkyVgW.jpg,4,0.8439,MOVIE
실미도,"북으로 간 아버지 때문에 연좌제에 걸려 사회 어느 곳에서도 인간대접 받을 수 없었던 강인찬은 어두운 과거와 함께 뒷골목을 전전하다가 살인미수로 수감된다. 그런 그 앞에 한 군인이 접근, 나라를 위해 칼을 잡을 수 있겠냐는 엉뚱한 제안을 던지곤 그저 살인미수일 뿐인 그에게 사형을 언도한다. 누군가에게 이끌려 사형장으로 향하던 인찬, 그러나 그가 도착한 곳은 인천 외딴 부둣가. 그곳엔 인찬 말고도 상필, 찬석, 원희, 근재 등 시꺼먼 사내들이 잔뜩 모여 있었고, 그렇게 1968년 대한민국 서부 외딴 섬 실미도에 기관원에 의해 강제차출된 31명이 모이게 되는데...",2003-12-24,135,"액션, 드라마",https://image.tmdb.org/t/p/w500/xKGjBFfzoip0fTT7JNjF9bd6Dru.jpg,7.135,2.7599,MOVIE
심야카페: 미씽 허니,"부산 산복지구대의 냉미녀 경찰, 윤. 파스타집 오너 셰프 다정한 연인, 태영.  누구 봐도 행복한 커플 윤과 태영은 결혼을 앞두고 있다.  누구보다 행복해야 할 결혼식 당일. 태영이 아무 연락도 없이 나타나지 않는 대참사를 겪게 된다.  갑자기 사라진 연인 태영의 행방이 묘연한 가운데 윤은 태영이 사라진 마지막 장소에서 수상한 지도를 발견한다. 지도를 따라간 윤은 평소에는 전혀 보지 못했던 카페를 발견하게 되는데…  마스터부터 손님까지 모두 수상하기만 한 ‘심야카페’에서 윤은 드디어 사라진 연인 태영을 만나게 된다. 하지만 태영은 자신을 알아보지 못하고 어딘지 어려보이기까지 하는데…  “저기.. 혹시 지금이 몇 년도인가요?”",2022-11-17,102,판타지,https://image.tmdb.org/t/p/w500/xG8r9CdFLKMb9A5gn0YXfQ2AVBD.jpg,7.2,2.7096,MOVIE
심장이 뛴다,"한 중년 여성이 뇌사상태로 병원에 실려오고, 심장병 딸에게 이식할 심장을 애타게 찾던 연희(김윤진)는 양아치 아들 휘도(박해일)에게 거액을 주며 매달린다. 그러나 엄마가 쓰러진 진짜 이유가 하나 둘 밝혀지면서 휘도는 뒤늦게 사력을 다해 엄마를 살리려 하고, 절박해진 연희는 급기야 위험한 사람들과 손을 잡는데...",2011-01-05,114,"드라마, 액션, 로맨스",https://image.tmdb.org/t/p/w500/eIjQUq8Tbrja4edoFwOJ3cQXw7l.jpg,6.4,0.9734,MOVIE
싱글즈,"29살 나난 (장진영 분). 머리에 동전 크기만한 원형 탈모를 발견한, 불길함이 엄습하는 어느 날. 몇 년째 믿고 사귀던 애인이 던지는 일방적인 한마디, 우리 그만 헤어져. 하늘이 무너져도 솟아날 구멍이?... 없다. 회사에는 떡 하니 붙은 좌천 공고. ""디자이너 나난 a 레스토랑 매니저"" 이건 바로 회사에서도 짤리는 소리. 아, 억울해. 이대로 당할 수 만은 없다. 심호흡 한번 크게 하고 입술을 꽉 물고는 상무실을 박차고 들어간다.  나난의 친구인 워킹우먼 동미(엄정화 분). 오는 남자 마다 않고 가는 남자 잡지 않는 자유롭고 개방적인 그녀. 하지만 화통한 성격으로 일도 잘하고 이성, 동성 친구 많은 멋진 Girl이다. 이런 그녀에게 회사 일을 빌미로 느끼하게 작업을 걸어오는 팀장이 있었으니. 어느 날 회의실에서 작업을 거는 팀장, 그러자 동미는 ""저도 팀장님을 위해 특별히 준비한 액션 플랜이 있는데..."" 라며 그의 바지를 벗기고...",2003-07-11,110,"코미디, 로맨스",https://image.tmdb.org/t/p/w500/txaTpprn5MzXnxvsEBARpjPJ7DO.jpg,6.4,0.9851,MOVIE
싸움의 기술,"맞고 사는 게 일과인, 쉼 없이 구타를 유발시키는 소심한 부실고딩 송병태. 안 맞고 사는 평안한 삶을 꿈꾸며 온갖 책을 독파했으나 하루 하루가 고난의 연속이다. 그러던 어느 날, 대명 독서설 특실 B호에 기거 중인 한 낯선 남자를 발견하는데... 놀라운 어록들과 고수의 포스! 드디어 그 분이 오셨다!",2006-01-05,100,"액션, 코미디",https://image.tmdb.org/t/p/w500/268I7aDEtw4V56BKMncYgqZtN7b.jpg,6.1,1.0872,MOVIE
쌍화점,"격정의 고려말, 왕과 왕의 호위무사 '홍림'. 원의 억압을 받던 고려 말, 친위부대 건룡위의 수장 '홍림'은 대내외적 위기에 놓인 왕을 보필하며 경계를 늦추지 않는다. 그러나 후사문제를 빌미로 원의 무리한 요구는 계속되고, 정체불명의 자객들이 왕의 목숨을 위협하자, 왕은 중대한 결정을 내리게 된다.  거부할 수 없는 선택, 엇갈린 운명. 왕의 명령이라면 목숨처럼 따르는 홍림, 왕은 고려의 왕위를 이을 원자를 얻기 위해 홍림에게 왕후와의 대리합궁을 명한다. 충격과 욕망이 엇갈린 그날 밤, 세 사람의 운명은 소용돌이 치기 시작하는데...",2008-12-30,132,드라마,https://image.tmdb.org/t/p/w500/fkugEylA1A8JZAdBmCWP6n1h4Rr.jpg,6.9,8.9388,MOVIE
써니,"전라도 벌교 전학생 나미는 긴장하면 터져 나오는 사투리 탓에 첫날부터 날라리들의 놀림감이 된다. 이때 범상치 않는 포스의 친구들이 어리버리한 그녀를 도와주는데… 그들은 진덕여고 의리짱 춘화, 쌍꺼풀에 목숨 건 못난이 장미, 욕배틀 대표주자 진희, 괴력의 다구발 문학소녀 금옥, 미스코리아를 꿈꾸는 사차원 복희 그리고 도도한 얼음공주 수지. 나미는 이들의 새 멤버가 되어 경쟁그룹 ‘소녀시대’와의 맞짱대결에서 할머니로부터 전수받은 사투리 욕 신공으로 위기상황을 모면하는 대활약을 펼친다. 일곱 명의 단짝 친구들은 언제까지나 함께 하자는 맹세로 칠공주 ‘써니’를 결성하고 학교축제 때 선보일 공연을 야심차게 준비하지만 축제 당일, 뜻밖의 사고가 일어나 뿔뿔이 흩어지게 된다.",2011-05-04,135,"드라마, 코미디",https://image.tmdb.org/t/p/w500/39fhpu9WfpvaEfE6UhuxaS93wOe.jpg,7.8,2.1588,MOVIE
썬데이 서울,"당신이 상상한 모든 것이 뒤집힐만한  기묘하고 즐거운 세상이 펼쳐진다!  평범한 고교생 덕규와 짱개 청년 진수의 눈에 비친  믿을 수 없는 사건들의 연속...  우연히 목격한 엽기 커플의 잔혹한 사랑담을 시작으로  생긴 것도 억울한데 왕따까지 당하는 반 친구 도연(봉태규 분)에게 일어난 엄청난 신체적 변화, 자장면 배달 갔던 사건현장에 처참하게 살해당한 채 버려진 연쇄살인마(박성빈 분)에게 일어난 끔찍한 사건, 그리고 고독과 번뇌 속에 무술을 연마하는 한 청년과 천재무술소녀(이청아 분)의 가슴 아픈 사랑을 차례차례 목격하면서  덕규와 진수는 자신들이 알고 있는 현실 이상의 것과 마주하게 되는데...",2006-02-09,95,코미디,https://image.tmdb.org/t/p/w500/7byPEh6JF1d9bbNKcGQOfJEhOl9.jpg,4,0.9513,MOVIE
썸,"사건 증거물인 100억대의 마약이 경찰호송 중 탈취되는 사건이 벌어진다. 경찰은 호송 담당자인 강력계 오반장(강신일 扮)을 용의자로 지목, 수사를 지시한다. 그러나 오반장이 진범이 아니라고 믿는 후배 형사 강성주(고수 扮)는 진범을 잡기 위해 용의자를 추적하지만 마약을 한 채 질주하던 그 용의자는 교통사고로 사망한다. 강성주는 용의자의 핸드폰에 남겨진 번호를 단서로 사건 추적에 들어가지만 다른 용의자들 또한 잇따라 사망하게 되고 사건은 점점 미궁 속으로 빠져든다.  한편, 강성주는 사건 추적 중, 용의자의 친구인 교통 리포터 서유진(송지효 扮)을 만나게 된다. 어딘가 낯설지 않은, 어디선가, 언제인가 본 적이 있다고 느끼는 두 사람의 첫 만남. 그리고 유진은 데자뷔를 통해 강성주의 죽음을 보게 되는데...  푸른 하늘에 검은 비가 내리는 도시. 서로 생명의 열쇠를 쥔 채 24시간 후 예정된 죽음을 향해 치달아 가는 두 남녀의 하루...",2004-10-22,118,"액션, 범죄, 미스터리",https://image.tmdb.org/t/p/w500/9d8nEGA3GP8jwpF4uLTOfIOMGb8.jpg,6.389,0.7673,MOVIE
쎄시봉,"한국 포크 음악계의 전설이 된 ‘트윈폴리오’에 제 3의 멤버가 있었다?!  한국 음악계에 포크 열풍을 일으킨 조영남, 이장희, 윤형주, 송창식 등을 배출한 음악감상실 ‘쎄시봉’, 젊음의 거리 무교동 최고의 핫플레이스였던 그곳에서 ‘마성의 미성’ 윤형주와 ‘타고난 음악천재’ 송창식이 평생의 라이벌로 처음 만나게 된다. ‘쎄시봉’ 사장은 이들의 가수 데뷔를 위해 트리오 팀 구성을 제안하고, 자칭 ‘쎄시봉’의 전속 프로듀서 이장희는 우연히 오근태의 중저음 목소리를 듣고 그가 두 사람의 빈틈을 채워줄 ‘숨은 원석’임을 직감한다. 기타 코드조차 제대로 잡지 못하는 ‘통영촌놈’ 오근태는 이장희의 꼬임에 얼떨결에 ‘트리오 쎄시봉’의 멤버로 합류하게 되고 그 시절, 모든 남자들의 마음을 사로잡은 ‘쎄시봉’의 뮤즈 민자영에게 첫눈에 반해 그녀를 위해 노래를 부르기로 결심하는데....  그 시절, 젊음의 거리 무교동을 주름잡던 음악감상실 ‘쎄시봉’`  모두의 마음을 사로잡은 단 한명의 뮤즈 그리고 잊지 못할 가슴 시린 첫사랑의 기억...",2015-02-05,122,"코미디, 로맨스, 드라마",https://image.tmdb.org/t/p/w500/fqwJGWrsJRZ95eddGrQn197Ejcz.jpg,6.9,3.934,MOVIE
아가씨,"어릴 적 부모를 잃고 후견인 이모부의 보호 아래 살아가는 귀족 아가씨에게 백작이 추천한 새로운 하녀가 찾아온다. 이모부의 서재에서 책을 읽는 것이 일상의 전부인 아가씨는  순박해 보이는 하녀에게 조금씩 의지하기 시작한다. 하지만 하녀의 정체는 유명한 여도둑의 딸인 소매치기 고아 소녀 숙희. 막대한 재산을 상속받게 될 아가씨를 유혹하여 돈을 가로채겠다는 사기꾼 백작의 제안을 받고  아가씨가 백작을 사랑하게 만들기 위해 하녀가 된 것. 드디어 백작이 등장하고, 백작과 숙희는 자신만의 방식으로 아가씨의 마음을 흔들기 시작하는데...",2016-06-01,144,"스릴러, 드라마, 로맨스",https://image.tmdb.org/t/p/w500/2as91uhVX6RjDQw3Y5pFWITv3iA.jpg,8.178,20.1561,MOVIE
아내가 결혼했다,"귀여운 외모와 넘치는 애교, 헌책을 사랑하는 지적인 면모와 남자 못지 않은 축구에 대한 지식과 열정을 가지고 있는 인아. 말까지 척척 잘 통하는 그녀를 만날수록 덕훈은 보통 여자와 다른 그녀의 특별한 매력에 점점 빠져든다. 그러나 평생 그녀만을 사랑하고픈 덕훈과는 달리, 덕훈을 사랑하지만 그’만’을 사랑하는 것은 아니며, 사랑하는 사람’들’과 사랑하며 살고 싶다는 너무나 자유로운 그녀. “하지만 지금 중요한 건 그녀가 나를 사랑한다는 것! 나를 사랑하는 한 그녀는 내꺼라는 것!”",2008-10-23,119,"로맨스, 코미디",https://image.tmdb.org/t/p/w500/arvX1qZWTj7FAbRB7hPBGfk6h2D.jpg,5.553,1.5991,MOVIE
아내의 애인을 만나다,"아내가 바람이 난 것 같다.  이제껏 인생 자체가 소심하기 짝이 없었던 나.  소일거리로 도장을 파며 하루하루 살고 있다.  어느 날, 아내의 불륜현장을 덮치고자 계획을 세운다.  택시 기사인 그놈의 집 근처를 배회하다가  손님을 가장해 그놈의 택시를 잡아타고 낙산까지 장거리를 제안한다.  흔쾌히 가자고 하는 그놈.  택시에 타자마자 나의 정체를 모르는 그놈은  세상에 사랑만 있을 뿐 불륜은 없다는 등 온갖 궤변을 늘어놓으며 아주 신이 났다.  아내의 애인과 드라이브를 하는 도중 여러 정황들과 맞닥뜨리게 된다.  때로는 어색한 적막감에 휩싸이기도 하고  기묘한 신경전을 벌이기도 하지만  우여곡절 끝에 목적지에 도착하게 된다.  그놈은 나와 헤어진 뒤 예상대로 아내가 혼자 있는 집으로 향한다.  현장을 목격한 나는 이 둘을 덮쳐 요절을 내려 하지만  소심하기에 뜻을 이루지 못한다.  결국 그놈의 택시를 훔쳐타고 그놈의 부인이 있는 서울로 향한다.  나라고 가만히 있을 수 없지...",2007-04-26,92,드라마,https://image.tmdb.org/t/p/w500/wofAFZBI3kZdSK0E5x3B85p6W9T.jpg,4.429,1.0068,MOVIE
아는 여자,"한때 잘 나가던 투수였지만 현재는 프로야구 2군에 소속된 별볼일 없는 외야수 동치성. 애인에게 갑작스런 이별을 통고 받은 날, 설상가상으로 3개월 시한부 판정까지 받는다. 희망이 보이지 않는 현실을 비관하며 치성은 술을 들이붓고, 다음 날 여관에서 깨어나 전날 방문한 바의 바텐더 한이연을 마주한다. 징그럽게 안 풀리는 그에게 그냥 알던 여자가 날아든다.",2004-06-25,107,"로맨스, 코미디",https://image.tmdb.org/t/p/w500/4UTndEY587vby9RYGU0Jn0dgsmX.jpg,6.7,1.2029,MOVIE
아라한 장풍 대작전,"고층 빌딩에 아슬아슬하게 매달려 유리를 닦는 청소부, 무거운 보따리를 자유자재로 이고 다니는 할머니, 아무도 모르게 거대한 도심 속에 평화를 유지하는 도인들이 살고 있다. 한 분야에서 오랫동안 자신의 기를 갈고 닦은 생활 도인들, 보이지 않는 곳에서 이루어지는 이들의 활약이 세상을 평화롭게 이끌고 있다는데......",2004-04-30,114,"판타지, 액션, 코미디, 스릴러",https://image.tmdb.org/t/p/w500/m6CELNSkBCugSxEF24jaa0IDgXM.jpg,6.604,2.7756,MOVIE
아버지가방에들어가신다!,아버지가 식물인간이 되었다. 딸은 아버지의 기억이 담긴 로봇을 가방에 넣고 함께 다닌다. 아직은 어색한 딸과 로봇 아버지의 이야기!,2019-06-29,17,"드라마, SF",https://image.tmdb.org/t/p/w500/6jVk91dKlY9DXmBUhKFKNN2hTXd.jpg,6.5,1.2491,MOVIE
아부쟁이,고3 평균 나이 26.5세  전국구 조폭들이 졸업장을 위해 모여드는 풍랑고.  의기양양하게 등교한 전직 일진 전학생 ‘박건’은  레벨이 다른 약육강식의 현실에 무릎 꿇고  큰 형님 ‘태산’을 보필하는 ‘아부쟁이’가 되기로 결심하는데…  약.육.강.식 먹이사슬 최하위!  약자 오브 약자의 극한 생존기가 시작된다.,2022-06-16,91,액션,https://image.tmdb.org/t/p/w500/6xPAGFuLKSCrfwUQVbV52W7anCf.jpg,4.5,0.7193,MOVIE
아빠가 여자를 좋아해,"29년 핸섬했던(?) 과거 싹~ 고친 미모의 포토그래퍼 ‘손지현’은 영화 스틸 촬영과 개인전 준비까지 앞둔 잘나가는 매력녀! 이런 ‘지현’을 오매불망 바라보는 특수분장사 ‘준서’의 애정공세는 하루하루 버라이어티 해져만 간다.  ‘준서’와의 달콤한 로맨스가 무르익던 어느 날, 친아빠를 찾아 가출한 ‘유빈’이란 녀석이 난데없이 집을 찾아오고, 녀석이 내민 아빠 이름 석 자는 바로 손.지.현!  “헉! 내가… 아빠…라고?”  미녀인생 7년, 아빠 변신 7일! 일단 고모라고 둘러대고 녀석을 돌려 보내려 하지만, 아빠를 만나려고 가출까지 했다는 ‘유빈’에겐 안 통한다. 게다가 녀석의 엄마와 새아빠는 출장 중! 별 수 없이 7일 동안만 버텨보기로 한 ‘지현’은 ‘아빠’ 변장을 시도, 세상에 둘도 없는 ‘미녀아빠’가 된다.  그러나, 어설픈 콧수염에 빵점 짜리 운동신경, 자꾸 튀어나오는 여자말투를 가진 친아빠가 ‘유빈’은 영 수상하고, 어느 순간부터 데이트를 피하는 지현 때문에 남친 ‘준서’의 의심은 커져만 간다.  ‘유빈’과 ‘준서’ 두 남자 사이, 들키기 전에 이 위기에서 벗어나야 하지만 웬일인지 지현은 버릇마저 똑 같은 유빈과 슬슬 정이 들어가는데… 유빈을 뺏기자니 뭔가 허전하고, 아빠로 살기엔 핑크빛 인생이 너무 아깝다!  남자만 ‘아빠’ 하란 법 있어?  2010년 1월, 미녀아빠가 온다!",2010-01-14,113,"코미디, 로맨스",https://image.tmdb.org/t/p/w500/3b4PGABkQrUN5nyH8Vn9bTWUchT.jpg,5.8,1.3572,MOVIE
아빠는 딸,"딸이 꿈꾸던 첫 데이트가 현실이 되던 찰나,  아빠가 절실한 승진의 기회를 잡나 싶던 그때  두 사람의 몸이 바뀌는 청천벽력 같은 일이 벌어진다!  서로의 몸으로 살아야 하는 아빠와 딸.  첫사랑 사수 vs 직장 사수를 위해  상상을 초월한 노력을 하지만 상황은 오히려 꼬여만 가고,  사생활은 물론 마음까지 엿보게 되면서 서로 몰랐던 점을 점점 알아가게 되는데...",2017-04-12,115,"판타지, 드라마, 코미디",https://image.tmdb.org/t/p/w500/NPyLWVB3U8HWPNTMUOJ0TIqW9U.jpg,7.2,1.8034,MOVIE
아수라,"강력계 형사 한도경은 이권과 성공을 위해 각종 범죄를 저지르는 악덕시장 박성배의 뒷일을 처리해주는 대가로 돈을 받는다. 악에 계속 노출되는 사이,  말기 암 환자인 아내의 병원비를 핑계로 돈 되는 건 뭐든 하는 악인의 길로 들어서게 된 한도경. 그의 약점을 쥔 독종 검사 김차인과 검찰 수사관 도창학은 그를 협박하고 이용해 박성배의 비리와 범죄 혐의를 캐려 한다. 각자의 이익과 목적을 위해 한도경의 목을 짓누르는 검찰과 박성배. 그 사이 태풍의 눈처럼 되어 버린 한도경은, 자신을 친형처럼 따르는 후배 형사 문선모를  박성배의 수하로 들여보내고, 살아남기 위해 혈안이 된 나쁜 놈들 사이에서 서로 물지 않으면 물리는 지옥도가 펼쳐진다.",2016-09-28,132,"액션, 범죄, 스릴러",https://image.tmdb.org/t/p/w500/hrkpHTjBeuEaxNJetjCPtNsi5bv.jpg,6.808,4.7276,MOVIE
아워 바디,8년 차 행정고시생 자영. 번번이 시험에 떨어지면서 공부와 삶에 모두 지쳐버린 그녀 앞에 달리는 여자 현주가 나타난다. 현주처럼 되고 싶다는 욕망으로 생애 처음 달리기를 시작한 자영은 타인의 시선에서 자유로워지며 조금씩 삶의 활기를 찾아가는데...,2018-10-05,94,드라마,https://image.tmdb.org/t/p/w500/cvnzSVYoswrt9IA3V7C86LtMUgi.jpg,5.4,0.9324,MOVIE
아이 캔 스피크,"온 동네를 휘저으며 무려 8천 건에 달하는 민원을 넣어 도깨비 할매라고 불리는 옥분. 20여 년간 누구도 막을 수 없었던 그녀 앞에 원칙주의 9급 공무원 민재가 나타나면서 팽팽한 긴장감이 흐른다. 민원 접수만큼이나 열심히 공부하던 영어가 좀처럼 늘지 않아 의기소침한 옥분은 원어민 수준의 영어를 구사하는 민재를 본 후 선생님이 되어 달라며 시간과 장소를 불문하고 부탁하기에 이른다. 둘만의 특별한 거래를 통해 결코 어울리지 않을 것 같았던 두 사람의 영어 수업이 시작되고, 함께하는 시간이 계속 될수록 서로를 이해하고 소통하게 되면서 친구이자 가족이 되어 간다. 옥분이 영어 공부에 매달리는 이유가 내내 궁금하던 민재는 어느 날, 그녀가 영어로 꼭 하고 싶은 말이 있다는 것을 알게 되는데…",2017-09-21,119,"드라마, 코미디",https://image.tmdb.org/t/p/w500/mGrQx2zffkconsCrxeZ1sHkCBjb.jpg,7.875,1.5948,MOVIE
아이윌 송,"더 이상 노래를 할 수 없게 된 무명가수 물결은 주체할 수 없는 슬픔을 안고 무작정 안동으로 떠난다. 여행지에서 우연히 물결을 만난 영화감독 바람은 어째선지 그녀가 못내 신경이 쓰여 자꾸만 주위를 맴돈다. 그렇게, 소중한 꿈만 좇아 바쁘게만 달려온 이들은 어느덧 서로의 상처와 아픔을 공유하며 마음을 열기 시작하는데…",2021-07-01,98,드라마,https://image.tmdb.org/t/p/w500/jnTijDfuw4OKb97tObNhAqXBLGH.jpg,4,0.6139,MOVIE
아파트,"밤 9시 56분, 건너편 아파트에 동시에 불이 꺼졌다. 그리고 다음 날, 잔인하게 죽은 시체가 발견되었다. 이를 바라보고 있던 단 한 사람 세진. 화려하지만 차가운 자신만의 공간에 살고 있는 그녀는 우연히 이 사건을 목격한다. 그리고 발견한 죽음의 법칙! 불이 꺼진 집 중 한 사람은 다음날 예고된 듯 반드시 죽음을 맞이하는 것. 이 불가해한 현상을 지켜본 세진은 더 이상의 희생을 막기 위해 사건에 개입하게 되는데… 공포가 살아 숨쉬는 아파트! 문이 열리는 순간, 아파트의 소름 끼치는 비밀이 밝혀진다! 죽은 이들에게서 공통적으로 발견된 어느 한 집의 열쇠! 101, 102호.. 모든 아파트에 열쇠를 맞춰 보는데… 마침내 한 곳에서 ‘딸깍’ 문이 열린다. 그리고 밝혀지는 끔찍하고도 잔인한 비밀! 이제 아파트는 세진과 주민들을 둘러싼 그 참혹한 공포의 비밀을 밝히는데…",2006-07-06,90,"공포, 스릴러",https://image.tmdb.org/t/p/w500/xQYrIauGewtRi1FzNwYyBKE3i9w.jpg,5.7,1.3614,MOVIE
악녀,"조직의 킬러로 자란 숙희는 보스이자 연인이었던 중상의 복수를 위해 마약조직 하나를 박살낸다. 사건 직후 구속된 숙희는 국가정보원으로부터 10년간 국가를 위해 임무를 수행하면 자유를 주겠다는 거래를 제안받는다. 뱃속에 중상의 아기가 자라고 있음을 안 숙희는 새로운 삶을 위해 제안을 받아들이고 암살요원으로서의 생활을 시작한다. 한편 숙희를 철저히 감시, 통제하기 위해 국정원 요원 현수가 비밀리에 접근한다. 둘 사이의 관계가 가까워질 즈음 예상치 못한 인물의 등장으로 숙희의 거짓된 삶은 철저히 부서지기 시작한다.",2017-06-08,123,"액션, 스릴러",https://image.tmdb.org/t/p/w500/2arvz5fsrE1BmlbjbBHSiLltlLq.jpg,6.92,4.6381,MOVIE
악마를 보았다,"국정원 경호요원 수현은 약혼녀 주연이 잔인하게 살해당하자 자신에게 가장 소중한 사람을 지켜내지 못했다는 자괴감과 분노로 가장 고통스러운 복수를 다짐한다. 수현은 연쇄살인마 장경철이 범인임을 알아내고 죽을 만큼의 고통만 가하고 놓아주기를 반복하며 처절한 응징을 시작한다. 그러나, 악마보다 더 악랄한 살인마 장경철은 난생 처음 만난 대등한 적수의 출현을 즐기며 반격에 나서기 시작하는데…",2010-08-12,144,"스릴러, 공포",https://image.tmdb.org/t/p/w500/dFGrIdZGJtxm1GG4X1liYbxyjgd.jpg,7.807,7.9167,MOVIE
악의 연대기,"특급 승진을 앞둔 최반장은 회식 후 의문의 괴한에게 납치를 당한다. 위기를 모면하려던 최반장은 우발적인 살인을 저지르게 되고, 승진을 위해 사건을 은폐하기로 결심한다. 이튿날 아침, 최반장이 죽인 시체가 경찰서 앞 공사장 크레인에 매달린 채 공개되고 대한민국이 발칵 뒤집힌다. 자신이 저지른 살인 사건을 담당하게 된 최반장은 좁혀오는 수사망에 불안감을 느낀다. 최반장은 자신의 실수를 덮기 위해 사건을 조작하고 재구성한다. 그러던 어느 날, 경찰서로 의문의 전화가 걸려오고, 한 남자가 자신이 진범이라며 경찰서에 나타나는데…",2015-05-14,102,"스릴러, 범죄",https://image.tmdb.org/t/p/w500/kDAolj93UZYFCSMilmmEG8ODbiV.jpg,7.211,2.8931,MOVIE
악인전,"중부권을 쥐고 흔드는 제우스파 조직의 보스 장동수, 비 내리던 밤 한적한 도로에서 접촉사고를 위장해 접근한 남자에게 불의의 습격을 받는다. 격투 끝에 가까스로 목숨은 건졌지만 조직 보스의 권위와 자존심은 무너지고 만다. 바짝 독이 오른 장동수 앞에 형사 정태석이 나타나 그를 찌른 놈이 연쇄살인범이라며 그날 밤 기억나는 것을 모두 말하라고 한다. 장동수는 얼굴 없는 연쇄살인마와 마주쳐 살아남은 유일한 생존자이자 목격자였다. 자신의 몸에 손 댄 그 놈을 살 떨리게 잡고 싶은 조직의 보스 장동수와 미치도록 범인을 잡고 싶은 강력반 미친개 정태석, 두 사람은 장동수의 조직력과 자본, 정태석의 정보력과 기술력을 이용해 ""K""라 불리는 연쇄살인마를 함께 잡기로 하는데...",2019-05-15,112,"액션, 범죄, 스릴러",https://image.tmdb.org/t/p/w500/az4OVqXbFVaHoZlktcm7oCm0LZo.jpg,7.873,12.937,MOVIE
악질경찰,"뒷돈은 챙기고, 비리는 눈감고, 범죄는 사주하는 악질경찰 조필호, 급하게 목돈이 필요했던 그는 경찰 압수창고를 털 계획을 세운다. 그러나 사건 당일 밤, 조필호의 사주를 받아 창고에 들어간 한기철이 의문의 폭발사고로 죽게 되고, 필호는 유일한 용의자로 지목된다. 설상가상 거대기업의 불법 비자금 자료까지 타버려 검찰의 수사선상에도 오른다. 위기에서 벗어나기 위해 사건을 쫓던 중, 폭발사건의 증거를 가진 고등학생 미나와 엮이게 되고 빙산의 일각에 불과한 거대한 음모와 마주치게 되는데...",2019-03-20,127,"액션, 범죄, 드라마, 스릴러",https://image.tmdb.org/t/p/w500/mZLtd1fR4hpcyGVwOLM1ka1t8HX.jpg,6.066,3.1473,MOVIE
안나푸르나,"어느 봄날, 강현은 얼마 전 제대한 후배 선우와 함께 북악산을 오른다. 둘의 대화는 자연스럽게 그들의 과거 연인들을 소환한다. 그녀들과의 관계는 마치 산길처럼 오르막과 내리막을 반복하고, 때론 길을 잃어 헤매기도 하였고, 나무그늘 밑에서 느끼는 바람처럼 시원했으며, 봉우리 위에서 세상을 다 가진 듯 내지른 함성일 때도 있었다. 그렇게 반성문 같은 연애사들을 늘어놓으며 두 사람은 정상을 향해 한 걸음 한 걸음 옮기는 중에 문득 그들 앞을 지나치는 여인에 설레기도 하고, 하산하는 아저씨의 영양가 없는 조언에 힘빠지기도 한다. 그들은 과연 얼마나 높이 올라야 그녀들의 마음을 이해하고, 사랑을 알게 될까?",2023-06-08,72,"코미디, 로맨스",https://image.tmdb.org/t/p/w500/t6cuyejykRZRHLiIU88zARAU9uF.jpg,3,0.9031,MOVIE
"안녕, 미누","고향집 뒷산 히말라야는 몰라도 ‘목포의 눈물’이 애창곡인 네팔사람 ‘미누’. 스무 살에 한국에 와 식당일부터 봉제공장 재단사, 밴드 보컬까지 18년. 한국을 누구보다 사랑하며 청춘을 바쳤지만 11년 전 강제 추방당했다. 네팔로 돌아가 어엿한 사업가로 성장하고도 한국이 사무치게 그립다. 그런 미누를 위해 옛 밴드 멤버들이 네팔에 날아와 함께 무대에 선다. 눈에는 눈물이 맺히고, 마이크를 잡은 목장갑 손이 한없이 떨리는 미누. 꿈만 같던 공연이 끝나고 미누는 “나 이제 죽어도 좋아”라며 환히 웃는데…",2020-05-27,89,다큐멘터리,https://image.tmdb.org/t/p/w500/pmVpNs9lPterkgOlN0UjD4ObFEf.jpg,1,0.9041,MOVIE
안녕하세요,"외로운 세상 속에서 죽음을 결심한 열아홉 수미. 죽는 법을 알려주겠다는 수간호사 서진의 제안에 따라 늘봄 호스피스 병동을 찾아간다. 이 사람들이 곧 죽을 사람들이라고?! 예상치 못한 유쾌함과 따뜻함이 수미를 반기고, 하루하루를 소중히 살아가는 그들에게 점차 스며들며 세상의 온기를 배워가기 시작하는데…",2022-05-25,117,드라마,https://image.tmdb.org/t/p/w500/vydvbjXUnV1E5hMTLeDD3k6Fpy6.jpg,6.7,0.8288,MOVIE
안시성,"천하를 손에 넣으려는 당 태종은 수십만 대군을 동원해 고구려의 변방 안시성을 침공한다. 20만 당나라 최강 대군 VS 5천명의 안시성 군사들. 40배의 전력 차이에도 불구하고, 안시성 성주 양만춘과 전사들은 당나라에 맞서 싸우기로 결심하는데..  동아시아 역사상 가장 위대한 승리를 이끈 안시성 전투가 시작된다!",2018-09-19,135,"전쟁, 역사, 액션",https://image.tmdb.org/t/p/w500/buZA2PJAIHxDBby6vYGgvcYpaxH.jpg,6.734,3.7953,MOVIE
알포인트,"1972년, 베트남 전쟁의 막바지, 200명의 부대원 중, 혼자 살아 남은 혼바우 전투의 생존자 최태인 중위는 악몽에 시달리며 괴로워한다. 그러나 그의 본대 복귀 요청은 철회되고, CID 부대장은 그에게 비밀 수색 명령을 내린다.  흔적 없는 병사들의 생사를 확인할 수 있는 증거물을 확보하는 것이 이번 작전의 목표다.",2004-08-13,107,"액션, 역사, 공포",https://image.tmdb.org/t/p/w500/ljZebL8Mw3731ZNUNr3owRfqgkr.jpg,6.639,3.945,MOVIE
암살,"1933년 조국이 사라진 일제 강점기, 대한민국 임시정부는 일본 측에 노출되지 않은 세 명을 암살작전에 지목한다. 대한독립군 저격수 안옥윤, 신흥무관학교 출신 속사포, 폭탄 전문가 황덕삼이 바로 그들. 김구의 두터운 신임을 받는 임시정부 경무국 대장 염석진은 이들을 찾아 나서기 시작한다. 암살단의 타깃은 조선주둔군 사령관 카와구치 마모루와 친일파 강인국. 한편 의문의 누군가에게 거액의 의뢰를 받은 청부 살인업자 하와이 피스톨이 암살단의 뒤를 추격하는데...",2015-07-22,139,"액션, 스릴러, 드라마, 역사",https://image.tmdb.org/t/p/w500/2gAym5Oig2NM7k6iu0DwXlxYaGY.jpg,7.288,3.371,MOVIE
암수살인,"수감된 살인범 강태오는 형사 김형민에게 추가 살인을 자백한다. 형사의 직감으로 자백이 사실임을 확신하게 된 형민은, 태오가 적어준 7개의 살인 리스트를 믿고 수사에 들어간다. 태오의 추가 살인은 세상에 알려지지 않은 암수사건. 형민은 태오가 거짓과 진실을 교묘히 뒤섞고 있다는 걸 알게 되지만 수사를 포기하지 않는다. 그러나 다가오는 공소시효와 부족한 증거로 인해 수사는 난항을 겪게 되는데..",2018-10-03,110,"범죄, 드라마",https://image.tmdb.org/t/p/w500/j2DhCOOfTv3xCLELreArzea9tRJ.jpg,6.598,3.516,MOVIE
압꾸정,"샘솟는 사업 아이디어와 타고난 말빨의 압구정 토박이 대국은 한때 잘나가던 실력 TOP 성형외과 의사 지우를 만나게 된다. 재기를 꿈꾸는 그의 욕심과 잠재력을 한눈에 알아본 대국은 일생일대의 사업 수완을 발휘할 때가 왔음을 본능적으로 직감한다. 대국은 남다른 추진력으로 지우의 실력, 압구정 인싸 미정의 정보력, 압구정 큰 손 태천의 자본, 그리고 압구정 황금줄 규옥의 인맥을 한데 모아 압구정을 대표하는 성형외과를 넘어, 아시아를 대표하는 뷰.티.도.시.를 꿈꾸는데…",2022-11-30,111,코미디,https://image.tmdb.org/t/p/w500/rGx18nWuw400thf136Pn6LxacWf.jpg,5.5,2.1402,MOVIE
애인,"춥지 않은 날씨임에도 단추를 목 끝까지 맨, 한치의 흐트러짐도 없는 여자. 여자는 같은 엘리베이터를 탄 매력적인 남자에게 묘한 기분을 느낀다. 같은날 헤이리에서의 또 한번의 우연, 소심하고 조용한 자신에게 가볍게 작업을 걸어오는 남자가 싫지 않다. 당당하고 유쾌한 남자에게 너무도 쉽게 끌려버린 그녀는 즉흥적으로 섹스를 허락하게 되는데...  7년을 사귄 남자가 있고, 그와의 결혼을 한달 앞두고 있는데 처음본 남자에게 자꾸 끌리는 까닭은 무엇일까? 고민을 하기엔 그와 보낼 수 있는 시간이 너무도 짧다. 첫 눈에 상대를 알아보고, 단숨에 사랑을 느끼고 사랑을 확인하는 여자와 남자…. 하루라는 짧은 시간 동안 서로에게 빠져버린 여자와 남자, 과연 내 남자 모르게 애인을 가슴 깊이 숨겨둘 수 있을까?",2005-12-08,98,"로맨스, 드라마",https://image.tmdb.org/t/p/w500/b7SAyFvG1hCnCdA3FbVeJFPlWfQ.jpg,6.147,4.6211,MOVIE
애자,"세상 무서울 것 없는 대한민국 대표 청춘막장 스물 아홉 박애자!  해병대도 못잡는 그녀를 잡는 단 한 사람, 인생끝물 쉰 아홉 최영희!  고등학교 시절 ‘부산의 톨스토이’로 이름을 날렸던 박애자. 소설가의 꿈을 품고 서울로 상경했지만 고리짝적 지방신문 당선 경력과 바람둥이 남자친구, 산더미 같은 빚만 남은 스물 아홉으로 하루하루를 보내고 있다. 갑갑한 상황에서도 깡다구 하나는 죽지 않은 그녀의 유일무이한 적수는 바로 엄마 영희!  눈만 뜨면 ‘소설 써서 빤스 한 장이라도 사봤나!’고 구박하는 엄마에게 회심의 일격을 준비하고 있던 애자는 오빠의 결혼식에서 상상초월의(?) 이벤트를 벌이고, 결혼식은 아수라장이 된다. 통쾌한 복수를 마치고 콧노래를 부르며 귀가하던 그녀에게 영희가 쓰러졌다는 연락이 오고, 병원으로 달려간 그녀에겐 더욱 놀랄 소식이 기다리고 있었는데…  상상도 하지 못한 엄마의 이별 통보  있을 땐 성가시고, 없을 땐 그립기만 했던…  “과연 내가, 그녀 없이 살수 있을까요?”",2009-09-09,110,드라마,https://image.tmdb.org/t/p/w500/chFMWs0waeWgo2mCoam70H3s5ZW.jpg,8.2,0.9136,MOVIE
야간근무,"캄보디아에서 온 린과 한국인 연희는 공장에서 함께 야간근무를 다니는 친구이다. 두 사람은 주말을 맞아 바다에 가기로 한다. 한편 공장장이 린에게만 특근을 강요하는 상황 속에서, 린은 연희가 곧 호주로 떠난다는 사실을 알게 된다.",2017-07-06,28,드라마,https://image.tmdb.org/t/p/w500/wjZcONUDiphfHEhfiTlxi9waIcU.jpg,0,0.6714,MOVIE
야수,"강력반 문제아로 낙인 찍힌 다혈질 형사 장도영. 연수원 수석출신의 스타검사 오진우. 얼마 전 오진우가 잡아 넣은 유강진이 출소해 정계진출을 준비하고, 오진우는 유강진에 얽힌 살인사건과 비리에 관한 재수사에 착수한다. 한 편, 장도영은 유강진의 하수인에 의해 동복 동생을 잃게 된다.  공동의 적이 생긴 장도영과 오진우는 이제 한 팀이 되어 수사를 진행한다. 그리고 위협을 느낀 유강진은 장도영과 오진우를 음모에 빠뜨린다.  장도영과 오진우는 수사 중 용의자 가혹행위로 체포되어 법정에 서게 된다. 지금까지의 자신을 있게 한 신념에 철저히 배신감을 느낀 오진우. 자신의 목숨과도 같았던 유일한 피붙이인 어머니마저 잃게 된 장도영. 이들의 분노는 마침내 폭발하게 되는데... 유강진을 향한 두 야수의 거침없는 협공. 어쩌면 비참한 최후가 될 지도 모르는 길. 그러나 장도영과 오진우, 세상도 길들이지 못한 그들을 막을 수 있는 사람은 이제 그 누구도 없다!",2006-01-13,124,"액션, 범죄, 스릴러",https://image.tmdb.org/t/p/w500/cbEPW9aEfDAkfwgMLpn4JzqqpOL.jpg,6.238,1.3571,MOVIE
야차,비밀공작팀과 팀의 악명 높은 리더를 감찰하기 위해 위험천만한 도시로 날아간 검사. 정직하게 살아온 그가 스파이들 사이의 치명적인 전쟁 속으로 뛰어든다.,2022-04-08,124,"액션, 범죄, 스릴러",https://image.tmdb.org/t/p/w500/7WN4bLzEeVwHKMzDc2GrOWSkFHY.jpg,6.626,3.6453,MOVIE
양자물리학,"‘생각이 현실을 만든다’라는 양자물리학적 신념을 인생의 모토로 삼은 유흥계의 화타 ‘이찬우’. 어느 날 유명 연예인이 연루된 마약 파티 사건을 눈치챈다. “불법 없이! 탈세 없이!” 이 바닥에서도 혁신이 일어나야 한다고 믿는 그는 오랫동안 알고지낸 범죄정보과 계장 ‘박기헌’에게 이 정보를 흘린다. 단순한 사건이라고 생각했던 마약파티가 연예계는 물론 검찰, 정치계까지 연루된 거대한 마약 스캔들임을 알게 된 '이찬우'. 이제는 살기 위해 거대 권력과 맞서야 하는 상황. '이찬우’는 ‘박기헌’ 계장을 비롯해 황금인맥을 자랑하는 업계 퀸 ‘성은영’ 등 업계 에이스들과 함께 이 사건을 파헤치기로 한다. 9월, 부패 권력에 통쾌하게 맞서라! 생각은 현실을 만드니까!",2019-09-25,119,범죄,https://image.tmdb.org/t/p/w500/5UKX6L0WnxNZOonN5bkwKOFiMhI.jpg,6,1.2393,MOVIE
양치기들,"한때 주목 받는 배우였으나, 지금은 역할대행업을 하며 간신히 생계를 유지하고 있는 완주. 어느 날 그는 죽은 피해자의 엄마라는 여인에게 살인사건의 가짜 목격자 역할을 의뢰 받게 된다. 망설이던 완주는 어마 어마한 보상금의 유혹에 목격자 역할대행을 수락하고 경찰을 찾아 완벽한 거짓 진술을 마친다. 그러나, 살인사건 뒤에 또 다른 진실이 있음을 알게 된 그는 자신이 큰 실수를 했음을 깨닫고 사건이 일어나던 날 죽은 피해자와 함께 있었던 ‘광석’과 ‘영민’을 찾아 가는데…",2016-06-02,76,"범죄, 미스터리",https://image.tmdb.org/t/p/w500/qkwtpexP4Wg27EMNEtUrb9REb1K.jpg,7.1,1.4517,MOVIE
어깨동무,"한방 터뜨리고 인생 대 역전을 꿈꾸는 어설픈 조직의 두목 태식(유동근 分)과 그의 똘마니 꼴통(이문식 分)과 쌍칼(최령 分). 그들은 대기업 회장의 사주로 그의 정치 비자금 비리가 찍힌 메가톤급 시크리트 테이프를 손에 넣는다. 여기에 덤으로 형사 신분증까지 손에 넣게 된 그들… 그러나 성공의 기쁨도 잠깐, 문제의 테이프는 오리무중 사라지는데…. 어설픈 어깨들, 프로급 짭새로 데뷔하다! 형사 신분증을 손에 넣게 된 ‘어깨’ 태식 일당, 얼떨결에 잘 나가는 형사가 된다. 풍부한 현장 경험과 속속들이 꿰고 있는 음지 인생의 생리까지 모두 섭렵한 어깨들, 웬만한 형사 뺨친다. 종종 손발이 따로 노는 수족, 꼴통과 쌍칼 때문에 위기를 겪지만 이제 형사 태식 일당 앞에서 문제될 사건은 아무것도 없다. 더구나 진짜 형사들의 존경까지 받게 되는데… 아~ 그냥 형사로 전업해버릴까? 얼떨결에 한 배를 탄 ‘어깨들’과 ‘동무’ 그들의 배는 산으로 갔다 비디오 가게에서 그 문제의 테이프를 우연히 손에 넣게 된 어리버리 동네청년, 동무(이성진分). 태식일당은 테이프 회수를 위해 형사인 척하며 동무를 공갈협박한다. 이제 태식일당과 동무는 얼떨결에 한 배를 타고 골칫거리 비디오 테이프를 찾아 사방팔방 헤매며 쫓고 쫓기는 추적을 시작하지만, 영~ 손발이 안 맞는 그들… 과연 비디오 테이프를 손에 넣을 수 있을까?",2004-02-27,110,"액션, 코미디",https://image.tmdb.org/t/p/w500/oTDuJN4ELcNQhQZ51ZnaxnQwGn3.jpg,6.3,0.9046,MOVIE
"어느 날, 첫사랑이 쳐들어왔다","연예인과 스캔들이 끊이지 않는 민혁(노민우). 하지만 고교 시절 첫사랑을 잊지 못하고 옛 그녀가 살던 집에서 그녀를 기다린다 어느 날 민혁의 집으로 기억을 잃은 여자 에리카(이청아)가 와서 여기가 자기 집이라고 우기는데. 그녀는 민혁이 기억하는 첫사랑이 아니라 오히려 첫사랑과는 정반대. 민혁(노민우)은 에리카(이청아)를 쫓아 내려고 하지만, 에리카(이청아)는 나가지 않는다. 그리고 민혁(노민우)과 에리카(이청아)의 이상한 동거 생활이 시작되는데…",2014-06-14,96,"로맨스, 드라마",https://image.tmdb.org/t/p/w500/dM8L76DwXiRwLU0Ze8al79CdjVq.jpg,5,0.8468,MOVIE
어느날,"아내가 죽은 후 삶의 희망을 잃고 살아가던 보험회사 과장 ‘강수’.  회사로 복귀한 그는 교통사고로 혼수상태에 빠진 ‘미소’의 사건을 맡게 된다.  ‘강수’는 사고 조사를 위해 병원을 찾아가고, 그 곳에서 스스로 ‘미소’라고 주장하는 한 여자를 만나게 된다.  자꾸만 자신에게만 보이는 ‘미소’를 수상하게 여긴 ‘강수’는  그녀가 다른 사람들 눈에 보이지 않는 영혼이라는 사실을 알게 되는데…  “제가 보여요?” 어느날, 새로운 세상이 보이기 시작했다  교통사고 후 의식을 잃었다가 병원에서 깨어난 ‘미소’는  병실에 누워있는 자신의 모습을 보고 스스로가 영혼이 되었다는 사실을 깨닫게 된다.  생전 처음 새로운 세상을 보기 시작한 ‘미소’는 유일하게 자신을 볼 수 있는 ‘강수’를 만나게 되고  그동안 간절히 이루고 싶었던 소원을 들어달라고 부탁하는데..",2017-04-05,114,"판타지, 드라마",https://image.tmdb.org/t/p/w500/bZGqHQhjYmETilpjkLcRZptwjLN.jpg,7.315,1.139,MOVIE
어둔 밤,"영화감상 동아리 ‘리그 오브 쉐도우’ 의 멤버들은 크리스토퍼 놀란에 영감을 받아 슈퍼히어로 영화를 제작하기로 한다. 패기 넘치게 시작했지만 처음이라 모든 게 쉽지 않다. 시나리오, 캐스팅, 촬영, 연출까지 열정과 도전정신으로 영화 완성을 위해 끝까지 달리는데...",2018-09-06,112,"코미디, 액션",https://image.tmdb.org/t/p/w500/tSBFhFftwLIcPsnfmpByqAoHPsS.jpg,0,1.2095,MOVIE
어디선가 누군가에 무슨일이 생기면 틀림없이 나타난다 홍반장,"홍두식, 이남자에겐 뭔가 특별한 것이 있다!!  일없는 동네 아줌마나 탐낼 만한 직업, 동네 반장을 하고 있는 남자.  훤칠한 키에, 수려한 용모, 모르는 일도 없고, 못하는 일도 없는 30살의 남자 홍두식. 특히 그의 군 제대 후 3년의 공백은 그를 더욱 미스터리하게 만든다. 한미 정상회담에서 동시 통역관이었다는 소리도 있고 유명 가수의 보디가드였다는 소리도 있고 단신으로 수영해서 대서양을 건넜다는 소리도 있다. 그러나 어느 날, 귀신도 울고 간다는 다재다능한 이 남자, 홍반장에게 일생일대의 태클이 들어왔다!!",2004-03-12,108,"액션, 코미디, 스릴러",https://image.tmdb.org/t/p/w500/xXXupRPjGHxZop9pFXy1VtzaDNa.jpg,6.4,0.8172,MOVIE
어떤 시선,"옴니버스 영화. 지체장애를 가진 두한과 가정 형편이 어려운 철웅은 닮은 건 하나도 없지만 유일하게 서로의 말을 이해하는 같은 학교 절친이다. 그러나 서로를 진심으로 아끼는 둘에게도 예상치 못한 사건이 일어나고, 두한과 철웅의 관계는 한 순간 깨어질 위기에 처한다. / 실버 택배 아르바이트로 생계를 꾸리고 있는 할아버지 봉구는 어느 날 길에 남겨진 6살 행운이를 보고 유치원까지 데려다 주려고 선심을 쓰지만, 행운이와 함께하는 여행(?)은 왠지 꼬여만 간다. 어느 새 TV에서는 아동유괴범으로 봉구의 신상이 버젓이 뜨고… / 언제나 자상한 아들인 선재는 입대를 앞두고 처음으로 엄마에게 비밀이 생겼다. 총을 들 수 없다는 종교적 신념을 따르기로 결심한 것. 그러나 선재를 좋아하는 연주가 집 앞에서 기웃거리는걸 본 엄마는 흐뭇한 마음에 아들지갑에 용돈을 몰래 넣어주려다 입대 일이 하루 남은 영장을 발견하게 되는데..",2013-10-24,109,드라마,https://image.tmdb.org/t/p/w500/3cFurdLkXbYzqDLnEhQacdxR3cN.jpg,5.5,0.7608,MOVIE
어른도감,"열 네 살 경언은 아버지 장례식장에서 생면부지의 삼촌 재민을 만난다.  얼치기 사기꾼 재민은 경언 앞에 남겨진 보험금을 모두 잃고,  두 사람은 돈을 마련하기 위해 동네 약사를 상대로 부녀를 가장한 발칙한 사기극을 벌이게 된다.",2018-08-23,92,드라마,https://image.tmdb.org/t/p/w500/3SUPPj9n28tXm8SYFnzcVOyUTf6.jpg,6.5,1.1231,MOVIE
어린 의뢰인,인생 최대 목표는 오직 성공뿐인 변호사 정엽. 주변에 무관심한 그에게 다빈과 민준 남매가 자꾸 귀찮게 얽힌다. 오랫동안 기다렸던 대형 로펌 합격 소식을 듣게 된 정엽은 믿을 수 없는 사실을 알게 된다. 10살 소녀 다빈이 7살 남동생을 죽였다는 충격적인 자백. 뒤늦게 미안함을 느낀 정엽은 자신의 모든 것을 걸고 다빈의 엄마 지숙에게 숨겨진 진실을 밝히려고 하는데…,2019-05-22,114,드라마,https://image.tmdb.org/t/p/w500/tBjIL4jBbHstVvWvCXV7AjZaggR.jpg,8.51,2.5013,MOVIE
어린 신부,"잘 나가는 작업청년 상민, 16세 꼬맹이 신부에게 장가가다!!  과연 인생 쫑?  세상 여자가 모두 자기 여자인양 온갖 작업을 펼치던 잘 나가던 대학생 상민, 수다떨기 좋아하고 얼짱 보면 가슴 설레는 앙큼상큼한 여고생 보은…둘은 보은 할아버지에게서 날벼락 같은 명령을 받게 된다. 둘이 결혼해야 한다는 것!! 평소 둘이 결혼하는 게 소원이었던 할아버지의 병세가 악화되자 24세 상민과 16세 보은은 어쩔수 없이 결국 결혼을 하고야 만다.  순진한 여고생 보은, 24세 늙다리 상민 몰래 야구부 주장에게 빠지다!!  설마 바람 쑝?  결혼을 하긴 했지만 첫 키스도 못해본 16살 어린 신부를 어떻게 할 수도 없는 상민, 게다가 유부남 도장까지 찍혔으니 작업 길도 꽉꽉 막혀있다. 애타고 아쉬운 마음이야 하늘을 찌르지만 결혼생활에 충실하고, 보은이 뒷바라지도 해주려고 마음먹은 상민! 그런데 이게 웬일? 보은이는 신혼 여행을 떠나는 공항에서 도망간다. 제주도에서 나홀로 외로운 밤을 보내는 상민의 눈에는 신혼 부부들이 굉장히 거슬리는데, 같은 시간 보은은 평소 마음에 있던 야구부 주장 정우와 꿈에 그리던 데이트를 하게 된다.  바람난 어린신부 보은, 황당한 조금 덜 어린 신랑 상민!!  결국 결혼 땡?  뜻하지 않은 결혼을 한 이들에게 아슬아슬한 하루하루가 끊임없이 계속되는데, 결혼 사실을 들키면 안 되는 이들의 위험한 부부관계는 상민이 보은의 학교에 교생 실습을 나가면서 더욱 더 첨예한 위기가 계속된다. 수업 시간에 보은의 팬티로 땀을 닦는 상민, 불시에 상민의 방으로 쳐들어오는 스토커 같은 김샘… 게다가 보은은 한 술 더 떠서 정우와의 위험한 데이트를 계속 하는데 이들의 결혼 생활…  과연 오래갈 수 있을까?",2004-04-02,115,"로맨스, 코미디",https://image.tmdb.org/t/p/w500/hUgPWAyJ3GOoIVctVJJ6yqyaIpW.jpg,7.1,1.717,MOVIE
어쩔수가없다,"다 이루었다는 생각이 들 만큼 삶에 만족하던 25년 경력의 제지 전문가 만수. 아내 미리, 두 아이, 반려견들과 함께 행복한 일상을 보내던 만수는 회사로부터 돌연 해고 통보를 받는다. 목이 잘려 나가는 듯한 충격에 괴로워하던 만수는, 가족을 위해 석 달 안에 반드시 재취업하겠다고 다짐한다. 그 다짐이 무색하게도, 그는 1년 넘게 마트에서 일하며 면접장을 전전하고, 급기야 어렵게 장만한 집마저 빼앗길 위기에 처한다. 무작정 문 제지를 찾아가 필사적으로 이력서를 내밀지만, 선출 반장 앞에서 굴욕만 당한다. 문 제지의 자리는 누구보다 자신이 제격이라고 확신한 만수는 모종의 결심을 한다.",2025-09-24,139,"코미디, 범죄, 스릴러",https://image.tmdb.org/t/p/w500/9w7WGjQes0Cs0s4U3Qr09Tg1Sra.jpg,7.521,11.3249,MOVIE
언니가 간다,"서른 살, 화려한 의상 디자이너를 꿈꿨지만 장 의상실에서 디자인 보다는 주로 잡일을 하고 있는 나정주(고소영). 서른 살이 되도록 변변한 남자친구 하나 없고, 게다가 사랑 따윈 믿지 않는 소극적인 연애관까지 소유하고 있다. 사실 그녀는12년 전 마지막 남자라고 믿었던 첫 남자 조하늬로 부터 크나큰 상처를 받은 것이 원인으로, 그 후 그녀는 사랑 뿐 아니라 자신의 인생까지 심하게 꼬였다고 믿으며 살아가고 있다. 그 때의 일을 잊고 잘살아 보려 무던히 노력하지만 조하늬는 현재 잘 나가는 최고의 톱스타가 되어 TV와 각종 광고 에 출몰하며 매일 같이 정주의 심기를 건드린다.",2007-01-04,112,"코미디, 로맨스",https://image.tmdb.org/t/p/w500/ajItSHWXsPdZCPFMBf413PZTDM0.jpg,7,1.1017,MOVIE
얼굴들,고등학교 행정실 직원 기선은 어느 날 문득 축구부 학생 진수의 존재가 궁금해진다. 기선의 옛 애인 혜진은 회사를 그만두고 어머니의 작은 식당을 리모델링하기 위해 동분서주한다. 유일하게 자유로운 택배기사 현수는 이들 사이를 스친다. 각자의 세계 안에서만 살고 있을 것 같은 인물들은 희미하게 겹친다.,2019-01-24,131,드라마,https://image.tmdb.org/t/p/w500/qWSxD7jV8uAAqNj1qTFEvD0RhRL.jpg,6,0.7169,MOVIE
얼굴없는 미녀,"아무도 오지 않은 파티의 주인공 지수는 붉은 핏물의 욕조 속에서 발견된다. 그녀는 지적이고 매혹적이지만 천국과 지옥을 오가는 경계선 장애로 정신과 전문의 석원의 상담을 받게 된다. 석원은 지수의 병이 누군가에게 버림받을지도 모른다는 위기감에서 생기는 마음의 병이라는 것을 알고 안타까워하지만, 병원을 떠나게 되고. 그로부터 1년 뒤, 더욱 불안하고 위태로워진 지수와 안정되어 보이지만 더욱 차가워진 석원은 아주 우연히 만나게 된다. 석원과 지수는 환자와 의사가 아닌 친구 사이로 서로의 속내를 보여주며 자연스럽게 가까워지고, 석원에게 마음을 열기 시작한 지수는 아무에게도 말하지 못한 가슴 속 사랑의 상처를 고백한다. 그녀를 도와주던 석원은 최면상태에서 지난 사랑을 회상하는 지수의 아름다운 모습과 누군가를 갈망하는 그녀의 몸짓에 흔들린다. 결국 자신의 욕망을 이기지 못하고 최면 속의 지수와 관계를 갖기에 이른다. 남편과의 새로운 출발을 위해 석원에게 작별인사를 하는 지수. 하지만, 최면을 통해 그녀의 몸은 가질 수 있었지만 마음은 가질 수 없는 현실 때문에 괴로워하는 석원은 마지막 만남에서, 다시는 지수를 볼 수 없다는 불안감에 해서는 안될 일을 벌이는데…",2004-08-06,104,"스릴러, 로맨스, 미스터리",https://image.tmdb.org/t/p/w500/bMh7kSfB8gvxltYxbWl9c7RXsB3.jpg,5.583,2.3651,MOVIE
얼굴없는 보스,"건달이 되면 멋진 남자로서 폼 나는 삶을 살 수 있을 거란 일념으로, 배신한 선배를 물러나게 하고 마침내 보스의 자리까지 오른 ‘상곤’. 하지만 그 일로 선배를 제낀 후배라는 오명을 쓰게 된다. 형제보다 사랑하는 동생들과 의리를 맹세하고 목숨보다 사랑하는 그녀와 행복까지 꿈꾸지만 매일매일 피바람이 불어대는 지옥과 같은 이 곳에는 건달들의 낭만 따위는 사치처럼 보이는데… 건달들이 개입된 음모와 얽히고설킨 배신 속, 가족과 동생들까지 점점 더 모든 것을 잃을 위기에 처하는 ‘상곤’. 그가 마지막까지 지키고자 했던 것은 무엇이었을까?",2019-11-21,102,"액션, 범죄, 드라마",https://image.tmdb.org/t/p/w500/2rW0sgfExI63A3CEXMZ1hXlmyxC.jpg,2.2,0.9662,MOVIE
엄마의 공책,"30년간 반찬가게를 한 애란(이주실)과 시간강사를 전전하는 규현(이종혁)은 서로에게 쌀쌀맞은 모자다.  그래도 규현은 해장에 최고인 동치미 국수, 아플 때도 벌떡 일어날 수 있게 해주는 벌떡죽,  그리고 딸 소율이 가장 좋아하는 주먹밥까지 엄마 손맛만은 늘 생각난다.  그런데 어느 날부터인가 애란이 자꾸만 정신을 놓고 아들이 죽었다는 이상한 소리를 한다.  증세가 심해지면서 반찬가게마저 정리하려 할 때,  규현은 애란이 음식을 만들 때마다 삐뚤빼뚤한 글씨로 열심히 레시피를 적어놓은 공책을 발견하게 되는데...",2018-03-15,103,"드라마, 가족",https://image.tmdb.org/t/p/w500/7z5Wd6g7JC83xJ2dnVIqUC2pPKS.jpg,9,0.8358,MOVIE
"에튀드, 솔로",피아노 조율사인 경민은 갑자기 아이들의 연주회가 열리는 야외음악회장으로 출장 조율을 가게 되고 그곳에서 피아노 선생님을 하고 있는 자신의 첫사랑을 만난다.,2011-08-09,19,"드라마, 로맨스, 음악",https://image.tmdb.org/t/p/w500/ksD6WjzgDYOh0wRXpS4k9h4m4UG.jpg,0,0.8801,MOVIE
엑시트,"대학교 산악 동아리 에이스 출신이지만 졸업 후 몇 년째 취업 실패로 눈칫밥만 먹는 용남은 온 가족이 참석한 어머니의 칠순 잔치에서 연회장 직원으로 취업한 동아리 후배 의주를 만난다. 어색한 재회도 잠시, 칠순 잔치가 무르익던 중 의문의 연기가 빌딩에서 피어 오르며 피할 새도 없이 순식간에 서울 도심은 유독가스로 뒤덮여 일대혼란에 휩싸이게 된다. 용남과 의주는 산악 동아리 시절 쌓아 뒀던 모든 체력과 스킬을 동원해 탈출을 향한 기지를 발휘하기 시작하는데…",2019-07-31,103,"액션, 코미디",https://image.tmdb.org/t/p/w500/7GTwjMaEVLbDBkg6McEizHTH1PF.jpg,7.62,4.7822,MOVIE
여고생 시집가기,"때는 서기 570년경. 평강공주의 열 여섯번째 생일을 축하하기 위해 궁전안에 모여 있는 평원왕과 왕비 그리고 신하들. 평원왕은 이 자리에서 평강공주에게 시집 갈 의사를 묻고, 평강공주는 어려서 자신이 울 때마다 아버지가 시집 보내겠다던 온달과 결혼할 뜻을 내 비춘다. 이에 평원왕은 오리발을 내밀고, 결국 평강공주는 다시 울음을 터뜨리고 만다. 순간 평강공주의 엄청난 울음소리로 인한 강풍에 궁전 안에 있던 사람은 물론 모든 것이 순식간에 날아가 버린다.  시간은 흘러 1400년후, 가까운 과거. 아무런 이유도 없이 툭하면 눈물을 흘리는 어린 딸 때문에 도사와 무당을 찾은 강씨. 병원에 가 봐도 아무 소용이 없다는 하소연을 늘어놓고, 그 원인을 알고 싶다고 말한다. 갑자기 강씨의 어린 딸에게 ‘너 그렇게 자꾸 울면 바보온달에게 시집 보낸다.’라고 말을 하는 무당. 이 소리에 울음을 뚝 그치는 강씨의 어린 딸. 놀라는 강씨. 다시 무당은 강씨에게 딸의 이름을 묻고, 강씨는 ‘안평강’이라 대답한다.  애도 못 낳고 죽은 평강공주 귀신이 붙었다고 알려준다. 이승에서 반드시 바보 온달을 만나 만으로 열 여섯에 정식으로 혼인을 못하더라도 합방만은 꼭 하고, 1년 안에 애를 낳아야 살 수 있을 것이란 점괘를 알려준다. 그러자 이 말에 화가 난 강씨, 도사와 무당을 죽기 일보직전까지 신나게 두들겨 패고, 어린 평강을 데리고 나와 버리는데..  비가 오는 등교길의 평강. 학교 옥상 위에서 쇠막대기를 들고 번개에 감전돼 죽으려는 나공주를 보게 되지만, 별 관심도 없이 그냥 지나치는 고구려 고등학교의 얼짱 평강. 친구 혜숙의 최신 정보에 의해 자신이 찾던 온달이 자기 반으로 전학 온다는 사실을 알게 된 평강은 곧 담임선생과 반으로 들어 서는 꽃미남 온달. 방과후, 친구들과 함께 혹시나 하는 마음에 온달을 따라 집에 가는 평강. 과연 그들에게는 어떤 미래가...",2004-12-23,103,"코미디, 로맨스",https://image.tmdb.org/t/p/w500/bba1RWr8bCnsotV9Qfi1hxwstJb.jpg,4.8,1.5763,MOVIE
여교사,"계약직 여교사 효주는  자기 차례인 정교사 자리를 치고 들어온 이사장 딸 혜영이 몹시 거슬린다. 기억조차 없는데 학교 후배라며 다가와 살갑게 굴지만, 어딘가 불편한 느낌을 지울 수 없다. 그러다 우연히, 임시 담임이 된 반에서 눈여겨보던 무용특기생 재하와 혜영의 관계를 알게 된다. 처음으로 이길 수 있는 패를 가진 것만 같은 효주는  다 가진 혜영에게서 단 하나 뺏으려 하는데...",2017-01-04,96,드라마,https://image.tmdb.org/t/p/w500/yZZdfhkzg3NSgpSjzLm1cqZUn2V.jpg,5.4,2.2415,MOVIE
여교수의 은밀한 매력,"될 성 부른 나무 떡잎부터 알아본다?  1986년 한 중학교. 박석규는 학교 짱인 형만 믿고 설치는 1학년 양아치다. 석규와 같은 반이자 석규 형의 애인인 은숙은 석규를 능가하는 날라리로, 그녀의 대담함과 당돌함은 양아치 석규도 도저히 따라갈 수 없는 수준이다. 이렇게 떡잎이 누렇던 석규와 은숙은 어느 날 석규의 형과 함께 중학생으로서는 상상조차 할 수 없는 큰 사고를 치고는 각자 학교를 떠나게 되는데...  어린 것들은 모른다! 여교수의 은밀한 매력  그로부터 20년 후, 심천대학 염색과 교수인 동시에 환경단체 ‘푸른심천21’에서 대활약 중인 매력덩어리 여교수 은숙(문소리). 지성과 미모, 사회적 지위를 겸비한 그녀의 인기는 당연한 일이지만, 주변 남자들의 애정공세는 심각할 정도다. 최근 취재차 은숙을 만난 ‘내 고향 환경지킴이’의 김PD(박원상) 역시 유부남임에도 불구하고 뜨거운 사랑을 고백해 오고 있지 않은가. 김PD를 비롯한 주변 남자들과 우아하고 대담하게 동시다발적인 관계(?)를 유지하던 은숙 앞에 또 한 명의 뉴페이스가 나타난다. 만화과 강사 석규(지진희)가 환경만화를 위해 ‘푸른심천21’에 합류했기 때문이다.",2006-03-16,104,"코미디, 로맨스",https://image.tmdb.org/t/p/w500/u3VqDqnj3Qpksd1IOqGKiLfnESR.jpg,4.111,2.0995,MOVIE
여배우는 너무해,"떴다 하면 스캔들에 구설수는 기본. ‘시청률 쪽박요정’, ‘발연기의 여신’까지 종류도 다양한 수식어를 보유한, 콧대만 높은 톱 여배우 ‘나비’(차예련). 계속되는 구설수와 소속사의 압박으로 인해 유학파 출신이자 영화계의 떠오르는 샛별, 하지만 정작 영화 속 정사장면으로 더 큰 유명세(?)를 치른 19금 전문 예술영화 감독 홍진우(조현재)의 연출작 ‘욕망의 실타래’에 캐스팅 된다. 하지만 연기의 ‘연’자도 모르던 그녀에게 전라노출을 불사한 내면연기란 너무나도 먼 얘기다. 급기야 나비는 노출연기를 대신해줄 대역을 세워 무대에 오르는데……  그녀는 발연기대신 명연기를 보여줄 수 있을까?  그리고 어느새 그녀 맘에 자리잡은 까칠한 매력남 홍감독을 사로잡을 수 있을까!",2014-02-27,95,"코미디, 로맨스",https://image.tmdb.org/t/p/w500/7JgkvwgtN6N6ZrmlnFz4uRyFaDp.jpg,4.3,1.1176,MOVIE
여선생 VS 여제자,"교장선생님도 못 말리는 천하의 왕내숭 열혈 노처녀 선생 여미옥(염정아 분). 나름대로 우아한 외모 뒤에 철딱서니 없고 천방지축인 뻔뻔녀를 숨기고 사는 중이다. 새 학기 첫 날, 선생의 실수는 슬쩍 넘어가도 학생의 잘못은 용서가 안 되는 여선생. 때마침 자기보다 더 늦은 지각에도 아무렇지 않은 대담한 전학생 고미남(이세영 분)을 핑계로 아이들의 기세를 잡아본다. 하지만 또래 아이들보다 한참 성숙해 보이는 몸매에 선생 뺨치는 말빨까지 겸비한 미남은 영 호락호락하질 않고 미옥은 그런 미남이 영 괴씸하다.  그렇게 심상치 않은 새 학기가 시작된 어느 날, 시골학교 여자들을 한 순간에 흔들어 놓는 사건이 터진다. 바로 얼짱 총각선생 권상민(이지훈 분)이 새로 부임한 것! 시골생활을 청산하고 서울 큰 학교로 진출해 보려 호시탐탐 기회만 노리던 여선생도 예외가 아니다. 권선생에게 필이 꽂힌 여선생은 권선생을 사로잡기 위해 수단과 방법을 가리지 않는다. 하지만 그녀 앞에 예상치 못한 적수가 버티고 있었으니 대담하기가 선생 뺨 치는 제자 미남이 바로 그 주인공.  권선생 앞에서만은 현모양처, 청순가련형으로 돌변하는 미옥과 담임의 가식적인 정체를 사사건건 폭로하고 귀여운 제자라는 점을 내세워 권선생에게 과감히 대쉬하는 미남. 이들 라이벌 사이의 상상을 초월한 염장 지르기는 절정을 향해 내달리는데.",2004-11-17,109,코미디,https://image.tmdb.org/t/p/w500/h877LjHySsLXBy1vXfwoRxjIYDm.jpg,5.7,1.3174,MOVIE
여수 밤바다,"서울에서 공연 연출가로 활동 중인 ‘지석’, 친구와 함께 제작했던 작품이 망하자 빚쟁이들을 피해 여수로 즉흥 여행을 떠난다. 머리도 식힐 겸 여수를 둘러보던 ‘지석’은 해양 공원에서 눈에 띄는 여인을 발견하고, 우연히 그녀가 운영하는 카페를 방문하게 된다. 작가를 꿈꾸는 ‘미희’에게 글선생이 되어주겠다고 약속한 그는 그녀를 사모하는 ‘동곤’과 은근한 기싸움을 시작하는데…",2019-10-10,115,"코미디, 드라마",https://image.tmdb.org/t/p/w500/3fVSa9uyC0kDvw7sRYpe5Cv48TH.jpg,6,1.1276,MOVIE
여자는 남자의 미래다,"겨울 어느 날 미국에서 오랜 유학생활을 마치고 돌아온 영화감독 지망생 헌준과 서울 유명대학에서 미술 강사를 하고 있는 문호가 만난다. 그들은 중국집에서 낮술을 마시다 갑자기 둘 모두의 옛사랑으로 기억에 남아 있는 선화를 떠올린다. 헌준은 문호에게 선화를 만나러 갈 것을 제안하고, 그들은 부천에 살고 있는 그녀를 찾아간다. 막상 선화의 얼굴을 본 두 남자는 7년 전 선화를 되찾고 싶다라는 욕망이 일고 선화와 오직 단둘이 있을 기회를 호시탐탐 노리고, 선화는 이런 두 남자의 행동을 일단 즐겨보기로 하는데...",2004-05-05,88,"드라마, 로맨스",https://image.tmdb.org/t/p/w500/u4gaC3MrsO5q8jitELBqmb5Fe5p.jpg,6.086,2.3401,MOVIE
역린,"정조 1년, 끊임없는 암살 위협에 시달리며 밤에도 잠을 이루지 못하는 정조. 정조가 가장 신임하는 신하 상책은 그의 곁을 밤낮으로 그림자처럼 지킨다. 날이 밝아오자 할마마마 정순왕후에게 아침 문안인사를 위해 대왕대비전으로 향하는 정조. 왕의 호위를 담당하는 금위영 대장 홍국영과 상책이 그의 뒤를 따른다. 노론 최고의 수장인 정순왕후는 넌지시 자신의 야심을 밝히며 정조에게 경고한다. 정조의 처소 존현각에는 세답방 나인 월혜가 의복을 수거하기 위해 다녀가고, 정조의 어머니 혜경궁이 찾아와 ‘지난 밤 꿈자리가 흉했다’며 아들의 안위를 걱정한다. 한편 궐 밖, 조선 최고의 실력을 지닌 살수는 오늘 밤 왕의 목을 따오라는 광백의 암살 의뢰를 받게 되는데…",2014-04-30,135,"액션, 역사",https://image.tmdb.org/t/p/w500/cHnpXIM8tHTMr6zqO0VLA6LOMFD.jpg,7.15,1.4847,MOVIE
역모: 반란의 시대,1728년 영조 4년.  내금위 사정에서 의금부 포졸로 좌천당한  조선 최고의 검 '김호'는  왕좌를 노리는 역적 '이인좌'와 왕을 제거하려는 어영청 5인방 무사집단이 역모를 꾸미고 있다는 사실을 알게 된다.  하지만 이미 궁궐 안은 간신배들로 가득하고  '김호'는 홀로 역적에 맞서 왕을 지켜야만 하는데...  역사 속에 기록되지 않은 최후의 대결이 시작된다!,2017-11-23,103,"액션, 드라마, 역사",https://image.tmdb.org/t/p/w500/xW7dr2u4EXsEZRkn3zlxJOTGlEN.jpg,6.104,0.9972,MOVIE
연가시,"고요한 새벽녘 한강에 뼈와 살가죽만 남은 참혹한 몰골의 시체들이 떠오른다. 이를 비롯해 전국 방방곡곡의 하천에서 변사체들이 발견되기 시작하는데… 원인은 숙주인 인간의 뇌를 조종하여 물 속에 뛰어들도록 유도해 익사시키는 ‘변종 연가시’. 짧은 잠복기간과 치사율 100%, 4대강을 타고 급속하게 번져나가는 ‘연가시 재난’은 대한민국을 초토화시킨다. 사망자들이 기하급수적으로 늘어나게 되자 정부는 비상대책본부를 가동해 감염자 전원을 격리 수용하는 국가적인 대응태세에 돌입하지만, 이성을 잃은 감염자들은 통제를 뚫고 물가로 뛰쳐나가려고 발악한다. 한편, 일에 치여 가족들을 챙기지 못했던 제약회사 영업사원 재혁은 자신도 모르는 사이에 연가시에 감염 되어버린 아내와 아이들을 살리기 위해 치료제를 찾아 고군분투한다. 그 가운데 그는 재난사태와 관련된 심상치 않은 단서를 발견하고 사건 해결에 나서게 되는데…",2012-07-05,109,"스릴러, 드라마",https://image.tmdb.org/t/p/w500/5b9zIJ4AptjotWGsjPXox01rx5u.jpg,6.559,2.3072,MOVIE
연리지,"일도 사랑도 늘 게임 같다라고 말하는 남자 민수. 늘 무의미한 만남만 계속하다 싫증내기 일쑤다. 그러던 어느 날, 그의 영혼을 통째로 뒤흔든 운명적인 첫 만남이 이루어지는데. 지루한 병원에서 살짝 탈출을 감행했던 그녀, 혜원의 밝고 사랑스러운 모습은 짧은 순간 민수에게 깊게 각인된다. 병실 화장실에서의 두 번째 만남. 간호사의 추적(?)을 피해 화장실로 숨어든 혜원과 그녀를 애타게 찾던 민수의 우연한 조우. 이젠, 얼굴에 장난기 가득한 그녀를 사랑할 것만 같다. 너무 행복해지고 싶었던 혜원, 그녀에게 찾아온 민수의 사랑은 너무나 특별하지만 그가 감당해야 할 아픔이 미안하다. 민수는 그런 혜원에게 세상 다시 못 올 찬란한 기쁨을 선사하기 시작하는데... 그렇게 그들의 사랑은 깊어만 가고 있다. 예정된 이별의 시간이 다가오고 있다. 그러나 이미 그들에겐 서로를 향한 굳건한 사랑, 그리고 서로에게 결코 말할 수 없는 세상에서 가장 아름다운 비밀이 생겨났는데...",2006-04-13,105,"드라마, 로맨스",https://image.tmdb.org/t/p/w500/1S3H1BcWxupMPcX75qnUU1DrYnj.jpg,6.7,1.6572,MOVIE
연애담,"미술을 공부하는 윤주(이상희). 졸업 전시를 준비하던 중 자꾸 눈길이 가는 한 사람을 만나게 된다.살짝 마주친 눈빛에서 느껴진 따뜻함에 윤주는 점점 마음이 이끌리기 시작한다. 아르바이트를 하며 꿈을 찾아가는 지수(류선영). 추운 겨울 어느 날, 나를 따뜻하게 바라봐주는 한 사람을 만나게 된다. 얼마 후, 그 사람을 다시 만난 지수는 그 사람에게 마음을 이어나가려 손을 내밀어 본다. 두 사람의 마음이 이어진 가장 행복하고 따뜻했던 이 순간은 정말 영원할 수 있을까…",2016-11-17,99,"드라마, 로맨스",https://image.tmdb.org/t/p/w500/vFwQRvg8CRPvFeEHMvjh0SX7suc.jpg,6,1.6239,MOVIE
연애술사,"낮에는 터프한 미술교사, 밤이면 섹시한 자태로 무도회장을 평정해온 21세기 바른 여성 희원(박진희 분). 훌륭한 외모는 기본이고 잘 나가는 성형외과 의사라는 썩 괜찮은 타이틀을 가진 준석의 적극적인 프로포즈에 내심 흡족해 하며 표정관리 하던 그녀! 하지만 잊고 싶던 바람둥이 옛 남친 지훈으로부터 그 당시 모텔에서의 러브 플레이가 고스란히 담긴 동영상이 시중에 떴다는 충격적인 소식을 전해 듣게 된다. 사생활을 훔친 그들을 용서할 수 없는 희원은 결연한 의지를 다지며 범인 잡기를 제안하고..  탐나는 외모와 마술사라는 직업을 십분 살린 스페셜한 작업 노하우로 매번 여자의 가슴에 달콤한 돌을 던져놓고 쿨~ 하게 사라지는 신세대 매력 남 마술사 지훈(연정훈 분), 그는 치료를 받으러 들린 병원에서 미모의 치과의사 현주를 만나 언제나처럼 뜨거운 밤을 보내던 중 매니저 동선의 깜짝 놀랄 전화를 받게 된다. 그건 바로 자신이 뒹굴던 밤의 일부가 인터넷에 마술처럼 떠돌아 다닌다는 것. 상대여자의 이름조차 희미한 가운데 옛 기억을 더듬어 할 수 없이 과거의 연인 희원에게 사건의 정황을 알려주러 간 지훈. 희원의 결혼 협박에 마지못해 동영상의 진원지를 찾아 나서긴 했지만 평소와는 다른 의미(?)의 모텔 순례는 예상치 못한 사건을 연이어 만들기 시작하는데...",2005-05-20,109,"코미디, 로맨스",https://image.tmdb.org/t/p/w500/8sBTgiV65Z0ksl3imx9v9fzgxkE.jpg,6.1,1.9415,MOVIE
연애의 온도,"헤어져,  라고 말하고 모든 것이 더 뜨거워졌다.  직장동료 동희와 영은 3년차 비밀연애커플.  남들 눈을 피해 짜릿하게 사랑했지만 오늘, 헤어졌다.  다음날 아침, 직장동료로 다시 만난 두 사람.  서로의 물건을 부숴 착불로 보내고, 커플 요금을 해지하기 전 인터넷 쇼핑으로 요금 폭탄을 던지고. 심지어는 서로에게 새로운 애인이 생겼다는 말에 SNS 탐색부터 미행까지!  헤어져, 라고 말한 후에 모든 것이 새롭게 시작되었다.  헤어지고 다시 시작된 들었다 놨다 밀었다 당겼다,  사랑할 때보다 더 뜨거워진 동희와 영.  연애가 원래 이런 건가요?",2013-03-21,112,"코미디, 로맨스",https://image.tmdb.org/t/p/w500/37CQWtvzWjzkuqInoSO4NhQrxwT.jpg,5.985,1.2798,MOVIE
연평해전,"월드컵의 열기로 뜨거웠던 2002년 6월 해군 출신 아버지의 자랑스러운 아들이자, 참수리 357호 정장 윤영하 대위. 아내의 든든한 남편이자, 참수리 357호 조타장 한상국 하사. 어머니의 하나뿐인 아들이자, 참수리 357호 의무병 박동혁 상병. 참수리 357호 대원들은 실전을 방불케 하는 고된 훈련 속에 서로를 의지하며 가족 같은 존재가 되어간다. 무더운 여름과 함께 월드컵의 함성이 뜨거워지는 가운데, 한국과 터키의 3, 4위전 경기가 열리던 그날 서해 바다 한 가운데에 포성이 울리는데…",2015-06-24,130,"전쟁, 역사",https://image.tmdb.org/t/p/w500/eiK75tIcn8JBi1QnqwBL0CcJtbO.jpg,6.6,1.9812,MOVIE
열대야,민기의 형인 민훈이가 휴가를 나온 후 자살을 한다. 민기는 형을 대신해 연인 관계인 재희를 찾아 태국으로 향한다. 한편 재희는 피 한방울 섞이지 않은 형제인 태경과 태국 파타야에서 지낸다. 민훈의 죽음이 재희 때문이라 여기는 민기는 서서히 오해를 풀어간다. 두 사람 사이가 가까워질 때마다 태경은 고통스러워한다.,2017-10-04,94,"드라마, 로맨스",https://image.tmdb.org/t/p/w500/m26JDVcS6dkWt4RucKvomR0U7y4.jpg,3.4,1.1787,MOVIE
열정같은소리하고있네,"취업만 하면 인생 제대로 즐기리라 생각한 햇병아리 연예부 수습기자 ‘도라희’(박보영).  몸에 딱 맞는 정장에 하이힐을 신은 완벽한 커리어우먼…!  이 모든 환상은 첫 출근 단 3분 만에 깨졌다.  “지금은 니 생각, 니 주장, 니 느낌 다 필요없어!”  도라희의 눈 앞에 펼쳐진 건 터지기 일보 직전인 진격의 부장 ‘하재관’(정재영).  첫 출근 따뜻한 말 한마디 대신 찰진 욕이 오가는 가운데 손 대는 일마다 사건사고인 도라희는  하재관의 집중 타겟이 되어 본격적으로 털리게 되는데…!  전쟁터 같은 사회생활에서 살아남기 위한 수습사원 도라희의 극한분투기!!!  오늘도 탈탈 털린 당신에게 바칩니다!",2015-11-25,106,"코미디, 로맨스",https://image.tmdb.org/t/p/w500/3BXWMhUsgOMK87jTqKE3hZFfJRv.jpg,6.8,1.5285,MOVIE
열혈형사,"경찰서 내에서 허세는 가장 세고 이론보다 구강 수사 하기 바쁜 날라리 형사 동민. 편안하게 출세하나 싶은 순간, 수사과에 발령 난다. 발령 난 것도 서러운데, 오로지 직진만 하는 FM 형사 몽허와 모델 실종 사건의 공조 수사를 맡게 된다. 수사가 진전될수록 단순한 실종이 아님을 직감한 동민은 오랜만에 형사의 본능을 깨우는데…",2020-06-18,96,"코미디, 범죄",https://image.tmdb.org/t/p/w500/yh6TovgwDmqDTvsCGnuv84xCxZI.jpg,5,0.9734,MOVIE
염력,"평범한 은행 경비원 석헌. 어느 날 갑자기 그의 몸에 이상한 변화가 찾아온다. 생각만으로 물건을 움직이는 놀라운 능력, 바로 염력이 생긴 것. 한편, 민사장과 홍상무에 의해  석헌의 딸, 청년 사장 루미와 이웃들이 위기에 처하게 되고. 석헌과 루미, 그리고 변호사 정현이 그들에 맞서며 놀라운 일이 펼쳐지는데...",2018-01-31,101,"판타지, 액션, 코미디",https://image.tmdb.org/t/p/w500/5LRL9cvVQl0Mne8CZslb5VNwY6v.jpg,6.27,2.0041,MOVIE
엽기적인 그녀,"어느 밤, 전철에서 술에 취한 그녀를 지켜보던 견우. 그런데 그녀가 옆에 있던 아저씨의 머리에 구토를 해 전철은 아수라장이 되고, 급기야 그녀는 견우를 전 남자친구로 착각하는데...",2001-07-27,137,"드라마, 코미디, 로맨스",https://image.tmdb.org/t/p/w500/h7xTfZbrJ86nzypPvPjwVmxZoHS.jpg,7.548,6.1738,MOVIE
엽기적인 그녀 2,"운명인 줄만 알았던 긴 생머리의 그녀가 돌연 비구니가 되어 사라진 후, 실연+백수+돈, 3고에 시달리던 견우. 그에게 어린 시절 첫사랑이자, 중국으로 떠났던 그녀가 나타났다. 그것도 더 살벌해지고, 더 엽기적인 모습으로. 오직 견우와의 결혼을 위해 산 넘고 물 건너온 대륙의 외동딸, 그녀. 꿈인지 생시인지 들어온 복을 얼른 움켜쥐는 보통 남자, 견우. 그러나, 밤은 더 살벌하고, 낮은 더 엽기적인데..",2016-04-22,99,"코미디, 로맨스",https://image.tmdb.org/t/p/w500/u2yEHmkiHz5PFHT1xnBMhdCk8Sx.jpg,5.3,1.487,MOVIE
영도,"전국을 충격에 몰아넣은 극악무도한 연쇄 살인 사건,  그 사건의 중심이었던 살인마가 체포되는 순간 내 인생은 무너졌다…  세상의 모든 원망과 질시, 복수와 증오가 나를 향했고,  지금 내 곁에는 나를 죽이고 내 심장을 가져가겠다는 한 여인이 찾아왔다.",2015-09-10,115,"미스터리, 드라마",https://image.tmdb.org/t/p/w500/u7YPyR6NRKim3GiLNIxoZWA5hLZ.jpg,6.5,2.3234,MOVIE
영어완전정복,"영주(이나영)는 지극히 평범한 대한민국 9급 공무원이자 동사무소 말단 직원이다. 별 볼일 없는 외모에 성격까지 별나고 엉뚱한 그녀는 자신의 ‘넘치는 매력을 세상이 알아주지 못하는 것뿐’이라 굳게 믿고 있는 낙천주의자다. 어느 날 동사무소에 파란 눈의 외국인이 찾아와 민원 처리를 요구하면서 영주의 무사태평한(?) 일상에도 풍파가 몰아친다. 바로 그 흔한 오백 원짜리 복권 한 장에도 당첨되어 본 적이 없는 그녀가 ‘세계로 향하는 수도 서울, 그러나 영어 한마디 못하는 사만오천 공무원’을 대표하여 영어완전정복 주자에 당첨된 것!  울며 겨자 먹기로 난생처음 영어학원의 문턱을 밟게 된 영주는 진땀나는 레벨테스트를 거쳐 쌩초보반을 배정받는다. 그러나 알파벳에 익숙해지기도 전에 뺀질뺀질 바람기 다분한 문수(장혁)에게 먼저 눈과 마음을 빼앗긴 영주! 결국 영어보다 영어 잘하는 ‘여자’한테 훨씬 더 관심이 많은 문수의 마음을 사로잡기 위해 ‘90일 영어 완전 마스터’를 결심하는데... 스물다섯 꽃다운 처녀의 일생일대 영어 대장정, 이제 시작이다!",2003-11-05,118,"코미디, 로맨스",https://image.tmdb.org/t/p/w500/xt6DIjnetZerfbZrUZ2oyolUoml.jpg,6.786,1.1507,MOVIE
영화광 연속살인사건,유명 영화 속 장면들을 모방하는 연쇄살인범과 그를 좇는 형사들이 있다. …라는 내용의 독립영화에 출연 중인 유명배우 정승길. 예술가인지 양아치인지 몹시 애매한 감독과 힘겨운 촬영을 이어가던 중 모종의 사고를 친다. 자신이 맡은 형사 역할과 여러모로 닮은 듯하면서도 어딘가 나사가 헐거워 보이는 아줌마 형사에게 쫓기게 되는데…. 그의 운명은 어찌 될 것인가.,2019-05-03,113,,,0,0.6883,MOVIE
영화는 영화다,"영화를 촬영하던 배우 장수타는 액션씬에서 욱하는 성질을 참지 못해 상대 배우를 폭행, 영화는 제작 중단 위기에 처한다. 또한 어떤 배우도 깡패 같은 배우 수타의 상대역에 나서지 않아 궁지에 몰린다. 그는 궁여지책으로 룸싸롱에서 사인을 해주며 알게 된 조직폭력배 넘버 투 이강패를 찾아가 영화 출연을 제의한다. 누구도 모르게 영화 배우의 꿈을 갖고 있었던 강패는 수타의 제안에 흥미를 느끼며 출연에 응하는 대신 한가지 조건을 내건다. 액션씬은 연기가 아닌 실제 싸움을 하자는 것! 배우가 안되었으면 깡패 못지 않은 싸움 실력을 갖추었을 것이라 자신하는 수타 역시 이 조건을 받아들이고, 두 사람의 치열한 전쟁과도 같은 영화 촬영이 시작되는데...",2008-09-11,112,"액션, 범죄, 드라마",https://image.tmdb.org/t/p/w500/eK1gdVHi3ajNIhSrgRXDqIoGnGQ.jpg,6.9,1.5449,MOVIE
예의없는 것들,"혀 짧은 소리를 내며 쪽 팔리게 사느니 차라리 말 없이 살기로 한 '킬라'. 투우처럼 폼 나게 살고 싶지만 짧은 혀로는 될 일도 안될 판이다. 그러던 중 일억 원만 있으면 혀 수술을 할 수 있다는 사실을 알게 된다. 칼질 하나만큼은 기가 막혔던 그는 돈을 모으기 위해 사람 잡는 '킬라'가 되는데...  '킬라'는 주문 받은 대로 작업을 하게 되지만 자신이 도살자나 다름 없다는 생각에 회의를 느끼게 된다. 그때 '발레'는 선배이자 동료로써 '나름의 룰을 정하라'는 진심 어린 충고를 해준다. 그래서 '이왕 죽이는 거 예의 없는 것들만, 불필요한 쓰레기들만 골라서 깔끔하게 분리 수거'하기로 한 '킬라'. 규칙을 정한 '킬라'는 분주히 도시의 쓰레기들을 처리해 나간다.  작업 후, 코 밑 피 냄새를 설거지 하기 위해 독한 술을 마시는 '킬라'. 그가 매번 들르는 바에는 끈적대며 거세게 구애하는 '그녀'가 있다. '킬라'는 거칠다가도 알 수 없는 속내를 비치는 '그녀' 때문에 헷갈려 하지만, 그냥 말이 없어 자기가 좋다는 '그녀'를 왠지 모르게 밀쳐낼 수 없다.  어느 날 '킬라'와 '발레'는 재래 시장 재개발 건으로 폭리를 취하려는 놈을 의뢰 받게 된다. 만만치 않은 놈들이라는 사전 정보에 조심스럽게 작업을 하려 던 중, 다른 놈을 처리하는 착오를 저지르게 되고... 혀 수술을 하고 '그녀'와 함께 스페인으로 가서 투우사가 되려는 '킬라'의 꿈은 기생충 같은 놈들로 인해 방해를 받게 된다. 정말 제대로 된 '예의 없는 것들'을 만나게 된 '킬라'. 과연, 세상의 더럽고 추한 예의 없는 것들을 멋지게 날려 버릴 수 있을까?",2006-08-24,121,"코미디, 액션, 범죄, 스릴러",https://image.tmdb.org/t/p/w500/hdT2V0dhELpDsQMSNqIg4N8zDLf.jpg,6.477,1.2153,MOVIE
오! 브라더스,‘불륜 사진 전문 찍사’ 오상우. 딴짓거리(?)에 빠진 남녀들에게 원치 않는 기념사진을 찍어주며 생계를 꾸려간다. 그러던 어느 날 그에게 예기치 못한 소식이 날아온다. 어릴 적 바람나 집을 나간 아버지가 사망했다는 소식과 그의 빚이 고스란히 자신에게 상속됐다는 것. 그 빚을 감당할 능력 없는 상우는 야속하기만한 아버지의 죽음을 원망할 새도 없이 그 빚을 떠넘기기 위해 또 다른 상속인인 이복 동생인 봉구와 그의 어머니를 찾아 나선다.,2003-09-05,110,"드라마, 코미디",https://image.tmdb.org/t/p/w500/dpJeyJfcdxOsVbUKih8Gl0Xiepw.jpg,6.5,1.1074,MOVIE
오늘영화,"우리 오늘 영화 볼래요?  영화로 시작된 너와 나의 로맨스 '오늘영화' 상영이 곧 시작됩니다! 주말 잔업을 남겨 두고 숙취 때문에 공장을 조퇴한 남자는, 간밤에 나이트에서 만난 여자를 찾아 약속대로 영화를 보려 한다. 중국 만둣집에서 일하는 여자는 남자와의 부킹을 딱히 기억하고 있는 것 같지 않지만 어쨌든 무료한 주말, 그와 극장 구경을 함께하기로 한다.",2015-08-20,91,"드라마, 로맨스",https://image.tmdb.org/t/p/w500/i4lYP0gQTlPxbgEHHb4s3s9g6i9.jpg,7.5,0.8284,MOVIE
오늘의 연애,"해 달라는 대로 다 해주는데 100일도 못 가 항상 여자친구에게 차이는 초등학교 교사 준수. 그에게 여자의 마음은 영원히 풀리지 않는 숙제다. 그런 준수에게는 특별한 썸녀가 있다. 바로 요즘 가장 인기 있는 기상캐스터 현우. 매일 밥 먹고 영화보고 데려다 주고 손도 잡고 위급할 때마다 도와주고 오피스텔 비번까지 아는 사이지만 애인은 아닌, 술 먹자고 불러내면 다른 남자 때문에 우는 그녀. 준수의 어린 시절 고백 따위는 묻어두는 쿨한…. 18년(!) 친구다.  현우는 임자 있는 회사 선배부터 적극적인 연하남까지 얽히고 설킨 남자들이 넘쳐나고, 그녀의 썸 뒷바라지나 해야 하는 준수는 더 이상 참을 수가 없는데…",2015-01-14,121,"코미디, 로맨스",https://image.tmdb.org/t/p/w500/vzBFuC298cgpU2LooEZcyZTD4dW.jpg,6.7,1.5918,MOVIE
오빠가 돌아왔다,"5년전, 그에게 당했지만 이제 복수를 위해 위풍당당 돌아왔다!  구타인생 청산 위해 당당히 독립했지만 사회는 역시 추웠다.  결국 어쩔 수 없이 나는 다시 그 집에 돌아가야 했지만 원수 같은 그와의 관계를 떠올려보니  매일 치열하게 복수의 칼날을 갈 수 밖에 없다.  88만원도 고마운 내 인생.  어쩌다 보니 애아범 되게 생겼고 내 앞가림도 어려운데  그와의 혈전으로 연일 내 전투 게이지는 상승, 또 상승이다!  일평생, 나는 1인자였는데 생각지도 못했던 라이벌이 등장했다!  5년 전에 뛰쳐 나갔던 그 녀석이 돌아왔다.  일평생 내 집에서 절대 권력을 행사하던 내가 슬슬 밀린다.  그러나 나를 호락호락하게 보면 안된다. 나는 모든 이들이 치를 떠는 전문 고발꾼.  공포의 빨간 모자다. 내 아들이라고 예외일 수는 없다.  내 명성은 내가 지킨다!  그는 어쨌든 아빠, 그 녀석은 아들. 서로를 가장 잘 알고 있는 혈연 라이벌의  일생일대 혈전이 이제 시작된다!",2014-03-20,94,"드라마, 코미디",https://image.tmdb.org/t/p/w500/4fFeU4YXV87NH8RoXbr1KMhMPp3.jpg,0,2.5701,MOVIE
오빠생각,"전쟁으로 소중한 가족도, 지켜야 할 동료도 모두 잃은 군인 한상렬. 우연히 전출 명령을 받아 머물게 된 부대 내에서 부모를 잃고 홀로 남은 아이들을 만나게 된다. 아이들의 해맑은 모습에 점차 마음을 열게 된 그는 자원봉사자 선생님 박주미와 함께 어린이 합창단을 만들어 노래를 가르치기 시작하고, 이들의 노래는 언제 목숨을 잃을지 모르는 전쟁 한가운데 놓인 모든 이들의 마음을 울리기 시작하는데...",2016-01-21,123,"드라마, 전쟁",https://image.tmdb.org/t/p/w500/fTBaUOJoIEEv2PSyiWixL4LPaxN.jpg,8.3,1.981,MOVIE
오싹한 연애,남다른 ‘촉’때문에 평범한 생활은 물론 제대로 된 연애 한번 못해본 여자 여리(손예진)와 그녀에게 꽂혀버린 비실한 ‘깡’의 호러 마술사 조구(이민기). 달콤해야 할 두 사람의 만남은 그들의 행복을 방해하는 귀신들로 인해 하루하루가 공포특집이다. 이런 생활에 익숙한 여리와 달리 매번 생명의 위협을 느끼는 조구. 오싹한 난관에도 불구하고 이 연애를 포기할 수 없는 여리와 조구는 어금니 꽉 깨물고 목숨을 건 연애를 시작하는데...,2011-12-01,114,"공포, 코미디, 판타지, 로맨스",https://image.tmdb.org/t/p/w500/1Zyt479H8mVxT15WUUo0VqHjeqp.jpg,7.5,1.8835,MOVIE
오직 그대만,"잘나가던 복서였지만 어두운 상처 때문에 마음을 굳게 닫아버린 철민.  시력을 잃어가고 있지만, 늘 밝고 씩씩한 정화.  좁은 주차박스에서 외로운 시간을 보내고 있던 철민에게 꽃 같은 그녀, 정화가 나타났다.  나보다 나를 더 사랑해주는 사람. 두 눈을 감으면 선명해지는 그 얼굴, 오직 그대만…",2011-10-20,106,"로맨스, 드라마",https://image.tmdb.org/t/p/w500/zqw49pO0FndPZL5LVkq85JCNIVH.jpg,7.8,3.6166,MOVIE
오케이 마담,"극강의 쫄깃함으로 빠른 완판을 기록하는 꽈배기 맛집 사장 미영은 컴퓨터 수리 전문가 석환의 남다른 외조로 하와이 여행에 당첨되고, 난생 처음 해외 여행을 떠나게 된다. 하지만 비밀요원을 쫓는 테러리스트들도 같은 비행기에 오르고 꿈만 같았던 여행은 아수라장이 된다. 난데없는 비행기 납치 사건의 유일한 해결사가 되어버린 부부. 평범했던 과거는 접어두고, 숨겨왔던 내공을 펼치며 인질이 된 승객을 구하기 시작한다!",2020-08-12,100,"코미디, 액션",https://image.tmdb.org/t/p/w500/8WeSpbhb4iXxx0Z32ayX9s6O8aw.jpg,7,2.6684,MOVIE
오피스,"어느 날 한 가족의 가장이자 착실한 회사원인 김병국 과장이 일가족을 살해하고 사라졌다. 이에 형사 종훈은 그의 회사 동료들을 상대로 수사를 시작하지만 모두들 말을 아끼고, 특히 김과장과 사이가 좋았다는 이미례 인턴은 무언가를 숨기고 있는 눈치다. 게다가 종훈은 김과장이 사건 직후 회사에 들어온 CCTV 화면을 확보하지만, 그가 회사를 떠난 화면은 어디에도 없어 사건은 미궁으로 빠진다. 한편, 김과장이 아직 잡히지 않았다는 사실에 동료들은 불안에 떠는 가운데, 이들에게 의문의 사건들이 계속 일어나는데…",2015-09-03,111,"스릴러, 미스터리",https://image.tmdb.org/t/p/w500/4nkcTOkkcImr5x66T9qHa3yCdkh.jpg,6.3,1.2705,MOVIE
옥자,"강원도 산골 소녀 미자에게 옥자는 10년 간 함께 자란 둘도 없는 친구이자 소중한 가족. 어느 날 글로벌 기업 미란도가 나타나 갑자기 옥자를 뉴욕으로 끌고 가고, 할아버지의 만류에도 미자는 옥자를 구하기 위해 위험천만한 여정에 나선다. 옥자를 활용한 슈퍼돼지 프로젝트를 추진 중인 미란도 코퍼레이션의 CEO 루시, 옥자를 이용해 제2의 전성기를 꿈꾸는 동물학자 죠니, 옥자를 앞세워 또 다른 작전을 수행하려는 비밀 동물 보호 단체 ALF까지 각자의 이권을 둘러싸고 옥자를 차지하려는 세상에 맞서는 미자의 여정은 더욱 험난해져 간다.",2017-06-28,120,"모험, 드라마, SF, 액션",https://image.tmdb.org/t/p/w500/miHNA5DcheO7ax2qon9CmC7qa9j.jpg,7.324,5.7875,MOVIE
올레,"잘나가는 대기업 과장? 중필(신하균)  “먹여 살릴 처자식 없다고 명퇴 1순위가 말이 돼?”  잘 나가는 변호사?를 꿈꾸는 수탁(박희순)  “13년 동안 고시 공부 안 해봤으면 말을 말아.”  잘 나가는 방송국 간판 아나운서? 은동(오만석)  “내가 부럽냐? 나 말야… 됐다. 말해서 뭐해.”  다 때려 치고 싶은 순간 제주도에서 연락이 왔다!  빨간 스포츠카, 자연산 다금바리 한 접시, 그리고 럭셔리 호텔이 아니라 게하??  인생의 쉼표가 필요할 때  제주도에서 뜻밖의 일탈이 시작된다!  올~레!!",2016-08-25,104,"드라마, 코미디",https://image.tmdb.org/t/p/w500/dxRIkhR4ul9g9I1XQDPXi0GyhqF.jpg,6,1.4451,MOVIE
완벽한 타인,"우리 게임 한 번 해볼까? 다들 핸드폰 올려봐.  저녁 먹는 동안 오는 모든 걸 공유하는 거야.  전화, 문자, 카톡, 이메일 할 것 없이 싹!  오랜만의 커플 모임에서 한 명이 게임을 제안한다. 바로 각자의 핸드폰을 테이블 위에 올려두고 통화 내용부터 문자와 이메일까지 모두 공유하자고 한 것. 흔쾌히 게임을 시작하게 된 이들의 비밀이 핸드폰을 통해 들통나면서 처음 게임을 제안했던 것과는 전혀 다른 상상치 못한 결말로 흘러가는데...",2018-10-31,115,"드라마, 코미디",https://image.tmdb.org/t/p/w500/9lhxidWwP7iIyw1Zax9gUtdFZXT.jpg,7.2,1.7196,MOVIE
왓니껴,"수줍어서 말 못했던 그녀와의 첫사랑이 다시 시작된다!  서울 작은 분식점의 주방에서 일하고 있는 혜숙은 엄마가 위독하다는 전화를 받고 황급히 고향 안동으로 향한다. 복잡한 감정으로 도착한 안동역에는 병원에 누워있어야 할 엄마가 마중을 나와 있다. 속았다는 생각에 그 자리에서 발길을 돌리려고 하던 때에 절친했던 친구 택규 아버지의 장례식에서 혜숙은 첫사랑 기주와 만나게 된다. 기주 역시 자신처럼 상처를 안은 채 고향을 방문했다.  안동을 지키고 있었던 택규, 안동에서 스스로 죽음을 선택하려 했던 기주, 안동을 떠나려고만 하는 혜숙. 그렇게, 어린 시절 단짝이었던 세 친구는 다시 재회한 안동에서 새로운 사건들을 맞이하게 되는데...",2014-08-21,108,드라마,https://image.tmdb.org/t/p/w500/plFYSYej55x8QUuU8tXbEtaqUKS.jpg,5,0.7239,MOVIE
왕과 사는 남자,"계유정난이 조선을 뒤흔들고 어린 왕 이홍위는 왕위에서 쫓겨나 유배길에 오른다. 한편, 강원도 영월 산골 마을 광천골의 촌장 엄흥도는 먹고 살기 힘든 마을 사람들을 위해 청령포를 유배지로 만들기 위해 노력한다. 그러나 촌장이 부푼 꿈으로 맞이한 이는 왕위에서 쫓겨난 이홍위였다. 유배지를 지키는 보수주인으로서 그의 모든 일상을 감시해야만 하는 촌장은 삶의 의지를 잃어버린 이홍위가 점점 신경 쓰이는데…",2026-02-04,117,"역사, 드라마",https://image.tmdb.org/t/p/w500/kkJB3SeUJp7Y0IXXLkv5QZHJGkH.jpg,7.1,7.6636,MOVIE
왕을 참하라,"역사가 기억하는 성종(成宗)은  ‘백성을 편하게 하고 정사를 바로 세운 것’을 치하하는 시호를 얻으며  조선 시대 전체를 통틀어 가장 평화롭고 안정된 조정을 이끈 왕으로 평가 받는다. 하지만 과연 성종은 진정한 성군의 자질을 가진 왕이었을까?  정희왕후와 인수대비, 한명회와 공신들의 협력으로 왕위에 오른 성종. 13살의 왕은 즉위 첫해 73명의 대신을 공신으로 봉했다! 그가 왕이 되어 한없이 기뻤던 사대부들. 그가 왕이 되어 한 맺힌 피눈물을 흘려야 했던 백성. “이 나라 조선은 나리 같은 허깨비들이 권세로 다스리는 나라입니까?” 태평성대를 꿈꾸던 허수아비 성종, 백성 위에 군림하는 왕을 참하라!",2017-03-16,116,드라마,https://image.tmdb.org/t/p/w500/zMlZLU4aG8SaJVmfURh3EkkQRJo.jpg,5.7,1.2373,MOVIE
왕의 남자,"조선시대 연산조. 남사당패의 광대 장생은 힘있는 양반들에게 농락당하던 생활을 거부하고, 자신의 하나뿐인 친구이자 최고의 동료인 공길과 보다 큰 놀이판을 찾아 한양으로 올라온다. 타고난 재주와 카리스마로 놀이패 무리를 이끌게 된 장생은 공길과 함께 연산과 그의 애첩인 녹수를 풍자하는 놀이판을 벌여 한양의 명물이 된다. 공연은 대 성공을 이루지만, 그들은 왕을 희롱한 죄로 의금부로 끌려간다. 의금부에서 문초에 시달리던 장생은 특유의 당당함을 발휘해 왕을 웃겨 보이겠다고 호언장담하지만 막상 왕 앞에서 공연을 시작하자 모든 광대들이 얼어붙는다. 장생 역시 극도의 긴장감 속에서 왕을 웃기기 위해 갖은 노력을 하지만 왕은 꿈쩍도 하지 않는데...",2005-12-29,119,"드라마, 역사, 스릴러",https://image.tmdb.org/t/p/w500/9oucBWXrvBEelzUjPQheImlb8D1.jpg,6.975,2.2435,MOVIE
외계+인 1부,"2022년 현재, 가드와 썬더는 인간의 몸에 가두어진 외계인 죄수를 관리하며 지구에 살고 있다. 어느 날, 서울 상공에 우주선이 나타나고 형사 문도석은 기이한 광경을 목격하게 되는데.. 한편, 630년 전 고려시대 얼치기 도사 무륵과 천둥 쏘는 처자 이안이 엄청난 현상금이 걸린 신검을 차지하기 위해 서로를 속고 속이는 가운데 신검의 비밀을 찾는 두 신선 흑설과 청운, 가면 속의 자장도 신검 쟁탈전에 나선다. 그리고 우주선이 깊은 계곡에서 빛을 내며 떠오르는데…",2022-07-20,142,"SF, 액션, 판타지, 모험",https://image.tmdb.org/t/p/w500/ynyN9hdxL5vq7GnSX8Fdz3TfoTE.jpg,6.927,5.7952,MOVIE
외출,"라이브 콘서트장. 조명 감독 인수는 후배에게 공연을 맡기고, 공연장을 급하게 떠난다. 강원도 삼척의 한 병원 수술실 복도에서 인수는 서영을 만난다. 그가 삼척으로 간 것은 아내, 수진의 자동차 사고 때문이다. 그 차에는 함께 사고를 당한 동승자, 서영의 남편, 경호도 함께 타고 있었다.  중상을 입은 수진과 경호가 좀처럼 의식을 회복하지 못하는 사이, 사고 처리 과정에서 인수와 서영은 수진과 경호가 ‘특별한 관계’ 임을 알게 된다. 인수와 서영에게 이 사실은, 참혹한 사고보다 더 받아들이기 힘들다.",2005-09-07,105,"드라마, 로맨스",https://image.tmdb.org/t/p/w500/l8OcqtnWUF3bbZJZLiX7sJ38PWF.jpg,6.074,2.4805,MOVIE
요가학원,홈쇼핑 간판 쇼호스트 효정은 젊고 매력적인 후배의 등장으로 위기를 맞이한다. 점차 자신의 매력에 대한 자신감을 상실하던 효정 앞에 학창시절 멸시의 대상이었던 선화가 몰라보게 완벽한 미녀가 되어 나타난다. 그 비법은 간미희 요가학원에서 실시하는 비밀스런 심화훈련. 절대 미를 갖기 위해 요가학원을 찾은 다섯 명의 여자들은 수련을 받던 중 하나 둘씩 기이한 사건에 휘말리게 되는데...,2009-08-20,97,공포,https://image.tmdb.org/t/p/w500/fPQENmj6v9c6tw4gpABtUEgRNyn.jpg,5.1,1.5258,MOVIE
용서는 없다,"과학수사대 최고의 실력파 부검의 강민호 교수. 유일한 가족인 딸과 함께 더 많은 시간을 보내기 위해 일을 정리하던 그는 마지막 사건을 의뢰 받는다. 바로 금강에서 발견된 토막살해사건. 여섯 조각난 아름다운 여성의 시체, 한쪽 팔마저 사라진 전대미문의 사건이다. 뛰어난 추리력과 행동력을 지닌 열혈 여형사 민서영의 추리로 용의자는 이성호로 압축된다. 이성호는 친환경생태농업을 전파하며 검소하게 살아가고 있는 환경운동가로 지역 주민들의 존경을 한 몸에 받고 있는 인물이다. 형사들에 의해 순순히 경찰서로 끌려온 이성호는 새만금 간척 사업을 반대하기 위한 퍼포먼스로 살인을 저질렀다고 당당하게 진술한다. 이성호의 자백으로 수사는 급물살을 타는 듯 싶지만, 번번이 예상을 빗나가는 증거들로 수사팀은 사건 해결에 애를 먹는다. 민서영과 강력반 형사들이 결정적인 증거를 찾아 동분서주하는 가운데, 강민호의 딸이 사라지는 사건이 발생한다. 딸의 실종에 이성호가 관계되어 있음을 알게 된 강민호는 그를 찾아가고, 이성호는 자신이 시체에 남긴 단서와 비밀을 알아낸다면 딸을 살려줄 수 있다며 위험한 거래를 제안한다. 딸의 목숨을 구하기 위해 시체에 남겨진 단서를 추적해야 하는 부검의와 연쇄 살인을 예고하는 비밀을 간직한 살인마의 피할 수 없는 대결이 시작된다.",2010-01-07,125,"범죄, 스릴러, 액션",https://image.tmdb.org/t/p/w500/sago4xY1hAZunsJlnlg656ZMXaW.jpg,7.407,2.4261,MOVIE
용의자,"조국에게 버림받고 가족까지 잃은 채 남한으로 망명한 최정예 특수요원 지동철. 그의 목표는 단 하나, 아내와 딸을 죽인 자를 찾는 것뿐이다. 놈의 행적을 쫓으며 대리운전을 하며 살아가던 동철은 유일하게 자신과 가깝게 지내던 박회장의 살해 현장을 목격하게 된다. 죽기 전 박회장이 남긴 물건을 받아 든 동철은 사건의 용의자로 지목되어 모두에게 쫓기게 된다.",2013-12-24,137,"액션, 스릴러",https://image.tmdb.org/t/p/w500/eA2S4a1gqLTzOAeOWbqOyBRfpuP.jpg,6.909,2.6736,MOVIE
용의주도 미스 신,"1단계 _ 일단, 모든 가능성을 열어두고 , 찜(?)하라. 화려한 미모와, 착한 몸매, 게다가 잘 나가는 광고대행사의 AE라는 직함까지~ 지성과 미모를 겸비한 이 시대 최고의 완소녀 신미수. 그녀가 몸소 보여주는 연애비법 제1단계는 바로, 오픈 마인드! 최대한 많은 후보자를 거느린 채 일단, 어떤 상대와도 가능성(?)을 열어놓고 지내며 천천히 골라야 한다는 게 그녀의 작업원칙! 그런만큼, 그녀의 남자쇼핑 리스트엔 재벌 3세부터 고시생, 섹시한 연하남까지 다양한 남자들이 구비(?)되어있다. 하지만, 이렇게 용의주도한 미스신 앞에, 사사건건 태클을 거는 안티남이 나타났으니…속은 뒤집히지만 뭐, 모.든.가.능.성.(?)이 이 녀석에게도 예외는 아니겠지? 일단 안티남까지 쇼핑리스트에 추가~!  2단계 _ 진짜 괜찮은 놈인지 간을 보라~! 돌다리도 두들겨 봐야한다고 하지 않았던가! 아무리 외모나 재력, 능력, 비젼이 좋더라도 재고, 또 재어야 후회가 없다. 줄 듯 안주는(?) 고도의 테크닉으로 수많은 남성들을 울리던 그녀의 데이트 목적은 오로지 ‘간보기!’  3단계 _ 위기의 순간, 진품(?)은 정체를 드러낸다. 반품은 힘드니 제대로 고를 것~! 가장 결정적인 순간, 인간은 본성을 드러낸다. 이건, 연애에서도 마찬가지! 엄청난 용의주도함으로 늘 상상을 초월하던 양다리, 아니 다(多)다리의 달인인 미스신이지만, 그녀에게도 위기는 찾아온다. 완벽하다고 생각했던 그녀의 쇼핑리스트 속 남자들의 예상치 못한 반격으로 패닉상태에 빠진 미스신에게 엎친데 덮친격으로 그녀의 문어발 연애마저 꼬리 잡히기 시작하는데… 하지만 이런 때 영원한 충성심으로 무장한 채 그녀를 위기에서 구출, 그녀의 맘을 흡족케하는 남자가 바로 진품~!!! A/S도, 반품도 없는 “연애의 세계”에서 그녀가 고른 남자는 과연 누구일까…?!",2007-12-18,108,"코미디, 로맨스",https://image.tmdb.org/t/p/w500/cqXjCytf6E0N1y1AcuzO4KasLlY.jpg,6.5,1.1748,MOVIE
우는 남자,"낯선 미국 땅에 홀로 남겨져 냉혈한 킬러로 살아온 곤.  조직의 명령으로 타겟을 제거하던 중 예상치 못한 실수를 저지르고, 그는 자신의 삶에 깊은 회의를 느낀다. 그런 그에게 조직은 또 다른 명령을 내리고, 곤은 마지막 임무가 될 타겟을 찾아 자신을 버린 엄마의 나라, 한국을 찾는다. 남편과 딸을 잃고, 치매에 걸린 엄마를 돌보며 하루하루 절망 속에서 살아가고 있는 여자, 모경. 엄청난 사건에 연루된 것도 모른 채 일만 파고들며 술과 약이 없으면 잠을 이루지 못하던 그녀 앞에 딸의 죽음 뒤에 감춰진 진실을 알려주겠다는 한 남자가 다가온다.  잃을 것이 없는 남자와 남은 게 없는 여자, 그들이 절벽의 끝에서 만났다",2014-06-04,117,"액션, 스릴러, 드라마",https://image.tmdb.org/t/p/w500/qWPNb1qYmaL5eExuNzOyKkn5aR.jpg,7.3,2.4507,MOVIE
우리 생애 최고의 순간,"대한민국 올림픽 2연패의 주역인 최고의 핸드볼 선수 미숙. 그러나 온 몸을 바쳐 뛴 소속팀이 해체되자, 그녀는 인생의 전부였던 핸드볼을 접고 생계를 위해 대형 마트에서 일하게 된다. 이때 일본 프로팀의 잘나가는 감독으로 활약하고 있던 혜경은 위기에 처한 한국 국가대표팀의 감독대행으로 귀국한다. 팀의 전력을 보강하기 위해 그녀는 자신의 오랜 동료이자 라이벌인 미숙을 비롯한 과거의 영광을 재현할 노장 선수들을 하나 둘 불러모은다.  혜경은 초반부터 강도 높은 훈련으로 전력 강화에 힘쓰지만 그녀의 독선적인 스타일은 개성 강한 신진 선수들과 불화를 야기하고 급기야 노장 선수들과 신진 선수들간의 몸싸움으로까지 번진다. 이에 협회위원장은 선수들과의 불화와 여자라는 점을 문제 삼아 혜경을 감독대행에서 경질시키고 세계적인 스타 플레이어 안승필을 신임 감독으로 임명한다. 무엇보다 자존심이 중요했던 혜경이지만, 미숙의 만류와 일본으로 돌아갈 수도 없는 상황에서 감독이 아닌 선수로 팀에 복귀해 명예 회복에 나선다....",2008-01-10,124,드라마,https://image.tmdb.org/t/p/w500/lnS3epvuzuUeYXOTZ0xb3pDZvPx.jpg,6.6,1.2578,MOVIE
우리 선희,"영화과 졸업생 선희는 오랜만에 학교에 들린다. 미국유학을 위한 추천서를 최교수에게 부탁하기 위해서. 평소 자신을 예뻐한 걸 아는 선희는 최교수가 추천서를 잘 써줄 거라 기대한다. 그러면서 선희는 오랜만에 밖에 나온 덕에 그동안 못 봤던 과거의 남자 두 사람도 만나게 되는데, 갓 영화감독으로 데뷔한 문수와 나이든 선배 감독 재학이 두 사람. 차례로 이어지는 선희와 세 남자들과의 만남 속에서, 서로는 서로에게 좋은 의도로 ‘삶의 충고’란 걸 해준다. 선희에게 관심이 많은 남자들은 속내를 모르겠는 선희에 대해 억지로 정리를 하기도 한다. 그런데 이 말들은 이상하게 비슷해서 마치 사람들 사이를 옮겨 다니는 것처럼 보인다. ‘삶의 충고’란 말들은 믿음을 주지 못하고 미끄러지는 거 같고, 선희에 대한 남자들의 정리는 점점 선희와 상관없어 보인다.  추천서를 받아낸 선희는 나흘간의 나들이를 마치고 떠나지만, 남겨진 남자들은 ‘선희’란 말을 잡은 채 서성거린다.",2013-09-12,89,"로맨스, 드라마",https://image.tmdb.org/t/p/w500/jgTzcQoF6JO6QJHj4xT3mKSYwiS.jpg,6.5,1.3486,MOVIE
우리는 형제입니다,"어린 시절 고아원에서 생이별한 후 30년 만에 극적 상봉에 성공한 상연과 하연 형제! 하지만 막상 만나고 보니… 정말 한 핏줄 맞아?! 게다가 30년 만에 만났다는 기쁨도 잠시, 30분 만에 엄마가 감쪽같이 사라져버렸다! 엄마를 봤다는 제보를 쫓아 두 형제, 방방곡곡 전국 원정을 시작한다! 말투도, 스타일도, 직업도! 달라도 너~무 다른 이 형제! 과연 사라진 엄마도 찾고, 잃어버린 형제애도 찾을 수 있을까?",2014-10-23,102,"코미디, 드라마",https://image.tmdb.org/t/p/w500/ygnOHCYCFlVlOnGYPrXcbQRADt5.jpg,6.6,0.9719,MOVIE
우리들,"언제나 혼자인 외톨이 선은 모두가 떠나고 홀로 교실에 남아있던 방학식 날, 전학생 지아를 만난다. 서로의 비밀을 나누며 순식간에 세상 누구보다 친한 사이가 된 선과 지아는 생애 가장 반짝이는 여름을 보내는데,개학 후 학교에서 만난 지아는 어쩐 일인지 선에게 차가운 얼굴을 하고 있다. 선을 따돌리는 보라의 편에 서서 선을 외면하는 지아와 다시 혼자가 되고 싶지 않은 선.어떻게든 관계를 회복해보려 노력하던 선은 결국 지아의 비밀을 폭로해버리고 마는데...",2016-06-16,94,드라마,https://image.tmdb.org/t/p/w500/7yrq2FT4Vm4AtH7KFHeJrZp7Hes.jpg,7.5,1.162,MOVIE
우리들의 행복한 시간,"세 번째 자살도 실패한 그 해 겨울, 모니카 고모의 손에 이끌려 교도소에 갔다. 내키진 않았지만, 정신병원에서 요양하는 것보다는 나을 테니까. 독해 보이는 창백한 얼굴의 사형수. 내내 거칠고 불쾌하게 구는 저 녀석이나 잘못한 거 없이 쩔쩔 매는 고모나 어이없기는 마찬가지다. 다른 때 같았으면 “가관이네, 끝!”하고 바로 잊어버렸을 텐데, 어쩐지 마음이 울컥한다. 아, 이 남자...!  내 생애 마지막이 될 겨울의 어느 날, 만남의 방에 불려갔다. 찾아온 수녀에게 나 좀 건들지 말라고 못되게 말해줬다. 그런데, 창가에 서 있는 저 여자, 죽은 동생이 좋아했던 애국가를 부른 가수 문유정이다! 그녀는 다른 사람들처럼 동정도 어색한 기색도 없이 그저 서늘하게 나를 보고 있었다. 두 번째 만난 날. 억지로 왔다며 기분 더럽다며 신경질을 부리는 이 여자, 어쩐지 나를 보는 것만 같아 눈을 뗄 수 없다.  교도소 만남의 방. 두 사람이 마주 앉는다. 부유하고 화려한 여자와 가난하고 불우했던 남자. 너무도 다르지만, 똑같이 살아있다는 것을 견딜 수 없어하던 그들. 처음엔 삐딱하고 매몰찬 말들로 서로를 밀어내지만, 이내 서로가 닮았음을 알아챈다. 조금씩 경계를 풀고 서로를 들여다보기 시작하는 두 사람. 조그만 창으로 들어오는 햇살의 온기만큼 따스해져가는 마음. 그들은 비로소, 아무에게도 하지 못했던 ‘진짜 이야기’를 꺼내놓게 된다.  유정이 고백을 들은 윤수의 진심 어린 눈물은 유정의 상처를 아물게 하고, 윤수의 불행했던 과거와 꼬여버린 운명은 유정의 마음을 울린다. 상처로 상처를 위로하고 다독이면서 그들의 절망은 기적처럼 찬란한 행복감으로 바뀌어간다. 이제, 여자는 스스로 죽을 결심 따위는 할 수 없게 되고, 남자는 생애 처음 간절히 살고 싶어진다. 세상에 ‘사랑’이 있다는 것, 살아있다는 것의 기쁨을 알게 해준 서로가 더 없이 소중하다.",2006-09-14,120,"드라마, 로맨스",https://image.tmdb.org/t/p/w500/pq0IVXJOuIGHC0AqCkqiMazevNb.jpg,7.041,1.3694,MOVIE
우리 형,"1990년대 후반, 한 고등학교.. 같은 반에 연년생 형제가 재학중이다. 잘생긴 얼굴에 싸움까지 잘하는 '싸움 1등급' 동생-종현(원빈)과 한없이 다정하고 해맑은 '내신 1등급' 형-성현(신하균). 어린시절부터 형만 편애하던 어머니(김해숙) 때문에 17년째 교전중이던 형제는 어느날, 두형제가 동시에 인근지역 최고 퀸카-미령(이보영)에게 반하면서 2라운드에 돌입한다.  형제간에 그동안 참아왔던 감정이 폭발하며 대판 싸운 날, 성현은 그동안 동생에게 하지 못했던 말을 한다. “종현아! 내가 소원이 하나있는데.. 형이라고 한번만 불러줄래? 한번도 들어본 적이 없어서..."" 태어나 한번도 형을 형이라 부르지 않았던 동생과 동생이 자신의 첫사랑과 사귀는게 부러웠던 만큼, 자신만을 향한 어머니의 사랑이 부담스러웠던 만큼.. ...그만큼 동생에게 미안했던 형. 하지만 끝끝내 종현은 성현을 형이라 불러주지 않는데...",2004-10-08,112,드라마,https://image.tmdb.org/t/p/w500/6iX1nfAYCLd4ntl7nBmZXWOp8rp.jpg,7,1.6235,MOVIE
우아한 세계,"들개파 중간 보스 인구는 전원주택으로 이사가 청과물 도매업이나 하면서 지내고 싶어한다. 친구 현수의 조직과 충돌하는 것까지 감수하면서 아파트 시공사업권을 따낸 인구는 한밑천 장만해 은퇴할 꿈에 부풀지만, 보스 노 회장의 동생인 노상무가 이권을 탐내 그 앞길을 가로막는다. 게다가 가족문제도 있다. 아내 미령은 손을 씻겠다는 약속을 십년 동안 지키지 못한 남편에게 실망해 친정으로 떠나버리고, 10대인 딸 희순도 깡패인 아빠를 부끄러워한다. 인구는 가족을 되찾고 손을 씻기 위해, 무엇보다 살아남기 위해, 도시를 헤매며 분투한다.",2007-04-05,112,"액션, 코미디, 범죄",https://image.tmdb.org/t/p/w500/ptliZEZ5L62RKxm8VjK3GkYwOnK.jpg,6.469,1.4422,MOVIE
울학교 이티,"옹골찬 근육으로 다져진 특 1등급 건강인을 자부하는 천성근, 그는 우리나라 최고의 교육열을 자랑하는 영문고의 체육선생이다. 항상 4차원 안테나를 곧추 세워 촌지 냄새를 맡고, 학생들 싸움판을 찾아내어 십만원빵 내기 심판을 본다. 해뜨면 공차고, 비오면 자습으로 버텨온 철밥통 체육선생 10년 생활에 일생일대의 위기가 찾아온다.  치열해지는 입시전쟁을 치르기 위해 영문고는 체육선생을 자르고 그 자리에 영어선생을 대치하려는 초강수를 두게 된다. 해고1순위 천성근. 하늘이 무너져도 솟아날 구멍은 있다! 천성근은10년 전 짝사랑을 따라 쟁취한 영어교사 자격증을 생각해낸다. 천성근은 이제 외계인 이티가 아닌 잉글리쉬 티처 E.T가 되어야 하는데…  나는 영어선생으로 학생을 잘 가르칠 수 있다! Sure!를 영어로! Shit! 천성근의 놀라운 보직변경, 미션 임파서블이 시작된다.",2008-09-11,120,코미디,https://image.tmdb.org/t/p/w500/b5wOpOlOHh0M92ygqZv5FhTTGyj.jpg,6.5,1.404,MOVIE
원더풀 고스트,"딸 앞에선 바보지만 남의 일에는 1도 관심 없는 유도 관장 장수에게 의욕과다 경찰 출신 고스트 태진이 보이기 시작한다. 안 들리는 척, 안 보이는 척해도 장수에게 착! 달라붙은 고스트 태진은 그에게 자신과 함께 이 동네에서 일어나는 사건을 함께 수사할 것을 부탁하는데…인간과 고스트의 신들린 합동수사가 시작된다!",2018-09-26,97,"코미디, 판타지, 범죄, 드라마",https://image.tmdb.org/t/p/w500/gD3fq4IzpLDOcpV2V4zqabG8mxA.jpg,6.8,1.8241,MOVIE
원더풀 라디오,"폐지 직전의 라디오 프로그램 ‘원더풀 라디오’의 DJ 신진아. 국민 요정으로 잘 나가던 시절은 끝난 지 오래, 이제 그녀 곁에 남은 건 10년 차 열혈 매니저 ‘대근’과 유일한 생계 스케줄인 라디오 DJ 자리뿐이다. 하지만 자존심만큼은 전성기 시절 못지 않은 진아. 방송에서 막말하기, 멋대로 신청곡 바꿔 틀기 등 막가파식 진행을 고수하던 어느 날, 더 이상 내려갈 곳도 없는 ‘원더풀 라디오’의 청취율을 올리기 위해 ‘재혁’이 구원 PD로 긴급 투입된다.  그들의 특별한 생방송 지금, On-Air  재혁은 ‘원더풀 라디오’의 대대적 개편을 선언하고, 자신을 대놓고 무시하는 새 PD 재혁에 발끈한 진아는 청취자들이 출연해 각자의 사연을 노래로 전하는 ‘그대에게 부르는 노래’를 새 코너 아이디어로 제안한다. 방송 사고 수준의 처참한 첫 방송 이후 쏟아지는 비난에 낙담한 진아, 하지만 두 번째 출연자의 감동 어린 사연과 노래가 전파를 타며 기대 이상의 뜨거운 반응이 쏟아지기 시작하는데…!  연예계도 예상 못한 대형사고!  유쾌한 방송가 리얼 스토리가 시작된다!",2012-01-05,120,"로맨스, 코미디",https://image.tmdb.org/t/p/w500/5kH0GUs6zqcLILXaEqqVhdAm6dE.jpg,6.1,1.8653,MOVIE
원라인,"평범했던 대학생 ‘민재’는 모든 걸 속여 은행 돈을 빼내는,  일명 ‘작업 대출’계 전설의 베테랑 ‘장 과장’을 만나 업계의 샛별로 거듭난다.  환상의 케미를 자랑하며 돈이란 돈은 모두 쓸어 담던 5인의 신종 범죄 사기단!  그러나, 결코 서로를 믿을 수 없는 사기꾼들은 서서히 다른 속내를 드러내는데…  이름 나이 직업 모든 것을 속여라!  리얼 사기꾼들의 마지막 작업이 펼쳐진다!",2017-03-29,131,"범죄, 스릴러",https://image.tmdb.org/t/p/w500/wYRyzqMVjjtWA32EqbZKdWPUQcl.jpg,6.6,1.8279,MOVIE
원탁의 천사,"사기전과로 교도소 복역 중인 영규(임하룡)는 출소 전날, 조폭두목 장석조(김상중)의 강압에 못이겨 발야구를 하다가 뇌진탕으로 죽게 된다. 출감 후 아들 원탁(이민우)에게 최고의 아빠로 거듭나겠다는 꿈도 못 이룬 채 사망한 영규. 죽은 것도 억울한데 그를 찾아온 천사는 일 많다고 빨리 천국에 가자고 종용한다. 하지만 천국보다 아들이 더 소중한 영규는 아들에게 좋은 아빠로 남고 싶다며 ‘잠시만이라도 우리 원탁이의 가장 친한 친구가 되보고 싶다’ 고 말한다. 말이 씨가 된다고 했던가. 천사는 그의 소원을 말 그대~로 이뤄준다. 중년의 아빠 영규를 고딩 동훈이(하동훈)로 환생시켜버린 것이다. 한편, 천사에겐 영규 외에 거둬야 할 영혼이 또 하나 있었으니 그는 바로 영규의 감방동기, 장석조. 억세게 운 나쁘게 세상을 떠난 영규와는 달리 위풍당당하게 교도소 문을 나선 장석조는 조직이 완전히 와해된 사실을 알게 된다. 그에게 남은 것은 두뇌회전 안되는 부하 3명뿐. 석조는 믿을 수 없는 현실에 부들부들 떨며 80년 형 각 그랜저를 몰다가 폭주족들과 다툼을 벌이고 교통사고로 사망직전에 이른다. 이제 천사는 석조의 영혼을 온전히 거두면 임무완수! 하지만 그는 영규의 간곡한 부탁을 돕기 위해 석조의 육체를 빌어 고딩이 된 영규, 즉 하동훈의 인생에 개입하기 시작한다.",2006-08-24,105,"판타지, 코미디",https://image.tmdb.org/t/p/w500/yRh8lWpOsTmRDLw5Y2NmcxmmKKC.jpg,4,1.6023,MOVIE
웨딩드레스,"미안해, 우리 아가.. 엄마가 먼저 가서, 너무 미안해.  세상에서 젤 예쁜 내 보물 소라, 엄마는 소라에게 해주고 싶은 게 너무 많아. 우리 소라 좋아하는 게임기, 장난감도 많이 많이 사주고 싶어. 비 오는 날, 우산 잊고 가도 젖지 않게 엄마가 데리러 갈게 친구랑 싸우면 엄마가 멋있는 생일파티 열어줄 테니, 화해해. 멋지게 발레 하는 우리 소라 공연도 찾아가고, 소풍 가는 날 세상에서 제일 맛있는 김밥도 싸줄게.  해주고 싶은 건 너무 많은데, 시간이 너무 없다. 그래도 엄마가 제일 잘하고, 꼭 주고 싶었던 한 가지는 해주고 싶어. 소라를 위해 엄마가 만든 세상에 단 하나뿐인 웨딩드레스. 이 드레스 입은 우리 딸 꼭 보고 싶었는데… 세상에서 가장 아름다운 신부가 될 우리 소라랑 함께하지 못해서 엄마가 너무 미안해. 사랑한다. 소라야.",2010-01-14,109,드라마,https://image.tmdb.org/t/p/w500/5FJmuYRhdFWAQtoEjIgVQcZiPqI.jpg,7.4,1.2251,MOVIE
웰컴 투 동막골,"1950년 11월, 한국 전쟁이 한창이던 그 때, 태백산맥 줄기를 타고 함백산 절벽들 속에 자리 잡은 마을, 동막골. 이 곳에 추락한 P-47D 미 전투기 한 대. 추락한 전투기 안에는 연합군 병사 스미스가 있었다. 동막골에 살고있는 여일은 이 광경을 목격하고 소식을 전달하러 가던 중 인민군 리수화 일행을 만나게 되고 그들을 동막골로 데리고 온다. 바로 그 때, 자군 병력에서 이탈해 길을 잃은 국군 표현철과 문상상 일행이 동막골 촌장의 집까지 찾아 오게 되면서 국군, 인민군, 연합군이 동막골에 모이게 되고 긴장감은 극도로 고조되는데...",2005-08-04,133,"코미디, 드라마, 전쟁",https://image.tmdb.org/t/p/w500/uIkZzrwrA3gubrvnxpAtnA5BO2t.jpg,7.439,2.0013,MOVIE
위대한 유산,"365일 빨간날! 365일 빈둥빈둥 프로젝트  백화점 시식회, 형 등쳐먹기 등등 백수생활 지침서에 따라 열심히 살고 있는 창식, 탤런트가 꿈이지만 어설픈 연기력으로 매번 낙방하는 미영. 같은 동네 백수와 백조의 나와바리(?)가 뻔한 터. 먼산보고 길가다 정면 충돌한 백수 백조. 이 사고로 창식은 두주먹 불끈쥐고 있던 동전을 와르르 떨어뜨리고 말았다...  목숨보다 소중한 동전을 하나하나 주워보지만 모자란 100원! 사건의 주범인 미영에게 아무리 따져봐야 끝까지 100원은 못준다는데...  100원으로 불구대천지 앙숙이 된 남녀 창식과 미영... 그들앞에 도대체 무슨 일이 벌어진걸까??",2003-10-24,115,코미디,https://image.tmdb.org/t/p/w500/aUJOD4zNBJu5Gd1zFK4SnckBJlO.jpg,5.909,1.0937,MOVIE
위험한 상견례,"현지라는 가명으로 활동하고 있는 순정만화 작가인 전라도 순수 청년 현준. 펜팔에서 만난 경상도 여인 다홍과 알콩달콩 연애하며 사랑을 키워가던 그는 아버지의 강요로 선을 봐야 한다는 다홍의 말에 그녀와 결혼을 결심한다. 하지만 뼛속까지 경상도 남자인 다홍의 아버지로 인해 현준은 전라도 남자임을 감춰야 되는 상황이 벌어지는데…  서울말 특별 과외를 거쳐 압구정남으로 변신한 현준. 드디어 결혼을 승낙 받기 위해 부산에 위치한 다홍의 집으로 향하고, 다홍 가족과 대면한다. 왠지 음침한 다홍의 오빠 운봉을 시작으로 호시탐탐 현준의 흉을 찾으려는 노처녀 고모 영자, 경부선 밖은 나가본 적 없는 우아한 서울 여자인 어머니 춘자, 첫만남에 악수 대신 야구 공을 던지는 초강력 적수 아버지 영광, 거기에 언제 뒤따라 왔는지 현준의 아버지가 스파이로 보낸 형 대식까지.. 과연 현준은 이 모든 난관을 헤치고 다홍과 사랑을 이뤄낼 수 있을까?",2011-03-31,118,"코미디, 로맨스",https://image.tmdb.org/t/p/w500/g2nn7v8EIXE2uGpuxlBhS0etjj.jpg,6,1.3012,MOVIE
위험한 상견례 2,"은퇴를 앞둔 강력반 형사 아빠,  과학수사팀 리더 큰 언니, 경찰대학 교수 형부, 강력반 형사 둘째 언니, 온 가족이 경찰공무원인 집안의 막내,  전직 국가대표 펜싱선수이자 강남경찰서 마약 3팀 팀장 영희. … 7년 째 경찰고시생 남친 뒷바라지 중.  古(고)문화재 전문털이범 아빠, 각종 문서 위조 전문가 엄마  온 가족이 지명수배자인 집안의 귀한 외아들로 천재적 범죄성의 강점만을 물려받은 철수. … 7년 째 경찰공무원 시험 준비 중.  공직생활 동안 평생 쫓던 지명수배자의 아들은 사위로는 절대 안돼!  VS 철두철미한 방해공작(?)! 내 자식을 절대 경찰이 되게 할 수 없어!",2015-04-29,119,"로맨스, 코미디",https://image.tmdb.org/t/p/w500/fo7qyo4jO4SoaL7VLx4X79m8ZKK.jpg,6.2,1.2178,MOVIE
유감스러운 도시,"강력계 근성이 숨쉬고 있는 교통 경찰 ‘장충동’. 외부에 얼굴이 알려지지 않았다는 이유로 특수수사팀에 합류, 기업형 거대 조직의 새내기 조직원으로 잠입하는 일생일대의 특수 임무를 맡게 된다. 일명 ‘대가리’라 불리는 ‘문동식’의 수하가 되어 갖은 구박을 받던 ‘충동’은 특수수사팀의 계획적인 도움으로 조직의 보스 ‘양광섭’의 목숨을 구하고, 조직의 수뇌부로 인정받으며 급부상하게 된다.  한편 조직에서도 특수수사팀의 수사망을 피하기 위해 위장 잠입시킬 인재를 찾고 ‘이중대’가 그 임무를 맡게 된다. 물론, 얼굴이 알려지지 않았다는 이유로…. ‘중대’는 조직원이었을 때의 경험(?)을 십분 발휘해 강력계 사건들을 속속 해결하며 특수수사팀에 합류하게 된다. 그리고 내사과 ‘차세린’ 경위와 사랑에 빠지게 되고 이를 눈치 챈 조직의 2인자 ‘쌍칼’의 감시를 받게 된다.  경찰에서 조직원으로, 조직원에서 경찰로 모든 것이 바뀌어 버린 ‘장충동’과 ‘이중대’는 조직의 러시아 밀거래를 앞두고 속고 속이는 본격적인 임무수행을 시작하는데…. 물 만난 고기처럼 완벽하게 역할체인지 완료! 과연 그들은 본성을 숨기고 아슬아슬한 특수임무를 끝마칠 수 있을까??..",2009-01-22,121,"코미디, 액션, 범죄",https://image.tmdb.org/t/p/w500/ylAsAWpg8NXfNzKLIPlfdQ2juCh.jpg,4.9,1.6964,MOVIE
유공자,인간말종 노인네 박일래는 죽음을 앞두고 마지막 꿈인 유공자가 되기 위해 도전한다. 한국판 돈키호테 ‘박일래(朴日來:태양이 오길 기다리는 씨)’의 좌충우돌 유공자 도전기!,2021-03-01,83,"코미디, 드라마",https://image.tmdb.org/t/p/w500/cYNrLEWil6leoBOf7t1e9KMeQxD.jpg,0,0.6589,MOVIE
유리정원,"엽록체를 이용한 인공혈액을 연구하던 과학도 ‘재연’(문근영)은 후배에게 연구 아이템을 도둑맞고 사랑하는 사람마저 빼앗겨 어릴 적 자랐던 숲 속의 유리정원 안에 스스로를 고립한다.  한편, 첫 소설의 실패로 슬럼프를 겪던 무명작가 ‘지훈’(김태훈)은 우연히 알게 된 재연의 삶을 훔쳐보며 초록의 피가 흐르는 여인에 대한 소설을 연재해 순식간에 인기 작가 반열에 오른다.  그러던 어느 날, 충격적인 미제 사건의 범인으로 재연이 지목되고, 이 사건이 지훈의 소설 속 이야기와 동일하다는 사실이 알려지면서 세상을 시끄럽게 만드는데...  과연 재연의 유리정원에서 무슨 일이 일어났던 것일까?",2017-10-25,116,"드라마, 미스터리",https://image.tmdb.org/t/p/w500/zHvUv8SkH78GwR8lIQUmRUOOlcJ.jpg,6.167,0.9634,MOVIE
유열의 음악앨범,"1994년 가수 유열이 라디오 DJ를 처음 진행하던 날, 엄마가 남겨준 빵집에서 일하던 미수는 우연히 찾아 온 현우를 만나 설레는 감정을 느끼게 되지만 뜻하지 않은 사건으로 인해 연락이 끊기게 된다. 다시 기적처럼 마주친 두 사람은 설렘과 애틋함 사이에서 마음을 키워 가지만 서로의 상황과 시간은 자꾸 어긋나기만 한다. 계속되는 엇갈림 속에서도 라디오 ‘유열의 음악앨범’과 함께 우연과 필연을 반복하는 두 사람… 함께 듣던 라디오처럼 그들은 서로의 주파수를 맞출 수 있을까?",2019-08-28,122,"로맨스, 드라마",https://image.tmdb.org/t/p/w500/rt8yDvXSnk9CMDJeNYh9lv6kPMt.jpg,7.723,2.9333,MOVIE
유체이탈자,"교통사고 현장에서 눈을 뜬 한 남자. 거울에 비친 낯선 얼굴과 이름, 자신이 누구인지 기억이 나지 않는다.  잠시 후, 또 다른 사람의 몸에서 깨어난 남자. 그는 12시간마다 몸이 바뀐다는 사실을 깨닫게 되고, 자신을 둘러싼 사람들 사이의 연결고리를 찾기 시작한다. 모두가 혈안이 되어 쫓고 있는 사람이 바로 자신임을 직감한 남자, 자신을 찾기 위한 사투를 시작하는데…",2021-10-17,108,"액션, 미스터리, 스릴러, 판타지",https://image.tmdb.org/t/p/w500/jsJluzrVEkQBYYkTNj3FQJ0LkAM.jpg,6.4,1.8134,MOVIE
육혈포 강도단,"8년간 힘들게 모은 하와이 여행자금을 은행 강도에게 빼앗긴 세 명의 할머니(나문희, 김수미, 김혜옥)는 은행을 털기로 일생일대의 결심을 하고, 전문은행강도(임창정)를 협박해 비법을 전수받기 시작한다. 용감무쌍한 평균나이 65세 할머니들의 기상천외한 은행강도 특공훈련이 시작되고 드디어 권총을 든 복면강도로 변신한 그들은 인질극까지 벌이며 은행을 점거한다! 과연 이들은 무사히 은행을 털고 837만원을 훔쳐 하와이로 떠날 수 있을까?",2010-03-18,107,"범죄, 코미디, 액션",https://image.tmdb.org/t/p/w500/8xAXWKA900dymNyVP52w0AFw0eZ.jpg,6.9,1.0743,MOVIE
은교,"한적한 산 속, 제자이자 이적요를 아버지처럼 모시는 소설가 서지우만이 드나드는 노시인 이적요의 집에 어느 날 우연히 여고생 은교가 나타난다. 집안일을 돕게 된 은교가 맑은 웃음소리를 내고, 이적요는 그녀의 젊고 순수하면서도 관능미를 갖고 있는 싱그러운 육체에 매료된다. 한편 스승을 존경하는 한편 손에 잡히지 않는 스승의 재능과 소녀 은교를 향한 질투심으로 갈등하는 제자의 열패감도 소리없이 늘어가며, 질투와 매혹으로 뒤얽힌 세 사람의 숨겨진 이야기가 펼쳐지는데...",2012-04-25,129,"드라마, 로맨스",https://image.tmdb.org/t/p/w500/tyT8i7zOfMvge8cOoYin0wLSHeL.jpg,6.712,4.0442,MOVIE
음란서생,"명망 높은 사대부 집안 자제이자 당대 최고의 문장가로 알려진 윤서에게 권력은 쫓기에 허망한 것이요, 당파 싸움은 논하기에 그저 덧없는 것. 권태로운 양반 라이프를 살아가던 윤서는 반대파의 모략으로 골치 아픈 사건을 맡게 되고, 이 와중에 저잣거리 유기전에서 일생 처음 보는 난잡한 책을 접하게 되면서 알 수 없는 흥분을 느낀다. 윤서는 급기야 몸소 음란소설을 써 보는 용기를 발휘하게 되는데...",2006-02-23,139,"로맨스, 코미디",https://image.tmdb.org/t/p/w500/dvyx9tQ8XnUvjuT4Jp4XnPjVHlS.jpg,5.4,1.6332,MOVIE
음치클리닉,"빈대떡집을 운영하는 엄마에게 물려받은 모태 음치, 게다가 여자도 남자도 아닌 애매한 음역대를 자랑하던 동주는 숨소리 마저 저질성대라는 놀림을 받고 지푸라기라도 잡는 심정으로 음치 클리닉을 찾는다. 돈 없고 시간도 없었던 동주는 체계적이고 과학적인 지도방식을 강조하는 Dr.목 음치 클리닉의 반값 특별할인에 눈이 멀어 여고생으로 변장, 속성반에 등록한다.  한편, 추레한 차림새와 냄새 나는 몸만 빼면 바로 가수로 데뷔해도 될 실력을 가진 완치율 100%의 스타강사 신홍은 그가 난생 처음 발견한 강력한 음치 말기 환자 동주의 등장으로 인생 최대의 위기에 처한다. 별의별 사연(?)을 가진 사람들이 모인 음치, 박치, 몸치들의 집합소인 Dr.목 음치 클리닉이지만 그 중에서도 최악의 성격 불량, 성대는 더 불량인 동주와 지옥의 특별훈련에 돌입한 신홍은, 사건사고 마를 날 없는 멘붕 직전의 나날들을 맞이하게 되는데…  11월, 목놓아 웃겨드립니다~!",2012-11-29,124,"로맨스, 드라마, 코미디",https://image.tmdb.org/t/p/w500/kGNpmJD7Hap2zzSXltrG2pL2n8T.jpg,6.4,1.2342,MOVIE
의뢰인,"피로 물든 침대, 사라진 시체, 그리고 살인 혐의.. 재판이 끝나기 전까진 누구도 믿을 수 없다!  시체 없는 살인사건, 그러나 명백한 정황으로 붙잡힌 용의자는 피살자의 남편. 여기에 투입된 변호사와 검사의 치열한 공방과 배심원을 놓고 벌이는 그들의 최후 반론. 어떤 결말도 예상할 수 없는 치열한 법정 대결, 이제 당신을 배심원으로 초대한다!",2011-09-29,123,"드라마, 스릴러",https://image.tmdb.org/t/p/w500/YQ5WrklhsUwh8YBoK3Q3IQQs2f.jpg,6.9,1.5511,MOVIE
의형제,"작전 실패의 책임을 지고 한규는 국정원에서 파면당하고, 남파 공작원 지원은 배신자로 낙인 찍혀 북에서 버림받는다.  6년 후, 우연히 마주친 두 사람은 서로의 신분을 속이고 각자의 목적을 위해 함께 하게 된다. 그러나 시간이 지날수록 친구로서 남자로서 서로를 이해하기 시작한다. 그러던 어느 날, 지원에게 6년 전 그날처럼 북으로부터 지령이 내려오게 되고  한규와 지원은 인생을 건 마지막 선택을 하게 된다.",2010-02-04,116,"스릴러, 액션, 드라마",https://image.tmdb.org/t/p/w500/mgHYCmfmFnnKCbrR42hZTNbeq4n.jpg,6.436,1.845,MOVIE
이것이 법이다,"가슴에 타롯 한 장이 꽂인 채 잔인하게 살해당한 시체가 발견된다. 피해자는 강간살해 용의자로 지명되었지만 법정에서 증거 불충분으로 무죄 판결을 받은 바 있는 막강한 재력가의 아들. 곧이어 살해 장면은 살인범이 개설한 것으로 보이는 인터넷 홈페이지를 통해 방송되어지기에 이른다. 현실의 법으로 제제가 불가능한 사회의 쓰레기들을 자신의 법으로 처단하겠다는 연쇄살인범은 자신의 정당성을 인터넷 홈페이지를 통해 알리고 살인은 계속될 것이라는 경고성 글을 남긴다. 이 문제의 홈페이지는 폭발적인 조회수를 기록하는 기현상을 보이고, 이 지능적인 연쇄살인범에 속수무책으로 당하던 경찰은 자구책으로 봉 형사(임원희 분), 하 형사(장항선 분)가 소속된 강력반과 표형사(김민종 분), 강형사(신은경 분)의 특수부를 중심으로 특별수사반을 구성, 수장으로는 노련한 형사 김 반장(주현 분)을 임명한다.  사건을 해결하기 위해 구성된 특별수사반은 강력반과 특수부의 만남부터 삐걱거린다. 말보다는 주먹이 먼저인 다혈질 성격의 봉 형사와 냉철하고 엘리트적 사고 방식을 지닌 표형사는 서로의 수사 스타일 자체가 마음에 들지 않지만 어쩔 수 없이 사건을 함께 풀어 나가야 하는 상황. 봉형사는 표형사를 비롯한 특수부가 영 내키지 않지만 섹시하고 시원시원한 강형사(신은경 분)에 대한 애정만큼은 각별하다. 사사건건 부딪히며, 두 형사는 조금씩 연쇄살인범에게 접근해 가지만 지능적인 범인은 좀처럼 모습을 드러내지 않는다. 소재를 파악하고 출동할 때 마다 유유히 그 장소를 빠져나가는 범인. 여기에 특별수사반 사무실에 도청장치가 발견되면서 내부에 공범이 있다는 의문이 제기되고 강력반과 특수부의 갈등 속에 사건은 더욱 미궁으로 빠져가게 되는데.",2001-12-21,115,"액션, 범죄",https://image.tmdb.org/t/p/w500/k6PzpSljGZFTdi28ONymFdDVtGu.jpg,5.6,1.3846,MOVIE
이별의 목적,오랜 연인 ‘은찬’에게 갑작스런 이별을 통보 받은 ‘나린’. 쉽사리 이별을 받아들일 수 없었던 ‘나린’은 한 달 간의 유예기간을 두고 ‘은찬’의 마음을 되돌리고자 한다. 하지만 ‘나린’은 ‘사랑의 역사’ 앨범 제작 프로젝트에 뛰어들면서 누구보다 ‘이별’에 대해 고민해야하는 위치에 놓이게 되는데…,2018-09-10,96,"드라마, 로맨스",https://image.tmdb.org/t/p/w500/cwrvYnKtab7RhePaxyYAAnTfPoS.jpg,4.5,1.0362,MOVIE
이쁜 것들이 되어라,"49등의 성적표를 받아 온 13세 정도는 엄마에게 두들겨 맞기 일쑤다. 자식의 교육에 있어 오히려 제도권 교육이 신통치 않다고 여긴 정도의 엄마는, 급기야 정도의 중학교 자퇴를 감행하게 되고, 이 후 엄청난 과외를 통해 정도의 성적향상에 억척스럽게 집착하기 시작한다. 그렇게 정도는 검정고시들을 패스하고, 결국 서울대- 그것도 법대에 합격하게 된다. 정도가 꿈이라고만 생각했던, 서울대 법대에 들어간 그 해. 정도의 엄마는 뭔가를 다 이룬 듯 홀연히 세상을 떠나시게 되고, 이 후 사법고시를 10년째 패스 하지 못한 채, 틈틈이 입시생 과외 알바 따위를 하며 지긋지긋한 고시생 생활을 근근이 이어나가게 되는 정도. 혼기가 찬 정도는 현재, 부잣집 딸 진경이와 교제하고 있다. 그녀와의 결혼에 있어서의 필수조건은 사시 패스만이 유일한 길임을 이미 너무나 잘 알고 있는 정도. 하지만 마음처럼 사시공부에만 전념할 수도 없는 궁핍한 상황에 엎친 데 덮친 격으로 곧 있으면 폐암으로 돌아가실 아버지 재웅의 병원비를 감당하기 위해서는 정들었던 고향집마저 팔아야 할 지경이다. 언제나 능글맞고 뻔뻔하게 외도의 삶을 살아온 아버지가 못마땅하기만 한 정도에게 그는 이제 언제나 눈엣가시 같은 존재로만 느껴진다.  그런 정도 앞에 재웅의 옛 예인이었던 은경의 딸. 경희가 찾아 온다.",2014-04-17,99,"드라마, 코미디, 가족, 로맨스",https://image.tmdb.org/t/p/w500/qH6tfjdxKYa73pt46XNglq2jlz3.jpg,0,0.7344,MOVIE
이상한 나라의 수학자,학문의 자유를 갈망하며 탈북한 천재 수학자 이학성. 그는 자신의 신분과 사연을 숨긴 채 상위 1%의 영재들이 모인 자사고의 경비원으로 살아간다. 차갑고 무뚝뚝한 표정으로 학생들의 기피 대상 1호인 이학성은 어느 날 자신의 정체를 알게 된 뒤 수학을 가르쳐 달라 조르는  수학을 포기한 고등학생 한지우를 만난다. 정답만을 찾는 세상에서 방황하던 한지우에게 올바른 풀이 과정을 찾아나가는 법을 가르치며 이학성 역시 뜻하지 않은 삶의 전환점을 맞게 된다.,2022-03-18,117,드라마,https://image.tmdb.org/t/p/w500/xiRoo0w89hDAFMnMFaIQMaHnbBJ.jpg,8,1.7344,MOVIE
이웃사람,"죽은 소녀도,  살인마도,  그를 막는 사람들도 모두  202호 소녀의 죽음, 그리고 열흘 간격으로 발생하는 연쇄살인사건  범인의 실마리는 잡히지 않고, 강산맨션의 이웃사람들은 공포에 떤다.  그러던 중 이웃사람들은 수십 만원대의 수도세, 사건발생일마다 배달시키는 피자,  사체가 담긴 가방과 똑 같은 가방을 사 간 102호 남자를 의심하기 시작한다.  그리고 살인마 또한 이웃사람들을 눈치채기 시작하고, 두 번째 소녀의 죽음을 막기 위한  마지막 대결이 시작되는데…",2012-08-22,110,"스릴러, 미스터리",https://image.tmdb.org/t/p/w500/61gv4CM3dQdSp6XMkW5NfcsYEl2.jpg,7.3,2.8126,MOVIE
이웃사촌,백수가장 좌천위기 도청팀장 대권은 팀원들과 함께 해외에서 입국하자마자 자택 격리된 정치인 가족을 24시간 감시하라는 미션을 받는다. 이웃집으로 위장 이사온 도청팀원들은 라디오 사연 신청부터 한밤중에 나는 부스럭 소리까지 수상한 가족들의 모든 소리와 행동을 감시하면서 새로운 비밀들을 하나씩 발견하게 되는데…,2020-11-25,130,"드라마, 코미디",https://image.tmdb.org/t/p/w500/kxpDRY5qVP2JSP98Xqi2WKPWjm3.jpg,7.5,1.6741,MOVIE
이웃집 스타,"나야 나! 톱스타 한스타 한혜미. 손가락만 까딱~해도 이슈가 되는 스캔들메이커 한혜미.  떠오르는 아이돌 스타 갓지훈과 또 다시 핑크빛 열애설로 화제의 중심에 오르다! 가만 안 둬! 내가 바로 한스타 악플러 한소은. 톱스타이자 엄마 한혜미와 한 집인 듯 한 집 아닌 이웃살이를 하고 있는 여중생. 감히 우리 오빠 갓지훈과 열애설이 난 철없는 엄마 전담 악플러로 변신하다! 들키면 큰일 날 비밀 동거 사이! 열애설로 한스타와 소은의 신경전이 계속되는 가운데, 사람들의 관심은 점점 밝혀져서는 안될 두 사람의 비밀 이웃살이에 대한 의심으로 변하게 된다. 두 지붕, 한 가족, 모녀 사이인 한스타와 소은은 함께 이 위기를 헤쳐나갈 수 있을까?",2017-09-21,98,코미디,https://image.tmdb.org/t/p/w500/cwrjPlEkGmtzX6jFfugdRGNI9ep.jpg,6.8,1.0921,MOVIE
이장과 군수,"평화롭고 한적한 충청도 산골마을 강덕군 산촌 2리. 마을 단합대회를 열던 날, 마을 이장의 갑작스러운 죽음으로 인해 산촌 2리는 새로운 이장을 뽑게 된다. 이번엔 젊은 놈으로 이장을 시키라는 마을 최고어른의 말씀에 의해 자신의 의지와는 상관없이 단독후보로 나서게 된 산촌 2리 대표 노총각 조춘삼(차승원 분)은 얼떨결에 초고속, 최연소 이장으로 전격 선출된다.  평소 동네 노인네들과 함께 고스톱치기를 일삼고 치매에 걸린 아버지를 부양하던 평범한 시골 노총각 춘삼은 갑작스러운 이장 감투가 부담스럽기만 하다. 그러던 어느 날 춘삼은 어린 시절, 자기 밑에서 꼬봉 노릇이나 하던 노대규(유해진 분)가 군수에 출마한다는 소식을 접하게 되고, 묘한 경쟁심과 시기심에 사로잡힌다. 결국 대규가 최연소 군수가 되고 이들은 과거의 만년 반장과 부반장에서 이장과 군수라는 뒤바뀐 위치로 재회한다.  산촌2리를 휘어잡던 얼짱, 몸짱에 반장출신의 현직 이장 춘삼과 어린시절 춘삼에게 치인 아픈 기억 때문에 더 생색을 내는 군수 대규는, 한때 잘 나갔던 과거에 대한 자존심을 내세우는 춘삼의 주도 면밀한 딴지걸기로 사사건건 충돌하게 되는데… 사사건건 시비에 오나가나 딴지! 초코파이로 시작된 이들의 머쉬멜로우만큼 질긴 인연은 과연 어떻게 정리될 것인가!!!",2007-03-28,113,코미디,https://image.tmdb.org/t/p/w500/ng9Kx3U14htaucXSPOOxOMl7o4O.jpg,6.7,1.3506,MOVIE
이타미 준의 바다,"“안녕하세요. 이타미 준 입니다. 한국말이 서툴러서 미안합니다.” 일본에서 태어난 한국인 건축가 이타미 준(본명 유동룡). 사람을 위한 따뜻한 건축을 하고자 평생을 노력했던 그가 남긴 건축을 통해 그의 삶을 따라가 본다. 그 장소와 사람들을 위해 존재하는 시간의 건축 그리고 한국과 일본, 시미즈와 제주 사이에서 자신만의 길을 걸었던 한 건축가의 이야기.",2019-08-15,112,다큐멘터리,https://image.tmdb.org/t/p/w500/6x8fwzOnxqG8QI1YBxC5s1RY6xV.jpg,0,1.2986,MOVIE
인간중독,"베트남전이 막바지로 치달아가던 1969년, 엄격한 위계질서와 상하관계로 지배되는 군관사. 모두의 신임을 받으며 승승장구 중인 교육대장 김진평과 남편을 장군으로 만들려는 야망을 가진 진평의 아내 이숙진. 어느 날, 김진평의 부하로 충성을 맹세하는 경우진과 그의 아내 종가흔이 이사를 온다. 진평은 우진의 아내 가흔에게 첫 만남부터 강렬한 떨림을 느끼는데…",2014-05-14,132,"드라마, 로맨스",https://image.tmdb.org/t/p/w500/fYrFH2WlCEUNuR85JturV77uOBU.jpg,6.7,15.7382,MOVIE
인랑,"남북한 정부가 통일준비 5개년 계획을 선포한 후, 강대국의 경제 제재가 이어지고,  민생이 악화되는 등 지옥 같은 시간이 이어지고 있는 혼돈의 2029년. 자원은 고갈되고 빈곤층이 늘어나면서 도시가 황폐해지자, 통일에 반대하는 반정부 무장테러단체 섹트가 등장한다. 섹트를 진압하기 위해 설립된 대통령 직속의 새로운 경찰조직 특기대는 정국의 주도권을 장악하고, 이에 입지가 줄어든 정보기관공안부는 특기대를 말살할 음모를 꾸민다. 절대 권력기관 간의 피비린내 나는 암투 사이, 특기대 내 비밀조직 인랑에 대한 소문이 떠도는데...",2018-07-25,139,"SF, 액션, 스릴러, 드라마",https://image.tmdb.org/t/p/w500/9kAjGEOLWF1FXZy5DgghdoCD4OO.jpg,6.277,4.3121,MOVIE
인사동 스캔들,"400년전 사라졌던 한 그림의 복원 프로젝트가 전국민의 관심 속에 세상에 공개된다. 복원에 성공한다면 한국 최고가로 경매될 것이 틀림없을 안견의 '벽안도'. 그 그림을 손에 넣은 미술계의 큰 손 갤러리 '비문'의 배태진 회장은 신의 손을 가졌다는 복원 전문가 이강준을 스카우트하고 400억짜리 벽안도 살리기 작업에 나선다. 그러나 귀신 같은 손놀림으로 무엇이든 베껴내는 이강준과 원하는 그림이면 사기든, 살인이든 어떤 방법을 동원해서라도 자신의 손에 넣고 마는 배태진의 마음속에는 서로 다른 속셈이 존재하는데...",2009-04-29,109,"범죄, 스릴러",https://image.tmdb.org/t/p/w500/15FBuIy5dMlLIFKA9R614qpwl4x.jpg,5.8,1.2184,MOVIE
인생은 아름다워,무뚝뚝한 남편 진봉과 무심한 아들딸을 위해 헌신하며 살아온 세연은 어느 날 자신에게 시간이 얼마 남지 않았다는 것을 알게 된다. 한치 앞도 알 수 없는 인생에 서글퍼진 세연은 마지막 생일 선물로 문득 떠오른 자신의 첫사랑을 찾아달라는 황당한 요구를 한다. 막무가내로 우기는 아내의 고집에 어쩔 수 없이 여행길에 따라나선 진봉은 아무런 단서도 없이 이름 석자만 가지고 무작정 전국 방방곡곡을 누빈다. 시도 때도 없이 티격태격 다투던 두 사람은 가는 곳곳마다 자신들의 찬란했던 지난날 소중한 기억을 하나 둘 떠올리는데...,2022-09-28,122,"음악, 드라마, 로맨스",https://image.tmdb.org/t/p/w500/pZG6SMsRij6MHeRa9wjUAxneDei.jpg,6.9,4.0421,MOVIE
인어공주,"나영은 때밀이로 맹활약 중인 억척 엄마와 착해서 더 답답한 아빠와의 생활이 지긋지긋하다. 안그래도 '엄마, 아빠'라는 존재가 불만스럽기만 한 이 상황에 아빠는 갑자기 집을 나가버리고, 할 수 없이 아빠를 찾아 엄마, 아빠의 고향인 섬마을로 간 나영. 하지만 그 곳에서 꿈에도 생각지 못했던 사람을 만나게 되는데...",2004-06-30,110,"로맨스, 판타지",https://image.tmdb.org/t/p/w500/hGYOX3PH8xIBa2NohOWDJVTf37i.jpg,6.667,0.9478,MOVIE
인질의 극,"은행에 들어가 싸구려 빗을 팔던 잡상인 이영배는 은행 강도로 돌변한다. 곧이어 은행 안에선 인질극이 벌어지게 되는데, 인질범은 이영배가 아닌 은행 직원인 김순태 과장.이영배의 협박으로 졸지에 인질범 역할을 맡게 된 은행직원 김순태는 평범한 샐러리맨이자 30대 후반의 가장이다. 그는 총을 손에 쥐고 어정쩡히 낯설어 하다가 감정의 폭주를 일으키게 된다.",2017-07-15,115,"드라마, 스릴러",https://image.tmdb.org/t/p/w500/A7NVAEEXzmdLRqj6tMjZRIEdguO.jpg,6,0.415,MOVIE
인천상륙작전,"1950년 6월 25일 북한의 기습 남침으로 불과 사흘 만에 서울 함락, 한 달 만에 낙동강 지역을 제외한 한반도 전 지역을 빼앗기게 된 대한민국. 국제연합군 최고사령관 더글라스 맥아더는 모두의 반대 속 인천상륙작전을 계획한다. 불가능에 가까운 작전. 이를 가능케 하는 것은 단 하나, 인천으로 가는 길이 확보되어야 하는 것뿐이다. 맥아더의 지시로 대북 첩보작전 ‘X-RAY’에 투입된 해군 첩보부대 대위 장학수는 북한군으로 위장 잠입해 인천 내 동태를 살피며 정보를 수집하기 시작한다. 하지만 인천 방어사령관 림계진에 의해 정체가 발각되는 위기에 놓인 가운데 장학수와 그의 부대원들은 전세를 바꿀 단 한번의 기회, 단 하루의 작전을 위해 인천상륙 함대를 유도하는 위험천만한 임무에 나서는데...",2016-07-27,110,"역사, 드라마, 전쟁, 액션",https://image.tmdb.org/t/p/w500/h44Sm0A0M0KdI4aQnrbBVypeAad.jpg,5.814,3.495,MOVIE
임금님의 사건수첩,"모든 사건은 직접 파헤쳐야 직성이 풀리는 총명한 왕 예종. 그를 보좌하기 위해 학식, 가문, 외모(?)는 물론 한 번 본 것은 절대 잊지 않는 비상한 재주까지 겸비한 신입사관 이서가 임명된다. 하지만 의욕과 달리 어리바리한 행동을 일삼던 이서는 예종의 따가운 눈총을 한 몸에 받으며 고된 궁궐 생활을 시작한다. 때마침 한양에 괴이한 소문이 돌기 시작하고, 예종은 모든 소문과 사건이 심상치 않음을 직감한다. 예종과 이서는 모든 과학적 지식과 견문을 총동원, 괴소문의 실체를 파헤치기 위해 나서는데…",2017-04-26,114,"모험, 액션, 코미디",https://image.tmdb.org/t/p/w500/fqsSktsoknoogAeAS3Mv3mNCiOG.jpg,6.8,1.2053,MOVIE
자전차왕 엄복동,"일제강점기, 일본에서는 조선의 민족의식을 꺾고 그들의 지배력을 과시하기 위해 전조선자전차대회를 개최한다. 하지만 일본 최고의 선수들을 제치고 조선인 최초로 우승을 차지한 엄복동의 등장으로 일본의 계략은 실패로 돌아가고, 계속되는 무패행진으로 ‘민족 영웅’으로 떠오른 그의 존재에 조선 전역은 들끓기 시작한다. 때맞춰 애국단의 활약까지 거세지자 위기감을 느낀 일본은 엄복동의 우승을 막고 조선인들의 사기를 꺾기 위해 최후의 자전차 대회를 개최하는데...",2019-02-27,118,드라마,https://image.tmdb.org/t/p/w500/zFLAZe7W95FBtmt19mTYzMSp4Ep.jpg,6.7,1.2897,MOVIE
작업의 정석,"작업계의 대표선수 민준과 지원이 만났다. 선수는 선수를 알아보는 법! 작업계의 고수로 소문난 이들에게 민준과 지원은 결코 호락호락한 상대가 아니다. 보통 남녀에게 하는 방법으로 슬쩍 서로를 떠보는 우리의 작업남녀! 하지만 이들에게 평범한 작업버전이 통할 리 없다. 드디어, 그 동안 갈고 닦은 비장의 작업기술을 실전 테스트해볼 상대를 만난 민준과 지원의 작업대결은 슬슬 달아오르기 시작한다.  드디어 적수를 만났다를 외치며 쾌재를 불렀던 두 사람. 치밀한 물 밑 작업을 거쳐 본격 작업 대결에 들어간 민준과 지원이건만, 백발백중 먹혔던 그들의 작업은 자꾸만 삑사리를 친다. 절대지존으로써 작업 내공은 무너질대로 무너지고 최고의 작업 선수라는 자부심마저 흔들리기 시작할 때! 자신만만 지원의 화려한 작업 노하우도, 여유만만 민준의 노련한 작업 테크닉도, 자연스러운 마음의 움직임을 당해낼 비법은 없음을 어렴풋이 깨달아가기 시작한다.  하지만, 진정한 프로는 승부를 보기 전까진 경기를 멈추지 않는 법. 작업의 진검승부를 펼치는 마지막 승자는 누가 될 것인가? 그리고 수많은 작업에서 살아남은 자에게만 주어지는 로맨스의 달콤함을 그들도 누릴 수 있는 걸까?",2005-12-21,100,"로맨스, 코미디",https://image.tmdb.org/t/p/w500/6Uh7FIgyzBvcM3G9m9TIMMEmmdi.jpg,5.9,1.3535,MOVIE
잡아야 산다,잘나가는 CEO 쌍칼 승주와 강력계 허탕 형사 정택. 20년 지기 친구는 개뿔! 서로 으르렁 거리기만 하던 두 사람이 웬일로 의기투합했다. 개념 따위는 시원하게 말아드신 고딩 4인방에게 퍽치기 당해 지갑과 핸드폰까지 몽땅 털린 승주. 건수 하나 잡을까 얼떨결에 끼어들었다가 띠동갑도 넘는 고딩들에게 총까지 뺏긴 정택. 목숨같은 물건까지 털리고 개망신 제대로 당한 형님들과 달밤에 형님들 똥개 훈련시키는 고딩 4인방의 예측 불허 추격전이 펼쳐지는데...,2016-01-07,96,"액션, 코미디",https://image.tmdb.org/t/p/w500/sLKNrWnFIfdOioFp5H5w2wESAv6.jpg,6.2,0.8183,MOVIE
장례식의 멤버,"희준의 장례식장에 한 가족이 모인다. 아버지, 딸 이렇게 두 사람은 각각 희준과의 추억이 있다. 아버지는 희준의 어머니가 운영하는 떡볶이 포장마차에서 처음으로 만났다. 희준은 그와의 이상한 만남을 소설로 쓴다. 어머니는 학교의 국어선생님으로 만났다. 희준은 그녀에게 자신이 쓰고 있는 소설을 보여준다. 딸과는 친구로 만났다. 두 사람은 서로의 관심사를 나누는 친구로 지낸다.",2008-10-04,98,"미스터리, 드라마",https://image.tmdb.org/t/p/w500/lqSl6mlV9gZg9gL6JFoZsNWfVrJ.jpg,6.8,0.9914,MOVIE
장사리: 잊혀진 영웅들,"인천상륙작전 D-1, 이명준 대위가 이끄는 유격대와 전투 경험이 없는 학도병들을 태운 문산호는 인천상륙작전의 양동작전인 장사상륙작전을 위해 장사리로 향한다. 평균나이 17세, 훈련기간 단 2주에 불과했던 772명 학도병들이 악천후 속에서 소나기처럼 쏟아지는 총알을 맞으며 상륙을 시도하는데…",2019-09-25,104,"드라마, 역사, 전쟁",https://image.tmdb.org/t/p/w500/qAUUabPHHxELQpkF7r5bQK776PS.jpg,6.711,2.6059,MOVIE
장산범,"도시를 떠나 장산으로 이사 온 희연은  무언가에 겁을 먹고 혼자 숲 속에 숨어있는 여자애를 만난다. 희연은 소녀를 집으로 데려오지만, 남편은 딸 준희의 목소리를 흉내 내는 이 소녀를 수상하게 여긴다. 소녀가 찾아온 뒤 하나 둘씩 실종되는 사람들  사라진 시어머니와 남편… 그리고 들려오는 그것의 목소리. 누군가 우리 가족의 목소리를 흉내 내고 있다!",2017-08-17,100,"공포, 스릴러",https://image.tmdb.org/t/p/w500/uikIlnqa3LncwISe3136b7lJ28J.jpg,6.325,2.0342,MOVIE
장수상회,"온 동네가 바라는 첫사랑이 시작된다!  틈만 나면 버럭,  융통성이라곤 전혀 없는 까칠한 노신사 `성칠`.  장수마트를 지켜온 오랜 모범 직원인 그는 해병대 출신이라는 자부심은 넘쳐도 배려심, 다정함 따윈 잊은 지 오래다.  그런 성칠의 앞집으로 이사 온 고운 외모의 ‘금님’.  퉁명스러운 공세에도 언제나 환한 미소를 보여주는 소녀 같은 그녀의 모습에 성칠은 당혹스러워 하고, 그런 그에게 갑작스레 금님은 저녁을 먹자고 제안한다.  무심한 척 했지만 떨리는 마음을 감출 수 없는 성칠!  장수마트 사장 ‘장수’는 비밀리에 성칠에게 첫 데이트를 위한 노하우를 전수하고 성칠과 금님의 만남은 온 동네 사람들은 물론 금님의 딸 ‘민정’까지 알게 된다.  모두의 응원에 힘입어 첫 데이트를 무사히 마친 성칠은 어색하고 서툴지만, 금님과의 설레는 만남을 이어간다.  그러던 어느 날,  성칠이 금님과의 중요한 약속을 잊어 버리는 일이 발생하고 뒤늦게 약속 장소에서 금님을 애타게 찾던 성칠은 자신만 몰랐던 그녀의 비밀을 알게 되는데…  인생 가장 빛나는 순간 시작된 러브스토리  마지막 사랑의 비밀이 밝혀진다!",2015-04-09,112,"코미디, 로맨스",https://image.tmdb.org/t/p/w500/vwqELvAdo9NVtu3W0kFCMu6bGXb.jpg,7.9,1.2219,MOVIE
"장화, 홍련","인적이 드문 시골, 이름 모를 들꽃들이 소담하게 피어 있는 신작로 끝에 일본식 목재 가옥이 홀로 서 있다. 낮이면 피아노 소리가 들려 올 듯 아름다운 그 집은 그러나,어둠이 내리면 귀기 서린 음산함을 뿜기 시작한다. 예사롭지 않은 기운이 서려 있는 이 집에서 어른도 아이도 아닌 아름다운 두자매. 수미.수연이, 아름답지만 신경이 예민한 새엄마와 함께 살게 된 그날. 그 가족의 괴담이 시작된다.",2003-06-13,115,"드라마, 공포, 미스터리",https://image.tmdb.org/t/p/w500/xsbh58JyVh7jTuSgFRiHMjVfiVy.jpg,7.105,6.3368,MOVIE
재심,"대한민국을 뒤흔든 택시기사 살인사건 발생!  유일한 목격자였던 10대 소년 현우는  경찰의 강압적인 수사에 누명을 쓰고 10년을 감옥에서 보내게 된다  한편, 돈도 빽도 없이 빚만 쌓인 벼랑 끝 변호사 준영은  거대 로펌 대표의 환심을 사기 위한 무료 변론 봉사 중  현우의 사건을 알게 되고 명예와 유명세를 얻기에 좋은 기회라는 본능적 직감을 하게 된다.  그러나 실제로 현우를 만난 준영은 다시 한번 정의감에 가슴이 뜨거워지는 자신을 발견하게 되고  현우는 준영의 도움으로 다시 한번 세상을 믿어볼 희망을 찾게 되는데..  다시 심장을 뛰게 만들 진심을 만나라!",2017-02-15,119,"드라마, 범죄",https://image.tmdb.org/t/p/w500/93656a8bNudLNGkfc8N2LKhSxIW.jpg,6.885,1.3465,MOVIE
재회,"어느 겨울날, 대학 시절 캠퍼스 커플이었던 남자와 여자는 25년 만에 인천공항에서 우연히 다시 만난다. 두 사람은 일주일 후 다시 만나 서로에게 애틋한 감정이 있음을 확인하고 설렘과 혼란스러움을 동시에 느낀다.",2017-10-13,89,"로맨스, 드라마",https://image.tmdb.org/t/p/w500/saF3iskuWY5xJUSOhoZ3j4iuHXd.jpg,0,0.7281,MOVIE
저 산 너머,"김수환 추기경의 어린 시절 이야기. 1928년 일제강점기, 세상에서 가장 사랑하는 엄마와 아픈 아버지를 위해 신부보다 인삼장수가 되고 싶은 7살 소년 순한은 자신의 마음밭에 심어진 믿음의 씨앗을 키워가며 저 산 너머에 있을 고향을 찾아간다.",2020-04-30,111,드라마,https://image.tmdb.org/t/p/w500/qQ0rEQUxeab0jIkSqoLKWHNTWv5.jpg,6,0.9541,MOVIE
적과의 동침,"때는 한국전쟁, 온 나라가 난리통이지만 라디오도 잘 나오지 않는 석정리는 평화롭기만 하다. 구장댁의 당찬 손녀딸 설희의 혼사 준비로 분주한 동네 사람들 앞에 유학파 엘리트 장교 정웅이 이끄는 인민군 부대가 나타난다.  초반 인민군의 마을 접수는 순조로워 보인다. 이들을 열렬히 환영하는 재춘과 두 팔 걷어붙이고 그들을 도와주는 백씨, 조용하고 인자한 성품의 구장 등 정 많은 마을 사람들 덕분에 점점 무장해제되는 인민군. 그러나 이는 모두 마을의 안전사수를 위한 주민들의 신속하고 빈틈없는 로비작전이었는데...  적과 동지가 뒤죽박죽 된 석정리 그러나 전세가 불리해지자 인민군 상부에서는 비밀작전을 명령하는데…",2011-04-27,135,"드라마, 전쟁",https://image.tmdb.org/t/p/w500/fdtdtZ3d2madNRTbxkvvmB59QNt.jpg,7,1.1331,MOVIE
전설의 고향,"고요한 호수를 흔드는 어린 자매의 비명이 울려퍼진다. 빠진 것은 둘이었으나, 살아나온 것은 언니뿐. 한날 한시에 태어나 똑같은 얼굴로 살아온 쌍둥이자매의 운명은 이렇게 어긋난다.  십년 후, 어스름한 안개 깊은 곳에서 처녀의 흐느낌이 들려오던 밤에 한 선비가 죽임을 당한다. 우연이었을까… 바로 그날 십년 동안 잠들어있던 쌍둥이언니가 깨어난다. 아니, 십년을 기다려온 죽은 동생이 돌아온 것일지도!  똑같이 아름다웠던 자매의 얼굴이 두 모습으로 깨어난 날부터 마을의 비극이 시작되고, 조선시대의 한 평화로운 마을은 도저히 사람의 짓이라 상상할 수 없는 죽음의 행렬을 목도하게 된다. 흰 소복, 바닥까지 끌리는 젖은 머리카락, 창백한 눈빛을 한 그녀의 흔적은 살아있는 사람들을 공포로 몰아넣는데…",2007-05-23,95,"공포, 미스터리",https://image.tmdb.org/t/p/w500/sj8QXcUWlTcZbNK15TMaw3ytTMd.jpg,5.9,0.9378,MOVIE
전설의 주먹,"학창시절, 화려한 무용담들을 남기며 학교를 평정했던 파이터들 중 진짜 최강자는 누구였을까?  한때 ‘전설’이라 불렸던 그들이 맞붙어 승부를 가리는 TV파이트 쇼 ‘전설의 주먹’.  세월 속에 흩어진 전국 각지의 파이터들이 하나 둘씩 등장하고, 쇼는 이변을 속출하며 뜨겁게  달아오른다. 그리고 화제 속에 등장한 전설의 파이터 세 사람에 전국민의 시선이 집중된다.",2013-04-10,153,"액션, 드라마",https://image.tmdb.org/t/p/w500/tUHXwPa8F4R8geRiXWpAOXGbk1I.jpg,7.093,2.0934,MOVIE
전우치,"500년 전 조선시대. 전설의 피리 만파식적이 요괴 손에 넘어가 세상이 시끄럽자, 신선들은 당대 최고의 도인 천관대사와 화담에게 도움을 요청해 요괴를 봉인하고, '만파식적‘을 둘로 나눠 두 사람에게 각각 맡긴다. 한편, 천관대사의 망나니 제자 전우치가 둔갑술로 임금을 속여 한바탕 소동을 일으키자, 신선들은 화담과 함께 천관대사를 찾아간다. 그러나 천관대사는 누군가에게 살해당하고 피리 반쪽이 사라졌다! 범인으로 몰린 전우치는 신선들에 의해 자신의 개 초랭이와 함께 그림족자에 봉인된다. 요괴 잡는 도사도 어느덧 전설이 된 2009년 서울. 어찌된 일인지 과거 봉인된 요괴들이 하나 둘 다시 나타나 세상을 어지럽힌다. 이제는 신부, 중, 점쟁이로 제각각 은둔생활을 즐기던 신선들은 다시 모여 화담을 찾지만, 500년 전 수행을 이유로 잠적한 그는 생사조차 알 수 없다. 고심 끝에 신선들은 박물관 전시품이 된 그림족자를 찾아 전우치와 초랭이를 불러낸다. 요괴들을 잡아 오면 봉인에서 완전히 풀어주겠다는 제안에 마지 못해 요괴 사냥에 나선 전우치. 그러나 전우치는 요괴사냥은 뒷전인 채 달라진 세상구경에 바쁘고, 한 술 더 떠 과거 첫눈에 반한 여인과 똑같은 얼굴을 한 서인경을 만나 사랑놀음까지 시작한다. 전우치 때문에 골치를 앓는 신선들 앞에 때마침 화담이 나타나지만, 화담은 만파식적의 행방을 두고 전우치와 대적하는데…",2009-12-23,136,"모험, 액션, 코미디, 판타지",https://image.tmdb.org/t/p/w500/48QvXMsVeNlEEL55jUixVnX09KS.jpg,6.8,2.4899,MOVIE
절정,"Lee Yook-Sa (Kim Dong-Wan) was a poet and fighter for the Korean independence movement. He died at the age 40 at a prison in Beijing, China.",2011-08-15,60,,,2,0.9307,MOVIE
점쟁이들,"점쟁이들의 리더이자 귀신 쫓는 점쟁이 박선생, 공학박사 출신의 과학 하는 점쟁이 석현, 탑골공원에서 활동중인 귀신 보는 점쟁이 심인, 사물을 통해 과거 보는 점쟁이 승희, 미래를 보는 초딩 점쟁이 월광, 그리고 사건을 취재를 위해 이들과 함께 하는 특종 전문 기자 찬영까지…  이들이 마주하게 된 엄청난 저주! 그리고 마을 사람들이 숨기고 있는 비밀! 점쟁이들은 누구도 해결 못한 울진리의 미스터리를 풀 수 있을까?",2012-10-03,119,"모험, 판타지, 코미디, 미스터리",https://image.tmdb.org/t/p/w500/uv7KJQvLqvT6sIXsP4RsuIapQXa.jpg,6.1,1.2108,MOVIE
정글피쉬,Based on a true story that depicts the pressures placed on students to achieve and gain admission to prestigious colleges and universities.,2008-05-15,58,"드라마, 미스터리",https://image.tmdb.org/t/p/w500/wIyHFARfYF9WHD3HpnYtjNupfdF.jpg,3,0.7079,MOVIE
정글쥬스,"어느 햇빛 좋은 날. 기태와 철수는 고물차 본네뜨 위에서 하드를 먹고 있었다. 지나가던 누나들의 몸매도 착하고, 평소 해병대 나왔음을 누누히 강조하던 악어형은 예비군 가버리고, 기분 좋은 날, 땅개형님이 악어형님을 찾았다. 악어형님은 이미 떠나고 없는데 일할 사람이 필요하다나. 그래서, 둘은 민철 형님의 마약거래에 따라 나선다. 그때부터 일은 좃나게 꼬인다. 마약가루는커녕 밀가루도 본적 없는데, 민철형님이 잃어버린 마약값 2천만원을 기태와 철수가 토해내야 하는 억울한 상황이 발생한 것이다. 2천만원을 구하기 위해 뺑이치고 있는 와중에, 그 문제의 마약봉지가 떡하니 굴러들어온다. 상황은 자연스럽게 기태와 철수가 마약을 훔친 걸로 되어가고.. 에이, 씨발!  어쨌든 일이 이렇게 된 마당에 둘은 일단 튀기로 했다. 짧은 인생, 이런 일이 두 번은 벌어지지 않을 거니까. 그리하여 그들도 영화 역사적으로 유래 깊고, 인기도 많았던 '도망 2인조'가 된다. 델마와 루이스, 부치 캐시디, 선댄스 키드 같은 환상의 커플들 말이다.",2002-03-22,103,"액션, 코미디",https://image.tmdb.org/t/p/w500/8ACQjakqzdWwN56825CiRQR4Sf4.jpg,6.333,0.998,MOVIE
정직한 후보,"국민들 앞에서는 서민의 일꾼을 자처하는 둘도 없이 청렴하고 믿음직한 국회의원처럼 보이지만, 실상은 서민을 자신의 일꾼으로 여기며 4선 당선을 위해서라면 거짓말을 옵션이 아닌 필수로 여기는, 거짓말이 제일 쉬운 국회의원 주상숙에게 청천벽력이 떨어진다. 선거를 앞둔 어느 날 하루아침에 거짓말은 1도 할 수 없는 진실의 주둥이를 갖게 된 것. 최고의 무기인 거짓말을 잃자 그녀의 인생은 송두리째 흔들리게 되는데…",2020-02-12,104,코미디,https://image.tmdb.org/t/p/w500/nBUBlEYaJEaTRFGefPHpoFU7AvS.jpg,6.3,1.4623,MOVIE
정직한 후보 2,"서울시장 선거에서 떨어지며 쫄딱 망한 백수가 된 주상숙은 우연히 바다에 빠진 한 청년을 구한 일이 뉴스를 타며 고향에서 화려한 복귀의 기회를 잡는다. 하지만 정직하면 할수록 바닥으로 곤두박질치는 지지율 앞에 다시 뻥쟁이로 돌아간 그 순간, 주상숙에게 운명처럼 찾아온 진실의 주둥이! 이번엔 주상숙의 비서실장 박희철까지 주둥이가 쌍으로 털리게 되는데...",2022-09-28,106,코미디,https://image.tmdb.org/t/p/w500/jQotnmACkRfxiITgdKaAEZS5pyZ.jpg,6.3,1.2692,MOVIE
조류인간,"15년 전, 아내가 사라졌다.  유명 소설가인 ‘정석’은 작품활동도 중단한 채 사라진 아내의 행방을 쫓고 있다.  그런 정석에게 갑자기 나타난 묘령의 여인 ‘소연’은 아내를 찾기 위한 길잡이가 되어주겠다고 제안한다.  어딘가 다른 비밀을 품고 있는 듯한 ‘소연’이 의심스럽지만,  15년째 정처 없이 떠돌기만 하던 ‘정석’은 그녀와의 동행을 받아들인다.  그리고 또 다시 나타난 낯선 이들의 방문.  유사한 케이스로 가족, 연인을 잃은 실종자 가족을 만나게 된 ‘정석’은  모든 사건의 연결고리인 ‘이은호’라는 사내의 존재를 알게 된다.  ‘이은호’를 쫓기 시작한 ‘정석’은 그를 만나기 위해 ‘수상한 관문’들을 통과해나가고,  그 실체에 다가가면 다가갈수록 사라진 아내를 둘러싼 믿을 수 없는 진실과 마주하게 되는데…",2014-09-28,112,드라마,https://image.tmdb.org/t/p/w500/7b10W9SMQzElg559TQ7O32MbcEA.jpg,5.6,1.0339,MOVIE
조선마술사,"평안도 최대 유곽 물랑루의 자랑이자 의주의 보배인 조선 최고의 마술사 환희. 하지만 어린 시절, 청나라 마술사 귀몰에게서 학대 받았던 기억으로 늘 난봉꾼처럼 삐뚤어져있다. 그런 그를 이해하는 것은 귀몰의 손에서 함께 도망친 의누이 보음 뿐. 한편, 청명은 사행단의 호위무사 안동휘와 함께 청나라의 11번째 왕자빈으로 혼례를 치르러 가던 중 의주에 머물게 되고, 우연히 마주친 환희에게 운명처럼 끌리게 된다. 청명이 공주일거라고는 꿈에도 생각 못한 환희 역시 처음 느낀 감정에 다른 사람처럼 변해간다. 하지만 이들의 사랑이 채 피어나기도 전에 과거의 악연에 앙심을 품은 귀몰이 복수를 위해 환희를 찾아오고 청명이 가지고 있던 청나라에 올릴 진상품을 노린 자들의 음모가 더해지면서 위험의 그림자가 점점 그들을 조여오는데…",2015-12-30,122,"드라마, 로맨스, 판타지",https://image.tmdb.org/t/p/w500/vZJjSTa1XRfVRM5kbG04BqJDzkc.jpg,6.1,1.2804,MOVIE
조선명탐정: 각시투구꽃의 비밀,"정조 16년, 공납 비리를 숨기려는 관료들의 음모를 짐작한 정조는 조선 제일의 명탐정에게 사건의 배후를 찾으라는 밀명을 내린다. 수사 첫날부터 자객의 습격을 받은 명탐정은 개장수 서필의 도움으로 위기를 모면하게 되고, 서필과 함께 사건의 결정적 단서인 각시투구꽃을 찾아 적성으로 향하게 된다. 그 곳에서 그들은 조선의 상단을 주름잡으며 사건의 열쇠를 쥐고 있는 한객주를 만나게 되는데…",2011-01-27,115,"미스터리, 액션, 역사, 코미디, 범죄",https://image.tmdb.org/t/p/w500/pdyhragONgpsse4WlEcfgzxm2E8.jpg,6.5,1.6105,MOVIE
조선명탐정: 사라진 놉의 딸,"정조 19년. 한때는 왕의 밀명을 받던 특사였으나 무슨 이유인지 왕에게 미운 털이 박혀 외딴 섬에 유배되어 버린 조선 제일의 명탐정 김민. 찾아오는 이라곤 지난 날 함께 했던 파트너 서필과  매일 같이 동생을 찾아달라며 오는 어린 소녀뿐이다. 그러던 중 김민은 조선 전역에 불량은괴가 유통되고 있다는 소식을 접하게 되고, 이로 인해 잠자고 있던 탐정 본능이 꿈틀거리기 시작한다. 결국 유배지 이탈이라는 초강수를 두며  불량은괴 유통사건과 행방불명 된 소녀의 동생을 찾기 위해 본격 수사에 착수하게 된다. 사상 최초로 동시에 두 사건 해결에 나선 조선 명탐정 김민과 서필! 그러나 정체를 알 수 없는 미모의 여인 히사코로 인해 명콤비의 수사는 더욱 혼선을 빚는다.  과연 이들은 의문의 두 사건을 해결하고, 화려한 옛 영광을 되찾을 수 있을까?",2015-02-11,125,"액션, 미스터리, 코미디",https://image.tmdb.org/t/p/w500/1Yjf6FBOqPCrgZj5XyRXB3h0CjX.jpg,6.44,1.6337,MOVIE
조선명탐정: 흡혈괴마의 비밀,"기이한 불에 사람들이 타 죽는 미스터리한 사건이 계속되자 명탐정 김민과 파트너 서필이 다시 뭉친다.  그러던 중 사건 현장에서 자꾸 의문의 여인과 마주치게 되고,  직감적으로 그녀와 사건이 관련되어 있음을 느낀 명탐정 콤비는 의문의 여인과 함께 사건을 쫓기 시작한다.  범인이 남긴 단서들로 다음 목표물을 찾아낸 세 사람,  하지만 정체를 알 수 없는 남자 흑도포와 의문의 자객들이 세 사람의 수사를 방해하기 시작하는데…  모든 귀(鬼)들의 힘이 가장 세지는 보름!  만월에 열리는 달맞이 연회에 일어날 다섯 번째 살인을 막아라!",2018-02-08,120,"코미디, 범죄, 액션, 미스터리",https://image.tmdb.org/t/p/w500/3riRNTtxeyTEhVtvYIzZo2J8QLz.jpg,6,1.639,MOVIE
조선주먹,"일제강점기, 조선 학생 주먹 1인자 강일과 민족 모임 반일독서회를 해체시키려는 야쿠자 겐지 일당과의 대결을 그린 영화. 일제강점기. 일본인에게 누나를 잃은 강일은 복수를 다짐하며 세력을 키워나간다. 결국 조선 최고의 주먹이 된 강일은 반일 독서회를 해체시키려는 야쿠자 겐지 일당과 맞서기 시작한다.",2020-04-09,91,액션,https://image.tmdb.org/t/p/w500/ogEUyRzsxEz2JA6qfsmlbdxIohk.jpg,0,0.7073,MOVIE
조작된 도시,"게임 세계 속에서는 완벽한 리더지만 현실에서는 평범한 백수인 권유.  PC방에서 우연히 휴대폰을 찾아 달라는 낯선 여자의 전화를 받게 되고 이후, 영문도 모른 채 그녀를 잔인하게 살해한 범인으로 몰리게 된다. 모든 증거는 짜맞춘 듯 권유를 범인이라 가리키고,  아무도 그의 결백을 믿어주지 않는 가운데 권유의 게임 멤버이자 초보 해커인 여울은 이 모든 것이 단 3분 16초 동안, 누군가에 의해 완벽하게 조작되었음을 알게 된다. 특수효과 전문 데몰리션을 비롯 게임 멤버가 모두 모여 자신들만의 새로운 방식으로 사건의 실체를 추적해나가기 시작하고, 조작된 세상에 맞서기 위한 짜릿한 반격에 나서는데...",2017-02-09,126,"액션, 스릴러, 범죄",https://image.tmdb.org/t/p/w500/v2TRu7tQ8LKHOwfusckYjHvXiya.jpg,7.649,4.9815,MOVIE
조폭 마누라,"조폭계의 살아있는 전설, 차은진. 가위하나로 절대 남성지대인 암흑가를 평정한 그녀지만 어린 시절 고아원에서 헤어졌던 언니에 대한 아픈 기억이 있다. 우여곡절 끝에 언니를 다시 만나지만 그녀는 이미 위암 말기 환자다. 이에 은진은, 언니의 마지막 소원을 위해 팔자에도 없는 결혼을 감행하는데... 동사무소 말단 직원으로 무려 58회의 맞선을 보고도 번번히 에프터 신청을 받지 못하는 남자 강수일. 어느 날 은진의 부하들과 우연히 마주친 그는 어리버리하게 생겼다는 이유 하나로 보스의 남편감으로 발탁(?)된다. 신부가 조폭인지도 모르고 마냥 신혼의 단꿈에 젖어있던 수일. 그러나 그런 그를 기다리는 것은 집안 살림은 고사하고 잠자리마저 거부하며 걸핏하면 발차기로 대응하는 새신부였으니...  은진은 그녀대로 조직 기반을 위해 벌이고 있는 부동산 사업 등으로 온전한 '마누라' 역할이 불가능한 가운데, 설상가상으로 언니마저 조카를 갖고 싶다는 폭탄같은 부탁을 한다.  그녀의 폭력적인 말투와 행동에 의심이 들기 시작한 수일이 결국 은진과 헤어질 결심을 하던 날 밤, 은진은 평소 자신들의 사업에 눈독을 들이던 백상어파와 대대적인 싸움을 벌인다. 싸움 도중 상대방의 공격에 은진이 유산하는 일이 발생하자 순진하기만 하던 수일의 꼭지는 180도로 돌고 마는데...",2001-04-19,105,"액션, 코미디",https://image.tmdb.org/t/p/w500/goC6sStC6MqtYYe1ukpd4pt7bda.jpg,5.89,2.1227,MOVIE
조폭 마누라 3,"홍콩 최고의 명문 조직 화백련 보스의 외동딸 아령. 보스 임회장은 조직간 세력다툼이 벌어지자 그녀를 한국으로 피신시키고 한국의 동방파 보스 양사장에게 딸의 안전을 부탁한다. 양사장은 밀수로나마 중국어 실력을 쌓아온 No.3 기철을 믿고 아령의 보호를 맡긴다. 아령의 실체를 전혀 모른 채 관광 가이드쯤으로 생각한 기철과 꽁치, 도미는 명문가의 후계자다운 아령의 도도함 때문에 당황스러울 뿐.  급기야 밀수용 중국어 실력에 한계를 느낀 기철은 연변처녀 연희를 급초빙하게 된다.기철과 아령 사이에서 살벌한 기운이 감도는 가운데 연희는 생존본능적인 엽기 통역을 구사하며 이들의 좌충우돌 동거에 합류한다. 그러나 아령의 목숨을 노린 킬러가 홍콩에서 한국으로 급파되면서 아령 뿐 아니라 기철 일당마저 생명의 위협을 받게 되는데…",2006-12-28,115,"코미디, 액션, 드라마",https://image.tmdb.org/t/p/w500/ugGFnkcjqzwwtQiTkCHuehBkplG.jpg,5.906,2.458,MOVIE
좀비딸,"댄스 열정을 불태우는 사춘기 딸 수아와 함께 티격태격 일상을 보내는 맹수 전문 사육사 정환. 어느 날 전 세계를 강타한 좀비 바이러스에 감염된 딸 수아를 지키기 위해 정환은 어머니 밤순이 사는 바닷가 마을 은봉리로 수아와 함께 향한다. 감염자를 색출해 내려는 사회 분위기 속에서 수아가 어렴풋이 사람 말을 알아듣고, 평소 좋아하던 춤과 할머니 밤순의 따끔한 효자손 맛에 반응하는 모습을 발견한다. 절대 수아를 포기할 수 없는 정환은 호랑이 사육사의 오랜 경험을 살려 좀비딸 트레이닝에 돌입하는데...",2025-07-30,114,"코미디, 드라마",https://image.tmdb.org/t/p/w500/aASLRiO8p9xLIvG9EHXSyZ71sPl.jpg,7.3,3.6932,MOVIE
좀비크러쉬: 헤이리,"평화로운 파주 헤이리 예술마을에서 갑자기 좀비사태가 일어난다. 헤이리 예술센터 개관을 맞아 모인 세 친구, 진선과 현아, 가연은 이 위기에 맞서기로 한다. 그리고 여기에 초보 유튜버와 커피공장 사장이 가세한다.",2021-06-30,119,"액션, 코미디",https://image.tmdb.org/t/p/w500/osqKP97luGJ4LzChvkEf9kQe3Y1.jpg,4,1.2545,MOVIE
좋아해줘,SNS라는 새로운 매체를 통해 각기 다른 세 커플의 사랑 이야기를 그린 로맨틱 코미디 옴니버스 영화. 잘 나가는 작가와 더 잘 나가는 스타. 사랑 잃은 노총각과 집 잃은 노처녀. 연애 초짜 작곡가와 밀당 고수 PD. 대책 없이 ‘좋아요’를 누르다가 진짜 좋아져버린 내 생애 가장 설레는 로맨스. 사랑이 고픈 여섯 싱글 남녀가 SNS 정복에 나섰다. 원하는 건 단 하나! 나 좀 좋아해 달라고.,2016-02-17,123,"로맨스, 코미디",https://image.tmdb.org/t/p/w500/bkoY8VSUuKW8CuJiDVC7z0dCbu4.jpg,7.3,2.0746,MOVIE
"좋은 놈, 나쁜 놈, 이상한 놈","1930년대, 다양한 인종이 뒤엉키고 총칼이 난무하는 무법천지 만주에서 각자 다른 방식으로 격동기를 살아가는 조선의 풍운아, 세 명의 남자가 운명처럼 맞닥뜨린다. 돈 되는 건 뭐든 사냥하는 현상금 사냥꾼 박도원, 최고가 아니면 참을 수 없는 마적단 두목 박창이, 잡초 같은 생명력의 독고다이 열차털이범 윤태구. 이들은 서로의 정체를 모르는 채 태구가 열차를 털다 발견한 지도를 차지하기 위해 대륙을 누비는 추격전을 펼친다. 정체 불명의 지도 한 장을 둘러 싼 엇갈리는 추측 속에 일본군, 마적단까지 이들의 레이스에 가담하게 되는데...",2008-07-16,139,"액션, 모험, 코미디, 서부",https://image.tmdb.org/t/p/w500/inPPsMpQBKfDORKqemLZn8kQDTp.jpg,7.156,3.8134,MOVIE
좋은 친구들,"세상에 둘도 없는 우정을 나눈 세 남자 현태, 인철, 민수  거액의 현금이 사라진 강도화재사건으로  현태의 가족이 죽고 사건은 미궁에 빠진다  수사 과정도 경찰도 의심스러운 현태는 사건을 집요하게 파헤치기 시작하고  인철과 민수에게 도움을 청한다  그러나, 사건을 파헤칠수록 믿었던 친구들 마저 의심스러워 지는데...",2014-07-10,114,"드라마, 범죄, 스릴러",https://image.tmdb.org/t/p/w500/kEmvjkjEUsJJ4XKkK9KopRUs19b.jpg,6.667,1.3383,MOVIE
죄 많은 소녀,"같은 반 친구 경민의 갑작스런 실종으로 마지막까지 함께 있었던 영희는 가해자로 지목된다. 딸이 죽은 이유를 알아야하는 경민의 엄마, 사건의 진실을 밝혀야 하는 형사, 친구의 진심을 숨겨야 하는 한솔, 학생이 죽은 원인을 찾아야 하는 담임 선생님까지. 주변의 모든 사람들이 영희를 의심한다. 죄 많은 소녀가 된 영희는 결백을 증명해야만 하는데...",2018-09-13,113,"드라마, 미스터리",https://image.tmdb.org/t/p/w500/iRq94MzpctCyj0X44bT8Hkwxb9p.jpg,7.034,1.774,MOVIE
주리,"영화제 심사를 위해 다섯 명의 심사위원이 모인 자리. 영화는 마음이라고 말하는 정감독, 마음 보다는 메시지를 강조하는 강수연, 한국영화의 경향을 비판적으로 논하는 토니, 서투른 영어 때문에 생각을 제대로 전달하지 못하는 토미야마, 그리고 이들 사이에서 갈팡질팡하는 심사위원장 안성기. 영화제 심사를 위해 모인 다섯 명의 심사위원들의 묘한 갈등은 극에 달하고 결국 서로의 감정이 폭발하는 영화제 사상 초유의 사태가 발생 하는데…",2013-03-07,24,코미디,https://image.tmdb.org/t/p/w500/a8TNpHaMpF6pnDkSLW5eFRVBQmb.jpg,6.3,0.8306,MOVIE
주유소 습격사건 2,"노마크에게 무참히 주유소를 털린 지 언 10년, 그 이후로도 동네 양아치며 폭주족들에게 툭하면 주유소를 털려왔던 박사장. 이제 더 이상 무기력하게 털릴 수만은 없다며 과감한 선전포고를 하고 나서는데,‘효도르’도 날려버릴 한 주먹의 ‘원펀치’, 머리보다는 발이 빠른 ‘하이킥’, 최강 구강액션의 일인자 ‘야부리’, 뭐든지 들어 넘기는 ‘들배지기’. 제각기 한 캐릭터 하는 범상치 않은 인상의 직원들을 고용한 박사장. 회심의 미소를 지으며 폭주족 습격단이 쳐들어 오기만을 기다리는데, 오라는 폭주족은 안 오고 스쿠터를 탄 고삐리 짱돌 일당이 주유소를 습격하며 사건은 생각치도 못한 방향으로 흘러간다.  박 사장에게 고용은 됐으나 누구에게도 소속되지 않은 ‘원펀치’ 일당, 주유소 한번 털어보는 게 일생 일대 소원인 ‘짱돌’ 일당, 경유 버스에 휘발유 넣어준 주유원의 친절함에 대형사고 위기에 직면한 탈옥 버스, ‘원펀치’일당에 복수하려 찾아 든 진짝 폭주족 습격단, 탈옥범 잡기 위해 나선 경찰들까지.. 박사장의 처음 계획과는 달리 일은 자꾸 고여만 가는데…",2010-01-21,111,"액션, 코미디",https://image.tmdb.org/t/p/w500/28WZCtwJH9Is0QUVmOABWbrcZad.jpg,5.938,1.0759,MOVIE
주홍글씨,"세상에 거칠 것 없는 남자 기훈. 강력계 형사인 그에게는 단아하고 순종적인 아내 수현(엄지원)과 도발적이고 매혹적인 정부 가희(이은주)가 있고, 탄탄한 성공가도 또한 보장되어 있다. 그에게 한 건의 살인사건이 맡겨진다. 남편이 살해된 상황에 직면한, 창백한 미망인 경희(성현아). 치정살인을 의심한 기훈은 경희를 용의자로 여기고 사건에 접근해간다. 기훈의 공격적 수사가 진행되지만, 사건은 점점 미궁으로 빠져든다. 한편, 아내의 임신 사실을 알게 된 기훈은 가희와의 관계를 정리하려 하지만, 자기 자신이 가희에게 얼마나 깊이 중독되어 있는지 확인하게 될 뿐이다. 도회적이고 화려한 외향 속에 고독한 내면을 가진 가희는 삶의 유일한 이유인 기훈과의 사랑이 흔들리기 시작하자 절망과 고통을 느낀다. 기훈의 아내 수현은 그 모든 사실을 아는지 모르는지 자신만의 비밀을 품은 채 폭풍 속 고요같은 시간을 이어간다. 긴장과 불안의 시간이 흐르는 가운데, 세 여자 각자의 충격적 비밀이 하나 둘 실체를 드러내고, 반전의 소용돌이에 휩싸이는 치정살인사건과 함께 치정로맨스도 파국을 향하는데...",2004-10-29,119,"스릴러, 미스터리, 범죄, 로맨스",https://image.tmdb.org/t/p/w500/fDOpMqHdIdqspY0VCm6UKazhv3C.jpg,6.4,1.8194,MOVIE
죽거나 혹은 나쁘거나,"성빈은 친구 석환의 패싸움을 말리다가 실수로 살인을 저지른다. 감옥에서 출소한 성빈은 석환에게 연락하지만, 형사가 된 석환은 성빈을 피한다. 어느 날 성빈은 우연히 조직폭력배를 구해주고, 그를 따라 주먹의 세계에 들어간다. 상환은 형 석환 몰래 조직폭력배가 되고자 성빈의 수하가 되고, 이들의 인연은 점점 꼬여만 간다.",2000-07-15,95,"범죄, 액션",https://image.tmdb.org/t/p/w500/2S08jsy4FkEWiUMmYTfFinNM22P.jpg,6.111,1.1428,MOVIE
죽여주는 여자,"종로 일대에서 노인들을 상대하며 근근이 살아가는 65세의 ‘박카스 할머니’ 소영. 노인들 사이에서는 ‘죽여주게 잘 하는’ 여자로 입 소문을 얻으며 박카스들 중에서 가장 인기가 높다. 트랜스젠더인 집주인 티나, 장애를 가진 가난한 성인 피규어 작가 도훈, 성병 치료 차 들른 병원에서 만나 무작정 데려온 코피노 소년 민호 등 이웃들과 함께 힘들지만 평화로운 나날을 보내던 중, 한 때 자신의 단골 고객이자, 뇌졸중으로 쓰러진 송노인으로부터 자신을 죽여달라는 간절한 부탁을 받고 죄책감과 연민 사이에서 갈등하다 그를 진짜 '죽여주게' 된다. 그 일을 계기로 사는 게 힘들어 죽고 싶은 고객들의 부탁이 이어지고, 소영은 더 깊은 혼란 속에 빠지게 된다.",2016-10-06,111,드라마,https://image.tmdb.org/t/p/w500/daXcC6n8CLONtzRe7qupgXZl1iV.jpg,6.714,1.1295,MOVIE
중2라도 괜찮아,"“난 아무나가 아니야, 그리고 차원도 아주 높아!”  타고난 음악적 감각으로 한국의 지미 핸드릭스를 꿈꾸는 한철.  그러나 ‘중2병’에 걸려 답도 없다. 음악만이 자신을 구원할 진리로 여기며,  스쿨록밴드에 가입하려고 하지만 후진 통기타로는 스피릿이 부족하다며 퇴짜를 맞는다.  오백 만원짜리 일렉기타로 스피릿을 채우기 위해 엄마에게 떼쓰는 한철  “아들 꿈이래잖아! 그깟 기타 하나 못 사주는 게 엄마야!”  “오백 만원? 오백 같은 소리하고 있네. 너한테 들어가는 돈이 얼만데!”  보미는 아들 한철의 요구에 뒷목을 잡는다. 자식이 웬수다 웬수!  어른들 말씀에 자식한테 정주지 말라더니, 그 말이 딱이다.  그러나 중2병에 걸린 아들에게 회초리도 먹히지 않는다.  전직 태권도 선수였던 보미는 오백 만원 기타를 걸고 아들에게 결투를 신청한다!  “쫄리면 빠지시던가, 아니면 너 기권으로 안다.”",2017-02-24,83,"액션, 코미디, 가족",https://image.tmdb.org/t/p/w500/rWjnrNCsrBogRxyVKjLAYFlqHEY.jpg,7,1.0823,MOVIE
중독노래방,"손님이라곤 파리 한 마리도 날리지 않는 ‘중독노래방’도우미를 구하게 되면서 조금씩 손님이 늘기 시작한다!그러던 중 연쇄살인범이 나타났단 소문이 돌고, 노래방 사람들의 비밀이 하나씩 밝혀지는데...",2016-03-12,106,"미스터리, 판타지",https://image.tmdb.org/t/p/w500/9k0HSdQHKDPs71mhK1HUh0PrbOO.jpg,6.3,2.2409,MOVIE
증인,"신념은 잠시 접어두고 현실을 위해 속물이 되기로 마음먹은 민변 출신의 대형 로펌 변호사 순호. 파트너 변호사로 승진할 수 있는 큰 기회가 걸린 사건의 변호사로 지목되자 살인 용의자의 무죄를 입증하기 위해 유일한 목격자인 자폐 소녀 지우를 증인으로 세우려 한다. 자기만의 세계에 빠져 의사소통이 어려운 지우. 순호는 사건 당일 목격한 것을 묻기 위해 지우를 찾아가지만, 제대로 된 인사조차 나누지 못한다. 하지만 그날의 이야기를 듣기 위해 지우에게 다가가려 노력하는 순호는, 시간이 흐를수록 조금씩 지우에 대해 이해하게 되지만 이제 두 사람은 법정에서 변호사와 증인으로 마주해야 하는데…",2019-02-13,129,드라마,https://image.tmdb.org/t/p/w500/1Shu8avuRUYEX3WGc35UXDga37K.jpg,7.767,37.1733,MOVIE
지구에서 사는 법,"외계인 남편에게 다가온 외계인 여인. 그리고 그 여인을 죽여야 하는 정부 암살 요원 아내. 남편의 머리엔 열쇠가 있고, 아내의 손엔 총이 있고, 여인의 사랑엔 목적이 있다. 세 명의 뒤섞인 운명은 우연이 아니었으며, 드디어 실체를 드러내는 악마는 이제 하나 둘 살인을 시작한다.",2008-09-24,93,"드라마, SF",https://image.tmdb.org/t/p/w500/a7t9LOGsdeh0L3CB9iey5MARlFH.jpg,0,1.5969,MOVIE
지금 만나러 갑니다,"비가 오는 날 다시 돌아오겠다는 믿기 힘든 약속을 남기고 세상을 떠난 수아. 그로부터 1년 뒤 장마가 시작되는 어느 여름 날,  세상을 떠나기 전과 다름없는 모습의 수아가 나타난다. 하지만 수아는 우진이 누구인지조차도 기억하지 못한다. 자신을 기억하지 못해도 그녀가 곁에 있다는 사실만으로 행복에 젖은 우진과 자신이 기억하지 못하는 그와의 이야기가 궁금한 수아. 우진이 들려주는 첫 만남, 첫 사랑, 첫 데이트, 첫 행복의 순간을 함께 나누며 수아는 우진과 다시 사랑에 빠지는데…",2018-03-14,131,"로맨스, 드라마, 판타지",https://image.tmdb.org/t/p/w500/lO1P2NinwyzoP0z6uF2qR5SHSOP.jpg,8.2,3.1183,MOVIE
지금 사랑하는 사람과 살고 있습니까?,"활기차고 귀엽지만 일할 땐 누구보다 열정적인 패션 컨설턴트 유나(엄정화)와 유머러스하고 다정다감한 호텔리어 민재(박용우)는 알콩달콩 친구 같은 커플! 그러나 연애 4년, 결혼 3년에 뜨겁기보단 편안한 생활형 부부. 여자에게 무심하고 차가운 워커홀릭 영준(이동건)과 지적인 외모와 차분한 성격의 조명 디자이너 소여(한채영)는 젊고 잘난, 남 부러울 것 없는 커플! 그러나 그저 남편과 아내로서만 살아가는 설레임은 없는 부부다.  패션 컨설팅를 하기 위해 찾아온 유나와 도발적인 실랑이를 벌이게 된 영준! 낯선 홍콩에서 운명처럼 민재와 마주치는 소여! 소여는 남편 영준이나 그녀조차 몰랐던 자신의 내면을 보아주는 남자 민재에 흔들리고, 영준은 늘 웃지만 삶이 고달픈 여자, 유나가 눈에 밟힌다. 그 밤, 뜨겁게 엇갈린 두 커플- 네 남녀는 위험하면서도 은밀한 하룻밤을 보내게 되는데…  그들은 가해자이면서, 동시에 피해자의 상황에 놓였다. 아직 그들은 서로 엇갈렸다는 걸 꿈에도 모른다. 그들의 크로스 연애... 어떤 일들이 벌어질까? 그들은 어떤 선택을 하게 될까?",2007-08-15,116,"드라마, 로맨스",https://image.tmdb.org/t/p/w500/aD3CcxQ7NCxHSPQjfmLpb40iEgp.jpg,5.292,2.3221,MOVIE
지금은맞고그때는틀리다,"실수로 영화감독 함춘수는 수원에 하루 일찍 내려간다. 다음날 특강을 기다리며 들른 복원된 궁궐에서 윤희정이라는 화가를 만난다. 둘은 윤의 작업실에 가서 윤의 그림을 구경하고, 저녁에는 회에다 소주를 많이 마신다. 거기서 가까워지는 두 사람. 다른 카페로 이동한 두 사람은 술을 더 마신다. 거기서 누군가의 질문 때문에 함은 자신의 결혼한 사실을 할 수 없이 말하게 되고, 윤은 함에게 많이 실망하게 된다…  이런 비슷한 만남과 헤어짐의 이야기가 다시 한 번 이어진다. 여자가 더 목소리가 위축되어 있고, 몸도 굽어져 있다. 둘이 돌아다니는 데는 비슷한데, 여기선 남자가 옷도 벗고 그런다.",2015-09-24,121,"드라마, 로맨스",https://image.tmdb.org/t/p/w500/rWk5GaMmgtNQkOI50CpW4QDb0Om.jpg,7.015,2.1681,MOVIE
집행자,"고시원 생활 3년, 백수 재경(윤계상)은 드디어 교도관으로 취직하게 된다. 하지만 첫날부터 짓궂은 재소자들 때문에 곤욕을 치르게 되는 재경. 어리버리한 그에게 10년 차 교사 종호(조재현)는 ""짐승은 강한 놈에게 덤비지 않는 법""이라며 재소자를 다루는 법을 하나씩 가르쳐간다. 재소자들에 군림하는 종호나 사형수와 정겹게 장기를 두는 김교위(박인환)의 모습 모두 재경의 눈에는 낯설기만 하다. 어느 날, 서울교도소는 일대 파란이 인다. 지난 12년간 중지됐던 사형집행이 연쇄살인범 장용두 사건을 계기로 되살아 난 것. 법무부의 사형집행명령서가 전달되고 교도관들은 패닉상태로 빠져든다. 사형은 법의 집행일 뿐이라 주장하는 종호는 자발적으로 나서지만 모든 교도관들이 갖은 핑계를 대며 집행조에 뽑히지 않으려는 사이... 사형수 장용두는 자살을 기도하고, 유일하게 사형집행 경험을 가진 김교위는 어디론가 사라져버리고 만다. 2009년 어느 날, 가로 2미터, 세로 4미터의 직사각형방. 그 곳으로 사형집행을 위해 되살려진 장용두와 죽음을 받아들이는 칠순의 사형수 성환. 그리고 교도관 재경, 종호, 김교위가 한자리에 모였다. 마침내 사형집행의 순간, 사형수들의 얼굴 위로 하얀 천이 씌어지자 묶인 두 발은 떨리기 시작했다. 그리고 교도관들의 마음도 죽어가기 시작한다...",2009-11-05,98,드라마,https://image.tmdb.org/t/p/w500/8oCvSgk1Y2APlzzHJqnJIxydwMM.jpg,6.1,0.9093,MOVIE
쩨쩨한 로맨스,"‘뒤끝작렬’ 성인만화가와 ‘허세작렬’ 섹스칼럼니스트의 현실과 상상을 넘나드는 19금 발칙 연애담!  만화를 그리자는 거에요? 논문을 쓰자는 거에요? 천재적인 그림실력은 가졌으되, 지루하기 짝이 없는 스토리로 인해 그리는 족족 퇴짜를 맞는 만화가 정배! 여지없이 출판사의 퇴짜를 맞던 어느 날! 무려 1억 3천의 상금이 걸린 성인만화 공모전 소식에 스토리 작가를 찾게 되는데!!",2010-12-01,118,"코미디, 로맨스",https://image.tmdb.org/t/p/w500/kbtem4Zbreg0PExMcfMH37MsrOh.jpg,6.2,0.9659,MOVIE
찌라시: 위험한 소문,"가진 것은 없지만 사람 보는 안목과 끈질긴 집념 하나만큼은 타고난 열혈 매니저 우곤. 자신을 믿고 오랜 시간 함께해 온 여배우의 성공을 위해 밑바닥 일도 마다 않고 올인하지만 증권가 찌라시로 인해 대형 스캔들이 터지고, 이에 휘말린 우곤의 여배우는 목숨을 잃게 된다. 근거도 없고, 실체도 없는 찌라시의 한 줄 내용 때문에 모든 것을 잃게 되자 직접 찌라시의 최초 유포자를 찾아 나선 우곤. 전직 기자 출신이지만 지금은 찌라시 유통업자인 박사장, 불법 도청계의 레전드 백문을 만난 우곤은 그들을 통해 정보가 생성되고, 제작, 유통, 소비 되는 찌라시의 은밀한 세계를 알게 된다. 피도 눈물도 없는 해결사 차성주까지 등장하여 위협받는 상황 속 우곤은 찌라시의 근원과 그 속에 감춰진 진실을 추격하기 시작하는데…",2014-02-20,121,"스릴러, 범죄, 미스터리",https://image.tmdb.org/t/p/w500/neXAepQ2CwAri8IbQhACsz3ztY9.jpg,6.051,1.2979,MOVIE
차우,"산 속 깊은 곳에 위치한 고즈넉하고 평화로운 마을 삼매리. 주말 농장 준비로 바쁜 이 곳에 어느 날, 참혹하게 찢긴 시체가 발견되면서 마을 사람들은 순식간에 불안과 공포에 휩싸인다. 뒤이어 발생하는 무차별적인 살인 사건들…이번 사건으로 손녀를 잃은 전직 포수 천일만은 이 모든 것이 변종 식인 멧돼지 차우의 짓임을 확신한다. 한편, 서울에서 좌천되어 가족과 함께 삼매리에 내려온 다혈질 김순경의 노모가 행방불명되는 사건이 발생한다. 차우에 의한 짓임을 예감한 김순경은 천일만이 결성한 추격대에 합류하게 된다. 마침내 동물 생태 연구가 변수련, 전문 사냥꾼 백포수와 수사를 담당한 신형사가 가세한 5인의 추격대가 식인 멧돼지 차우를 잡기 위해 산으로 향하는데…",2009-07-15,121,"공포, 코미디, 스릴러, 액션, 모험",https://image.tmdb.org/t/p/w500/etCiNytVQUHcIrHRZ6S8I76XMXv.jpg,5.703,1.83,MOVIE
창궐,"밤에만 활동하는 산 자도 죽은 자도 아닌 야귀가 창궐한 세상, 위기의 조선으로 돌아온 왕자 이청은 도처에 창궐한 야귀떼에 맞서 싸우는 최고의 무관 박종사관 일행을 만나게 되고, 야귀떼를 소탕하는 그들과 의도치 않게 함께하게 된다. 한편, 조선을 집어삼키려는 절대악 김자준은 이 세상을 뒤엎기 위한 마지막 계획을 감행하는데…",2018-10-25,122,"액션, 공포, 드라마, 판타지",https://image.tmdb.org/t/p/w500/A8QCte7PN05efdQN8GUaKJfHqtT.jpg,6.788,3.562,MOVIE
채비,"일곱살 같은 서른살 아들 인규를 24시간 특별 케어(?) 하느라 어느 새 30년 프로 잔소리꾼이 된 엄마 애순 씨는 앞으로 아들과 함께 할 시간이 많지 않음을 알게 된다.  자신이 떠난 후 남겨질 아들을 생각하니 또다시 걱정만 한 가득인 애순 씨는 세상과 어울리며 홀로 살아갈 인규를 위한 그녀만의 특별한 체크 리스트를 작성하고, 잠시 소원했던 첫째 딸 문경과 동네 사람들의 도움을 받으며 빈칸을 하나씩 채워나가기 시작하는데...",2017-11-09,114,드라마,https://image.tmdb.org/t/p/w500/obCaB3ZGF4Ddlhb1dzpxarhF8R.jpg,7,1.2436,MOVIE
챔프,"시력을 잃어가는 기수와 절름발이 경주마  불가능을 뛰어넘는 기적의 감동실화!  교통사고로 아내를 잃고 시신경을 다친 채 어린 딸(김수정)과 남겨진 기수 ‘승호’(차태현)와 같은 사고에서 새끼를 잃고 다리를 다쳐 더 이상 사람을 태우지 않는 경주마 ‘우박이’. 모두가 불가능하다고 생각했던 우승을 향한 무모한 도전. 올 추석, 기적의 감동실화가 시작된다!",2011-09-07,133,드라마,https://image.tmdb.org/t/p/w500/udNEJ5EnzNGSgwRybND89Jogldw.jpg,6.8,1.4253,MOVIE
챔피언,"미국 로스엔젤레스, 한 때 팔씨름 세계 챔피언을 꿈꿨지만 지금은 클럽에서 일하는 마크는 자칭 최고의 스포츠 에이전트 진기의 설득에 한국으로 돌아온다. 멈췄던 팔뚝이 다시 뛰기 시작한 마크. 진기에게서 귀국 선물(?)로 받은 오래 전 헤어진 엄마 주소를 찾아가지만  그곳엔 엄마 대신 본 적 없는 여동생 수진과  두 아이 쭌쭌남매가 떡하니 살고 있는데…",2018-05-01,108,"드라마, 코미디",https://image.tmdb.org/t/p/w500/lDhTfKfhLyfoYpdoN0WvMthgeus.jpg,6.745,1.5175,MOVIE
챔피언,"타오르는 태양과 끝없이 펼쳐진 짙푸른 바다를 보며 자신의 꿈을 키워 가던 소년 득구는 어느 날 꿈에 대한 도전을 결심하며 지나가는 버스에 무작정 몸을 싣는다. 서울로 올라온 득구는 반드시 챔피언이 되겠다는 결심으로 동아 체육관에 입단하고, 곧 성격 좋고 활발한 종팔, 과묵하지만 믿음직스러운 상봉 등과 친형제처럼 지내게 된다. 그러나 뭐니 뭐니해도 득구에게 가장 소중한 친구는 바로 권투란 놈이다. 최선을 다하면 다한 만큼 답을 해주는 권투의 매력에 푹빠진 득구는 크고 작은 경기를 열정적으로 치러내며 진정한 복서로 거듭나는데...",2002-06-28,116,드라마,https://image.tmdb.org/t/p/w500/r4G21F53BbcFqGk57V74ZTuwUG2.jpg,5.222,2.1073,MOVIE
천국의 우편배달부,"부모, 남편, 연인, 친구, 자식 등 먼저 세상을 떠난 이들을 잊지 못해 남아있는 사람들이 천국에 있는 이들에게 보내는 편지를 배달해주는 천국의 우편배달부 `재준`. 어느 날 죽은 연인에 대한 마음의 상처로 그리움이 아닌 원망의 편지를 부치러 온 여자 `하나`에게 자신의 정체를 들키고 만다. 정체가 탄로난 그는 그녀에게 천국에서 온 답장 배달 아르바이트를 제안하지만, 이 모든 일들을 믿기 어려운 `하나`는 미친 사람이라고 생각하고 단번에 거절한다. 하지만 고수익 아르바이트를 찾고 있었던 그녀는 시간당 높은 금액을 준다는 재준의 말에 고민 끝에 제안을 받아들인다.  14일간의 시간, 천국에서 온 편지가 배달된다! 그날 이후 천국으로 떠난 이들을 그리워하는 사람들에게 색다른 답장을 배달하기 시작하는 재준과 하나. 매번 새로운 방법으로 답장을 전하며 사람들을 기쁘게 만드는 두 사람은 완벽한 파트너쉽을 보여준다. 답장을 받은 사람들이 기뻐하는 모습을 보며 보람과 희열을 느끼기 시작한 하나는 자신도 모르게 재준에게 마음을 빼앗긴다. 어느덧 재준에 대한 마음으로 사랑의 상처를 잊어가는 하나. 하지만 좋아하는 마음이 커질수록 그의 모습은 점점 뚜렷이 보이지 않게 되는데…  과연 재준의 정체는 무엇일까?  두 사람의 사랑은 이뤄질 수 있을까...?",2009-11-11,107,"드라마, 판타지, 로맨스",https://image.tmdb.org/t/p/w500/phi9sOo37VMt6Aaf0hwpmEScWnH.jpg,6.786,1.1943,MOVIE
천년학,"남남이지만 소리꾼 양아버지에게 맡겨져 남매가 된 ‘동호’(조재현 분)와 ‘송화’(오정해 분). 서로의 소리와 북장단을 맞추며 자라난 두 사람은 어느새 서로에게 애틋한 마음을 갖게 된다. 하지만 ‘동호’는 마음 속의 연인을 누나라 불러야 하는 괴로움을 견딜 수 없어 집을 떠나버린다. 그리고 몇 년 후, 양아버지가 죽고 ‘송화’는 눈이 먼 채 어디론가 사라졌다는 소식이 들린다. 이제 ‘송화’를 누나가 아닌 여자로서 사랑할 수 있을지 모른다고 생각한 ‘동호’...  ‘송화’를 찾아 다시 한 번 그녀의 노랫소리에 북 장단을 맞추며 눈이 되어 주고 싶은 ‘동호’는 연인의 자취를 찾아 길을 나선다. 하지만 엇갈린 운명으로 얽힌 두 사람은 가슴 아린 잠깐의 만남과 긴 이별로 자꾸 비껴가기만 한다. 그러던 중 ‘동’호’는 유랑극단 여배우 ‘단심’(오승은 분)의 유혹에 흔들리고 마는데. 차마 ‘동호’앞에 사랑을 드러내지는 못하지만 선학동 선술집 주인 ‘용택’(류승룡 분)의 한결 같은 외사랑도 뿌리치며 판소리가 ‘동호’인 듯 노래에만 열중하던 ‘송화’는 이 소식에 충격을 받아 모습을 감춰버린다. 그리고 마침내 ‘용택’의 선술집을 찾아 온 ‘동호’는 자신이 미처 몰랐던 ‘송화’의 이야기를 듣게 되는데…",2007-04-12,106,드라마,https://image.tmdb.org/t/p/w500/lKq9yd6v5BzRgovXd0UmsDqH6yG.jpg,6.3,0.9195,MOVIE
천문: 하늘에 묻는다,"역사상 가장 위대한 왕 세종과 관노로 태어나 종3품 대호군이 된 천재 과학자 장영실. 20년 간 꿈을 함께 하며 위대한 업적을 이뤄낸 두 사람. 세종 24년인 1442년, 명나라 사신은 황제의 칙서를 들고 조선을 방문한다. 명의 사신은 조선이 천문 연구를 통해 독자적 시간을 가지는 것을 우려하며 천문 의기들을 폐기하고 이를 발명한 장영실을 압송하려 한다. 그러던 와중 임금이 타는 가마 안여(安與)가 부서지는 사건으로 세종은 장영실을 문책하며 하루아침에 궁 밖으로 내치고 그 이후 장영실은 자취를 감추는데...",2019-12-26,132,"역사, 드라마",https://image.tmdb.org/t/p/w500/bumXyxQv1F488Ft3LrPoKFDkiXr.jpg,7.1,2.0066,MOVIE
천사몽,"테러 진압 대원인 성진(여명)은 시공간 이동 장치를 통해 '딜문'의 전사 '딘'이었던 자신의 전생을 알게 된다. 엄격한 신분사회인 딜문에서 로제 공주(박은혜)와 이루어지지 못한 사랑을 하고 함께 죽음을 맞았었다. 성진은 로제의 생명을 되돌리고, 딜문에 갇혀 현생으로 돌아오지 못하는 그녀를 구하기 위해 다시 딜문으로 간다.",2001-02-17,108,"드라마, 액션, SF, 로맨스",https://image.tmdb.org/t/p/w500/dntsPRUMm7hOd7F2LpJSvanYREc.jpg,3.8,1.1985,MOVIE
천화,"제주의 한 요양원. 문호라는 이름의 노인이 백주대낮에 아랫도리에 손을 넣고 볼썽사나운 짓을 한다. 그 모습을 본 윤정이 익숙한 듯 문호에게 다가간다. 그리고 해사한 미소를 지으며 문호를 어린아이처럼 달랜다.  안개가 자욱한 날, 서귀포를 향해 달리던 수현의 차가 앞서 가던 종규의 고물차를 들이받는다. 수현은 수년 전 사라진 남편 문호를 사망신고 처리한 뒤 제주를 찾았다. 사고 후, 종규는 친구 나온이 운영하는 까페로 수현을 데려온다. 그곳에서 윤정을 마주한 수현은 남편이 '윤정'이라는 이름의 여인에게 매달 돈을 보냈다며, 남편과 무슨 관계인지를 묻는다.  다음 날, 윤정은 평소와 달리 매력적인 노신사로 멀끔하게 나타난 문호를 발견한다. 윤정에게 불과 몇해 전까지 아내 몰래 제주에 사는 젊은 여인을 만나왔다는 과거를 고백하는 문호.  한편, 미스터리한 윤정의 모습에 매료된 종규는 그녀의 주변을 맴돌기 시작하는데…",2018-01-25,113,드라마,https://image.tmdb.org/t/p/w500/sdQGrfXo408wAG2nBi13JTZfP1U.jpg,6,0.8874,MOVIE
첫눈,"도예가인 아버지를 따라 일본에 온 교환학생 김민은 우연히 들른 사찰에서 신비스런 소녀 나나에를 만난다. 아름답고 맑은 미소, 하지만 조금은 슬픈 듯한 눈빛을 가진 그녀와의 첫만남. 일본어 한마디 못하지만 민은 나나에에게 첫눈에 반한다. 나나에와 같은 학교 학생임을 알게 된 민은 그녀의 미술품 가방을 망가뜨린 것을 기회로 가까워진다. 서툴지만 터프한 민과 어리지만 모든걸 따뜻하게 감싸 안는 능력을 가진 나나에. 그들은 서로의 언어를 배워가며 말보다는 진심이 먼저 와 닿는 사랑을 만들어가기 시작한다. 만남 100일째 되던 날, 축제에 함께 가기로 한 그들. 신이 난 민은 나나에를 위해 직접 만든 돼지 도자기인형을 선물한다. 하지만 그날따라 왠지 모를 슬픈 눈빛의 나나에. 직접 만든 오마모리(부적)를 선물하지만 그것을 펴보려고 하는 민을 말린다. 그리고, 그녀는 학교에서도 집에서도 사라진다. 애타게 찾던 민은 결국, 크게 상심하고 한국으로 돌아가버리는데… 첫눈에 반해버린, 말이 통하지 않는 두 연인. 그리고 그들의 영원하자는 약속… 첫눈이 오는 날, 돌담길을 함께 걷자는 그들의 약속은 지켜질 수 있을까?",2007-05-12,102,로맨스,https://image.tmdb.org/t/p/w500/uEnqpXk44QNyVQNlAhBV8vJMpN7.jpg,6.411,1.0864,MOVIE
청년경찰,"의욕충만 경찰대생 기준과 이론백단 경찰대생 희열. 둘도 없는 친구인 두 사람은 외출을 나왔다 우연히 납치 사건을 목격하게 된다.  목격자는 오직 두 사람 뿐. 기준과 희열은 학교에서 배운 대로 지체 없이 경찰에 신고한다. 하지만 복잡한 절차와 부족한 증거로 수사는 전혀 진행될 기미가 보이지 않는 상황! 1분 1초가 급박한 상황에서 아까운 시간만 흘러가자, 기준과 희열은 직접 발로 뛰는 수사에 나서기로 하고 예측 불가능한 상황을 마주하게 되는데…",2017-08-09,109,"코미디, 액션, 범죄, 스릴러",https://image.tmdb.org/t/p/w500/q80MQrVj8NivteUXd3PHbVsaeAY.jpg,7.548,2.5827,MOVIE
청담보살,"청담동에서 용하기로 소문난 미녀 보살, 태랑. 쭉빵 외모에 억대 연봉, 무엇 하나 부러울 것 없는 그녀지만 스물 여덟 전에 운명의 남자를 만나야만 액운을 피할 수 있는 사주를 타고 났다. 어느 날 기적 같은(?) 사고로 눈길도 주기 싫은 찌질남 승원과 오매불망 첫사랑 호준을 동시에 만나게 되고, 태랑은 빌어먹을 운명과 사랑 앞에서 선택의 기로에 놓인다.  신이시여! 지금 장난하십니까? 운명을 피할 수만 있다면 맨발로 작두라도 타겠어요!",2009-11-11,119,코미디,https://image.tmdb.org/t/p/w500/5FnyKxYPloa0wzmLCXpyu3sdubz.jpg,6.4,1.264,MOVIE
청춘학당: 풍기문란 보쌈 야사,"조선시대를 발칵 뒤집어 놓은 남자 보쌈 스캔들!  오동 골 청춘학당의 못 말리는 문제아 목원, 류, 학문은 과거급제와는 거리가 먼 학동들이다. 새 학기 봄. 남녀칠세부동석이라는 조선시대 학당에 여 학동들이 들어오면서 야릇한 분위기가 연출된다. 그러던 어느 날 밤 총각 보쌈 꾼들에게 물레방앗간으로 끌려간 목원과 류는 얼굴도 모르는 여자에게 겁간을 당하는 황당한 사건에 휘말린다.  꽃 도령 3인 방의 발칙한 과학 수사가 시작된다!!  다음날 아침 우물가에서 향아의 도움으로 풀려난 목원과 류는 학문과 함께 향아를 비롯해  여 학동들을 의심하며 범인 색출에 나서는데……",2014-03-27,90,"드라마, 코미디, 로맨스",https://image.tmdb.org/t/p/w500/8vr1qYm2sSKXlMHbP63bKtGm9rS.jpg,4,2.264,MOVIE
청출어람,"경연대회에서 1등상을 받지 못한 소녀는 한껏 우울해 있다. 소녀를 달래주고 싶지만, 그런 방면으로는 영 소질이 없는 나이든 스승. 두 사람은 늘 하던 대로 득음 연습을 위해 초겨울 산을 오르고, 스승의 가르침에 조금씩 제 실력을 보여주던 소녀 앞에 놀라운 일이 벌어지는데… .",2012-12-28,20,드라마,https://image.tmdb.org/t/p/w500/a4wVth3GXi0wFzeuntT08AovZ2s.jpg,5.9,0.709,MOVIE
청풍명월,"조선 전역을 황폐화시켰던 인조반정 이후, 태평성대를 바라는 백성들의 바램으로 엘리트 무관 양성소인 ‘청풍명월’이 건립된다. ‘청풍명월’내에서도 최고의 검객으로 손꼽히는 지환과 규엽은 생사를 함께 하자는 우정의 맹세를 나눈다. 그러나 반정이 일어나고 규엽은 부대원을 살리기 위해 스승인 김인과 지환을 쳐야되는 상황에 놓인다. 규엽의 칼에 맞은 지환은 자신이 손수 깎아 규엽에게 선물했던 나무 물고기를 움켜쥐고 쓰러진다.  5년 후, 규엽은 ‘인간백정’이라 불릴만큼 잔혹하고 냉정한 무관으로 명성을 날린다. 반정을 도모한 공신들을 노리는 자객이 나타나면서 규엽이 추적에 나서게 된다. 가공할만한 칼솜씨로 신출귀몰하는 자객. 현장에서 ‘청풍명월’이 새겨진 칼이 발견되고 규엽은 그가 지환이라는 확신을 갖는다. 피보다 뜨거운 눈물을 삼키고 칼을 꽂아야 했던 친구, 그가 살아서 돌아왔다. 폭풍의 시대, 엇갈렸던 그들의 운명이 마주치는데.",2003-07-15,103,"액션, 모험, 드라마",https://image.tmdb.org/t/p/w500/6gbqEb0G7NODbvR00MDvtIjDQVB.jpg,5.29,1.7251,MOVIE
초인,"학교에서 말썽을 부려 도서관에서 일하게 된 체조 선수 '도현’.  그 곳에서 매일 책을 빌리는 신비로운 소녀 '수현'을 만나게 되고,  ‘수현’의 권유로 태어나 읽어 본 적 없던 책이란 것을 읽기 시작한다. 눈물까지 흘리며!  “진짜 책 속에는 길이 있냐?”  하늘을 나는 비행기를 보고, 한강 다리 위에서 소리를 지르며 점점 가까워지는 둘.  ‘도현’은 ‘수현’에게 처음 느끼는 감정들이 생긴다. 설렘, 떨림, 두근거림!  그러나 갈팡질팡, 모르는 것 투성이인 '도현'과 '수현'은 아직 매 순간이 어렵기만 하다.",2016-05-05,102,"로맨스, 드라마",https://image.tmdb.org/t/p/w500/dCLildmW6ektlRq0Esbqp86oEWF.jpg,6.5,0.855,MOVIE
최악의 하루,"늦여름 서촌의 어느 날, 배우 지망생 은희는 연기 수업을 마치고 나오는 길에 길을 찾는 일본인 소설가 료헤이를 만난다.  말은 잘 안 통하지만 이상하게 대화가 이어지는 료헤이와 헤어진 후 은희는 드라마에 출연 중인 남자친구 현오를 만나러 촬영지인 남산으로 향한다. 그리고 같은 시간, 한 때 은희와 잠깐 만났던 적이 있는 남자 운철은 은희가 남산에서 올린 트위터 멘션을 보고 은희를 찾아 남산으로 온다. 오늘 처음 본 남자, 지금 만나는 남자 그리고 전에 만났던 남자까지 하루에 세 명의 남자를 만나게 된 은희. 과연 이 하루의 끝은 해피엔딩일 수 있을까?",2016-08-25,93,"드라마, 로맨스",https://image.tmdb.org/t/p/w500/nnDE0yGPQYg1WIpQHycWUKdIois.jpg,6.2,0.871,MOVIE
최종병기 활,"50만 포로가 끌려간 병자호란, 치열했던 전쟁의 한 복판에 역사가 기록하지 못한 위대한 신궁이 있었다.  역적의 자손이자 조선 최고의 신궁 남이. 유일한 피붙이인 누이 자인의 행복만을 바라며 살아간다.어렵사리 맞이한 자인의 혼인날, 가장 행복한 순간에 청나라 정예부대(니루)의 습격으로 자인과 신랑 서군이 포로로 잡혀가고 만다. 남이는 아버지가 남겨준 활에 의지해 청군의 심장부로 거침없이 전진한다.귀신과도 같은 솜씨로 청나라 정예부대(니루)를 하나 둘씩 처치하는 남이, 한 발 한 발 청군의 본거지로 접근해간다. 남이의 신묘한 활솜씨를 알아챈 청의 명장 쥬신타는 왕자 도르곤과 부하들을 지키기 위해 남이를 추격하기 시작한다. 날아오는 방향을 예측할 수 없는 곡사를 사용하는 남이와 무시무시한 파괴력을 가진 육량시를 사용하는 쥬신타, 가장 소중한 것을 지키기 위한 사상 최대 활의 전쟁을 시작한다.",2011-08-10,122,"드라마, 액션, 역사",https://image.tmdb.org/t/p/w500/gaXSEQ2XzkFnKxYIvkqj4Tidltk.jpg,7.195,3.5532,MOVIE
추격자,"출장안마소를 운영하는 전직 형사 중호. 최근 데리고 있던 여자들이 잇달아 사라지는 일이 발생하던 중 조금 전 나간 미진을 불러낸 손님의 전화 번호와 사라진 여자들이 마지막으로 통화한 번호가 일치함을 알아낸다. 연락이 두절된 미진을 찾아 헤매던 중 우연히 옷에 피가 묻은 영민과 마주치고, 추격 끝에 그를 붙잡는다. 실종된 여자들을 모두 죽였다는 충격적인 고백을 담담히 털어 놓는 영민에 의해 경찰서는 발칵 뒤집어진다. 공세우기에 혈안이 된 경찰은 미진의 생사보다는 증거를 찾기에만 급급해 하고, 미진이 살아 있다고 믿는 단 한 사람인 중호는 미진을 찾아 나서는데...",2008-02-14,123,"범죄, 스릴러, 액션",https://image.tmdb.org/t/p/w500/574WioDX9AC6VwbmhPGpwsH8waN.jpg,7.779,6.8939,MOVIE
춘몽,"시장을 어슬렁거리며 농담 따먹기나 하는 한물간 건달 익준.  밀린 월급도 받지 못하고 공장에서 쫓겨난 정범.  어리버리한 집주인 아들, 어설픈 금수저 종빈.  그리고 이들이 모두 좋아하고 아끼는 예리가 있다.  병든 아버지를 돌보는 예리가 운영하는 ‘고향주막’은 그들의 유일한 안식처이자 오아시스다.  그러던 어느 날, 언제나 그들만의 여신이라고 생각했던 예리의 고향주막에  새로운 남자가 나타났다.",2016-10-13,101,드라마,https://image.tmdb.org/t/p/w500/liMBmECK4jDMnYEUPNJo3j5eS9E.jpg,6.9,1.4428,MOVIE
춘향뎐,"조선조 숙종시대, 흥겨운 농악놀이가 펼쳐지는 단오날 남원부 자제 이몽룡은 몸종 방자를 앞세우고 광한루 구경을 나선다. 그네놀이하는 처녀들의 무리 속에서 춘향을 발견한 몽룡은 그만 넋을 잃고 방자를 재촉해 불러 오게 한다. 몽룡은 춘향 어미인 기생 월매에게 춘향과의 백년가약을 원한다는 뜻을 밝히고 자신의 마음이 영원히 변치않을 것임을 맹세한다.  하지만 몽룡의 아버지 이사또가 동부승지로 승진, 내직으로 가게 되고 몽룡도 별 수 없이 한양으로 가게 된다. 그 사이 남원부사로 발령난 변학도는 남원골 춘향이 절색이란 소문을 듣고 부임 삼일 만에 춘향에게 수청 들기를 강요한다. 춘향은 구관댁 도련님과 백년가약 받들기로 하였으니 이부종사는 할 수 없다고 버틴다. 화가 난 변사또는 춘향에게 거역관장 죄를 물어 동틀에 매달고 모진 고문을 가하지만 춘향은 절개를 굽히지 않는다.  한편, 몽룡은 부지런히 공부해 장원급제 벼슬길에 오르고 암행어사로 임명받아 전라도로 내려온다. 남원 근방에 이르러 여러 모로 탐문하던 중에 변학도의 폭정과 춘향의 높은 절개에 칭찬이 자자함을 알게 된다. 다음 날 광한루에서 벌어진 변학도의 생일 잔치가 무르익을 무렵, 암행어사 출두가 붙여지고 몽룡은 변학도를 응징한다. 몽룡과 춘향은 재회하고 동헌은 축제 분위기로 충만해진다.",2000-01-29,120,"드라마, 로맨스",https://image.tmdb.org/t/p/w500/d7B1bJjUsp6YFdXQ7hqAiVzwNpt.jpg,6.598,1.7243,MOVIE
출국,"베를린에 유학 중이던 평범한 경제학자 ‘영민’은 자신과 가족을 위한다는 명분으로 북으로 가는 선택을 한다. 이내 실수임을 깨닫고 코펜하겐 공항에서 위험천만한 탈출을 시도하던 그는 가족과 헤어지게 되고, 각국 정보국에 도움을 요청한다. 그러나 그들 역시, 그의 가족의 생사에는 관심을 두지 않은 채 서로 다른 목적으로 그를 이용하려고 감시하는데... 누구도 믿을 수 없다! 잃어버린 가족을 되찾기 위한 한 남자의 사투가 시작된다!",2018-11-14,105,드라마,https://image.tmdb.org/t/p/w500/pWY7I3hh3c6GCc0vuf0m4J03Onr.jpg,3.3,1.2247,MOVIE
취화선,"1850년대, 청계천 거지 소굴 근처에서 거지패들에게 죽도록 맞고있던 어린 승업을 김병문이 구해주고 승업은 맞은 내력을 설명하며 김선비에게 그림을 그려보인다. 세도정치에 편승하지 않고 새로운 세상을 꿈꾸던 김선비. 거칠지만 비범한 승업의 실력을 눈여겨보고. 5년만에 재회한 승업을 엘리트이자 역관 이응헌에게 소개하는데. 승업에게 진정한 예술가의 자세를 추구할 것을 독려하고 선대의 명화가들처럼 훌륭한 화가가 되라는 뜻에서 오원이라는 호를 지어준 김선비는 승업의 피드백 역할을 해주는 평생의 조언자였고 그런 승업은 행운아였다. 이응헌의 집에서 머슴살이를 하면서 그림의 안목을 키워가는 중 이응헌의 여동생 소운에게 한눈에 반해버리지만 가슴 설레는 첫사랑은 소운의 결혼으로 끝나고. 화가로 자리잡기 시작할 무렵 병을 앓던 소운이 죽어가며 자신의 그림을 청한다는 이야기를 듣고 달려가는데...",2002-05-10,120,"드라마, 역사",https://image.tmdb.org/t/p/w500/a81j423GyorQudM02ZtFg4PAFx3.jpg,6.985,1.815,MOVIE
치외법권,"범인만 봤다 하면 일단 패고 보는 프로파일러 ‘정진’. 여자 꼬시려고 경찰대 수석 졸업한 강력계 형사 ‘유민’. 경찰청장도 포기한 두 또라이 형사가 특수수사본부로 비밀리에 호출된다.  그야말로 골칫덩어리에, 내놓은 자식인 두 형사에게 대한민국 높으신 분들을 뒤에 업고 법 위에 군림하는 최악의 범죄조직 보스를 잡으라는 명령이 떨어진다. 어떤 명령도, 외압도 받지 않는 특별한 수사팀에 투입된 두 형사. 법보다 주먹이 통하는 세상을 향한 그들의 통쾌한 액션이 시작된다.",2015-08-27,104,"범죄, 액션",https://image.tmdb.org/t/p/w500/hpvkxXJHuuuIQUxiKqKEQTRNkJy.jpg,6.8,1.5096,MOVIE
치즈인더트랩,"부드러운 미소 뒤에 숨겨진 싸늘한 모습. 피하고 싶은 ‘유정(박해진)’ 선배가 갑자기 나에게 다가와 말을 걸기 시작했다.  함께 밥 먹고, 함께 과제하고, 조별 숙제 핑계로 영화도 보고... 그가 달라진 걸까. 아님 다른 꿍꿍이가 있는 걸까.  아니면 정말 나를..?  완벽하지만 위험한 선배의 달콤한 덫에 걸렸다!",2018-03-14,116,"로맨스, 드라마",https://image.tmdb.org/t/p/w500/cRKHelmLoTpYSERZWaE3fITaixg.jpg,6.6,1.9829,MOVIE
친구,"준석, 동수, 상택, 중호 네 친구는 초등학교 때부터 친했던 친구들. 고등학교에 갔을 때 모범생이 된 상택과 달리 준석과 동수는 학교에서 가장 잘 싸우는 녀석들이 됐다. 아버지가 왕년에 폭력조직 보스였던 준석은 또래에서 맏형 노릇을 하고 장의사집 아들 동수는 준석의 든든한 오른팔이 된다. 어느 날 영화관에서 준석과 동수는 떼로 몰려드는 타학교 학생들과 혈전을 벌이고 퇴학당한다. 자기 때문에 벌어진 싸움이건만 평소 모범생이던 자신만 유기정학을 당하자 상택은 가출을 결심한다. 준석은 그런 상택을 만류하고 고등학교를 졸업하면서 네 친구는 각자 다른 길을 걷게 되는데...",2001-03-31,115,"액션, 드라마, 범죄",https://image.tmdb.org/t/p/w500/bsAGeRXh26KbtwekKVxtpZQkLoU.jpg,6.928,2.659,MOVIE
친구 2,"친구 동수의 죽음을 지시한 혐의로 수감된 준석. 17년 만에 출소한 그는 몰라보게 달라진 세상과 어느새 조직의 실세로 성장해있는 은기의 모습에 위기감을 느낀다. 준석은 아버지 철주가 평생을 바쳐 이뤄놓은 조직을 되찾기 위해 흩어져있던 자신의 세력을 다시 모으고, 감옥에서 만나 자신을 아버지처럼 따르는 젊은 피 성훈을 오른팔로 두게 된다.  친아버지의 얼굴도 모른 채 불행한 어린 시절을 보냈던 성훈은 마치 아버지처럼 자신을 챙겨주는 준석에게 의지하며 그와 함께 부산을 접수하기 위해 힘쓴다. 그러던 어느 날 성훈을 찾아온 은기는 동수의 죽음에 대한 이야기를 풀어놓으며 성훈을 혼란에 빠트리는데...",2013-11-14,124,"드라마, 액션, 범죄",https://image.tmdb.org/t/p/w500/qwgoRMSRQQ2yu3DRlwQr8EWRJDV.jpg,6.629,2.6047,MOVIE
친절한 금자씨,"사람들의 시선을 단번에 사로잡을 만큼 뛰어난 미모의 소유자인 금자는 20살에 죄를 짓고 감옥에 가게 된다. 어린 나이, 너무나 아름다운 외모로 인해 검거되는 순간에도 언론에 유명세를 치른다. 누구보다 성실하고 모범적인 수감생활을 보내는 금자. 친절한 금자씨라는 말도 교도소에서마저 유명세를 떨치던 그녀에게 사람들이 붙여준 별명이다. 13년간의 복역을 무사히 마치고 출소하는 순간, 금자는 그 동안 치밀하게 준비해온 복수를 시작한다. 그녀가 복수하려는 인물은 자신을 죄인으로 만든 백선생. 그녀가 친절을 베풀며 도왔던 동료들은 이제 다양한 방법으로 금자의 복수를 돕는다.",2005-07-29,112,"드라마, 스릴러",https://image.tmdb.org/t/p/w500/1TCQnCIIiTXROsCPKwYvnqll8Ta.jpg,7.518,6.902,MOVIE
침묵,"재력과 사랑, 세상을 다 가진 남자 임태산. 모든 것이 완벽히 행복하다 믿었던 그 날, 약혼녀이자 유명 가수인 유나가 살해 당하고, 용의자로 딸 임미라가 지목된다. 세간의 이목이 집중된 사건. 임태산은 그날의 일을 기억하지 못하는 딸을 무죄로 만들기 위해 자신만의 방식으로 사건을 쫓기 시작한다. 그리고 최고의 변호인단을 마다한 채, 미라의 무죄를 믿고 보듬어줄 젊은 변호사 최희정을 선임한다. 미라가 기억하지 못하는 시간을 둘러싼 치열한 법정 공방, 하지만 사라진 그날의 CCTV 영상을 갖고 있는 유나의 팬 김동명의 존재가 드러나며 사건은 예상치 못한 방향으로 흘러가는데...",2017-11-02,125,"범죄, 스릴러, 드라마",https://image.tmdb.org/t/p/w500/7texhbdhp24CvyV1ZnQR45UfaGY.jpg,6.9,1.4191,MOVIE
침입자,"얼마 전 사고로 아내를 잃고 실의에 빠져 있는 건축가 서진에게 25년 전 실종된 동생을 찾았다는 연락이 온다. 처음 본 자신을 친근하게 “오빠”라고 부르는 유진이 어딘가 불편한 서진과 달리 가족들은 금세 그녀를 받아들인다. 그런데 유진이 돌아온 후 가족들에게 이상한 일들이 벌어지기 시작하고, 이를 의심스럽게 여긴 서진은 동생의 비밀을 쫓다 자신의 일상을 송두리째 뒤흔든 사건에 그녀가 연관되어 있음을 알게 되는데...",2020-06-04,102,"미스터리, 스릴러",https://image.tmdb.org/t/p/w500/dVptphP3XImBtfcUfcU5V895hlZ.jpg,6.667,2.3421,MOVIE
침입자,"혼자 사는 엄마의 생신을 챙기러 서울에서 찾아온 두 딸, 송영과 송미. 세상에서 가장 행복한 시간을 보내고 있는 세 모녀에게 무자비한 살인을 저지르고 경찰을 피해 도망 다니던 연쇄살인범 ‘유재마’가 찾아온다.  하지만 유재마에게 감금된 세 모녀는 그가 저지른 살인사건 뒤에 숨겨진 사실을 알게 되는데... 한치 앞도 알 수 없는 연쇄살인범과의 대치 상황! 세 모녀는 무사히 살아남을 수 있을까?!",2017-12-14,96,"드라마, 로맨스, 범죄",https://image.tmdb.org/t/p/w500/4OY5uK5ANXiBO2AlHKcfhqTCXOr.jpg,3.7,1.4463,MOVIE
카운트다운,"5년 전 아들을 잃은 이후, 회수율 100%의 냉혹한 채권추심원으로 살아가는 태건호. 감정을 잊고 살아가던 그에게 어느 날 ‘간암’이라는 인생 최악의 선고가 떨어진다. 살기 위한 유일한 방법은 10일 이내, 자신과 장기조직이 일치하는 여자, 차하연의 간을 이식 받는 것뿐. 추적 끝에 태건호는 차하연이 정재계와 법조계 유력인사를 동원한 사기 사건으로 수감중인, 숨쉬는 것 빼고는 모든 것이 거짓인 미모의 사기전과범임을 알게 되고, 그녀가 수감 중인 공주여자교도소로 향한다. 차하연을 만나 간이식을 부탁하는 태건호. 그녀는 수술에 동의하는 조건으로, 자신을 감옥에 보낸 장본인이자 옛 스승인 조명석의 행방을 찾아줄 것을 그에게 제안한다. 하지만, 절박한 상황에 놓인 태건호를 이용해 조명석을 향한 복수에 성공한 차하연은 그를 버리고 달아난다. 이에 태건호는 필사적으로 그녀의 행방을 쫓기 시작하고, 차하연은 자신으로부터 거액을 사기 당한 연변흑사파 두목 스와이에게 붙잡힌다. 위험을 무릅쓰고, 스와이로부터 차하연을 구해주는 태건호. 10일의 시한이 임박해오는 가운데, 태건호는 마침내 차하연에게서 수술 동의를 얻는데 성공한다. 하지만 수술을 단 하루 앞두고, 차하연에게 걸려온 한 통의 전화는 모든 상황을 다시 원점으로 되돌리고 마는데…",2011-09-29,119,"액션, 스릴러",https://image.tmdb.org/t/p/w500/uBblZZRf7LVMNYBguwh12nQKy7c.jpg,6.5,1.0931,MOVIE
카트,"대한민국 대표 마트 더 마트. “마트의 생명은 매출, 매출은 고객, 고객은 서비스”를 외치며 언제나 고객 만족 서비스를 실천하기 위해 온갖 컴플레인과 잔소리에도 꿋꿋이 웃는 얼굴로 일하는 더 마트의 직원들. 그러던 어느 날, 회사로부터 갑작스럽게 일방적인 해고 통지를 받게 된다. 정규직 전환을 눈 앞에 둔 선희를 비롯, 싱글맘 혜미, 청소원 순례, 순박한 아줌마 옥순, 88만원 세대 미진은 하루 아침에 직장을 잃을 위기에 처한다. 노조의 ‘노’자도 모르고 살았던 그녀들이 용기를 내어 서로 힘을 합치는데…",2014-11-13,104,드라마,https://image.tmdb.org/t/p/w500/11HKj3lPT9SDKkFs2irN88VRwz7.jpg,7.2,1.3706,MOVIE
카페 느와르,"음악교사인 영수는 같은 학교 선생 미연과 연인관계다. 미연에게 관심을 잃은 영수는 여행지에서 만난 학부모 미연과 불륜관계를 맺고 운명적인 사랑에 빠지지만 이별을 통보 받는다. 이별 후 닥친 절망에 괴로워하던 영수는 거리에서 우연히 보게 된 선화에게 호감을 느낀다. 그녀를 따라가다 쫓아 오는 치한으로부터 선화를 구해주면서, 선화의 연애에 관한 사연을 듣게 된다. 그녀의 순수와 순정에 반한 영수는 다음날 선화와 다시 만나기로 약속한다. 하지만 선화는 영수에게 자신을 절대 사랑하지 말 것을 부탁한다. 그날 이후 그녀의 사랑을 이뤄주기 위해 그녀의 편지를 남자에게 전달하고, 자신은 외로워하는 영수. 매일 같은 시간, 선화를 만나고 달빛처럼 청초하고 순수한 모습에 미소 짓지만, 결국 그녀는 떠나고 마는데……",2010-12-30,198,"드라마, 로맨스",https://image.tmdb.org/t/p/w500/aPZyKeO9VIj8Rm6Wkd9Bdm4mbR2.jpg,7.714,1.3158,MOVIE
커피메이트,"카페에서 사람들 구경하는 걸 좋아하는 그녀, ‘인영’ 그곳에서 자주 마주치는 그, ‘희수’가 왠지 모르게 신경 쓰인다. 어느 날, ‘희수’는 ‘인영’에게 먼저 다가와 말을 걸고, 두 사람은 카페에서만 만나 누구에게도 말하지 못했던 이야기를 나누는 ‘커피 메이트’가 되기로 한다. 남편에게도 말하지 못했던 비밀들을 털어놓으며 ‘희수’에게 오랜만의 설렘을 느끼는 ‘인영’. 두 사람은 함께하는 시간 동안 숨 막히는 현실로부터 자유로워지는 것을 느끼고, 미묘한 감정의 폭풍에 휩싸인 둘의 관계는 걷잡을 수 없게 되는데…",2017-03-01,111,로맨스,https://image.tmdb.org/t/p/w500/2ZhKWTbDwDwXkUybnS6GJw11wvL.jpg,8,1.5229,MOVIE
퀴즈왕,"한밤 중 강변북로 4중 연쇄 추돌 교통 사고가 발생한다. 벤츠를 탄 도엽과 상길, 말다툼 중이던 부부 상도와 팔녀, 우이모(우울증을 이겨내는 사람들) 회원 여나와 회장 정상, 이토록 어색할 수 없는 부자지간 호만과 아들 지용은 동시에 한 여자를 치게 되고 사이 좋게 경찰서로 향한다.",2010-09-16,121,코미디,https://image.tmdb.org/t/p/w500/5K0YIaz5I3LKF3zVGkWfjIhYbUO.jpg,5.5,1.0926,MOVIE
크로싱,"2007년, 북한 함경도 탄광마을의 세 가족 아버지 용수, 어머니 용화 그리고 열 한 살 아들 준이는 넉넉하지 못한 삶이지만 함께 있어 늘 행복하다. 어느 날, 엄마가 쓰러지고 폐결핵이란 사실을 알게 되자, 간단한 감기약조차 구할 수 없는 북한의 형편에, 아버지 용수는 중국 행을 결심한다. 생사를 넘나드는 고비 끝에 중국에 도착한 용수는 벌목장에서 일을 하며 돈을 모으지만, 불법 현장이 발각되면서 모든 돈을 잃고 경찰에 쫓기는 신세가 된다. 그러던 어느 날, 간단한 인터뷰만 해주면 돈을 받을 수 있다는 얘기에, 아무것도 모른 채 용수는 인터뷰에 응하기로 한다. 그러나, 그것이 가족과 완전히 헤어지는 길이 될 줄은 모른 채 …",2008-06-05,107,드라마,https://image.tmdb.org/t/p/w500/mnBaJY3kNN78czk2v7h4jNfGHnd.jpg,7.09,1.7731,MOVIE
클래식,"같은 대학에 다니는 지혜와 수경은 연극반 선배 상민을 좋아한다. 하지만 호들갑스런 수경이 상민에게 보낼 편지의 대필을 부탁하고, 지혜는 수경의 이름으로 상민을 향한 자신의 감정을 고백한다. 지혜의 편지로 맺어진 수경과 상민이 가까워지면서 지혜는 괜한 죄의식에 상민을 멀리 하려 하지만, 우연하게도 자꾸만 마주치게 된다. 한편, 아빠를 일찍 여읜 지혜는 지금은 해외여행 중인 엄마 주희와 단둘이 살다. 엄마의 빈자리를 털기 위해 다락방을 청소하던 지혜는 우연히 엄마의 비밀 상자를 발견하게 되고 지혜는 엄마의 클래식한 사랑을 조금씩 알게 된다.",2003-01-30,132,"드라마, 로맨스",https://image.tmdb.org/t/p/w500/dLK7Raz5FzNaIaTdWNORpLQUjwY.jpg,7.6,2.9548,MOVIE
키친,"사랑스런 그녀,누구나 사랑할 수 밖에 없는 달콤한 악마, 모래(신민아). 어렸을 때부터 늘 곁에 있어 마치 공기와도 같은 상인 형. 형이 없었다면 지금의 나도 없었을 지 모른다. 첫 번째 결혼기념일. 형의 선물을 사러 간 갤러리에서 나 자신 조차도 믿을 수 없는 경험을 하게 된다. 이성이 마비되고 심장이 터질 것 같은 이 느낌을 무어라 말할 수 있을까.  자유로운 영혼, 사랑 앞에 거침없이 돌진하는 남자, 두레(주지훈). 프랑스에서 상인 형을 만난 것도, 레스토랑 오픈을 위해 형이 나를 이곳으로 부른 것도 이미 정해져 있던 운명의 수순이었는지 모른다. 한낮의 눈부신 햇빛과도 같은 그녀는 내 눈을 멀게 하고 내 심장을 멈추게 했다. 한국에서의 첫 보금자리, 놀랍게도 그곳에서 그녀를 다시 만났다.  모든 여자들의 로망, 완벽한 조건에 자상한 매력까지 겸비한 남자, 상인(김태우). 요리사의 꿈을 위해 잘 나가던 펀드매니저를 그만뒀다. 망설임 없는 결정을 내릴 수 있었던 건 언제나 나를 위해 환하게 웃어주는 모래가 내 곁에 있기 때문이다. 모래는 내게 모든 걸 가능하게 하고 동시에 모든 걸 불가능하게 한다.  두 남자와 한 여자가 한 키친을 공유하기 시작했다. 그들이 보여주는 달콤 쌉싸름한 시크릿 로맨스가 지금부터 펼쳐진다.",2009-02-05,102,"드라마, 로맨스",https://image.tmdb.org/t/p/w500/o2AFxWmIjnvmKucRzWvbVIXJJmO.jpg,5.167,1.1568,MOVIE
킬러들의 수다,"상연, 정우, 재영, 하연. 그들은 전문적인 킬러다. 팀의 리더이자 냉철한 성격의 소유자인 상연, 폭약에 대해 전문가인 정우, 사격에는 불사신인 재영, 컴퓨터에 능통한 막내 하연. 15분만에 007영화 한편을 찍는 그들은, 흔적하나 남기지 않는 전문킬러다.  의뢰인들은 갖가지 사연을 가지고 킬러들을 찾아온다. 사랑하는 사람에게 배반당한 여인과 등창이 썩어나가는 영감을 보다못한 할머니.. 때론 자신의 이익을 위해 누군가를 죽여야 하는 사람들.. 킬러들은 의뢰인들이 원하는 날짜, 원하는 시간에 원하는 방법으로 사건을 처리해주며 계약서를 쓰고 학생할인도 해준다. 100% 성공률을 자랑하는 이들에게 어느날 킬러로서의 존재가 위태로운 절대절명의 사건의뢰가 들어오고 킬러들은 이 사건을 처리하기 위해 긴급작전을 펼치게된다.  범인을 알 수 없는 사건사고가 서울시내에서 발생하면서 검찰에는 초비상이 걸린다. 이 사건을 맡게된 조검사(정진영)는 단순사고가 아님을 직감하고 누군지 모를 이들의 정체를 파헤치기 시작하면서, 사건의 배후에 킬러들이 있음을 감지한다. 조검사는 킬러들에게 다가서면서 전문가를 능가하는 그들의 실력에 놀라지만 더욱 위협을 가하며 수사망을 좁혀나간다.",2001-10-12,120,"액션, 코미디",https://image.tmdb.org/t/p/w500/jsvj3iut79lFIVE1wtq5JSx4rmh.jpg,6.6,1.8903,MOVIE
킬링 로맨스,"대재앙 같은 발연기로 국민 조롱거리로 전락한 톱스타 여래. 현실에서 벗어나고자 떠난 남태평양 콸라섬에서 운명처럼 자신을 구해준 재벌 조나단을 만나 결혼을 하고 새로운 인생을 꿈꾸며 돌연 은퇴를 선언한다. 한편, 서울대가 당연한 집안에서 홀로 고독한 입시 싸움 중인 4수생 범우는 한때 자신의 최애였던 여래가 옆집에 이사온 것을 알게 되고 날마다 옥상에서 단독 팬미팅을 여는 호사를 누린다. 그러던 어느 날 조나단의 사업 확장을 위한 인형 역할에 지친 여래는 완벽한 스크린 컴백을 위해 범우에게 SOS를 보내게 되고 이들은 여래의 인생을 되찾기 위한 죽여주는 계획을 함께 모의하는데…",2023-04-14,106,"스릴러, 코미디",https://image.tmdb.org/t/p/w500/vam5RVy7ZX9L2Pm9nldVn5zsqWF.jpg,6.4,1.2521,MOVIE
킹덤: 아신전,비극과 배신이 삶을 덮친다. 기이하고 불길한 뭔가를 발견한다. 한순간에 가족과 동족을 잃은 여인. 오직 복수를 꿈꾸며 살아온 그녀가 짙은 어둠을 마주한다.,2021-07-23,93,"드라마, 판타지, 스릴러",https://image.tmdb.org/t/p/w500/dBz61uAt6xjJt4yqhiZXQt0a1bB.jpg,7.108,4.4524,MOVIE
킹메이커,"세상을 바꾸기 위해 도전하는 정치인 김운범 앞에 그와 뜻을 함께하고자 선거 전략가 서창대가 찾아온다. 열세인 상황 속에서 서창대는 아무도 상상하지 못한 선거 전략을 펼치고 김운범은 선거에 연이어 승리하며, 당을 대표하는 대통령 후보까지 올라서게 된다. 대통령 선거를 향한 본격적인 행보가 시작되고 그들은 당선을 위해 총력을 기울인다. 그러던 중 김운범 자택에 폭발물이 터지는 사건이 발생하고 용의자로 서창대가 지목되면서 둘의 관계는 새로운 국면을 맞이하게 되는데...",2022-01-26,123,"드라마, 역사",https://image.tmdb.org/t/p/w500/7Hn6Svl2ncOOY8bjOdsjnNmHYtf.jpg,7.1,2.1415,MOVIE
킹콩을 들다,"88올림픽 역도 동메달리스트였지만 부상으로 운동을 그만둔 후 시골여중 역도부 코치로 내려온 이지봉. 역도선수에게 남는 건 부상과 우락부락한 근육뿐이라며 역도에 이골 난 그가 가진 거라곤 힘 밖에 없는 시골소녀들을 만났다. 낫질로 다져진 튼튼한 어깨와 통짜 허리라는 타고난 신체조건의 영자, 학교 제일 킹카를 짝사랑하는 빵순이 현정, 하버드 로스쿨에 들어가 FBI가 되겠다는 모범생 수옥, 아픈 엄마를 위해 역도선수로 성공하고 싶다는 효녀 여순, 힘쓰는 일이 천성인 보영, 섹시한 역도복의 매력에 푹 빠진 S라인 사차원 꽃미녀 민희. 개성도 외모도 제각각 이지만 끈기와 힘만은 세계 최강인 순수한 시골소녀들의 열정에 감동한 이지봉은 오갈 데 없는 아이들을 위해 합숙소를 만들고, 본격 훈련에 돌입한다. 맨땅에서 대나무 봉으로 시작한 그들은 이지봉의 노력에 힘입어 어느새 역기 하나쯤은 가뿐히 들어올리는 역도선수로 커나가고 마침내 올림픽 금메달에 도전하게 되는데….",2009-07-01,120,드라마,https://image.tmdb.org/t/p/w500/vdf9M0uGvscji65wfESXJ7ESUAe.jpg,7,0.8549,MOVIE
타짜,"가구공장에서 일하며 남루한 삶을 사는 고니는 대학보다 가난을 벗어나게 해줄 돈이 우선인 청년. 어느 날 고니는 가구공장 한 켠에서 박무석 일행이 벌이는 화투판에 끼게 되지만, 고니는 그 판에서 3년 동안 모아두었던 돈 전부를 날리고 만다. 그것이 전문 도박꾼들이 짜고 친 판이었단 사실을 뒤늦게 안 고니는 박무석 일행을 찾아 나서고, 도박으로 시비가 붙은 한 창고에서 우연인 듯 필연처럼 전설의 타짜 평경장을 만난다. 그리고 잃었던 돈의 다섯 배를 따면 화투를 그만두겠단 약속을 하고, 그와 함께 본격적인 꽃싸움에 몸을 던지기 위한 동행길에 오른다.",2006-09-28,139,"범죄, 코미디",https://image.tmdb.org/t/p/w500/o1a5FULQTObsNbcgjapJtunpFzV.jpg,6.931,3.7341,MOVIE
타짜: 원 아이드 잭,"전설적인 타짜 짝귀의 아들이자 고시생인 일출은 공부에는 흥미가 없지만 포커판에서는 날고 기는 실력자다. 포커판에서 우연히 알게 된 마돈나의 묘한 매력에 빠져든 일출은 그녀의 곁을 지키는 이상무에게 속아 포커의 쓴맛을 제대로 배운다. 돈도 잃고 자존심까지 무너진 채 벼랑 끝에 몰린 그의 앞에 정체불명의 타짜 애꾸가 나타난다. 50억이 걸린 거대한 판을 설계한 애꾸는 전국에서 타짜들을 불러모은다. 무엇이든 될 수 있고, 누구든 이길 수 있는 원 아이드 잭 팀으로 모인 이들, 인생을 바꿀 새로운 판에 뛰어드는데...",2019-09-11,139,"범죄, 드라마",https://image.tmdb.org/t/p/w500/aebY0aGAP7Od5qs3k6PXEVIMwYD.jpg,6,3.7265,MOVIE
타짜: 신의 손,삼촌 고니의 승부욕과 손재주를 닮은 대길은 노름판에서 미나를 보고 첫눈에 사랑에 빠지지만 바로 그 다음날 불미스러운 일에 연루되어 동네를 떠나게 된다. 강남의 하우스에 입성하게 된 대길은 타고난 기술과 매력을 활용해 선수로 급성장한다. 배신과 음모가 판을 치는 노름판에서 우 사장을 만나 사랑에 빠지지만 순진했던 그의 마음은 이용만 당한 채 버려진다. 황당한 액수의 채무와 장기 탈취 등으로 노름판 밑바닥까지 내려가게 된 대길은 우연히 고광렬을 만나고 노름판의 패가 아닌 노름꾼의 눈을 읽는 기술을 터득하게 되면서 재기의 발판을 다지게 된다.,2014-09-03,147,"범죄, 드라마",https://image.tmdb.org/t/p/w500/pqvIcZWo1syeTXBMVGNqerJ32Co.jpg,6.932,3.7149,MOVIE
타투,"복수를 꿈꾸는 그녀,  고통을 즐기는 사이코패스, 그를 만나다!  어린 시절 말못할 아픈 상처를 가진 수나(윤주희 분). 그녀는 의사생활도 포기한 채 타투이스트로 생계를 이어간다. 그녀의 타투가 행운을 부른다는 소식에 고객은 늘어가나 반대로 과거의 고통 속에 몸부림치는 수나. 그녀는 밤마다 자신에게 상처를 준 범인에 대한 복수를 꿈꾸며 거리를 헤맨다.  그러던 어느 날 수나 앞에 꿰매기 문신을 요구하는 의문의 남자 지순(송일국 분)이 나타나고 그녀가 지순의 등에 메두사 문신을 새기던 중 어린 시절 목격한 범인과 똑같은 흉터를 그에게서 발견한다.  메두사의 머리가 완성되던 날, 지순은 살인본색을 드러내며 수나를 납치하고 그녀에게 자신의 독특한 살인의식을 생생히 목격하게 하는데…  지순은 수나에게 신고하고 싶으면 신고해보라며 그녀를 도발하고 과거와 현실의 고통에서 벗어나려 몸부림치는 수나. 그리고 그녀의 고통을 온몸으로 즐기는 지순.  과연 이 둘의 악연은 어떻게 끝날것인가?",2015-12-10,92,"드라마, 범죄, 스릴러",https://image.tmdb.org/t/p/w500/d9Bv6PC1q9LBNMqMQXlQxk83cVn.jpg,4,1.6044,MOVIE
탐정 홍길동: 사라진 마을,"사건해결률 99%, 악당보다 더 악명 높은 탐정 홍길동에게는 20년간 찾지 못했던 단 한 사람이 있다.  그것은 바로 어머니를 죽인 원수 김병덕.  홍길동은 오랜 노력 끝에 드디어 그를 찾아내지만, 김병덕은 간발의 차로 누군가에게 납치되어 간 이후이고,  그의 집엔 두 손녀, 동이와 말순이만 덩그러니 남아 있다.  느닷없이 껌딱지처럼 들러 붙어 할아버지를 찾아달라는 두 자매를 데리고, 사라진 김병덕의 실마리를 쫓던 중,  홍길동은 대한민국을 집어 삼키려는 거대 조직 광은회의 실체를 마주하게 되는데....  기다렸던 복수의 순간, 성가시게 판이 커져버렸다!",2016-05-04,125,"액션, 드라마",https://image.tmdb.org/t/p/w500/vX8MVSFpTkBUaytsYssy3T0LX5i.jpg,6.873,2.3711,MOVIE
탐정: 더 비기닝,"국내 최대 미제살인사건 카페를 운영하는 파워블로거 강대만은 아기 돌보랴, 만화방 운영하랴, 부인 눈치 보랴 일상에 치여, '셜록'급의 추리력은 당최 쓸 데가 없다. 유일한 낙은 경찰서 기웃거리며 수사에 간섭하기! 광역수사대 출신 레전드 형사 노태수는 형사 뺨치는 실력의 대만이 눈엣가시 같기만 하다.  그러던 어느 날, 친구이자 강력계 형사인 준수가 살인 사건의 범인으로 체포되고, 그의 누명을 벗기기 위해 두 사람은 어쩔 수 없이 비공식 합동추리작전을 시작한다. 그렇게 사사건건 부딪히기만 하던 그들 앞에 두 번째 살인사건이 일어나는데…",2015-09-24,120,"코미디, 범죄, 스릴러",https://image.tmdb.org/t/p/w500/2pWtfE7FiA64FPBvomkNpobKITx.jpg,6.973,1.5132,MOVIE
탐정: 리턴즈,"역대급 미제사건을 해결한 추리 콤비, 셜록 덕후 만화방 주인 강대만과 광역수사대 레전드 형사 노태수. 드디어 대한민국 최초 탐정사무소를 개업하고, 전직 사이버 수사대 에이스 여치까지 영입하며 탐정으로서의 첫 발을 내딛는다. 하지만 꿈과 현실은 다른 법! 기다리는 사건 대신 파리만 날리고, 생활비 압박에 결국 경찰서까지 찾아가 몰래 영업을 뛰기 시작한다. 드디어 기다림 끝에 찾아온 첫 의뢰인. 게다가 성공보수는 무려 5천만원! 자신만만하게 사건을 받아 든 세 사람은 파헤칠수록 꼬리에 꼬리를 무는 의심스러운 증거들로 혼란에 빠지기 시작하는데…",2018-06-13,116,"코미디, 범죄",https://image.tmdb.org/t/p/w500/b5KVtP7dLeQoEM5iMjs4Iib18Eb.jpg,6.321,1.8462,MOVIE
태극기 휘날리며,"1950년 6월. 서울 종로에서 가족의 생계를 책임지기 위해 열심히 살아가는 진태는 힘든 생활 속에도 약혼녀 영신과의 결혼과, 세상에서 가장 소중하게 생각하는 동생 진석의 대학진학을 위해 언제나 활기차고 밝은 생활을 해 나간다. 6월의 어느 날, 한반도에 전쟁이 일어났다는 호외가 배포되면서 평화롭기만 하던 서울은 순식간에 싸이렌 소리와 폭발음, 그리고 사람들의 비명 소리로 가득해진다. 이에 남쪽으로 피난을 결정한 진태는 영신과 가족들을 데리고 수많은 피난행렬에 동참하지만, 피난열차를 타기 위해 도착한 대구역사에서 거대한 운명의 소용돌이에 말려들고 만다.",2004-02-05,148,"액션, 모험, 드라마, 역사, 전쟁",https://image.tmdb.org/t/p/w500/rcBc6lI7Ouj1kb0bbbX0CkuJe9q.jpg,7.987,3.9896,MOVIE
태어나길 잘했어,"손에 땀 마를 날 없는 다한증 춘희는 마늘 까는 아르바이트로 수술비를 모으고 있다. 주변 사람들이 자신을 별로 안 좋아한다며 홀로 살아가던 씩씩한 춘희, 부끄러움과 외로움이 전부였던 그에게 봄처럼 새로운 인연이 시작된다.",2022-04-14,99,"드라마, 코미디, 판타지",https://image.tmdb.org/t/p/w500/1TMxbYgl0rWw4wXqOaiclOli1B9.jpg,6.3,0.8465,MOVIE
택시운전사,"택시운전사 만섭은 아내를 여의고 11살 딸을 키우며 어렵게 살림을 꾸리는 가장. 외국손님을 태우고 광주에 갔다 통금 전에 돌아오면 밀린 월세를 갚을 수 있는 거금 10만원을 준다는 말에  독일기자 피터를 태우고 영문도 모른 채 길을 나선다. 피터는 독일 공영방송 소속 기자로, 일본에서 ‘광주가 심상치 않다’는 말을 듣고 광주로 향한다. 어떻게든 택시비를 받아야 하는 만섭의 기지로 검문을 뚫고 겨우 들어선 광주. 위험하니 서울로 돌아가자는 만섭의 만류에도 피터는 대학생 재식과 황기사의 도움 속에 촬영을 시작하는데...",2017-08-02,137,"액션, 드라마, 역사",https://image.tmdb.org/t/p/w500/pCdx7X5JLaSJZLNVtpryGSdjvvB.jpg,8.033,5.5966,MOVIE
터널 3D,"재벌 2세인 기철의 권유로 최고급 리조트 여행을 떠난 5명.  기철, 영민, 유경, 세희... 그리고 은주.  관리자 동준의 안내로 리조트에서 즐거운 시간을 보내던 중 우연한 사고로 김씨를 죽이게 된다. 사실을 은폐하고자 사체를 숨기려 향한 곳은 20년간 출입이 금지된 터널.  단 한 순간도 머물지 않고 싶은 이 터널에서 벗어나려는 그 때.  어디에선가 휘파람 소리가 들리고  누군가 그들을 향해 점점 다가오기 시작하는데...",2014-08-20,86,"공포, 스릴러",https://image.tmdb.org/t/p/w500/e64HPiEDjrz6nGfXHX8rhvSjb2N.jpg,5,1.213,MOVIE
통증,"어린 시절 자동차 사고로 가족을 잃은 죄책감과 그 사고로 인한 후천적인 후유증으로  통증을 느낄 수 없게 된 남자, 남순. 고통을 느낄 수 없는 탓에 무미건조한 삶을 살아가던 어느 날, 이상한 여자를 만났다. 이 여자, 당장이라도 쓰러질 것 같은데 깡이 보통이 아니다. 난생 처음 가슴에 뻐근한 통증을 느낀 남순은  그녀가 더 이상 지치지 않도록 편히 기댈 곳이 되어주고 싶다. 그리고 이제, 남들처럼 살고 싶어졌다. 태어날 때부터 유전으로 인해 작은 통증조차 치명적인 여자, 동현. 늘 고통에 시달림에도 불구하고 씩씩하게 살아가던 어느 날, 이상한 남자를 만났다. 이 남자, 어디서 그렇게 다치고 오는 지 상처투성이면서 아픔은 못 느낀 댄다. 행복했던 순간, 따뜻했던 느낌.. 모든 순간을 통증으로 기억하는 동현은  그에게 행복한 추억과 설레는 마음의 알싸한 통증까지 느끼게 해주고 싶다. 그리고 이제, 그와 함께 살고 싶어졌다. 우여곡절 실랑이 끝에 함께 살게 된, 성격도 세상을 보는 방식도 정 반대인 남순과 동현. 서울 바닥에서 의지할 곳 하나 없던 남순과 동현은  난생 처음 서로에게 기대어 행복을 느끼는데…",2011-09-07,104,"드라마, 로맨스",https://image.tmdb.org/t/p/w500/wZ4CTkFITaI9quokqATyU9XtpCe.jpg,6.4,1.2274,MOVIE
퇴마; 무녀굴,"유명한 정신과 전문의 진명은 그의 조수이자 영매인 지광과 함께 퇴마를 하는 퇴마사다. 평소처럼 빙의 환자를 치료하던 어느 날, 절친한 선배에게서 의문의 메일이 왔다. 그리고 갑작스러운 선배의 죽음으로 찾아간 장례식장에서 무서운 기운을 느꼈다. 하루에도 몇 번씩 다른 사람처럼 변하고 이따금 기억을 잃는 금주. 얼마 전 남편의 죽음도, 점점 변해가는 딸의 모습도 나 때문인 것 같아 괴롭다. 남편의 장례식장에 그의 후배라는 정신과 의사 진명이 찾아왔다. 내 안에 또 다른 뭔가 있는 게 분명하다.",2015-08-20,105,공포,https://image.tmdb.org/t/p/w500/xP473sjaIIhFmZ5nEEVDUW2nF7K.jpg,5.875,0.9053,MOVIE
투 가이즈,"낮에는 백수, 밤에는 유흥업소 대리운전자로 일하는 ‘훈’은 일명 빼박이계(?)의 카사노바다. 할 줄 아는 거라곤 운전과 여자 꼬시기가 전부인 훈은 카드깡의 귀재답게 온갖 빚독촉에 시달리는 신세이지만 갚을 의지라곤 눈꼽만큼도 없는 ‘나쁜녀석’이다.  그러던 어느날, 이 철면피같은 놈 앞에 무서운 적수가 나타났으니, 그는 ‘훈’같은 불량채무자를 손봐주며 살아가는 사채업계의 전설적인(?) 존재 중태다. 중태는 스스로를 저승사자라 소개하며 첫 만남부터 훈을 개패듯이 팬다음, 24시간 이내에 빚을 갚지 못하면 돈대신 훈의 콩팥을 가져가겠다고 협박한다 .  이들 앞에 나타난 정체불명의 가방, 그리고 일생일대의 간 큰 거래!!  결국 훈이 일하는 유흥업소까지 따라간 중태. 둘은 급기야 만취한 외국인의 대리운전에 동행하게 되고 목적지에 도착해서야 차가 뒤바뀐 사실을 알게 된다. 차 안에 있는 가방을 찾아오라며 불같이 화를 내는 외국인을 겨우 진정시킨 두 사람은 실랑이 끝에 중태가 남고 훈이 가방을 찾으러 가는데 합의한다.  한편, 가방을 찾아오는 동안 볼모로 잡힌 중태는 바로 눈앞에서 괴한들에 의해 외국인이 살해당하는 현장을 목격하고 혼비백산한다. 그리고 엉겹결에 주인잃은 가방을 손에 쥐게된 중태와 훈도 괴한들에 의해 습격을 당하는 등 생명의 위협을 받는다. 직감적으로 돈냄새를 맡은 중태와 훈은 가방을 되찾으려는 정체불명의 조직과 일생일대의 간 큰 거래를 제안하는데....  과연 이들은 무사히 돈을 챙기고 달아날 수 있을까?",2004-07-09,116,코미디,https://image.tmdb.org/t/p/w500/jFVr8BytWhf53vPQREUfvatraVZ.jpg,5.833,0.9582,MOVIE
투사부일체,"5년 전, 조폭의 신분으로 고등학교에 입학. 학교를 발칵 뒤집어 놓은 계두식이, 이번에는 사범 대학교 윤리 교생으로 돌아온다. 그는 졸업생들을 위한 현장실습을 ""장기수들이 출소하기 전에 쌓는 사회경험""으로 가볍게 판단, 교생 실습을 위해 학교로 나서게 된 것. 실습 첫날부터 개구멍으로 출근한 그가, ""교생도 선생은 선생!!"" 이라고 목에 강하게 힘을 주며, ""윤리와 사상은 나만의 윤리관으로 가르치겠다!!""라는 포부를 밝혔다.",2006-01-19,124,"액션, 코미디, 범죄",https://image.tmdb.org/t/p/w500/rBnZFKZ4zsC7cB75IytqoZ05tyI.jpg,5.2,1.5146,MOVIE
투혼,"통산 149승, 최고구속 161km, 3년 연속 MVP에 빛나는 롯데 자이언츠의 간판스타 윤도훈. 하지만 현실은 오만방자에 안하무인, 1년 365일 신문 1면을 장식하며 사건사고가 끊이지 않는 탓에 결국 마운드에서는 패전처리 2군투수로 전락하고, 집에서 역시 쫓겨나 후배 집에 얹혀사는 신세! 인내심 하나로 윤도훈 전담 뒷수습을 도맡아 해온 유란은 도저히 더 이상 그의 막장 내리막길 인생을 눈 뜨고 볼 수 없어, 숨겨둔 비장의 히든 카드를 꺼내어 마지막 경고를 하는데....",2011-10-06,84,드라마,https://image.tmdb.org/t/p/w500/x9KISs7o87AjEKijluMHoe94gsI.jpg,5,0.5934,MOVIE
특별수사: 사형수의 편지,"한때는 모범 경찰, 지금은 잘 나가는 브로커 필재. 끊이지 않는 사건 수임으로 ‘신이 내린 브로커’로 불리는 그와  브로커 모시며 일하는 변호사 판수에게 어느 날, 사형수로부터 의문의 편지 한 통이 도착한다. 세간을 뒤흔든 인천의 재벌 대해제철 며느리 살인사건의 범인 순태는 자신의 억울함을 주장하고, 사건 브로커 필재는 점점 커지는 사건의 배후가 있음을 직감한다. 권력과 돈으로 살인까지 덮어버린 재벌가의 만행을 밝히기 위해 브로커 필재와 변호사 판수 아재콤비가 답답한 속을 뻥! 뚫어줄 특.별.수.사를 시작한다!",2016-05-19,120,"범죄, 코미디, 드라마",https://image.tmdb.org/t/p/w500/tXQhsRRzQg9rAUjcZQhy3y3i2ET.jpg,7.8,1.2307,MOVIE
특별시민,"오직 서울만 사랑하는, 발로 뛰는 서울시장 변종구. 하지만 실은 어느 정치인보다도 최고 권력을 지향하며 이미지 관리에 철저한 정치 9단이다. 선거 공작의 일인자인 선거대책본부장 심혁수를 파트너로 삼고, 겁없이 선거판에 뛰어든 젊은 광고 전문가 박경까지 새롭게 영입한 변종구는 차기 대권을 노리며, 헌정 사상 최초의 3선 서울시장에 도전한다. 하지만 상대 후보들의 치열한 공세에 예기치 못했던 사건들까지 일어나며 변종구의 3선을 향한 선거전에 위기가 거듭되는데...",2017-04-26,131,"드라마, 스릴러",https://image.tmdb.org/t/p/w500/zjuif4ZEEuvadwg8abc30vV1COC.jpg,6.5,1.2353,MOVIE
특송,예상치 못한 배송사고로 걷잡을 수 없는 사건에 휘말린 특송 전문 드라이버 은하. 어쩌다 맡게 된 반송 불가 수하물에 출처를 알 수 없는 300억까지. 경찰과 국정원의 타겟이 되어 도심 한복판 모든 것을 건 추격전을 벌이게 되는데…,2022-01-12,108,"액션, 범죄",https://image.tmdb.org/t/p/w500/n1rzu5vQKuePO4DrfM2ai1bRuBH.jpg,7.071,4.5647,MOVIE
특수본,"한번 문 사건은 절대 놓치지 않는 동물적 감각의 강력계 형사 성범은 잠복근무 중, 잔인하게 살해된 동료경찰의 살인사건을 접수한다. 본능적으로 단순 사건이 아님을 직감한 성범과 경찰청은 특별수사본부를 구성하고, FBI출신 범죄분석관 호룡을 성범의 파트너로 배치한다. 수사망이 좁혀질수록 언제나 한발 앞서 현장에서 빠져 나가는 용의자, 그리고 용의자 발견 즉시 사살하라는 경찰 수뇌부의 일방적 지시까지, 사건을 파헤칠수록 내부에 뭔가 이상한 기운이 감지되는데...",2011-11-24,111,"범죄, 액션, 모험",https://image.tmdb.org/t/p/w500/2UcFiJVjyICwBQ5ahOesRgG23d7.jpg,5.5,0.9722,MOVIE
특종: 량첸살인기,"이혼, 해고의 위기에 몰린 열혈 기자 허무혁. 우연한 제보로 연쇄살인사건과 관련한 일생일대의 특종을 터트린다. 하지만 단독 입수한 연쇄살인범의 친필 메모가 소설 량첸살인기의 한 구절임을 알게 된 무혁은 세상을 떠들썩하게 만든 특종이 사상초유의 실수임을 깨닫게 된다.  내가 보도하는 대로 사건이 벌어진다. 이를 알리 없는 보도국은 후속 보도를 기다리고 경찰은 사건의 취재 과정을 밝히라며 무혁을 압박해온다. 심지어 특종의 진실을 알고 있다는 목격자까지 나타나는 걷잡을 수 없는 상황 속, 무혁이 보도한 오보 그대로 실제 살인사건이 벌어지기 시작하는데…",2015-10-22,125,"스릴러, 미스터리",https://image.tmdb.org/t/p/w500/nYQGLfpQNlnYe4jQQX5rrKJtYTD.jpg,6.3,1.6142,MOVIE
파고,섬의 해경출장소로 전근 오게 된 남연수 경감은 마을 환영회 자리에서 섬의 유일한 젊은 여자인 예은과 선원들이 성매매를 하는 현장을 목격한다. 연수가 성매매 사건을 조사하기 시작하자 이장과 마을의 어른들은 정부의 지원사업 ‘가고 싶은 섬’에서 떨어질 것을 우려해 예은을 섬에서 추방하기로 한다. 예은은 어른들의 손을 피해 필사적으로 산으로 도망치고 연수는 일련의 과정을 지켜보면서 이들 사이에 자신이 모르는 비밀이 존재한다는 것을 깨닫고 사건을 파고들기 시작한다.,2019-08-15,110,드라마,https://image.tmdb.org/t/p/w500/vyzpqsHnrnxJ4ANlBDSPa243cyZ.jpg,5.4,0.9263,MOVIE
파괴된 사나이,"신에 대한 흔들리지 않는 믿음을 가지고 있던 목사 주영수에게 5살 된 딸 혜린이 유괴되는 사건이 발생한다. 주 목사는 딸이 무사히 돌아오기 바라는 간절한 마음으로 기도를 하지만 결국 딸은 돌아오지 않는다. 8년 후, 신에 대한 믿음도 가족도 모두 잃은 그에게 전화 한 통이 걸려온다. 죽은 줄만 알았던 딸이 살아있다. 딸을 찾기 위한 주영수의 필사의 추격이 시작된다.",2010-07-01,114,"스릴러, 액션",https://image.tmdb.org/t/p/w500/206Zpk5BFKq8dNB27ZcG7bO2YF7.jpg,6.356,1.0768,MOVIE
파란 자전거,"특별할 것 없는 작은 동물원의 코끼리 사육사 ‘동규’. 자신의 불편한 손을 바라보는 세상의 편견에 지쳐  자신만의 세계에 스스로를 가두어 버린 그는,  코끼리를 돌보는 일로 마음의 쉼터를 삼으며 똑같은 일상을 반복한다. 하지만, 자신과의 결혼을 원하는 여자 친구 ‘유리’의 부모님과의 만남으로  편견의 벽을 다시 한번 실감하며, 세상을 살아갈 용기마저 점점 잃어간다. 떠나려하는 여자 친구를 붙잡지 못하고 오히려 냉정하게 대하는 건, 아무래도 지켜줄 자신이 없는 자기 자신에게 모질게 굴고 있는 게 아닐까. 학교에 가기가 몹시 싫었던 11살. 자신의 불편한 손 때문에 매번 놀림당하는게 괴로운 아이는, 아버지가 만들어 주신 자전거도 타지 않고 주변부만 맴돌 뿐이다. 늘 아들에게 미안한 마음뿐이었던 아버지는 동규가 주눅 들어 있을 때마다 동물원에 데려다 주고, 아이는 손이 없이도 뭐든 다 할 수 있는 코끼리를 보며 희망을 품었다. 그러던 어느 날, 뜻하지 않게 찾아온 아버지의 교통사고. 동규는 각박한 세상으로부터 자신을 지켜준 것이 바로 아버지의 애틋한 사랑이었음을 깨닫게 된다. 아버지와 가족이 주는 변함없이 순수한 사랑을 온몸으로 깨달은 동규  세상의 벽을 뛰어넘을 용기가 생겨날 무렵, 자신을 있는 그대로 보아주는 ‘하경’을 만난다. 그는 따뜻함으로 삶에 조금씩 스며들게 되는 하경을 자연스럽게 받아들이게 되면서  조심스레 사랑을 향한 희망의 발걸음을 내딛어 보는데...",2007-04-19,97,"드라마, 로맨스, 가족",https://image.tmdb.org/t/p/w500/imJyjeuIl7rJRAlkYNMHV7c3dDi.jpg,5.5,0.757,MOVIE
파랑주의보,"고 2 동갑내기 친구 수호(차태현)과 수은(송혜교)은 중학교 때부터 알고 지낸 사이. 공부는 그럭저럭 외모도 그럭저럭, 속 깊고 착하지만 평범하기 그지없는 수호와 달리 수은은 교내 모든 남학생들이 좋아하는 짝사랑의 대상. 하지만 마음도 얼굴도 제일 예쁜 수은에게도 짝사랑의 상대가 있었으니, 그건 바로 수호. 오랫동안 수호에 대한 짝사랑을 품어왔던 수은은 어느 날 수호에게 작심하고 남다른 관심을 내보인다. 그녀가 수호와 어울려 다니자 전교생은 충격에 휩싸이고, 평소 수은을 짝사랑했던 남학생들의 질투어린 시선이 분노의 주먹이 수호를 향해 가지만, 정작 당사자인 수호만은 수은이가 자신을 좋아한다는 사실을 알지 못한다.  사랑인가봐...너랑 잡은 손에서도 심장이 뛰어. 눈치가 느린 수호를 위해, 먼저 사랑 고백을 감행하는 수은. 수은은 음성사서함을 통해 자신의 감정을 남기고, 수은의 달콤한 사랑 고백을 들은 수호는 그 날 밤 드디어 첫사랑의 설레임에 밤을 지샌다. 수은의 사랑 고백 후 공식 커플로 사귀게 된 수호와 수은은 천천히 자신들의 첫사랑을 키워나가게 된다. 어느 날 친구들의 전폭적인 지원(?)으로 섬 여행을 떠나게 되는 수호와 수은. 뜻하지 않은 여행에서 수호와 수은은 둘의 사랑이 첫사랑에서 생애 가장 아름다운 사랑으로 커져 가고 있음을 느끼게 된다.",2005-12-22,95,"드라마, 로맨스",https://image.tmdb.org/t/p/w500/xXEiriyobpjWQcQuOL6mDBBJ3V6.jpg,6.611,1.4775,MOVIE
파묘,"미국 LA, 거액의 의뢰를 받은 무당 화림과 봉길은 기이한 병이 대물림되는 집안의 장손을 만난다. 조상의 묫자리가 화근임을 알아챈 화림은 이장을 권하고, 돈 냄새를 맡은 최고의 풍수사 상덕과 장의사 영근이 합류한다. 절대 사람이 묻힐 수 없는 악지에 자리한 기이한 묘. 상덕은 불길한 기운을 느끼고 제안을 거절하지만, 화림의 설득으로 결국 파묘가 시작되고… 나와서는 안될 것이 나왔다.",2024-02-22,133,"미스터리, 공포, 스릴러",https://image.tmdb.org/t/p/w500/tw0i3kkmOTjDjGFZTLHKhoeXVvA.jpg,7.661,10.291,MOVIE
파이란,"인천에서 3류 양아치로 전전하던 강재는 불법 테입을 유통시키다가 걸려 열흘 간의 구류를 살다 돌아올 만큼 보잘 것 없는 삼류건달. 한창 때 같이 구르던 친구 용식은 어느새 조직을 거느리고, 별볼일 없이 거추장스럽기만 한 친구 강재에게 나이트 삐끼나 서라고 한다. 그래도 고향에 배 한 척 사 가지고 돌아갈 소박하고 부질없는 꿈을 꾸는 강재. 어느 날 용식이 술을 청하던 날 밤, 그는 엄청난 사건에 휘말려 들게 된다. 자신의 꿈인 배 한 척과 남겨진 인생의 전부를 맞바꿔야 하는 강재. 그런 그에게 파이란이라는 이름을 가진 중국 여인으로부터 한 통의 편지가 배달된다.",2001-04-28,115,"드라마, 로맨스",https://image.tmdb.org/t/p/w500/v1Kj347diqgxuROBhgWUMeyevaT.jpg,7.2,1.6606,MOVIE
파이터,"하나원에서 막 나온 진아. 서울의 한 조촐한 원룸에서 새로운 삶을 시작한다. 그녀는 중국에 체류 중인 아버지를 한국으로 데려오기 위해 브로커에게 소개를 받고 식당에서 일을 하며 돈을 모으지만, 탈북자라는 꼬리표를 달고 사는 그녀가 버는 일당은 쥐꼬리만 하다. 결국 브로커의 소개로 또 다른 일자리를 얻게 되고, 그곳에서 그녀가 예상치 못했던 것을 발견하게 되는데...",2021-03-18,104,드라마,https://image.tmdb.org/t/p/w500/wZonSScZ2q9deVW7LFUyNx4XBwr.jpg,6.5,0.9535,MOVIE
파일럿,"최고의 비행 실력을 갖춘 스타 파일럿이자 뜨거운 인기로 유명 TV쇼에도 출연할 만큼 고공행진 하던 한정우는 순간의 잘못으로 하루아침에 모든 것을 잃고 실직까지 하게 된다. 블랙 리스트에 오른 그를 다시 받아줄 항공사는 어느 곳도 없었고 궁지에 몰린 한정우는 여동생의 신분으로 완벽히 변신, 마침내 재취업에 성공한다. 그러나 기쁨도 잠시! 또다시 예상치 못한 난관에 부딪히게 되는데… 인생 순항을 꿈꾸던 그의 삶은 무사히 이륙할 수 있을까?",2024-07-31,111,코미디,https://image.tmdb.org/t/p/w500/i0QIYEuY8BabwAHEFL0LkUsXCrZ.jpg,7.453,2.4063,MOVIE
파파로티,"한 때 잘 나가던 성악가였지만 지금은 촌구석 예고의 음악 선생인 상진(한석규). 싸늘한 교육열, 까칠함만 충만한 그에게 청천벽력 같은 미션이 떨어진다. 천부적 노래 실력을 지녔으나, 일찍이 주먹세계에 입문한 건달 장호(이제훈)를 가르쳐 콩쿨에서 입상 하라는 것. 전학 첫날 검은 승용차에 어깨들까지 대동하고 나타난 것도 모자라, 수업 중에도 ‘큰 형님’의 전화는 꼭꼭 챙겨 받는 무늬만 학생인 장호가 못마땅한 상진. 장호의 노래를 들어볼 필요도 없이 결론을 내린다.  주먹과 노래 두 가지 재능을 타고났으나 막막한 가정 환경으로 인해 주먹 세계에 뛰어든 장호. 비록 현실은 ‘파바로티’의 이름 하나 제대로 모르는 건달이지만 성악가가 되고픈 꿈만은 잊은 적 없다. 이런 자신을 가르쳐 주긴커녕 툭하면 개나 소나 취미로 하는 게 클래식이냐며 사사건건 무시하는 쌤 상진의 태도에 발끈하는 장호. 그래도 꿈을 포기할 수 없는 장호는 험난하고 까칠한 상진과의 관계를 이어가는데...",2013-03-14,127,"드라마, 코미디, 음악",https://image.tmdb.org/t/p/w500/AJ3Lzeh6EvdJcf3dHxi7b0x0OY.jpg,7,0.9769,MOVIE
판도라,역대 최대 규모의 강진에 이어 원자력 폭발 사고까지  예고 없이 찾아온 초유의 재난 앞에 한반도는 일대 혼란에 휩싸이고  믿고 있던 컨트롤 타워마저 사정없이 흔들린다.  방사능 유출의 공포는 점차 극에 달하고  최악의 사태를 유발할 2차 폭발의 위험을 막기 위해  발전소 직원인 ‘재혁’과 그의 동료들은  목숨 건 사투를 시작하는데…,2016-12-07,136,"스릴러, 드라마, 액션",https://image.tmdb.org/t/p/w500/a1OakqMoPYvSCBFPc6F8nhI2qu.jpg,7.537,3.7741,MOVIE
패션왕,"하고 싶은 일도, 되고 싶은 꿈도 없는 빵셔틀 ‘우기명’. 서울로 전학온 후 야심차게 새로운 시작을 해보려 하지만 그의 미약한 존재를 알아주는 이는 미모를 버린 전교 1등 ‘은진’뿐,  핫하다고 해서 사입은 패딩은 짝퉁일 뿐이다.",2014-11-06,127,"코미디, 로맨스",https://image.tmdb.org/t/p/w500/bLgWaOVZjssUSqg6Hz1h56wpLBr.jpg,6.7,1.11,MOVIE
퍼펙트맨,"퍼펙트한 인생을 위해 한탕을 꿈꾸는 건달 영기. 조직 보스의 돈 7억을 빼돌려 주식에 투자하지만, 사기꾼에게 속아 주식은 휴지조각이 되고 만다. 목숨을 부지하기 위해 어떻게든 7억을 구해야 하는 영기 앞에 까칠한 로펌 대표 장수가 나타난다. 두 달 시한부의 장수는 자신이 해야 할 일들을 대신해주는 조건으로 영기에게 자신의 사망보험금을 내건 빅딜을 제안하는데…",2019-10-02,117,드라마,https://image.tmdb.org/t/p/w500/vylayT2ddcXDcmUJlZdgNp6kdXw.jpg,6.483,1.2797,MOVIE
페어러브,"오십이 넘도록 연애 한번 못해본 사진기 수리공 형만. 어느날 형만의 전 재산을 들고 도망갔던 친구가 자신의 딸 남은을 돌봐달라는 부탁을 한 채 죽는다. 형만은 생각했던 것보다 너무 큰 아가씨가 된 남은의 모습에 놀라지만 일주일 사이에 아빠와 아빠보다 더 사랑한 고양이를 잃고 슬퍼하고 있는 남은을 가끔씩 돌봐주기로 한다. 외롭게 큰 남은은 형만이 마냥 신기하기만 하고, 형만의 빨래를 핑계 삼아 잦은 만남을 갖 게 되면서 당돌하게 사랑을 고백한다. 형만도 당황스럽지만 처음 느끼는 이 감정이 궁금하 다. 이렇게 형만과 남은은 ‘아빠 친구’에서 ‘오빠’가 되고 둘은 남들이 보기에 이상한 데 이트를 시작한다.",2010-01-14,117,"드라마, 코미디",https://image.tmdb.org/t/p/w500/5s474zpzi22giYdzIQReWNN4dKe.jpg,6.1,1.5065,MOVIE
페이스,"저수지에서 온몸의 형체가 녹아 뼈만 남은 유골이 발견된다. 이것이 벌써 4번째. 신원을 알 수 있는 방법은 오직 복안 뿐. 두개골만으로 얼굴을 유추, 복원하는 이 수사방법 이외에 사건의 실마리를 풀 단서는 없다. 하지만 국립과학수사연구소 법의학과의 복안전문가 현민(신현준 분)은 이 중대한 사건을 뒤로한 채 사표를 낸다. 그에겐 일보다 점점 아파가는 하나뿐인 딸의 생명을 지키는 것이 더욱 중요하다. 법인류학실 요원 선영(송윤아 분)은 4번째 사체유골을 들고 현민의 집을 방문한다. 사건해결을 위해 복안을 의뢰하는 선영. 그러나 현민은 완강히 거부한다.",2004-06-11,92,"공포, 범죄",https://image.tmdb.org/t/p/w500/c64iILJinW3nXdOwcU9Oo6BrL42.jpg,5.5,1.2603,MOVIE
페이스 메이커,"오랜 친구 종수의 치킨 가게에 얹혀사는 주만호는 세상에 혈육이라고는 남동생 성호밖에 없는 왕년의 마라토너다. 치킨 배달을 하며 얹혀살던 어느날, 새로 부임한 마라톤 국가대표 감독 박성일은 만호에게 젊은 금메달 유망주 윤기의 페이스 메이커가 되어달라고 부탁하는데...",2012-01-18,124,드라마,https://image.tmdb.org/t/p/w500/rOE5lo81xPN0Szl8XNltQkKyZfD.jpg,7.5,0.9089,MOVIE
펜트하우스 코끼리,"얼마 전 5년 간 사귀었던 여자 친구에게 버림 받은 프리랜서 사진작가 현우. 배신감과 상실감 때문에 그녀에 대한 집착은 그를 엉망으로 만들어 놓는다. 그래도 그는 여전히 잘 빠진 자동차를 타고 골프를 치며 매일 화려하고 뜨거운 밤을 보낸다. 매번 새로운 파트너와 함께 하는 성형외과 전문의 민석. 뭐 하나 빠지지 않는 완벽한 아내가 있지만 병원 진료실, 안마 시술소, 스포츠카 등 청담동 곳곳을 돌면서 자극적인 관계로 하루 하루를 아슬아슬하게 살아간다. 성공한 외국계 금융 전문가가 되어 친구들 곁에 12년 만에 나타난 진혁. 오랜만에 뭉친 세 친구의 자극적인 사생활이 계속되는 가운데, 진혁은 자신의 오랜 첫사랑이 민석의 아내 수연과 은밀한 관계에 빠지게 되고, 세 남자의 관계는 미묘하게 변해간다. 나쁜 남자들의 이기적인 사랑은 완벽하리만큼 화려한 그들의 운명을 뒤흔들기 시작한다.",2009-11-05,145,"로맨스, 드라마",https://image.tmdb.org/t/p/w500/t3BNfDoCpvWPjzbZ9G7OMYmhNcg.jpg,4.864,1.8551,MOVIE
평양성,"황산벌 전투를 기억하시는가? 그 후 8년, 백제를 손안에 넣은 신라가 이번엔 고구려 평양성을 타겟으로 점 찍었다. 삼국을 한꺼번에 삼키기위해서는 절대 양보할 수 없는 마지막 보루- 그곳이 고구려 평양성 되시겠다. 삼국통일의 노른자, 고구려의 평양성을 호시탐탐 노리는 능구렁이 야심가가 있었으니, 그가 바로 신라 김유신이다. 한반도 전체를 삼키려는 당나라의 야욕을 알아차리고 조심스럽게 고구려와 연합 작전을 계획, 삼국통일을 준비하는 김유신. 하지만난데없이 당나라로 망명한 고구려의 정통 후계자 남생 때문에 다 된 밥에 코를 빠뜨리게 된다. 이리저리 민폐만 끼치고 다니는 남생 때문에 속이 뒤집히는 이가 한 명 더 있으니, 남생의 동생 남건이다. 아버지 연개소문의 뜻을 받들어, 형 남생의 방해공작을 꿋꿋하게 버텨내는 남건. 신라의 멀티연합군에 맞서 고구려를 지키기 위해 기상천외한 신무기를 앞세워 평양성을 사수하는데...",2011-01-27,117,"전쟁, 코미디, 역사",https://image.tmdb.org/t/p/w500/1yeN6ubYUczSy8pEtKtBccW8Amj.jpg,5.6,1.2746,MOVIE
포화 속으로,"아무도 예상하지 못했던 한국 전쟁이 시작된다. 압도적인 화력으로 무장한 북한군은 남쪽으로 진격을 거듭하고, 남한군의 패색은 짙어져만 간다. 이미 더 이상 물러설 곳이 없는 남측은 연합군의 도착을 기다리며 낙동강 사수에 모든 것을 건다. 포항을 지키던 강석대의 부대도 낙동강을 사수하기 위해 집결하라는 명령을 받게되자, 강석대는 어쩔 수 없이 71명의 학도병을 그곳에 남겨두고 떠난다. 유일하게 전투에 따라가 본 적이 있다는 이유로 장범이 중대장으로 임명되지만, 소년원에 끌려가는 대신 전쟁터에 자원한 갑조 무리는 대놓고 장범을 무시한다. 총알 한 발씩을 쏴보는 것으로 사격 훈련을 마친 71명의 소년들은 피난민도 군인들도 모두 떠난 텅 빈 포항에서 앞으로 어떤 일이 벌어질 지 모른 채 석대의 부대가 다시 돌아오기만을 기다린다.",2010-06-16,120,전쟁,https://image.tmdb.org/t/p/w500/zNFGbVBgBxOkz8pcYw61PVbS1a8.jpg,7.568,2.1851,MOVIE
표적,"한 밤 중에 벌어진 의문의 살인 사건. 누명을 쓰고 쫓기던 여훈은 교통사고로 병원에 긴급 후송된다. 여훈의 담당의사 태준은 그 날 이후 갑작스런 괴한의 습격을 받게 되고, 납치된 아내를 구하기 위해 병원에서 여훈을 빼돌려 위험한 동행을 시작하게 된다. 한편, 사건의 음모를 직감한 여형사 영주와 범인 검거율 100 %인 광역수사대 송반장이 새롭게 사건에 개입하게 되는데...",2014-04-30,98,"스릴러, 액션",https://image.tmdb.org/t/p/w500/hljukhGDRHeGMdQ7KcKzobgxJlR.jpg,7,1.451,MOVIE
푸른소금,"전설로 불리던 조직 세계를 떠나 식당 하나 차려서 평범하게 살고 싶은 남자, 두헌. 그를 감시하라는 의뢰를 받고 그에게 접근하기 위해 요리학원에 나타난 여자, 세빈. 과거를 숨기고 싶은 두헌과 정체를 숨겨야만 하는 세빈은 서로를 속인 채 조금씩 가까워진다. 두헌이 조직 보스의 후계자로 거론되자 조직 내 분열이 일기 시작한다. 그리고 세빈은 그를 죽이라는 새로운 임무를 받는다. 두헌의 일거수일투족을 감시하면서 저격할 기회를 노리는 세빈. 하지만 자신도 모르는 사이에 마음이 흔들리고, 두헌은 마침내 세빈의 정체를 알게 되는데...",2011-08-31,120,"액션, 드라마, 로맨스",https://image.tmdb.org/t/p/w500/iyYp4IzPZvIZw3am03bVPIFoq38.jpg,6.466,1.5055,MOVIE
풍산개,가까운 거리지만 그 누구도 쉽게 오갈 수 없는 남과 북. 그러나 그 철조망을 매일같이 뚫고 이산가족의 아픔과 그리움을 전달해주는 산이라는 청년이 있다. 무장한 남과 북 군인들이 지키고 있는 비무장지대를 혈혈단신 오가는 위험한 일을 하지만 순수한 눈빛을 가진 산은 어느 날 신분을 숨긴 국정원 요원들에 의해 망명한 북한 간부 남자의 애인인 인옥을 평양에서 빼내오라는 은밀한 제안을 받는다. 산은 인옥을 데리고 북에서 남으로 내려오면서 여러 차례 죽음의 고비를 맞지만 그 때마다 인옥을 구해준다. 짧은 시간 함께했지만 위기를 같이 겪어낸 두 사람은 서로에게 애틋한 감정을 가지게 된다.,2011-06-23,121,"액션, 드라마, 로맨스",https://image.tmdb.org/t/p/w500/d7ZXMWfwstacnpf3qzETGaYPyFf.jpg,6,1.1312,MOVIE
플라이 대디,"인생과 주먹을 마스터한 열아홉 싸움고수 승석. 한가롭게 독서삼매경에 빠져있던 그의 앞에 어느 날 양복 입은 샐러리맨 아저씨가 나타난다. 위기에 처한 가족을 지키지 못한 서른아홉 완전소심 가장 장가필은 상심 끝에 승석에게 특훈을 요청한다. 과묵한 승석은 단호히 거절하지만, 가필은 목숨을 걸어도 좋다며 끈질기게 달라붙는다. 결국 승석은 스승과 제자의 예를 깍듯이 지킨다는 전제 하에 가필을 제자로 들이는데...",2006-08-03,112,"액션, 드라마",https://image.tmdb.org/t/p/w500/x8akgiuT0Vsl0B9LriJp40vAdPt.jpg,6.2,1.088,MOVIE
플랑크 상수,"매일 같이 미용실에 들러 1mm씩 머리를 자르는 남자, 김우주. 그의 머리카락이 잘려나갈 때마다 그의 상상 속에선 보조미용사의 치마가 조금씩 짧아진다. 카페에서 매력적인 여종업원을 두고 에로틱한 상상을 하며 시나리오를 쓰는 남자, 김우주. 마시던 커피를 refill할 때 마다 그녀에게 놀라운 변화가 생겨나는데.. 극장에 와서 영화를 보는 남자, 김우주. 옆자리 좌석 seat에 앉은 여자에게 시선이 꽂히고, 닿을 듯 말 듯한 정체불명의 그녀를 따라나가지만 그녀는 늘 사라지고 없다. 겨울산에 오르면서 세 명의 여자를 만나 은밀한 대화를 이어가는 남자, 김우주. 그러나 산 정상에서 한자리에 모인 그녀들은 정작 그를 알아보지 못하는데..",2015-04-30,80,"드라마, 판타지, 코미디",https://image.tmdb.org/t/p/w500/6P1OBxtVzSvEX9XZjyCS1iyQGOp.jpg,4.3,1.7336,MOVIE
플랜맨,"예측불가능하고 무질서하며 세균투성이인 이 세상에서, 정석은 모든 일에 알람을 맞추고 계획대로 사는 평화로운 삶을 추구한다. 자신과 똑닮은 그녀와 운명적인 짝사랑에 빠진 정석. 그러나 그녀는 정석의 계획적인 면이 싫다며 거절하고, 의사는 충격에 빠진 정석에게 변화를 권유한다. 짝사랑을 포기할 수 없는 정석은 평생 처음으로 무계획적인 삶을 결심하고, 그녀의 후배 소정의 도움을 받기로 한다. 자유분방하고 즉흥적인 소정은 하루 만에 정석의 인생을 뒤집어 놓는다. 급기야 출근 8년 7개월 26일 만에 처음으로 지각을 한 정석. 알람 없는 그의 인생은 순식간에 꼬여 가지만, 웬일인지 정석의 주변인들은 환호성을 보낸다. 급기야 소정은 정석은 상상도 못했던 이상한 제안을 하는데...",2014-01-09,115,코미디,https://image.tmdb.org/t/p/w500/8N7ySkDva4WYrc7DV9xuRuJ20V9.jpg,7,1.1252,MOVIE
피끓는 청춘,"영숙은 충청도를 접수한 여자 일진이지만, 홍성농고 전설의 카사노바 중길을 바라보며 애만 태운다. 한편 홍성공고 싸움짱 광식은 좀처럼 마음을 열지 않는 영숙이 야속하기만 한데, 서울 전학생 소희의 등장이 이들 관계에 일대 파란을 일으킨다. 소희 꼬시기에 여념 없는 중길 때문에 속상한 영숙의 마음을 알아챈 광식은 급기야 소희에게 손길을 뻗친다. 이를 저지하기 위해 나선 중길을 지키기 위해 영숙은 눈 하나 꿈쩍 안하고 자신을 던지는 중대한 결심을 하는데…",2014-01-22,121,"로맨스, 드라마, 코미디",https://image.tmdb.org/t/p/w500/wy6kUVovsT2fUTHU96iVOF9P8MZ.jpg,7.064,2.4389,MOVIE
피는 물보다 진하다,"최대 청부폭력조직 '백정파'는  무자비함으로 악명 높은 해결사,  일명 '도깨비'를 앞세워 일대를 장악한다.  그러나, 베일에 싸인 ‘도깨비’ 두현은  친형제 같았던 영민의 죄를 뒤집어쓰고  10년의 수감생활을 하게 된다.  한편, 두현이 사라진 사이,  ‘도깨비＇행세를 하며 조직을 차지한 영민은  두현의 출소 소식을 듣고 불안에 휩싸인다.  영민은 두현을 먼저 치기로 하고  새 삶을 시작하려던 두현은 결국,  진짜 ‘도깨비’의 부활을 선언하며  영민과 조직을 상대로 싸움을 시작하는데...",2022-05-25,88,액션,https://image.tmdb.org/t/p/w500/1pzF971jRJuaHoMscOmQhwQ0TWJ.jpg,4.6,1.4507,MOVIE
피해자들,"매일 기도했어... .  제발 죽게 해달라고!  가인은 아버지가 위독하다는 소식을 듣고 고향으로 내려온다. 하지만 가인에게 아버지란 존재는 아픈 상처일 뿐 가족으로서의 애틋함은 없다. 다음 날, 아버지가 운영하던 열쇠가게에서 한 사내를 만난다. 그는 고향에 내려와 금속 공예를 하고 있는 도경. 그 역시 아버지가 돌아가신 후 이 곳에 내려와 조용히 지내고 있다고 했다. 묘한 호기심에 끌려 작업실까지 찾아 간 가인은 도경에게 작은 팔찌를 하나 선물 받는다. 그러던 어느 날 인적이 드문 도로에서 여자의 희미한 비명 소리를 듣고 다가가는 순간 가인이 공격을 받으며 정신을 잃고 만다. 시간이 흘러 희미한 백열등만 비추고 있는 지하실. 가인이 정신을 차려보니 자신의 팔에는 수갑이 채워져 있고, 입에는 테이프가 붙어 있다. 홀로 남겨져 공포에 떨고 있는 그때 한 사내가 다가 온다. 그는 바로 도경이다.  누가 이들을 이 곳으로 이끌었을까? 이들의 운명은 과연 어떻게 될 것인가?",2014-07-31,88,"스릴러, 미스터리",https://image.tmdb.org/t/p/w500/gCUaFvAHFkiiccM1HrxLPAZChSs.jpg,5.5,0.8578,MOVIE
하늘을 걷는 소년,"사고 같은 자살을 꿈꾸며 오토바이를 타는 스무살 퀵서비스 아가씨. 어느 날 8살 소년 ‘예수’를 결혼식장에 배달해달라는 의뢰를 받지만 소년은 수취거부가 되고 의뢰인마저 자살하는 황당한 시츄에이션이 발생한다. 오갈 데 없어진 예수는 자신이 살던 곳까지 다시 배달해달라며 그녀를 다시 고용하게되고 두 사람의 황당한 여정이 시작된다.  영화제 소개글. 아버지의 재혼이 못마땅한 스무 살의 주인공은 집을 나와 퀵서비스 배달을 한다. 어느 날, 얼떨결에 퀵서비스로 맡겨진 오갈 데 없는 일곱 살 소년‘예수’를 만나고 두 사람은 예수가 원래 살던 곳을 찾아가기 위해 여행을 시작한다. (전주국제영화제)",2008-10-23,90,드라마,https://image.tmdb.org/t/p/w500/lHd0En9WiIe8vLN3GAQgmm7QOQX.jpg,0,1.1678,MOVIE
하루,"전쟁의 성자라 불리는 의사 준영은 딸의 생일 날 약속 장소로 향하던 중, 대형 교통 사고 현장에서 죽어있는 딸 은정을 발견한다. 충격도 잠시, 다시 눈을 떴을 때 그는 딸의 사고 2시간 전으로 돌아가 있다. 어떻게 해서든 그 날의 사고를 막으려 하지만 결과는 바뀌지 않고  매일 딸이 죽는 지옥 같은 하루를 반복하던 어느 날,  준영 앞에 그처럼 사고로 아내를 잃은 그 날을 반복하고 있다는 남자 민철이 나타난다. 이유도 모른 채 끔찍한 사고의 시간 속에 갇힌 두 사람은 힘을 합쳐 하루의 끝을 바꾸기로 하지만 어떻게 해도 죽음은 막지 못한다. 사랑하는 이의 죽음을 매일 눈 앞에서 지켜볼 수 밖에 없어 절망하는 두 사람 앞에  자신이 준영의 딸을 죽인 범인이라고 말하는 의문의 남자가 나타난다. 준영과 민철은 이 사고가 단순한 사고가 아니라 다른 비밀이 숨겨져 있음을 깨닫는데...",2017-06-15,90,"미스터리, 스릴러, 드라마",https://image.tmdb.org/t/p/w500/qtzYhjvHBcwKinC2cT9N0w0wp7h.jpg,7.746,1.9131,MOVIE
하류인생,"이승만 자유당 정권 말기. 거리는 온통 시위대 행렬로 뒤덮이지만, 껄렁한 교복차림의 태웅은 혼란스러운 상황에는 무관심하다. 단지, 홍익고교 짱에게 얻어터진 친구의 앙갚음을 위해 당장 그 놈을 찾아내야겠다는 생각뿐. 결국 짱을 흠씬 두들겨 패주는 데는 성공하지만, 그 광경을 보고 분노한 승문에게 칼을 맞는 사고를 당한다.  칼이 꽂힌 몸으로 피를 흘리며 승문의 집으로 찾아간 태웅. 승문에게 직접 칼을 뽑으라 으름장을 놓고, 승문의 누나 혜옥은 이런 저돌적인 태웅에게 관심을 갖게 된다. 나중에 경찰들이 이 사건을 전해듣고 야당 정치인인 승문 혜옥 남매의 아버지 박일원의 뒤를 캐내기 위해 태웅을 취조하지만 태웅은 승문의 가족을 보호한다.  무소속으로 선거에 출마하는 박일원. 그러나, 유세장은 자유당의 사주를 받은 정치깡패들의 난입으로 난장판이 된다. 분노한 태웅은 재룡이파 소속의 정치깡패 살모사를 한방에 제압하고 명동파의 노른자위 나이트클럽 마이애미에 기도로 취직하게 된다. 비슷한 시기에 혜옥도 인근지역 교사로 발령이 나면서 두 사람은 점점 서로에게 끌린다.  한편, 명동파와 라이벌인 재룡이파의 대립은 날로 격화되고 결국 명동파는 재룡이파의 배후인 자유당의 음모로 와해된다. 4.19 데모대가 피를 흘리며 쓰러지는 와중에도 태웅은 전직 국회의원들의 빚진 돈을 받으러 다니며 삶을 이어가고, 박일원은 연이은 낙선 끝에 국회의원에 당선된다.  태웅과 혜옥은 결혼을 약속하고, 혜옥은 태웅을 사람 만들어보겠다고 서약하여 기어이 아버지의 승낙을 받아낸다. 결혼과 임신으로 이어지는 행복한 나날. 어느덧 혜옥은 해산의 기미를 보이고, 산부인과로 가던 두 사람은 5.16 쿠데타군의 탱크와 서울 진입 차량들을 목격한다. 이와 함께 태웅의 인생은 현대사의 걷잡을 수 없는 소용돌이 속으로 빠져 들어가게 되는데...",2004-05-21,105,"액션, 범죄, 드라마",https://image.tmdb.org/t/p/w500/ga41160A7diseZu2wiAzWYxh1By.jpg,5.9,1.781,MOVIE
하얀방,"방송사 PD 한수진(이은주 분)은 취재차 만난 최형사(정준호 분)를 통해 도저히 설명될 수 없는 기이한 죽음과 그 사건의 단서인 '인터넷 사이트' 얘기를 듣게 된다. 자신도 모르는 사이에 사건 속으로 빠져 든 한PD는 죽음의 징후들을 느끼며 최형사와 함께 미스터리한 현상의 실체를 밝히기 시작한다. 사건의 유일한 단서는 죽은 여자들이 모두 같은 사이트에 접속했었다는 것. 그리고 임신하지 않았는데도 모두 임신한 상태로 죽었다는 것. 이런 징후들을 자신에게서 발견한 수진은 죽음이라는 절박한 공포 속에서 사건의 실마리를 풀기 위해 1308호로 들어가기로 결심하는데... 죽음이 잉태되는 곳, '하얀방'의 비밀은...?",2002-11-15,95,공포,https://image.tmdb.org/t/p/w500/gZBseclQi4SZLb4n0eZjfxZEOK0.jpg,5.2,0.8359,MOVIE
하울링,"승진 때마다 후배에게 밀리는 강력계 만년 형사 상길. 어느 날 그에게 고과도 낮은 분신 자살 사건과 함께 순찰대 출신의 새파란 신참 여형사 은영까지 파트너로 떠맡겨진다. 상길은 울며 겨자 먹기로 수사를 시작하지만 조사 결과 이는 정교하게 제작된 시한벨트발화장치에 의한 계획된 살인임을 알아낸다. 상길은 승진 욕심에 상부에 보고도 않은 채 독단적인 수사에 나서고 은영은 사체에서 발견된 짐승의 이빨자국에 주목하지만 상길은 은영의 의견을 무시할 뿐이다. 그러던 중 짐승에 의한 살인사건이 발생하고, 은영은 지난번과 이번 사건이 서로 연결되어 있음을 직감한다. 사건의 심각성에도 불구하고 여전히 단독 수사를 감행하는 상길과 어쩔 수 없이 상길을 따라야 하는 은영. 마침내 두 사람은 피해자들의 몸에 공통된 이빨자국이 늑대와 개의 혼혈인 늑대개의 것임을 그리고 피해자들이 과거 서로 알던 사이였음을 밝혀 내는데…",2012-02-16,114,"미스터리, 스릴러",https://image.tmdb.org/t/p/w500/cUsnJFncoHt4mISkIZdc025PwD9.jpg,6,1.3067,MOVIE
하이힐,"“이건 내 선택이 아니야…신이 날 잊은 거야…”  완벽한 남자의 조건을 모두 갖춘 강력계 형사 ‘지욱’은  범인을 단숨에 제압하는 타고난 능력을 발휘해  경찰은 물론 거대 범죄 조직 사이에서도 전설적인 존재로 불린다.  내면에 깊숙이 자리한 여자가 되고 싶은 욕망을 감추기 위해서  더욱 거친 남자의 모습으로 살아왔지만,  이제는 진짜 자신이 원하는 모습으로 살기 위한 새로운 삶을 준비하려고 하는데…  잔인하게 슬프고, 눈부시게 강렬한 감성 느와르가 온다!",2014-06-01,125,"액션, 드라마",https://image.tmdb.org/t/p/w500/rBHAMMBLFzB0YKtRtBUHkGMtwkE.jpg,6.885,1.3584,MOVIE
하하하,"캐나다로 이민을 결심한 문경(김상경)은 선배 중식(유준상)을 만나 청계산 자락에서 막걸리를 마신다. 둘 다 얼마 전 통영에 각자 여행을 다녀온 것을 알게 되고, 막걸리 한잔에 그 곳에서 좋았던 일들을 한 토막씩 얘기하기로 한다. 통영에 계신 어머니(윤여정) 집에서 묵게 된 문경은 통영을 쏘다니다가 관광해설가인 성옥(문소리)을 만나 그녀를 쫓아다니기 시작한다. 성옥의 애인이고 해병대 출신인 정호(김강우)와 부닥침이 있지만, 끝내 성옥의 마음을 얻는데 성공하고 같이 이민을 가자고 설득까지 하게 된다. 중식은 결혼했지만 애인 연주(예지원)가 있고, 함께 통영에 여행을 왔다. 애인은 중식에게 이혼하고 자신과 결혼 할 것을 요구하면서 중식은 괴로워한다. 통영에 내려와 있는 시인 정호와는 친한 사이라 거의 매일 같이 술을 마시고 어울려 다니면서 정호의 애인인 아마추어 시인 성옥과도 알게 된다. 안주 삼아 여름의 인연에 대해 이야기 하고 있던 두 남자, 그러나 알고 보니 그들은 같은 사람들을 만났던 것! 오직 좋았던 일만 얘기하겠다는 두 남자의 만담 같은 코멘트가 청량한 통영에서 일어난 두 커플과 우울한 시인의 만남을 미묘한 댓구의 그림으로 완성해나간다.",2010-05-06,116,"코미디, 드라마, 로맨스",https://image.tmdb.org/t/p/w500/aqCGGY9vtC4lmYbsB7e3ojgH4rz.jpg,6.328,1.3537,MOVIE
한반도,"남과 북이 통일을 약속하고 그 첫 상징인 경의선 철도 완전 개통식을 추진한다. 그러나 일본은 1907년 대한제국과의 조약을 근거로 개통식을 방해하고 한반도로 유입된 모든 기술과 자본을 철수하겠다며 대한민국 정부를 압박한다. ‘고종의 숨겨진 국새가 있다’는 주장으로 사학계의 이단아 취급을 받아 온 최민재 박사는 국새를 찾는다면 일본의 억지 주장을 뒤엎을 수 있다고 확신한다. 그의 확신을 믿게 된 대통령은 일본 자위대의 동해상 출현 등으로 비상계엄령을 공표함과 동시에 마침내 ‘국새발굴진상규명위원회’를 구성, 최민재에게 마지막 희망을 거는데…",2006-07-13,147,"미스터리, 스릴러, 역사",https://image.tmdb.org/t/p/w500/evt7raNXRTNobsq4gXmbRAYwNyV.jpg,6.339,0.8849,MOVIE
한산: 용의 출현,"1592년 4월, 조선은 임진왜란 발발 후 단 15일 만에 왜군에 한양을 빼앗기며 절체절명의 위기에 놓인다. 조선을 단숨에 점령한 왜군은 명나라로 향하는 야망을 꿈꾸며 대규모 병역을 부산포로 집결시킨다. 한편, 이순신 장군은 연이은 전쟁의 패배와 선조마저 의주로 파천하며 수세에 몰린 상황에서도 조선을 구하기 위해 전술을 고민하며 출전을 준비한다. 하지만 앞선 전투에서 손상을 입은 거북선의 출정이 어려워지고, 거북선의 도면마저 왜군의 첩보에 의해 도난당하게 되는데…",2022-07-27,129,"전쟁, 액션, 드라마, 역사",https://image.tmdb.org/t/p/w500/9zPOnQfvWJde1bLR9Y6DF1WUlnJ.jpg,6.516,3.8017,MOVIE
함정,"5년째 아이가 없는 부부, 준식과 소연. 소연은 기분 전환을 위해 준식과 휴대폰도 터지지 않는 외딴 섬으로 여행을 떠나고, 그 곳에서 인터넷을 통해 우연히 알게 된 한 맛집에 가게 된다.  그곳의 허름하고 험악한 분위기의 불안한 기운이 감돌지만 이들이 온 것을 눈치챈 주인 성철은 보자마자 너무나도 친절하게 대하고 준식과 소연은 점점 경계를 풀게 된다.  화기애애한 분위기 속에 해가 지고 성철의 환대에 준식과 소연은 하룻밤만 묵고 가기로 하는데, 이때부터 의문의 묘한 분위기가 이들을 덮쳐오기 시작한다.  그 때 성철은 소연을 알아보는 듯 하며 알 수 없는 말을 건네는데...  함정에 빠뜨리려는 자와 빠져 나가려는 자의 목숨을 건 대결이 시작된다!",2015-09-10,96,"범죄, 스릴러",https://image.tmdb.org/t/p/w500/vI6dRKxESSnXJWsP7F7XYkZTnXS.jpg,6.3,2.6895,MOVIE
항거: 유관순 이야기,"1919년 3.1 만세운동 후 세평도 안 되는 서대문 감옥 8호실 속, 영혼만은 누구보다 자유로웠던 유관순과 8호실 여성들의 1년의 이야기. 한 명의 청춘이 겪었던 당대의 어려움, 삶 자체의 시대적 고민을 가지고 있는 사람들의 대변인. 인간 유관순의 고뇌와 삶에 대한 태도를 그린다.",2019-02-27,105,"역사, 드라마",https://image.tmdb.org/t/p/w500/v2tI5FGQz2tLXOgsdofB9YKMV8a.jpg,8,1.1758,MOVIE
해결사,"한 때 잘나가던 전직 형사이자 지금은 흥신소를 운영하는 강태식. 평범한 의뢰라고 생각하고 급습한 불륜 현장에 한 여자가 죽어 있다. 꼼짝없이 범인으로 몰리게 된 그 때, 걸려오는 전화 한 통 살인 누명을 벗으려면 누군가를 납치하라는 놈의 지시. 숨 돌릴 틈 없이 시작된 경찰의 추격, 자신의 일거수일투족은 물론, 과거 사연, 그리고 주변 인물까지 장악하고 있는 놈의 감시와 도청; 게다가 납치해야 하는 인물이 전국을 떠들썩하게 할 중요한 사건의 키를 쥐고 있다는 사실을 알게 된다. 이제, 자신을 조종하려는 놈과 실체를 알 수 없는 배후에 맞서 폭풍 같은 반격을 시작하는데...",2010-09-12,100,"액션, 범죄, 드라마",https://image.tmdb.org/t/p/w500/gwLbLd9UV2WJsGGo4gIkFplX2Kc.jpg,6.682,1.0223,MOVIE
해로,"40년을 넘게 함께 살아온 부부, 민호(주현)와 희정(예수정). 하루 하루를 습관처럼 무미건조한 일상을 보내던 어느 날, 남편 민호가 심장마비로 쓰러진다. 다행히 위기를 넘겼지만 언제 다시 위험해질 지 모르는 상태. 민호는 언젠가 자신이 먼저 떠나게 되면 혼자 남겨질 아내가 걱정이 되어 자신의 상태를 숨긴 채 그녀를 위해 작은 선물들을 하나 둘 준비하면서 오랜 세월, 잊고 지내왔던 사랑의 설렘을 느끼게 된다. 삶의 마지막 순간에 다시 찾아온 기적 같은 사랑, 하지만 막을 수 없는 이별의 순간은 하루 하루 다가오는데…",2012-03-22,113,드라마,https://image.tmdb.org/t/p/w500/FbL9HDfNzI1D8cOiPTgNzARZtP.jpg,0,0.8825,MOVIE
해무,"한 때 여수 바다를 주름잡던 전진호는 더 이상 만선의 수확을 거두지 못하고 감척 사업 대상이 된다. 배를 잃을 위기에 몰린 선장 철주는 마지막 기회라고 생각하고 선원들과 함께 낡은 어선 전진호에 몸을 싣는다. 선장을 필두로, 여섯 명의 선원은 만선의 꿈을 안고 출항을 시작한다. 그러나 망망대해 위에서, 그들이 실어 나르게 된 것은 고기가 아닌 사람이었다.",2014-08-13,111,"스릴러, 드라마",https://image.tmdb.org/t/p/w500/3fdpBKZVh7sczHC8KUGU80QgmQT.jpg,6.865,2.4098,MOVIE
해바라기,"고교 중퇴 후 맨주먹으로 거리의 양아치들을 싹 쓸어버렸던 오태식. 그가 가석방되었다. 태식이 괴롭혔던 민석은 형사가 되었고 태식의 시다바리였던 양기와 창무는 서로 적이 되었다. 그러나 태식은 그들과의 앙금은 모른다는 듯 손에 낡은 수첩 하나를 쥐고 그 안에 적힌 하고 싶은 일들을 해나간다. 목욕탕도 가고, 호두과자도 먹고, 문신도 지우고... 그 수첩은 그가 감옥에서 소망한 하고 싶은 일들뿐 아니라 앞으로 지켜야 할 세 가지 약속도 적혀있다. ‘술마시지 않는다’, ‘싸우지 않는다’, ‘울지 않는다’...",2006-11-23,116,"범죄, 드라마",https://image.tmdb.org/t/p/w500/nMdHmxfRSzkMeAd6dUtHScMRDi6.jpg,6.932,3.1606,MOVIE
해변의 여인,"여행길에 만나 첫눈에 반한 두 남녀, 중래와 문숙. 밀고 당기기? 그런 건 초보들이나 하는 짓! 곁에 있는 애인 걱정? 골키퍼 있다고 골 안 들어가나? 속전속결, 서로의 마음 확인했으니 일단 돌입!  문숙. 어젯밤까지는 척하면 척이 맞는 궁합을 자랑하던 그가, 갑자기 뚱하게 생각 좀 해보겠다며 한 발짝 물러선다. 황당하다. 이 남자 애인 할까 생각 중인데  중래. 키도 크고 얼굴도 예쁜데다 성격까지 시원한 그녀에게 반해 하룻밤을 보냈는데, 아침이 되니 덜컥 겁이 난다. 그런데, 왠지 또 다른 여자가 예뻐 보이고. 오늘 밤, 어쩌지?  과연 이 남자, 이 여자의 하룻밤 로맨스, 경험으로 끝날까? 연애로 발전할 수 있을까?",2006-08-31,127,"드라마, 로맨스",https://image.tmdb.org/t/p/w500/6QJqo2bsqlGW6VEvB6KJSfEieY3.jpg,6.244,1.2081,MOVIE
해어화,"1943년 비운의 시대  미치도록 부르고 싶던 노래, 그 노래가 내 것이어야 했다. 마지막 남은 경성 제일의 기생 학교 ‘대성권번’  빼어난 미모와 탁월한 창법으로 최고의 예인으로 불리는 소율과 심금을 울리는 목소리를 가진 연희는 선생 산월의 총애와 동기들의 부러움을 받는 둘도 없는 친구.  당대 최고의 작곡가인 윤우는 민중의 마음을 어루만지는 ‘조선의 마음’이라는 노래를 작곡하려 하고 윤우의 노래를 부르고 싶은 소율은 예인이 아닌 가수를 꿈꾸게 된다. 하지만 윤우는 우연히 듣게 된 연희의 목소리에 점차 빠져들고 소율과 연희는 노래 ‘조선의 마음’을 차지하기 위해 서로 엇갈린 선택을 하게 되는데…",2016-04-13,120,"로맨스, 드라마, 역사",https://image.tmdb.org/t/p/w500/1izyxWMp1vDdLCI4bEMqPZgXA1p.jpg,7.8,1.5022,MOVIE
해운대,"해운대 토박이 만식은 연희를 좋아하면서도 자신의 마음을 숨길 수 밖에 없다. 그러던 어느 날, 만식은 오랫동안 가슴 속에 담아두었던 자신의 마음을 전하기로 결심하고 연희를 위해 멋진 프로포즈를 준비한다. 한편 국제해양연구소의 지질학자 김휘 박사는 대마도와 해운대를 둘러싼 동해의 상황이 5년전 발생했던 인도네시아 쓰나미와 흡사하다는 엄청난 사실을 발견하게 된다. 그는 안전하지 않다고 수차례 강조하지만 그의 경고에도 불구하고 재난 방재청은 지질학적 통계적으로 쓰나미가 한반도를 덮칠 확률은 없다고 단언한다. 그 순간에도 바다의 상황은 시시각각 변해가고, 일본 대마도가 내려 앉으면서 초대형 쓰나미가 생성된다. 한여름 더위를 식히고 있는 수백만의 휴가철 인파와 평화로운 일상을 보내고 있는 부산 시민들, 그리고 이제 막 서로의 마음을 확인한 만식과 연희를 향해 초대형 쓰나미가 시속 800km의 빠른 속도로 밀려오는데...",2009-07-22,129,"액션, 드라마, 스릴러",https://image.tmdb.org/t/p/w500/AgWRG68qAT63wDybxNAebnbstts.jpg,6.905,4.4244,MOVIE
해적: 바다로 간 산적,"전대미문 국새 강탈 사건으로 조정은 혼란에 빠지고, 이를 찾기 위해 조선의 난다긴다 하는 무리들이 바다로 모여든다. 바다를 호령하다 졸지에 국새 도둑으로 몰린 위기의 해적, 고래는커녕 바다도 처음이지만 의기양양 고래사냥에 나선 산적, 건국을 코앞에 두고 발등에 불이 떨어진 개국세력까지! 국새를 차지하는 자, 천하를 얻을 것이다!",2014-08-06,129,"액션, 모험, 코미디, 판타지",https://image.tmdb.org/t/p/w500/yMydhXOFTKPxxFBJiBMKv2JM7sl.jpg,7.023,3.3502,MOVIE
해치지않아,"생계형 수습 변호사 태수에게 찾아온 일생일대의 기회, 위기의 동물원 동산파크를 구하라! 동산파크의 새 원장이 된 그는 손님은커녕 동물조차 없는 동물원을 살리기 위해 직원들에게 동물로 위장근무 하자는 기상천외한 제안을 한다. 북극곰, 사자, 기린, 고릴라, 나무늘보로 출근한 동산파크 5인방. 묵언수행은 기본, 어깨 결림, 근육 뭉침, 뒷목까지 뻐근한 그들의 털 날리는 고군분투가 계속되는 가운데, 목이 타던 태수는 북극곰의 신분을 망각하고 관람객 앞에서 콜라 한 모금을 마시게 되는데…",2020-01-15,117,"코미디, 드라마",https://image.tmdb.org/t/p/w500/fZq0zMcQakkMV3ap7bRvtq0qJoD.jpg,6.253,2.9009,MOVIE
해피 뉴 이어,"15년째 고백을 망설이는 당신, 모두가 꿈꾸는 삶을 살고 있지만 외로운 당신,  정말이지 되는 일이 하나도 없는 당신,  오랜 기다림 끝에 꿈을 이룬 당신과 그 곁을 지켜준 또 다른 당신,  40년 만의 첫사랑을 만난 당신,  새로운 인연을 기다리는 당신도 호텔 엠로스에 오신 것을 환영합니다!",2021-12-29,137,"코미디, 로맨스",https://image.tmdb.org/t/p/w500/f99PUPjtqMGEylIhRm0H8pv9DFy.jpg,7.204,2.3429,MOVIE
핸드폰,"연예계 밑바닥부터 시작해 오직 성공만을 향해 달려 온 매니저 승민. 매일 밤 끊이지 않는 술자리 접대 때문에 사채업자에게 가족의 신변마저 위협당하고 있는 승민에게 여배우 진아는 마지막 희망이자 전부다. 그런 승민에게 진아의 억대 CF 계약을 목전에 두고 진아의 섹스동영상을 갖고 있다는 진아의 남자친구 윤호가 협박을 해온다. 승민의 핸드폰에 문제의 동영상을 전송하고, 돈을 요구하는 윤호. 때마침 승민은 핸드폰을 실수로 잃어버리고 패닉 상태에 빠진다. 초조해진 승민은 핸드폰을 주운 누군가가 핸드폰에 담긴 문제의 섹스동영상을 봤다고 직감한다. 정체 모를 습득자 이규는 핸드폰을 되돌려 주는 조건으로 세 가지 조건을 내건다. 첫째, 전화를 공손하게 받을 것. 둘째, 반말하지 말 것. 셋째, 자신이 지목한 누군가를 손 봐 줄 것. 자신의 인생을 송두리째 뒤바꿀 수 있는 치명적 비밀이 담긴 핸드폰을 되찾기 위해 승민은 이규의 요구대로 꼭두각시처럼 움직인다. 하지만 점점 더 걷잡을 수 없이 위험해지는 요구에 승민은 이규를 잡기 위한 추적을 시작한다.",2009-02-19,137,"스릴러, 드라마",https://image.tmdb.org/t/p/w500/uG0mm0Y0ksXJoQSeQ8jCsGDodAZ.jpg,6.4,1.2106,MOVIE
핸섬가이즈,"자칭 터프가이 재필과 섹시가이 상구. 현실은 잊지 못할 첫인상으로 이사 첫날부터 동네 경찰 최 소장과 남 순경의 특별 감시 대상이 되지만, 꿈꾸던 유럽풍 드림하우스에서 새출발한다는 것에 그저 행복하기만 하다. 그러나 행복도 잠시, 물에 빠질뻔한 미나를 구해주려다 오히려 납치범으로 오해받는 상황이 이어진다. 한편 미나를 찾으러 온 불청객들을 시작으로 지하실에 봉인되어 있던 악령이 깨어나며 어두운 기운이 집안을 둘러싸기 시작하는데…",2024-06-26,102,"코미디, 공포",https://image.tmdb.org/t/p/w500/ng4oX4mzPr8x53yF8gw5zGtpDLD.jpg,6.7,2.1542,MOVIE
허삼관,"돈 없고, 대책 없고, 가진 것도 없지만 뒤끝만은 넘치는 남자 허삼관. 마을 절세미녀 허옥란에 한눈에 반하지만 이미 그녀에겐 하소용이란 남자가 있다는 청천벽력 같은 소식을 듣게 된다. 하지만 여기서 포기하면 허삼관이 아니다! 온갖 물량공세로 마침내 결혼승낙을 받아낸 삼관은 보고만 있어도 배부른 세 아들 일락, 이락, 삼락을 낳고 행복한 하루하루를 보낸다. 하지만 시간이 흐를수록 마을에는 삼관의 행복을 위협하는 흉흉한 소문이 퍼져간다. 바로 큰 아들 일락이 허삼관이 아닌 하소용을 닮아간다는 것! 일락이 자신의 아들이란 사실을 입증하기 위해 마을 사람들을 모두 모은 삼관. 그리고 현장에 막 도착한 일락의 혈액형 검사결과를 발표하는데...",2015-01-14,124,드라마,https://image.tmdb.org/t/p/w500/bbKDM8ADbGkapKRuroTEHNyA2RT.jpg,7.1,1.6144,MOVIE
허스토리,"남모를 비밀을 간직한 할머니들이 드디어 세상 밖으로 나왔다. 위안부에 대한 사과와 배상을 일본 정부에 요구한 그녀들. 그 용기 있는 6년간의 여정을 그린 감동 실화. 과연 할머니들은 진정한 사과를 받을 수 있을까. 6년의 기간, 23번의 재판, 10명의 원고단, 13명의 변호인. 시모노세키와 부산을 오가며 일본 재판부에 당당하게 맞선 할머니들과 그들을 위해 함께 싸웠던 사람들의 뜨거운 이야기가 시작된다.",2018-06-27,121,드라마,https://image.tmdb.org/t/p/w500/tu2CF9DuAEE7V9hK0s6NPKbm6uv.jpg,8.676,1.354,MOVIE
헌트,"북한 고위 관리가 망명을 요청한 이후, 안기부 해외팀 차장 박평호와 국내팀 차장 김정도는 동림으로 알려진 안기부 내 스파이, 남파간첩 총책임자를 밝혀내는 임무를 맡는다. 이윽고 동림이 국가 안보를 위태롭게 할 1급 비밀 정보를 누설하기 시작하고 안기부의 해외팀과 국내팀은 서로를 조사하기에 이른다. 당장 스파이를 밝혀내지 못하면 자신이 혐의를 받을 수 있는 일촉즉발의 상황에서 평호와 정도는 서서히 진실을 찾아내고, 마침내 대한민국 1호 암살 작전이라는 거대한 사건과 직면하게 되는데...",2022-08-10,131,"액션, 미스터리, 드라마",https://image.tmdb.org/t/p/w500/Dyc3aCm3F4h8dXr4V5fnIopiyE.jpg,6.734,5.4914,MOVIE
헤어질 결심,"산 정상에서 추락한 한 남자의 변사 사건. 담당 형사 해준은 사망자의 아내 서래와 마주하게 된다. 남편의 죽음 앞에서 특별한 동요를 보이지 않는 서래. 경찰은 보통의 유가족과는 다른 서래를 용의선상에 올린다. 해준은 사건 당일의 알리바이 탐문과 신문, 잠복수사를 통해 서래를 알아가면서 그녀에 대한 관심이 점점 커져가는 것을 느낀다. 한편 좀처럼 속을 짐작하기 어려운 서래는 상대가 자신을 의심한다는 것을 알면서도 조금의 망설임도 없이 해준을 대하는데...",2022-06-29,138,"스릴러, 미스터리, 로맨스",https://image.tmdb.org/t/p/w500/rXEJ28XDQsogIGqwVEgwM2oDdpl.jpg,7.321,7.8581,MOVIE
헬로우 고스트,"죽는 게 소원인 외로운 남자 상만(차태현). 어느 날 그에게 귀신이 보이기 시작한다. 거머리처럼 딱 달라붙은 변태귀신, 꼴초귀신, 울보귀신, 초딩귀신. 소원을 들어달라는 귀신과 그들 때문에 죽지도 못하게 된 상만. 결국 그들의 소원을 들어주는 사이, 예상치 못했던 생애 최고의 순간과 마주하게 되는데…",2010-12-23,111,"코미디, 드라마, 로맨스, 가족",https://image.tmdb.org/t/p/w500/q1BhsAuwL21Ad3fC2HaSRc06JWI.jpg,7.584,1.9408,MOVIE
헬머니,"고삐리 일진부터 디스전문래퍼, 자갈치 할매, 욕쟁이 경찰, 지하철 막말녀 등  전국 각지 욕의 고수들이 한자리에 모여 레전드를 가릴 욕 배틀이 펼쳐진 가운데,  세상사는 맛을 욕 안에 모두 녹여낸 남다른 이빨(?)의 소유자  답답한 세상, 욕으로 풀어줄 지옥에서 온 할매 ‘헬(Hell)머니’가 온다!",2015-03-05,108,코미디,https://image.tmdb.org/t/p/w500/cjqE9hQsQN9QXeihx0hUD0r7GKe.jpg,7.7,1.5045,MOVIE
현기증,'순임'(김영애)은 큰 딸 '영희'(도지원)와 사위 '상호'(송일국) 그리고 고등학생인 작은 딸 '꽃잎'(김소은)과 살고 있다. 오랜 기다림 끝에 '영희'가 아기를 낳자 가족 모두는 행복감에 젖는다. 하지만 '순임'의 치명적인 실수로 아기가 죽는 사고가 발생한다. 심한 죄책감과 공포감에 '순임'은 자신의 죄를 침묵하고 가족들은 그런 엄마에 분노한다. '순임'은 점점 감정조절이 어려워지고 가족 모두는 각자 직면한 자신의 고통 때문에 서로를 배려할 수가 없다. 그들이 맞이할 파국의 결말은 과연 무엇일까?,2014-11-06,94,드라마,https://image.tmdb.org/t/p/w500/yd3KKXHA11BrGa1dIOJSCoAtRZv.jpg,6.5,1.1105,MOVIE
혈의 누,"19세기, 조선시대 후반,  제지업을 기반으로 성장한 외딴 섬마을 동화도.  어느 날 조정에 바쳐야 할 제지가 수송선과 함께 불타는 사고가 벌어지고.  사건 해결을 위해 수사관 원규 일행이 동화도로 파견된다.  섬에 도착한 第 一 日,  화재사건의 해결을 서두르던 원규 일행 앞에 참혹한 살인 사건이 일어난다.  범인을 알 수 없는 살인 사건과 혈우가 내렸다는 소문에 마을 사람들은  7년 전, 온 가족이 참형을 당한 강 객주의 원혼이 일으킨 저주라 여기며 동요하기  시작한다.  그리고.....  사건 해결을 위해 냉철하게 추리해 나가던 원규 앞에  참혹한 또 다른 연쇄 살인 사건이 이어진다.  불길한 섬에 고립된 원규 일행은 살인범의 자취를 찾지 못한 채  광기어린 마을 사람들의 분위기에 궁지로 내몰리고....  제지소 주인의 아들 인권은 흉흉한 마을 분위기를 강압적인 태도로 일관하며  원규와 끊임없이 대립하기만 한다.  여기에 참형 당한 강객주에게 은혜를 입었던 두호의 등장과  자신 역시 연쇄 살인 사건과 필연으로 이어져 있음을 알게 된 원규는  점점 더 깊은 혼란에 빠지게 되는데...",2005-05-04,119,"스릴러, 미스터리",https://image.tmdb.org/t/p/w500/ksfC2LQ8qRxjFhcvAvFTji439O2.jpg,7,1.4535,MOVIE
"협녀, 칼의 기억","칼이 지배하던 시대, 고려 말 왕을 꿈꿨던 한 남자의 배신 그리고 18년 후 그를 겨눈 두 개의 칼. 고려를 탐한 검, 유백. 대의를 지키는 검, 월소. 복수를 꿈꾸는 검, 홍이. 뜻이 달랐던 세 개의 칼이 부딪친다.",2015-08-13,121,"드라마, 역사, 액션",https://image.tmdb.org/t/p/w500/6nMF5uCSLzOguWnp61wjcpqhK7t.jpg,6.6,2.102,MOVIE
협상,"어떠한 상황에서도 냉철함을 잃지 않던 최고의 협상가 하채윤은 긴급 투입된 현장에서 인질과 인질범 모두 사망하는 사건을 겪고 충격에 휩싸인다. 그로부터 10일 후, 경찰청 블랙리스트에 오른 국제 범죄조직의 무기 밀매업자 민태구가 태국에서 한국 경찰과 기자를 납치하고 그녀를 협상 대상으로 지목한다. 이유도 목적도 조건도 없이 사상 최악의 인질극을 벌이는 민태구와 그를 멈추기 위해 한치도 물러설 수 없는 협상가 하채윤. 남은 시간 12시간, 목숨을 건 일생일대의 협상이 시작된다!",2018-09-19,114,"범죄, 액션, 스릴러",https://image.tmdb.org/t/p/w500/imd5SWNlfs0uoaDftLvb9ZlgLKr.jpg,7.072,3.6242,MOVIE
형,유도 국가대표 고두영은 경기 도중 불의의 사고를 당하게 되고  이 소식을 들은 사기전과 10범의 형 고두식은 눈물의 석방 사기극을 펼친다.  하루 아침에 앞이 깜깜해진 동생을 핑계로 1년간 보호자 자격으로 가석방 된 두식. 15년 동안 단 한번도 연락이 없던 뻔뻔한 형이 집으로 돌아오고  보호자 노릇은커녕 두영의 삶을 더 엉망진창으로 만드는데….  남보다 못한 형제의 예측불허 동거가 시작된다!,2016-11-24,110,"드라마, 코미디",https://image.tmdb.org/t/p/w500/3cumlfgwUWdbxke9s19bqWEDYcs.jpg,7.981,1.7318,MOVIE
호랑이보다 무서운 겨울손님,"동물원에서 호랑이가 탈출하던 어느 겨울날,  여자친구 집에 얹혀살던 경유(이진욱)는 알 수 없는 이유로 여자친구에게 쫓겨난다. 갈 곳을 잃은 경유는 캐리어 하나를 끌고 대리운전 아르바이트를 시작한다. 그러던 어느 날 밤 경유가 그토록 꿈꾸던 소설가가 되어있는 유정(고현정)이 경유 앞에 나타난다.",2018-04-12,107,드라마,https://image.tmdb.org/t/p/w500/qUU9I0I560o2P89GQSX07NIGSFn.jpg,7.1,0.8736,MOVIE
호텔 레이크,유미가 어린 동생을 맡기기 위해 엄마의 친구인 경선의 호텔로 찾아간다. 두 자매를 가족처럼 반기는 호텔 레이크 사장 경선과 이상한 이야기만 늘어 놓는 유일한 메이드 예린. 그 곳에서 기이한 사건과 충격적인 비밀을 마주하게 되는데...,2020-04-29,101,"공포, 미스터리",https://image.tmdb.org/t/p/w500/hCr1FiejbRJBUjFZyZF5c8O9HGp.jpg,6.196,1.7157,MOVIE
혼자 사는 사람들,"요즘 같은 세상엔 혼자가 편하다. 이건 콜센터 상담원 진아도 마찬가지. 근데 시답잖게 말을 걸어오던 옆집 남자가 죽었다는 소식 이후, 진아의 고요했던 일상에 변화가 생기기 시작한다.",2021-05-19,89,드라마,https://image.tmdb.org/t/p/w500/9QlCmWYMXlIoN8GhU1iFH8zfVg.jpg,6.809,2.0317,MOVIE
홀리데이,"1988년 10월, 올림픽이라는 세계적인 행사를 끝마치고 세계 4위라는 감흥에서 빠져 나오지 못했던 그 때. 징역 7년, 보호감호 10년형을 받아 복역중인 지강혁과 죄수들이 호송차를 전복 탈출하는 세상을 깜짝 놀라게 하는 사건이 발생한다. 살아도 같이 살고 죽어도 같이 죽는다! 권총 1정과 실탄을 빼앗아 무장탈주에 성공한 강혁과 일당들은 원정강도와 가정집을 돌며 인질극을 벌이는 등 서울을 공포의 도가니로 몰아넣는다. 하지만 인질로 잡힌 사람들은 매스컴에서 말하는 흉악범이라는 이야기와 달리 인간적이고 예의바른 강혁 일당에게 연민의 정을 느끼게 된다. 그렇게 탈주 9일째 되던 날, 북가좌동의 가정집에 숨어있던 강혁 일당은 자신들을 끈질기게 쫓던 경찰관 안석에게 발각되고 경찰과 최후의 대치극을 펼치게 된다. 강혁의 마지막 소원인 비지스의 'Holiday'가 울려 퍼지는 가운데 지강혁은 자신들을 둘러 싸고 있는 경찰과 매스컴을 향해 외친다. 강혁의 외침은 TV 등 매스컴을 통해 전국으로 울려 퍼지고, 강혁은 일당들과 함께 최후의 선택을 하게 되는데...",2006-01-19,120,"드라마, 범죄, 스릴러",https://image.tmdb.org/t/p/w500/57wN7sRzdaRNxFxodygSDtS5sDu.jpg,6.417,1.2479,MOVIE
화려한 휴가,"광주에 사는 택시기사 민우. 어릴 적 부모님을 여의고 끔찍이 아끼는 동생 진우와 단둘이 사는 그는 오직 진우 하나만을 바라보며 평범한 일상을 살고 있다. 진우와 같은 성당에 다니는 간호사 신애를 맘에 두고 사춘기 소년 같은 구애를 펼치는 그는 작은 일상조차 소중하다. 이렇게 소소한 삶을 즐기는 이들에게 어느 날 갑자기, 생각지도 못한 무시무시한 일이 벌어진다. 무고한 시민들이 총,칼로 무장한 시위대 진압군에게 폭행을 당하고 심지어 죽임을 당하기까지 한다. 눈 앞에서 억울하게 친구, 애인, 가족을 잃은 그들은 퇴역 장교 출신 흥수을 중심으로 시민군을 결성해 결말을 알 수 없는 열흘 간의 사투를 시작 하는데…",2007-07-25,118,"드라마, 역사",https://image.tmdb.org/t/p/w500/18GIeoDKcmB6eAf4Kng2VoCjbqp.jpg,6.9,1.9936,MOVIE
화산고,"때는 화산 108년. 교실에선 분필이 총알처럼 날아다니고 운동장에서는 학생과 선생이 공중에 떠 무술을 겨루고 있다. 전교생이 고수인 화산고에서는 찻잎이 용의 형상을 그리며 움직인다든지, 손가락 하나 대지 않아도 복도의 유리창이 가루가 되도록 깨진다든지 하는 일은 놀랄만한 일이 아니다. 전설의 무림비서 ‘사비망록’. 화산고에는 무림비서 '사비망록'을 얻는 자 천하를 얻는다는 전설이 면면히 이어져 내려오는데, 교장 장오자가 17년간 계속된 전교사화의 대환란을 사비망록으로 잠재웠다하여 더욱 유명하다. 겉으로 보기엔 평온해 보이는 화산고. 그러나 교장의 자리를 호시탐탐 엿보는 교감과 화산 역사상 최단기간내 학원을 평정한 송학림, 화산의 1인자를 꿈꾸는 역도부 주장 장량 등이 사비망록을 차지하기 위해 팽팽한 대결을 벌이고 있다.  비바람 불고 천둥번개 치던 어느날, 화산고에는 타고난 공력을 주체하지 못해 여덟 번이나 퇴학을 맞은 김경수가 전학을 온다. 본의 아니게 문제아가 된 경수는 화산고에서 만큼은 무슨 일이 있어도 졸업하겠다는 각오다. 하지만 전교생이 고수인 화산고에서 녀석의 내공을 읽지 못 할 리가 만무하다. 분출 직전의 화산은 그를 태풍의 눈으로 여기는데. 한편, 검도부 주장 유채이에게 한눈에 반한 경수는 사비망록을 두고 벌어지는 화산의 격렬한 풍운 속에서 무사히 졸업을 할 수 있을까?",2001-12-08,121,"액션, 코미디",https://image.tmdb.org/t/p/w500/qKZAWMGJ4S6ijzV0d1P6xOW4xFD.jpg,6.016,3.2459,MOVIE
화차,"결혼 한 달 전, 부모님 댁에 내려가던 중 휴게소에 들른 문호와 선영. 커피를 사러 갔다 온 문호를 기다리고 있는 건 문이 열린 채 공회전 중인 차 뿐이다. 꺼져있는 휴대폰, 흔적도 없이 그녀가 사라졌다.  그녀를 찾기 위해 전직 강력계 형사인 사촌 형 종근에게 도움을 청한 문호. 하지만 가족도 친구도 없는 그녀의 모든 것은 가짜다. 실종 당일, 은행잔고를 모두 인출하고 살던 집의 지문까지 지워버린 선영의 범상치 않은 행적에 단순 실종사건이 아님을 직감하는 종근은 그녀가 살인사건과 연관되어 있음을 알아낸다.  그녀는 과연 누구였을까? 그녀의 정체에 다가갈수록 점점 더 충격적인 진실들이 밝혀지기 시작 하는데…",2012-03-08,117,"미스터리, 스릴러",https://image.tmdb.org/t/p/w500/jVXQhAnjgp6HAmXsSQcZEcL1sNj.jpg,7.054,1.5742,MOVIE
환절기,"고3 아들 수현을 키우며 남편과 떨어져 사는 미경. 수현은 엄마에게 그리 살가운 편은 아니지만 착한 아들이다. 어느 날 수현은 어려움을 겪고 있는 친구 용준을 데리고 와 함께 지내게 된다. 용준은 말수가 적고 어두운 표정의 청년이다. 몇 년 후, 군에서 제대한 수현은 용준과 함께 떠난 여행길에서 사고를 당해 중태에 빠진다. 식물인간이 된 아들 수현의 투병생활을 곁에서 지키는 미경은 혼자만 멀쩡히 돌아 온 용준이 원망스럽기만 하다. 그리고, 수현과 용준이 서로 사랑하는 사이였다는 것을 뒤늦게 알게 된 미경은 용준 몰래 아들 수현과 함꼐 자취를 감춘다. 홀로 남은 용준은 수현과 미경을 찾아헤맨다.",2018-02-22,102,드라마,https://image.tmdb.org/t/p/w500/bcivjKlvN3cOXKTKpRSqgzFtqA7.jpg,6.685,1.3613,MOVIE
황산벌,"고구려, 신라, 백제 3국의 분쟁이 끊이질 않았던 660년, 딸의 원수인 백제 의자왕에게 앙심을 품은 김춘추는 당나라와 나당 연합군을 결성하여 김유신 장군에게 당나라의 사령관인 소정방과의 협상을 명령한다. 나이로 밀어부치려던 김유신. 불과 몇 년 차이로 소정방에게 밀리게 되고, 결국 7월 10일까지 조공을 조달해야 한다. 덕물도 앞바다까지 조공을 운반하기 위해선 백제군을 뚫어야 하는데, 백제에는 김유신의 영원한 숙적 계백 장군이 버티고 있다, 고구려를 치러 가는 것일 거라고 애써 자위하던 그들은 신라군이 남하하여 탄현으로 오고 있다는 전갈에 신라와 당나라가 백제를 공격하려는 것임을 확인하며 불안에 휩싸인다. 그러나, 의자왕에게 적개심을 품은 중신들은 자신들의 군사를 내 주지 못하겠노라 엄포를 놓고, 의자왕은 자신의 마지막 충신 계백 장군을 부른다. 무언의 술 다섯 잔 속에 의자왕으로부터 황산벌 사수를 부탁받은 계백은 목숨 바쳐 싸우기 위해 자신의 일족까지 모두 죽이고 황산벌로 향하는데...",2003-10-17,104,"역사, 전쟁, 코미디",https://image.tmdb.org/t/p/w500/hArVdbGEW6V4oskTTV9DvPjOEEX.jpg,6.7,1.3261,MOVIE
황제를 위하여,"촉망 받는 야구선수였지만 승부조작에 연루된 후 모든 것을 잃게 된 ‘이환’(이민기).  빠져 나갈 곳 없는 인생의 밑바닥에서 이환은  사채업과 도박판을 주름 잡는 부산 최대 규모의 조직,  황제 캐피탈의 대표 ‘상하’(박성웅)를 만나게 된다.  돈 앞에선 냉정하지만  자신의 식구들은 의리와 신뢰로 이끄는 상하.  이환의 잠재력을 본능적으로 알아 본 상하는  다른 조직원들의 우려와 반대에도 불구하고, 그를 자신의 세계로 끌어들인다.  이긴 놈만 살아남는 도박판 같은 세상.  상하의 절대적인 신임 속에서 이환은  타고난 승부근성과 거침없는 행보로 점점 자신의 영역을 넓히고,  감춰두었던 야망을 키워가는데…!",2014-06-11,104,"액션, 범죄, 스릴러",https://image.tmdb.org/t/p/w500/dQK3t7lUghEnJp2uglBlmjVYj2P.jpg,5.7,3.8533,MOVIE
황해,"연변에서 택시를 모는 구남은 빚더미에 쌓여 구질구질한 일상을 살아간다. 한국으로 돈 벌러 간 아내는 6개월째 소식이 없고, 돈을 불리기 위해 마작판에 드나들지만 항상 잃을 뿐이다. 어느 날 살인청부업자 면가에게서 한국 가서 사람 한 명 죽이고 오라는 제안을 받는다. 절박한 현실에서 선택의 여지가 없는 구남은 빚을 갚기 위해, 그리고 아내를 만나기 위해 황해를 건넌다. 매서운 바다를 건너 서울로 온 구남은 틈틈이 살인의 기회를 노리면서 동시에 아내의 행방을 수소문하지만, 자신의 눈 앞에서 목표물이 살해 당하는 것을 목격한 구남은 누명을 쓴 채 경찰의 추적을 피해 도망 친다.",2010-12-22,156,"드라마, 스릴러, 범죄",https://image.tmdb.org/t/p/w500/nuZvoEcYkIIQLMIMbQ72dmlyDJD.jpg,7.349,4.5509,MOVIE
회사원,"겉으로는 평범한 금속 제조 회사지만 알고 보면 '살인'이 곧 실적인, 살인청부회사 내 영업 2부 과장 지형도. 한치의 실수도 범하지 않는 냉정함과 차분함으로 유능함을 인정받으며 회사에서 시키는 대로 앞만 보고 달려온 10년, 어렸을 적 자신의 모습과 닮은 알바생 훈을 만나게 된다.  훈과의 임무 수행 중, 순간의 망설임을 느낀 그는 집이고 학교고 가족이었을 만큼 전부였던 회사의 뜻을 처음으로 거스르게 된다.  훈의 가족과의 만남으로 처음으로 일상의 행복을 느끼는 형도. 그런 그를 늘 예의주시하던 기획이사 종태는 형도의 변화를 눈치채는데….",2012-10-11,96,"드라마, 액션, 범죄, 스릴러",https://image.tmdb.org/t/p/w500/ggOJ1bKbqt4qOb8L7JvWxmebIx1.jpg,6.971,4.0952,MOVIE
회초리,"산 맑고, 물 맑은 강원도 철원에서도 가장 깊숙한 곳에 자리잡고 있는 예절학당. 그곳에는 어린 나이에도 불구하고 남다른 학식과 카리스마를 자랑하는 꼬마 훈장 ‘송이’(진지희)가 있다. ‘송이’의 13년 인생에 최대의 위기가 찾아 왔으니, 바로 사회가 포기한 문제적 어른 ‘두열’(안내상)을 바로 잡는 것이다.  12년의 기다림… 그러나 이별의 시간은 빠르기만 합니다! 사실 ‘송이’는 ‘두열’이 12년 전에 잃어버린 딸! 이 비밀을 간직한 ‘송이’는 ‘두열’과 사사건건 부딪히면서도 포기하지 않고 진심을 보여준다. 뒤늦게 ‘두열’도 ‘송이’가 자신의 딸임을 알게 되지만 그들에게 남은 시간은 너무 짧기만 한데…",2011-05-19,104,"가족, 드라마",https://image.tmdb.org/t/p/w500/bAaePpSEa6ADO8Ap4f4yK5bhyKZ.jpg,4.5,1.4775,MOVIE
효자동 이발사,"어느 날 밤. 청와대 뒤 북악산에 간첩이 잠입한다. 제 아무리 무서운 간첩이라 해도 생리적 욕구는 어쩔 수 없는 법, 갑작스런 설사병에 쭈그리고 앉아 변을 보던 간첩들은 마침 순찰을 돌던 군인에게 들켜 한바탕 총격전이 벌어진다. 이 사건을 계기로 정부에서는 설사병을 간첩에 의해 전염된 불순한 병으로 규정한다. 일명 ‘마루구스’ 병!  이에 설사만 했다 하면 동네사람들끼리도 서로 의심하여 고발하는 웃지 못할 상황이 펼쳐지는데... 하필 이런 때 성한모의 아들, 낙안이마저 줄줄 물똥을 싼다. 불안해진 성한모, 우리 아들은 간첩이 아니라며 낙안이를 제 손으로 경찰서에 데려가고, 간첩엔 애어른도 없다고, 어린 나이에 간첩 용의자가 되어버린 낙안은 중앙정보부 고문실로 끌려간다. 설상가상으로 이 기회에 성한모를 이용해 장혁수를 제거하고 권력을 독차지하려는 음모를 품은 박종만은 어린 낙안마저 고문하여 성한모 부자를 ‘마루구스’ 병으로 검거하려 하는데…",2004-05-05,116,"역사, 드라마, 코미디",https://image.tmdb.org/t/p/w500/2PquLRzzEy2ECFHHfN2DesI7lw3.jpg,7.1,1.6488,MOVIE
후궁: 제왕의 첩,"부모의 강요로 후궁이 되어야 하는 화연(조여정)은 오랜 연인인 권유(김민준)와 헤어져 궁으로 들어간다. 왕의 이복동생인 성원대군(김동욱)은 화연을 사랑하지만, 형수가 된 그녀를 어쩔 수는 없다. 5년 뒤, 선왕의 승하와 함께 성원대군은 왕위에 오른다. 섭정의 명목으로 왕의 머리 위에 오른 대비(박지영)와 그녀의 간신들이 선왕의 세력들을 처단하는 가운데, 화연 또한 위기에 놓인다. 하지만 여전히 그녀를 사랑하는 성원대군은 무능한 왕이고, 내시가 되어 궁에 들어온 옛 연인 권유는 화연과 화연의 부모를 향해 이를 갈고 있는데...",2012-06-06,122,드라마,https://image.tmdb.org/t/p/w500/tkkUBkGMnoaxwzClDMFZ0HKlXG8.jpg,5.809,7.2273,MOVIE
휘파람 공주,"미국에 맞선 남북 공조첩보전이 시작됐다! 미국 CIA가 무르익은 남북 화해의 무드를 저지시키고자 비밀테러요원들을 한국에 급파해 ‘평양예술단의 수석 무용수’인 지은을 납치하려는 음모를 꾸미자, ‘NIS(국가정보원)'와 ‘북조선 인민무력부’는 공조 프로젝트팀을 결성, 미국과 정면으로 맞서게 되는데....",2002-12-24,108,코미디,https://image.tmdb.org/t/p/w500/vfLtEdOWi11fgeJ4AcuDUNjrIFq.jpg,8.5,1.0997,MOVIE
흑수선,"백발의 노인이 49년간의 수감생활을 마치고 출옥한다. 그의 이름은 황석. 선상 결혼식이 한창이 유람선 옆에서 시체 한 구가 떠오른다. 그의 이름은 양달수. 젊고 유능한 형사가 수사에 착수한다. 그의 이름은 오형사. 맹인 여자가 그를 만난다. 그녀의 이름은 손지혜. 유력한 용의자가 등장한다. 그의 이름은 한동주. 자, 이들 사이의 얽히고 설킨 관계는? 점점 드러나는 49년간의 물밑 역사의 진실은?",2001-11-16,106,"액션, 드라마, 스릴러",https://image.tmdb.org/t/p/w500/x1ovLKtY3LN2wbsxhsRSEXJfbC1.jpg,6,1.0913,MOVIE
흥부: 글로 세상을 바꾼 자,"아무도 몰랐던 형제, 흥부 - 놀부  양반들의 권력 다툼으로 백성들의 삶이 날로 피폐해져 가던 조선 헌종 14년. 붓 하나로 조선 팔도를 들썩이게 만든 천재작가 ‘흥부’는 어릴 적 홍경래의 난으로 헤어진 형 ‘놀부’를 찾기 위해 글로써 자신의 이름을 알리려 한다.  모두가 알고 있는 형제, 조혁 - 조항리  수소문 끝에 형의 소식을 알고 있다는 ‘조혁’을 만나게 된 ‘흥부’는 부모 잃은 아이들을 돌보며 백성들의 정신적 지도자로 존경 받는 ‘조혁’을 통해 새로운 깨달음을 얻는다. 한편, 백성을 생각하는 동생 ‘조혁’과 달리 권세에 눈이 먼 형 ‘조항리’의 야욕을 목격한 ‘흥부’는 전혀 다른 이 두 형제의 이야기를 쓰기로 결심한다.  그렇게 탄생한 ‘흥부전’은 순식간에 조선 전역에 퍼져나가고, 이를 지켜보던 ‘조항리’는 그를 이용해 조선을 삼킬 음모를 계획하는데…",2018-02-14,105,드라마,https://image.tmdb.org/t/p/w500/wNEViBwSe0JYwdEaidLAWrrqS7O.jpg,6.1,1.0907,MOVIE
흩어진 밤,"수민, 진호 남매가 사는 집, 부모는 남매에게 곧 이혼할 것임을 선포한다. 부모는 식구 네 명이 어떻게 쪼개져 살지 아직 결정되지 않았다고 하며, 보름가량 기다려 달라고 한다. 수민은 부모 중 누구와 살게 될지, 오빠 진호와도 떨어져 살게 되는 건지, 불안 속에서 하루하루를 보내는데, 부모는 그런 수민에게 한 가지 제안을 한다.",2021-06-24,81,드라마,https://image.tmdb.org/t/p/w500/oZqUc750MFkgrcTftiEqUCrNNyZ.jpg,5.5,0.8164,MOVIE
희생부활자,"억울한 죽음 뒤 복수를 위해 살아 돌아온 자. 세상은 그들을 ‘희생부활자’ (RV: Resurrected Victims)라 부른다. 그리고 오늘, 죽은 엄마가 살아 돌아와 나를 공격했다! 7년 전, 오토바이 강도 사건으로 살해당했던 엄마가 집으로 돌아왔다는 전화를 받은 검사 진홍.  믿을 수 없는 현실에 충격도 잠시, 엄마 명숙이 진홍을 공격한다. 전 세계 89번째이자 국내 첫 번째로 판명된 희생부활사건! 국정원은 모든 목격자와 언론을 통제하려 들고,신고를 받은 경찰은 진홍을 명숙 사건의 진범으로 의심하기 시작한다. 이에 진홍은 스스로 엄마의 죽음에 얽힌 진실을 밝혀내려 하는데…  7년 전 사건의 숨은 진실이 밝혀진다.",2017-10-12,91,"스릴러, 미스터리, 액션",https://image.tmdb.org/t/p/w500/yfPY1qkwP8soA3E0zETdBecZgSO.jpg,5.6,1.7004,MOVIE
히든,"국가정보원 국제범죄(마약)팀 소속 해수는 작전 중 사망한 동료를 대신해 하우스에서 ‘판때기’로 불리며 명성을 떨치고 있는 장판수를 급습, 정체불명 도박의 신 '블랙잭'이 60억 원어치 마약을 노리고 있다는 사실을 알게 된다. 이제 그를 잡을 방법은 단 하나뿐. 해수는 맨몸으로 위험천만한 도박판에 직접 뛰어들기로 결심한다.",2022-05-25,0,"액션, 드라마",https://image.tmdb.org/t/p/w500/kdDXImgxe4GcDzru6hmdlQn3WtX.jpg,6,0.8166,MOVIE
히말라야,"해발 8,750 미터 히말라야 에베레스트 데스존  인간의 접근을 허락하지 않은 신의 영역  그곳에 우리 동료가 묻혀있다.  산 아래 하나였고, 또 다른 가족이었던 사람들  생을 마감한 후배 대원의 시신을 찾기 위해 기록도, 명예도, 보상도 없는 가슴 뜨거운 여정을 시작한다.  그 누구도 시도하지 않았던 위대한 도전  엄홍길 대장과 휴먼원정대의 감동 실화가 공개된다!",2015-12-16,125,"모험, 드라마",https://image.tmdb.org/t/p/w500/buMqU3V2MimuAWiGhsd2sbH8XNC.jpg,6.588,2.0242,MOVIE
히야,"온 동네와 학교에서 이름깨나 날리던 ‘진상’(안보현)  집안의 골칫거리로 떠들썩하게 자란 문제아 진상은 사기죄에 살인용의자로 몰려 끈질긴 ‘최형사’(박철민)에게 쫓기는 신세다. 제 앞가림도 못하지만, 형 취급도 안 해주는 동생에게 끊임없이 다가가려 애쓴다.  “히야 좋아하네. 제발 가라”  멋진 무대에 오르는 가수를 꿈꾸는 고등학생 ‘진호’(이호원)  돈도 빽도 없어 매번 오디션 탈락의 고배를 마신다. 게다가 형이 남긴 외상 후유증과 살인 누명까지 쓴 진상의 존재는 그의 꿈을 방해하기 일쑤다. 제발 눈앞에 나타나지 말라는 외침에도 내편이 되겠다고 나서는 형 때문에 인생이 괴로운데…",2016-03-10,109,드라마,https://image.tmdb.org/t/p/w500/9cjPVVG0cNLRuQsHUqNtrO2t60X.jpg,0,0.8103,MOVIE
히트맨,"웹툰 작가가 되고 싶어 국정원을 탈출한 비밀 프로젝트 방패연 출신 전설의 암살요원 준. 그러나 현실은 연재하는 작품마다 역대급 악플만 받을 뿐이다. 술김에 그리지 말아야 할 1급 기밀을 그려버리고 예상치 않게 웹툰은 하루아침에 초대박이 나지만, 그로 인해 준은 국정원과 테러리스트의 더블 타깃이 되는데...",2020-01-22,109,"액션, 코미디",https://image.tmdb.org/t/p/w500/wFvPeXnqKNFyGo0cDE9YfIK7dgx.jpg,7.039,2.7022,MOVIE
"힘을 내요, 미스터 리","훤칠한 키, 잘생긴 얼굴. 부정할 수 없이 멋진 남자 철수에게는 비밀이 있다. 칼국수집에서 일하는 묘한 매력의 이 남자에게 졸지에 딸이라 불리는 아이 샛별이 나타나면서 의외의 일들이 벌어진다. 철수와 샛별의 예기치 않은 동행은 둘의 관계, 그리고 철수의 과거에 대한 미스터리를 하나둘씩 밝혀가는 여정이 된다.",2019-09-11,110,"드라마, 코미디, 가족",https://image.tmdb.org/t/p/w500/kl0HnWS6DuVX9A6RfUXo4ixBB6i.jpg,8,1.4687,MOVIE
